Model_Code,c40HC
LF24Z6530S,42
LDFC2423V,142
LDNPQ445S,142
LRFLC2706S,40
DLE6100W,90
WM8980HVA,56
DLE3400W,90
LF29S9775S,26
WKEX300HBA,42
WM8900HBA,56
DLEX8980V,56
LF25Z6211S,42
DLE8400BE,90
DLEX4000B,90
WKHC152HWA,51
DLEX8600BE,90
DLE8400WE,90
WM6998HBA,84
DLEX8900B,56
DLE8200L,90
DLGX4001B,90
WKEX200HBA,45
DLEX5800V,90
LDNPQ44HS,142
YPH025KAA,256
WKE100HWA,45
DFB532FP,158
DLEX3850V,90
SC5GMR80H,51
LDNFC33LS,142
DLE3420W,90
DLHC1455W,150
WDP6B,270
LRFXC2606S,40
DLEX6700B,90
DLE3600W,90
CDG27RUCPB,90
WK22VS6P,44
WKGX301HBA,42
LCFC26XSS,40
YPH029KAA,640
DFC435FP,160
LDFC2423U,142
LDFC3532S,142
LDNTH753S,142
LDP6797SS,142
WKHC252HBA,42
LDPN454HT,142
LF25G8330S,28
LF26WCH5HS,40
DLE8200W,90
LY24Z6231V,42
DLGX5801V,90
LDFN4542D,142
DLGX8981V,56
CWG27VDCRB,90
WDP6V,270
WK25BS6,42
DLE3400WL,90
LRYXC2606S,40
WKEX200HGA,44
DLG3401W,90
DC90V3V6W,150
WKHC252HWA,42
LDFN4542S,142
DLG6101W,90
WDP6W,270
APNQ48GT3E4,73
GCWM1069CS8,90
LRIN6323YE,84
LRYKC2606S,40
LSGL6335X,84
LDFN3432T,142
LDNPH654S,142
DT25WTGK,90
DFB512FP,160
DLE3400V,90
DLG8401WE,90
GR-B922FEBM,51
WD-S2220B,42
GDL1329CGS8,90
DLEX4200B,90
DLG8401BE,90
GR-B278SE,30
DLE3580X,90
DLE3600V,90
DT25MTGK,90
GTFV61PYBQD,51
LDNPH753S,142
LF26C6230V,40
DFB435FV,158
DFB435FM,160
DLGX8601BE,90
DLE6100M,90
DLE7150W,90
GR-HL600MBN,51
DLHC3602W,84
DLGX4001W,90
DLEX6500B,90
LRFLC2716S,40
RH10V9PV2W,150
CWG27MDCRB,90
LF24Z6330S,42
DLG7001W,90
DF20WV2W,90
WR-20DW,84
LDNTM545S,142
WK22VS6PE,44
DFC513FV,160
GR-B922FMBM,51
DLE7000W,90
DXH9-10MB,150
R723MB,51
PT9900SWSS,84
LTGL6937F,84
GRTF622PFBQ,51
DLGX8901B,56
LF30S8210S,26
WDEP9423F,64
LRFLC2706D,40
W4W8BVKKZHM,51
FH069FD2M,90
DLEX8600WE,90
WDP5V,168
WK2116BST1,44
LDGL6924S,84
LDFN4542W,142
AS651DBY0,405
WK22WS6PE,44
LSEL6333XE,84
DFC287HVS,160
LT23HBHSIV,51
LREL6321S,84
WK22BS6,44
LF27D6200S,40
DLEX5800A,90
CWG27MDQRS,90
GCWM1069CS7,90
GDL1329CGW8,90
GR-X24FMKBL,28
GRB-862BVLB,51
FWT1310PB,51
LSIL6332FE,84
S3MF,72
DLHC5502W,84
DLEX4000W,90
LRFLC2716D,40
DFC237HMS,160
LSIL633TFE,84
LTB842PFBQ,51
LT23CBBSIV,51
LF29H8330S,26
CWT29MDCRB,56
APNQ18GS1K1,109
LF29S8365S,26
GDL1329CGD8,90
DC90V5V0W,150
GRTB622PFBQ,51
WK25BS6E,42
DF22VV2R,90
DXH9-10W,150
YPM031KAA,896
DF50MV2S6W,90
DFC335HS,160
RH10V9AV2WR,150
WT2116SHEG,44
DFC533FV,160
S3MFBN,72
CDG27RUOPS,90
WD300CB,252
WDP5B,50
TCWM2013CS3,56
DFC435FW,160
RH10W8ZVKP,150
RH18U8EVCW,66
ARUN240LTE5,24
DFB425FP,160
LDFC2423W,142
WK17VS6A,44
WK25VS6,42
DLGX6701B,90
CDG27RUQES,90
S4UW36R43FB,104
DLE3470M,90
W4W8BVKKWHM,51
CDT29MUCPB,56
LRFLS3206S,26
WT2116SHBB,4
ADFD5448AT,160
CWT29MDQRS,56
DF375HVS,160
DLG3421W,90
LDEL7324SE,84
WCEP6423F,84
DFC335HM,160
WKEX200HWA,45
LSIL6334XE,84
AMNQ09GTUA0,440
LRYXC2606D,40
DB476TXS,160
GMX945NS9F,28
GM89SXD,26
DF22WV2SR,90
FWT1310BG,51
WKGX201HGA,44
GRF-862BVWB,51
DLE3450W,90
DFC532FP,160
AS10GDBY0,270
DF355FP,160
AMNQ18GTTA0,320
ETON24LU5,24
GR-B812PFBQ,51
LDNTH862S,142
LDNPM654S,142
LSEL6335FE,84
SC5MSR40,51
LDTS5552S,142
SRFB27W3,40
DLE3470W,90
DLHC5502B,84
HM093HF,54
LSIL6334FE,84
LRRXC2606S,40
RHX1009NWK,150
DBC435TSL,160
CDG27RUOPW,90
S3IF,72
DFB512FW,160
APNQ30GS1K1,109
LDFC2423B,142
DC90V5V9S,150
GRTB622PQBQ,51
RH90V9PV8N,150
DFC287HMS,160
RH10W8ZVKP2,150
PT-QAGW0,1020
XD5B14PS,158
ARUN103LTE6,23
R723SB,51
LSBNC1021P,57
DFC513FW,160
DFC335HD,160
RV10VHP2B,150
AUUW486D2,52
ARUN040LSS0,52
LDNPM545S,142
VF31XKNH,26
LSGL6335Z,84
S3MG,72
CDT29MUQES,56
DLGX6501W,90
DLGX8601WE,90
GRTB622PQFQ,51
GCWM1069CD8,90
GDL1329CES8,90
F761TOWERB2,44
DVH5-08W,150
ETON20LU5,23
FWT2116BS,44
GDL1329CEW8,90
DBC513TS,160
DF10BVC2S6,150
ARUM200LTE5,24
WSED7612S,216
GRB-862BVWB,51
GRF-862BVLB,51
DLG3601W,90
DLG7151W,90
HU121MRX,52
LSEL6331F,84
DFC612FVE,160
DFC513FVE,160
S3WFBN,72
SC5MAR4G,51
WKEX200HVA,44
WKGX201HBA,44
SRFB27S3,40
VF32BLRH,26
VT-F950LSE,51
W1S1CVK2EHM,44
CDT29MUOPS,56
CWG27MDORS,90
WK2116WHT1,44
APNH48GTLA0,73
DLGX5801A,90
DLGX6501B,90
DVH9-09W,150
DFB325HM,160
WK22GGS6,44
DF587HMS,160
GR-F892PFBQ,51
GR-X39FMKBL,24
GRSN266LLP,57
DLG8201W,90
DLEX6500W,90
DLEX9900B,56
WS9D7673CB,216
LDNTM545D,142
DLE7010W,90
LM85SXD,24
WS7D7631WB,216
ARNU36GM2A4,168
W4W8BVKK2HM,51
CWG27MDCRS,90
WCEP6427F,84
CWT29MDOHS,56
AMNW24GL3A2,240
AS65GDBY0,405
SWWE50W4,42
LSIS6338F,84
WR-10B,150
R-3D288BINS,30
R723MG,51
RC82V9AVHN,150
RH10V9AV4W,150
RH10W86VKP2,150
DFC513FM,160
SC5MBH,51
ETON18LU5,24
F4NQ18N2XA0,140
WSEP4723F,126
DLGX9901S,56
FH069FD2MS,90
DFB325HD,160
S4NW36R43FB,322
ARUN220LTH5,24
AMNW24GTTC0,287
DB597TXS,160
GT-B6085EP,51
DB375TXS,160
HM123HF,56
KCHH040LDGC,7
LDNPH753D,142
ARUN140LTH5,24
LDPS6762S,142
LF29S8330S,26
LSDL6336F,84
DF22VV2SR,90
DF22WV2RE,90
CWT29CDOHS,56
CDT29MSQES,56
AMNW18GL2A2,300
ARUN080LSH0,42
LSEL633CF,84
CDG27MUCES,90
ARUN260LTE5,24
VF29XPBM,26
AS651DWT0,405
S3BF,72
RV1840CD7,56
AMNW09GTUA0,440
WS7D7610G,216
DB965TKS,160
DF22BFXS6BK,90
RC8TV9AVHN,150
WK22WS6P,44
ARUM160LTE5,24
ABNQ36GM3T1,168
DBC425TS,160
DF10BS6R,150
GDL1329CGW7,90
GDL1329CGS7,90
FWT2116SS,44
ARNU96GB8A4,70
DT73PBTX,90
DT25WTGKE,90
RH10V9AV2W,150
R723WG,51
NEOM1,57
DFC532FW,160
LTB852PFBQ,51
LSIS6338FE,84
DF20VV2W,90
DB476TXSW,160
SC5MBR80H,51
WM6998HVA,84
DB475TXS,160
LSGL6335F,84
ARUN100LSS5,42
RV10VHP3W1,150
RHX7010TWB,150
RH90V9AV3N,150
S3MFC,72
TLD1840CGS,56
TCWM2013CD3,56
SWWE50N3,42
SRSXB2622S,30
SC5MNR4G,51
AS101DBY0,260
AMNW18GTTC0,287
APNQ48LT3S1,74
DF22VV2SBRE,90
DF22SFXS6BK,90
DF22BV2SR,90
LDPH5554S,142
DFB424FP,158
DFB335HM,135
WDP6A,270
ARUN200LTH5,24
LDNTH753D,142
LDFN4542B,142
ARNU54GM3A4,144
KCHH067LDGC,5
HM163HF,56
HM073HF,54
GTFV61SEBQD,51
GRTF622PQHR,51
ETON22LU5,24
SC5GMR4G,51
SC5FG,51
S4UW30L43FA,104
DLGX9901B,56
WSED7665B,216
ARUM160LTE6,23
ABUQ48GM3T1,52
F4NQ25N2XA0,140
FH0C7FD2M,56
AMNW09GL1A2,300
WT-SD250HB,252
ETON16LU5,24
GCWM1069CD7,90
GDL1329CES7,90
GM81SXD,26
DF142FV,160
DF10BS6,150
DT22EGTX,90
DXH9-09MB,150
XD3A25MB,158
XD5B14WH,158
DF273FW,160
DF273FWS,160
GR-F892PQBQ,51
GR-H842HLHM,51
GR-T69L622S,51
DLHC5502V,84
DF20VV2WE,90
DF22BFXS6B,90
DF22BV2SGR,90
DF273FV,160
DLGX4081B,90
AMNW12GTUC0,440
WK25GGS6,42
DF74BFXS6BE,90
WF4A012C2TA,432
CWT29MDORS,56
CWT29MSORS,56
CWT29MSQRS,56
WD-S1916B,42
CDG27RUQPS,90
CWG27MDORW,90
SW362H8,322
GTBV61PYBQD,51
HN1600MC,303
TLD1840CES,56
AS251CBZ0,256
ARNU18GTQB4,432
SC5GMR40G,51
DFC425FW,160
ARUN120LTH5,30
KCAH060LDTC,5
KCAH067LDTC,5
KCHH017LDGC,14
KCHH045LDGC,7
KCHH050LDGC,5
S3CW,72
RV1840C7,56
ARNU48GTYA4,120
ARUM260LTE6,15
ARNU48GM3A4,144
KCHH060LDGC,5
RV1329C7T,90
LDNPM545D,142
ARUN050LSS5,110
ARNU24GM1A4,224
RHX1009NNK,150
LF31T6230S,26
LFDFD4441T,160
ARNU24GTTB4,320
RH10W8QVKP2,150
LK14S8000V,28
LPGU6319Y,56
RC91V9AVSN,150
ARNU28GM2A4,168
ARUN100BSS0,42
LTGL6937D,84
LRYKC2606D,40
ARUN080LSS0,52
LSEL6333ZE,84
ARUN080LSS5,52
LRMVC2306S,30
DKW,936
ZRUM048GSS0,52
ZRUM100LTE6,28
WSED7613S,216
ABNQ48GM3T1,144
ABUQ36GM3T1,110
WT2116BRK,44
FH0C7FD2MS,56
FH0C7FD4MS,56
GDL1329CED8,90
GDL1329CGD7,90
ARUM180LTE5,24
DFC612FWE,160
ARUN060LSH0,52
ARUN060LSS0,52
DFC612FV,160
DK1S,1944
DK1W,1944
ARUN080LTH5,30
ARNU42GM2A4,168
LSWD100X,102
ARUN080BSS0,52
ARNU36GTYA4,120
LSEL6335ZE,84
ARUN100LSS0,43
LTEL7337F,84
LRFXS3106S,26
MU5M40,110
RC81V9AV3N,150
RC81V9AV4N,40
RC91V9AVRN,150
RH1077SVK,150
RH10V9JV2W,150
ARUN100LSH0,42
RH10W8QVKP,150
RV1329C4T,90
LF29H8330D,26
LF29S9730S,26
ARUN050LSS0,52
ARNU18GTTB4,320
LDP6810BD,142
LDP6810SS,142
LDPH6762S,142
LDPM6762S,142
LDPN4542W,142
RH80V9AV4N,150
RH80V9AVHN,150
RH90V9AV4N,150
ARUN102LTE6,23
ARUN120LSS0,43
DLEX5500V,90
ARNU76GB8A4,70
KNSAL181A,364
ARUM200LTE6,23
S3BNF,72
S3GHM,72
ARUN120LTE5,30
RX10VHP3K,150
ARUN160LTE5,24
ARUM216DTE5,24
KCHH020LDGC,14
KCHH033LDGC,7
ARUM240LTE6,15
DLG6101M,90
DLG8201L,90
S3RFBN,72
S3WF,72
ARNU18GM1A4,224
ARUN180LTH5,24
ARUN140LTE5,24
ARUN160LTH5,24
ARUN260LLS5,24
S4NW30L43FA,364
SC5GMR8GH,51
ARUN220LTE5,24
SDWB24S3,142
ARNU15GM1A4,224
DFC237HVS,160
HM143HF,56
HU161MRX,52
KCAH045LDTC,7
UB250,56
UU250W,42
CDG27MUCPS,90
CDG27RUCNS,90
CDG27RUOES,90
ARNU09GTUB4,440
WCEP6423D,84
CWG27MSQRS,90
WD200CB,140
WD300CV,252
WD405CB,140
CWT29MDCRS,56
CDT29MUCPS,56
DB273TX,160
APUQ100LFK0,42
WD-M069BD3S,90
WD-M0C7FD2S,56
WD-M0C7FD3S,56
APNQ100LFK0,40
DF587HVS,160
DF455HSS,160
DF50MV2S6WE,90
AMNW18GTTA0,320
WK25GBS6,42
DF74BFXS6B,90
DF74VFXS6B,90
DF74VFXS6BE,90
DF273FVS,160
DB976TKS,160
DF455HMS,160
WK25GGS6E,42
WKGX201HWA,44
AMNW09GTUC0,440
ARUM180LTE6,23
DLGX4081W,90
GR-X24FQEKM,36
GR-A24FQSMB,36
ARUM100LTE6,28
WS7D7610S,216
DF20WV2EW,90
WSED7612B,216
AMNW12GTUA0,440
ZRNU09GM1AA,210
ZRUM036GSS0,52
DB476TXSN,160
GR-T69L622W,51
DLHC6702B,84
DLHC8402B,84
DT22EWTX,90
DT22PBTX,90
DT73EWTX,90
DVH10-10B,150
ETON10MLUA,42
DF10BVC2S6R,150
ZRUV050GSD5,52
WT2116NHEG,44
F621GE65B,36
FH069FDMS,90
WT-SD250HW,252
ETON14LU5,24
ETON26LU5,24
LSGL6337X,84
ARUN060LSS5,110
WT1716BBF,44
XD3A15NS,158
ZRUM096BTE6,23
ZRUM120LTE6,28
ZRUM216DTE6,15
05908111,1000
10526AA,612
10536AA,612
10570AA,270
10571AA,294
10580AA,270
10581AA,294
10610AA,600
10620AA,600
10631AA,432
10641AA,234
10710AA,432
10720AA,432
12700D,270
12800D,270
13500D,600
13600D,600
13701D,432
13801D,234
14357,140
14673,140
14677,140
14693,141
14697,141
17025,16055
191D7830G,180
191D7831G,176
191D7832G,176
191D7833G,192
191D9179G,200
1972,252
1973,252
1992,168
1993,168
20571A,294
20581A,294
20710A,432
20720A,432
23701D,432
23801D,234
24042377,5760
24287574C,5760
24290507C,5760
24295887,5760
24295887C,5760
29002,90
29478,90
2B252VM,108
2B257BMCX,36
2B257DBMX,36
2B257EMCX,36
2B282RPHG,91
2B282RPHL,80
2B282SLHG,91
2B282SLHL,80
2B282SPHG,91
2B292SLBN,80
2B312PXCB,73
2B332PLCB,73
2B372RLCB,73
2B372RXCB,73
2B392PXBB,66
2B402RXCB,72
2B432HLHL,67
2B502HXHL,66
2D282RLHG,91
2D282RPHG,91
2M213,25920
2M214,23040
2M226,23040
2M246,23040
2M252VM,109
2M278,3840
2M282VM,83
2M285,3840
2M286,23040
2M290,3840
2M292RLNL,77
2M292RPNL,77
2M809,23040
2PB252VM,109
2PB282RPHL,80
2PB282SLHG,91
2PB282SLHL,80
2PB282SPHG,91
2PD282RLHG,91
2PD282RPHG,91
2PM252VM,108
2PM282VM,83
2R302RLBN,75
2R302RPBN,75
301D1353G,176
31402,90
31412,90
31422,90
31423,90
31433,90
31452,102
31462,90
31463,90
31513,90
31525,90
31552,90
31553,90
31622,90
31623,90
327136P1,25272
327137P1,25872
32CS560,672
32LB530U,920
32LB550A,1080
32LB550A-TA,1080
32LB551B,1080
32LB551D,1350
32LB551D-TC,1350
32LB552U,1350
32LB555B,1350
32LB561B,1350
32LF510D,1275
32LF550U,1350
32LF550U-TA,1350
32LF550U-ZA,1350
32LF551U,1350
32LF560D,1350
32LF560D-TB,1350
32LM581CBND,1160
32LN540B,920
37LM580S,880
3M302RLNL,75
3M302RPNL,75
3MXM60MA0,171
40448,90
41002,90
41003,90
41072,90
41073,90
41162,90
41182,90
41282,90
41283,90
41303,90
41362,120
41382,90
41383,90
41393,90
41462,120
41463,120
41482,90
41483,90
41542,90
41562,120
41563,120
41573,90
41582,90
41583,90
41682,90
41683,90
41782,90
41783,90
41962,90
41963,90
41982,90
41983,90
42664213C,3840
42679724,3840
42733159,3840
42733159C,3840
42746987,3840
42771748,3840
42771748C,3840
42781691C,3840
42793782C,3840
42LB550A,676
42LB551T,824
42LB551T-TC,824
42LB552V,824
42LB5610,824
42LB5650,824
42LF550T,824
42LF550V,824
42LF550V-ZA,824
42LF560T,824
42LF560T-TB,824
42LF651V,676
42LN5400,632
43LF540T,674
49LK5750PUA,420
49UB820V,390
4MXM80MA0,104
5001AR2127D,17
51012,24
51013,24
51014,24
51016,24
51019,24
51022,24
51023,24
51024,24
51026,24
51029,24
51032,24
51033,24
51034,24
51036,24
51039,24
51042,168
51043,168
51072,24
51073,24
51074,24
51076,24
51079,24
51082,24
51083,24
51086,24
51089,24
51092,24
51093,24
51099,24
51122,270
51123,270
51312,26
51313,26
51314,26
51316,26
51319,26
51322,26
51323,26
51326,26
51329,26
51372,26
51373,26
51374,26
51376,26
51379,26
51733,24
51737,24
51812,26
51813,26
51814,26
51819,26
51822,26
51823,26
51829,26
51832,24
51833,24
51835,24
51839,24
51973,252
51992,168
51993,168
55EW960H,243
55EW960H-UA,243
55UB820V,351
55UB950T,351
58812,24
58813,24
58814,24
58816,24
58819,24
58822,24
58823,24
58826,24
58829,24
5MXM100MA0,104
60H100BV24A,20000
60H100BV24B,20000
61412,90
61422,90
61423,90
61432,90
61433,90
61462,90
61463,90
61513,90
61552,90
61553,90
61622,90
61623,90
65LM620T,114
66612,40
66619,40
66622,40
66712,40
66722,40
66723,40
66937,8
68002,40
68003,40
68006,37
68009,40
68032,26
68033,26
68036,24
68039,26
68272,26
68274,26
68279,26
69002,40
69004,40
69009,40
69212,41
69213,41
69214,41
69219,41
69292,41
69293,41
69294,41
69299,41
69372,41
69373,41
69374,41
69376,41
69379,41
69382,41
69383,41
69384,41
69389,41
69912,42
69913,42
69914,42
69919,42
69922,42
69923,42
69924,42
69929,42
69972,42
69973,42
69974,42
69976,42
69979,42
69982,42
69983,42
69984,42
69989,42
70322,26
70323,26
70329,26
70332,26
70333,26
70339,26
70355,28
70357,28
71032,26
71033,26
71036,26
71039,26
71049,24
71052,24
71053,28
71059,24
71302,26
71303,26
71304,26
71306,26
71309,26
71312,26
71322,40
71323,40
71329,40
71352,24
71355,26
71412,90
71415,26
71417,26
71419,26
71422,90
71423,90
71432,90
71433,90
71462,90
71463,90
71513,90
71552,90
71553,90
71602,26
71603,26
71604,26
71606,26
71609,26
71622,90
71623,90
72032,26
72033,26
72039,26
7210RA,73
72122,40
72123,40
72129,40
72193,24
72302,24
72303,24
72309,24
7240AI,141
7241AI,171
72482,22
72483,22
72489,22
72492,24
72493,24
72495,24
72499,24
72595,24
72597,24
73033,26
73052,24
73053,24
73054,24
73055,24
73059,24
73063,24
73065,24
7310,73
73102,24
73105,24
73107,24
73109,24
7311,52
73115,24
73132,26
73133,26
73139,26
73153,24
73157,24
73163,24
73165,24
73167,24
74012,24
74013,24
74015,24
74019,24
74022,24
74023,24
74024,24
74025,24
74027,24
74029,24
74032,24
74033,24
74039,24
74042,28
74043,28
74049,28
74053,28
74063,24
74073,24
74077,24
74092,24
74093,24
74099,24
74102,24
74105,24
74109,24
7410A,73
74113,24
74142,26
74145,26
74147,26
74149,26
74302,24
74305,24
74309,24
74405,24
74407,24
75043,28
75065,28
75067,28
75075,28
75077,28
75312,41
75313,41
75319,41
75322,41
75323,41
75324,41
75329,41
75SM9000PLA,116
76033,60
76037,60
76202,26
76203,26
76204,26
76209,26
77042,26
77045,26
77049,26
77087,523
77107,300
77127,300
77157,192
77187,192
77247,192
77326,8
77EG9700,64
78002,40
78003,40
78006,37
78009,40
78032,26
78033,26
78036,24
78039,26
78092,40
78093,40
78094,40
78099,40
78272,26
78274,26
78279,26
78302,24
78304,24
78306,24
78309,24
78312,24
78314,24
78316,24
78319,24
78342,24
78343,24
78344,24
78346,24
78349,24
78352,24
78353,24
78354,24
78356,24
78359,24
78402,24
78403,24
78404,24
78406,24
78409,24
78412,24
78413,24
78414,24
78416,24
78419,24
79002,40
79004,40
79009,40
79012,42
79013,42
79014,42
79019,42
79024,28
79292,41
79293,41
79299,41
79302,41
79303,41
79304,41
79309,41
79372,41
79374,41
79376,41
79379,41
79402,40
79403,40
79409,40
79412,40
79413,40
79419,40
79432,26
79433,26
79439,26
79442,26
79443,26
79912,42
79913,42
79919,42
79972,42
79974,42
79976,42
79979,42
79UG8800,112
81072,56
81073,56
81182,90
81282,90
81283,90
81362,90
81382,90
81383,90
81392,90
81393,90
81462,90
81463,90
81562,90
81563,90
81582,90
81583,90
81592,90
81593,90
81782,90
81783,90
81962,56
81963,56
81982,56
81983,56
87583,280
87587,280
88640,8
8X-URBAN-K,903
91182,90
91282,90
91283,90
91362,90
91382,90
91383,90
91392,90
91393,90
91462,90
91463,90
91562,90
91563,90
91582,90
91583,90
91782,90
91783,90
91962,56
91963,56
91982,56
91983,56
9305DA,73
9365D,73
9395,73
9396,52
96043,84
96047,84
9990,2160
9CM2315VD1,1075200
9CM2315VD2,115200
9CM2315VD3,115200
9CM2315WD1,151200
9CMA813PDA,34560
9GW9718502,57600
9GW9718503,57600
9GW97185A1,57600
9GW97185D3,57600
9GW97185D4,57600
9GW97185D5,57600
9LH00B58802,2560
9LH00N5VVX1,42336
9PSA2B1T520,86400
9PSA2B2T520,86400
9PSA2B3T520,86400
9PSA2N2T520,110880
9PSA2N3T520,86400
9PSA2N4T520,86400
9SD131VVDA,151200
9SD441PVDA,144000
9SD441TVDA,144000
9SD751TVDA,190080
9SD751TVDB,190080
9SDA81TVDA,77760
9SDA81VVDA,85536
9SDA81WWD1,85536
9SMA1N2B8A2,59400
9SMA1N4B8A2,59400
9SMB2B1B5C2,59400
9SMB2B2B5C2,59400
9SSA2B1B520,99792
9SSA2B1T520,110880
9SSA2B2B520,99792
9SSA2B2T520,110880
9SSA2S4B520,99792
9VS570V5DA,151200
9ZS52055DA,570240
A005KEEN261,512
A092CR,720
A096JH,780
A096TH,648
A09AHE,594
A09AHU,316
A09AW1,612
A09AWU,316
A09BSJ1,880
A09FR,612
A09FT,612
A09GA1,450
A09GA2,450
A09GA2N,450
A09GA2U,312
A09IWK,671
A09LH1,612
A09LH2,612
A09LHE,594
A09LHH,594
A09LHM,594
A09LHR,594
A09LHU,489
A09LKH,594
A09LKR,594
A09LKU,316
A09LL,680
A09NRK,648
A09NWK,648
A09RK,648
A09RL,648
A09UWK,316
A09VK,648
A09WK,648
A09WL,648
A10LCN,864
A10LCU,320
A11RJH,780
A122CL,675
A122CR,720
A122CS,612
A122CX,612
A122HL,603
A122HR,720
A122NC,1115
A122NH,1115
A126JH,780
A126TH,648
A12AHU,316
A12AW1,612
A12AWE,612
A12AWG,612
A12AWU,316
A12BSJ1,880
A12CMH,880
A12FR,612
A12FT,612
A12GA1,450
A12GA2,450
A12GA2N,450
A12GA2U,312
A12IWK,671
A12LH1,612
A12LH2,612
A12LHE,594
A12LHH,594
A12LHR,594
A12LHU,489
A12LL,680
A12NRK,648
A12NWK,648
A12RK,648
A12RL,648
A12UWK,316
A12VK,648
A12WK,648
A12WL,648
A13LCN,864
A13RJH,880
A1828P,488
A1828Q,488
A182CL,456
A182CR,450
A182HL,488
A182HR,450
A182RC,488
A182RH,488
A182SC,488
A182SH,488
A186KH,504
A186TH,488
A18BSL1,550
A18CMH,550
A18LCN,500
A18LH1,430
A18LHU,272
A18RK,488
A18RL,488
A18VK,488
A18WK,488
A1908GD5GE0,43200
A1908JD5GE0,43200
A1912FD1DEC,34560
A1912FD5DEC,43200
A1912GD0GE1,34560
A1912GD0GE2,34560
A1912GD0GEB,34560
A1912GD1GE1,34560
A1912GD1GEB,34560
A1912GD5GE1,43200
A1912GD5GEB,34560
A1912JD5GE1,43200
A1914GC0GG1,24000
A1914GC1GG1,24000
A19RKH,550
A23TNC,550
A2424C,367
A2424H,367
A2428P,488
A2428Q,488
A242CL,488
A242CR,450
A242HL,488
A242HR,450
A242RC,488
A242RH,488
A242SC,488
A242SH,488
A243FR-N,550
A246KH,504
A246TH,488
A24BSK1,550
A24CMH,550
A24LH3,430
A24LHU,171
A24RKH,550
A2530TE10BA,1904
A2530TE1YBA,1904
A2530TS00BA,1904
A2530TS0YBA,1904
A2530TT10BA,1904
A2530TT1YBA,1904
A2530TT1YBB,1904
A2540TE10BA,1904
A2540TE1YBA,1904
A2540TS00BA,1904
A2540TS0YBA,1904
A2550TS00BA,1904
A2550TS0YBA,1904
A27TNC,550
A2NC106LDA0,851
A2NC126LFA0,851
A2NH106NDA0,851
A2UC146FA0,296
A2UC183FA0,171
A2UC186FA0,171
A2UC196LA0,171
A2UC216LA0,171
A2UH146FA0,296
A2UH196NA0,171
A2UQ166FA0,316
A2UQ186FA3,186
A2UQ18GFA0,316
A2UQ18GFA1,316
A2UQ18GFA3,171
A2UQ18GFAB,316
A2UQ18GFD0,316
A2UQ18GFD1,312
A2UW146FA1,171
A2UW146FA2,316
A2UW146FA3,316
A2UW146FA5,316
A2UW146FA6,124
A2UW14GFA0,316
A2UW14GFA1,316
A2UW14GFA2,316
A2UW166FA0,316
A2UW166FA1,316
A2UW166FA5,316
A2UW16GFA0,316
A2UW16GFA1,316
A2UW16GFA2,316
A2UW183FA1,171
A2UW183FA2,171
A2UW186FA0,171
A2UW18GFA0,171
A2UW18GFA1,171
A2UW18GFA2,316
A2UW18GFAA,316
A2UW18GFAB,288
A2UW18GFAC,316
A2UW18GFH0,110
A3024C,367
A3024H,367
A320S,71
A325S,69
A325W,69
A326S,69
A326SR,69
A327S,54
A327SR,54
A327W,54
A328M,54
A328MB,54
A328MBR,54
A328MR,54
A328S,54
A328SR,54
A328W,54
A328WR,54
A3NC096LLA0,851
A3NC126LLA0,836
A3UC206LA0,171
A3UC216FA0,171
A3UC242FA0,171
A3UC306LA0,171
A3UH216FA0,171
A3UQ186FA1,171
A3UQ186FA2,171
A3UQ18GFA0,316
A3UQ24GFA3,171
A3UQ24GFAB,316
A3UQ24GFD0,316
A3UQ24GFD1,312
A3UQ26GFA0,171
A3UQ26GFA4,171
A3UQ30GFD0,186
A3UQ30GFD1,171
A3UQ34GFAB,171
A3UW186FA0,171
A3UW186FA3,171
A3UW186FA5,171
A3UW18GFA0,171
A3UW18GFA1,171
A3UW18GFA2,171
A3UW18GFA3,171
A3UW18GFA4,171
A3UW216FA3,171
A3UW216FA4,171
A3UW216FA5,171
A3UW21GFA0,171
A3UW21GFA1,171
A3UW21GFA2,171
A3UW21GFAC,316
A3UW243FA1,171
A3UW243FA2,171
A3UW246FA0,171
A3UW24GFA0,171
A3UW24GFA1,171
A3UW24GFA2,171
A3UW24GFA3,171
A3UW24GFAA,171
A3UW24GFAB,171
A3UW24GFH0,110
A3UW36GFAA,110
A3UW36GFAB,104
A4MQ26GFA2,171
A4UC302FA0,171
A4UC306FA0,114
A4UH306FA0,114
A4UN306FA0,171
A4UQ266FA2,171
A4UQ266FA3,186
A4UQ26GFA0,171
A4UQ26GFA1,171
A4UQ26GFA2,171
A4UQ28GFA0,171
A4UQ306FA2,110
A4UQ30GFA0,110
A4UQ36GFA3,110
A4UQ36GFD0,110
A4UW246FA0,171
A4UW246FA1,171
A4UW246FA3,171
A4UW246FA4,171
A4UW246FA5,171
A4UW24GFA0,110
A4UW24GFA1,110
A4UW24GFA2,110
A4UW24GFA3,171
A4UW24GFA4,171
A4UW24GFT0,110
A4UW276FA5,110
A4UW27GFA0,110
A4UW27GFA1,110
A4UW27GFA2,110
A4UW27GFA4,104
A4UW302FA0,171
A4UW306FA0,114
A4UW306FA2,104
A4UW30GFA0,110
A4UW30GFA2,110
A4UW30GFH0,110
A4UW363FA0,171
A4UW363FA1,171
A4UW363FA2,110
A4UW36GFA0,110
A5UC382FA0,110
A5UQ36GFA0,110
A5UQ48GFA0,102
A5UQ48GFA1,104
A5UW306FA3,171
A5UW306FA5,110
A5UW30GFA0,110
A5UW30GFA1,110
A5UW30GFA2,110
A5UW30GFA4,104
A5UW36GFA2,110
A5UW36GFH0,52
A5UW36GFH2,52
A5UW36GFT0,102
A5UW406FA5,110
A5UW40GFA0,102
A5UW40GFA1,104
A5UW40GFA4,104
A5UW42GFA1,104
A5UW48GFA1,104
A5UW48GFA4,104
A6UQ406FA0,110
A6UW368FA0,114
A6UW406FA0,110
A6UW42GFH0,52
A6UW42GFH2,52
A7UQ406FA1,110
A7UQ40GFA0,102
A7UQ486FA0,39
A7UW406FA3,110
A7UW406FA5,110
A7UW40GFA0,102
A7UW428FA0,110
A7UW428FA3,52
A7UW42GFA1,52
A7UW42GFA2,52
A7UW42LFA0,52
A7UW42LFA1,52
A7UW486FA0,39
A7UW48GFT0,52
A8UQ48GFA0,102
A8UQ54GFA0,102
A8UQ566FA0,39
A8UW486FA3,52
A8UW486FA5,52
A8UW488FA0,110
A8UW488FA3,52
A8UW48GFA0,52
A8UW48GFA1,52
A8UW48GFA2,52
A8UW48GFH0,52
A8UW48LFA0,52
A8UW48LFA1,52
A8UW54GFA0,52
A8UW54GFA2,52
A8UW566FA0,39
A8UW60GFA0,52
A8UW60GFA2,52
A9-CORE,1232
A9-LITE,1232
A900BM,1232
A901PM,1232
A902RM,1232
A905RM,1232
A906SM,1232
A907BMS,1232
A907GMS,1232
A908VMR,1408
A9100IN,1232
A9100S,1408
A9100SN,1408
A912PM,1232
A913BM,1232
A915RM,1408
A916BM,1232
A9200I,1408
A923KGMP,1232
A925KSM,1232
A926KSM,1232
A927KGMS,1232
A927KVMS,1232
A929KVM,920
A9300I,1408
A9300IK,1408
A9300SK,1408
A9309P,1408
A930B,1408
A930R,1408
A930S,1408
A931KWM,462
A931R,1408
A931S,1408
A933B,1408
A933R,1408
A935S,1408
A9370IK,920
A9370SK,920
A9370VK,920
A937KGMS,2214
A938BA,1232
A938BO,1408
A938KBGS,2214
A938RA,1408
A938RO,1408
A938SA,1408
A938SO,1408
A939KBGS,320
A9400IK,1408
A9400PK,1408
A9400SK,1408
A9409P,1408
A940R,1408
A940S,1408
A941KTMP,1232
A9470IHK,920
A9470IK,920
A9470SHK,920
A9479IH,920
A9479S,920
A948RA,1408
A948SA,1408
A949KTMS,453
A949RA,1232
A9500IK,1408
A9500SK,1408
A950K,1408
A950S,1408
A951S,1408
A9570IGK,920
A9570IK,920
A9570PK,920
A9570SK,920
A9570VK,920
A9571IGKT,920
A9579I,920
A9579IG,920
A9579P,920
A9579S,920
A958IA,1408
A958KA,1408
A958KT,1408
A958SA,1408
A958SG,1408
A958SH,1408
A958ST,1408
A958VA,1408
A958VT,920
A9600SK,920
A968KA,1408
A968SA,1408
A9700BPK,920
A9700IK,920
A9700SK,920
A9700VK,920
A978IA,920
A978KA,920
A978SA,920
A978VA,920
A9ADVANCED,1408
A9BED,1232
A9BED2X,1232
A9BED2XC,1232
A9BEDDING,1232
A9BEDDING2,1408
A9BEDDING2B,1408
A9BEDDINGX,1232
A9CXR-ELITE,1792
A9DDCARPET,1232
A9DDCARPET2,1232
A9DDFLOOR,1232
A9ESSENTIAL,1232
A9K-AQUA,1232
A9K-CORE,1408
A9K-CORE1G,1232
A9K-CORE1S,1232
A9K-CORE2,1232
A9K-CORE2S,1232
A9K-CORE3S,1232
A9K-COREMOP,894
A9K-DMAX,1232
A9K-EVOLVE,1232
A9K-LEGEND,894
A9K-LITE1C,1824
A9K-MASTER,894
A9K-MAX,2214
A9K-MAX1,920
A9K-MAX2,920
A9K-MAXLITE,894
A9K-MOP2,894
A9K-PRIME,1232
A9K-PRIME1G,1232
A9K-PRIME1S,1232
A9K-PRO,1232
A9K-PRO1,1232
A9K-PRO1B,920
A9K-PRO1G,920
A9K-PRO2G,894
A9K-PRO2N,894
A9K-PROPLUS,894
A9K-SLIM1R,1824
A9K-SLIM2N,1824
A9K-SOLO,2214
A9K-ULTRA,920
A9K-ULTRA1B,1232
A9K-ULTRA1P,920
A9K-ULTRA1V,920
A9K-ULTRA2C,894
A9K-ULTRA3,920
A9KCOREPLUS,1386
A9KEXTRA,1408
A9KMASTER,1408
A9KMAX,894
A9KMAXPLUS,1232
A9KPRO,1232
A9KULTIMAT2,1232
A9KULTIMATE,894
A9KULTRA,920
A9L-TITAN,453
A9L-TOWER,453
A9MASTER,1232
A9MASTER2X,1232
A9MULTI,1386
A9MULTI2X,1232
A9MULTICARE,1232
A9N-CORE,1408
A9N-FLEX,1232
A9N-LITE,1408
A9N-MASTERX,894
A9N-MAX,894
A9N-MULTI,894
A9N-ONE,2214
A9N-PRIME,1824
A9N-SMOP2X,894
A9N-SOLO,2214
A9N-TWIN,1824
A9N-WHITE,1824
A9NCORE1G,1232
A9NCORE1V,1232
A9NEOMASTER,894
A9NEOMAX,894
A9NEOMULTI,894
A9P-CORE,1232
A9P-COREMOP,894
A9P-LITE,1232
A9P-LITEMOP,894
A9P-MAX1,1408
A9P-PRO,920
A9PADVANCE2,1408
A9PBED,1232
A9PBED2B,1232
A9PBED2R,1232
A9PBED2X,1232
A9PDDFLOOR2,1232
A9PETNBED,1386
A9PETNBED2X,1232
A9PFLOOR,1232
A9PMASTER2,1232
A9PMASTER2X,1232
A9PMULTI2,1232
A9PPERFECT2,920
A9PRO,920
A9PSMOP2X,920
A9PSMOPB,920
A9PSMOPX,920
A9SINGLE,1232
A9T-AUTO,320
A9T-CORE,453
A9T-CORECG,453
A9T-COREEG,453
A9T-LITE,2214
A9T-MAX,320
A9T-STEAM,320
A9T-STEAMW,320
A9T-ULTRA,2214
A9T-ULTRA1C,320
A9TX-PRIMEG,320
A9ULTIMATE,920
A9UQ566FA1,52
A9UW548FA3,52
A9UW566FA3,52
A9UW566FA5,52
A9UW56GFA0,52
A9UW56GFA1,52
A9UW56LFA0,52
A9UW56LFA1,52
A9X-AUTO,453
A9X-AUTO2,453
A9X-MAX,453
A9X-RSTEAM,453
A9X-STEAM,453
A9X-ULTRA,453
A9X-ULTRA2,453
A9X-ULTRA2G,453
AA,90
AA09SP,630
AA12SP,630
AA18SP,630
AAFTDP100,566
AAFTDP108,283
AAFTS020,980
AAX75307901,242550
AB-H1208VA0,15
ABDP7,11412
ABDPD,16767
ABDPE,16767
ABDPG,11412
ABG049KAC,576
ABG051KAC,576
ABNC096TLA0,432
ABNC126TLA0,432
ABNC186HLA0,294
ABNC186HLA1,294
ABNC186HLAA,294
ABNC246HLA0,294
ABNC246HLAA,294
ABNC306GLAA,223
ABNC308GLA0,224
ABNC366GSA0,223
ABNC368GLA0,224
ABNC368GLAA,223
ABNC428GLA0,224
ABNC488ELAA,110
ABNC488RLA0,125
ABNC548RLA0,125
ABNC608ELAA,110
ABNH09GL1A2,300
ABNH12G1FAB,420
ABNH12GL2A2,316
ABNH186HLAA,294
ABNH186HLAB,294
ABNH186HLAD,294
ABNH18G2FAB,270
ABNH18GGLA1,170
ABNH18GHLA2,294
ABNH18GL2A2,316
ABNH21GGLA1,223
ABNH246HLAA,294
ABNH246HLAB,294
ABNH246HLAD,294
ABNH246HTA0,294
ABNH24GGLA1,223
ABNH24GGLA2,223
ABNH24GHLA2,294
ABNH24GL3A2,240
ABNH306GLAA,223
ABNH306GLAB,223
ABNH306GLAD,223
ABNH306GTA0,223
ABNH30GGLA2,224
ABNH366GLAB,223
ABNH366GLAD,223
ABNH366GSA0,223
ABNH366GTA0,223
ABNH368GLAA,223
ABNH368GLAB,223
ABNH36GGLA2,223
ABNH36GRLA1,120
ABNH36GRLA2,120
ABNH426GLAC,223
ABNH426RLAC,120
ABNH42GRLA1,120
ABNH42GRLA2,120
ABNH486RLAB,120
ABNH486RLAD,125
ABNH488ELAA,110
ABNH488RLAB,120
ABNH48GRLA1,120
ABNH48GRLA2,120
ABNH606RLAB,120
ABNH606RLAC,120
ABNH606RLAD,125
ABNH608ELAA,110
ABNH60GRLA2,120
ABNM1400WT4,144
ABNM7100WT,224
ABNQ09GL1A2,300
ABNQ12GL2A2,300
ABNQ18GHLA0,294
ABNQ18GHLT0,294
ABNQ18GL2A0,330
ABNQ18GL2A1,300
ABNQ18GL2A2,300
ABNQ18GM1A0,224
ABNQ18GM1A2,224
ABNQ18GM1A4,224
ABNQ18GM1T0,224
ABNQ18GM1T2,224
ABNQ18GM1T4,224
ABNQ18GM1T6,224
ABNQ18GM1T7,224
ABNQ18GM1T8,224
ABNQ21GHLA0,294
ABNQ22GM1A4,224
ABNQ24GGLA0,223
ABNQ24GGLT0,223
ABNQ24GL3A0,270
ABNQ24GL3A1,240
ABNQ24GL3A2,240
ABNQ24GM1A0,224
ABNQ24GM1A2,224
ABNQ24GM1A4,224
ABNQ24GM1T0,224
ABNQ24GM1T2,224
ABNQ24GM1T4,224
ABNQ24GM1T6,224
ABNQ24GM1T7,224
ABNQ30GGLA0,223
ABNQ30GGLA1,223
ABNQ30GGLT0,223
ABNQ30GM1A4,224
ABNQ30GM1T0,224
ABNQ30GM2T2,168
ABNQ30GM3T6,168
ABNQ30GM3T7,144
ABNQ36GGLA0,223
ABNQ36GGLA1,223
ABNQ36GGLA2,223
ABNQ36GM2A0,168
ABNQ36GM2A2,168
ABNQ36GM3A4,168
ABNQ36GM3A5,168
ABNQ36GM3T0,144
ABNQ36GM3T2,168
ABNQ36GM3T4,168
ABNQ36GM3T6,168
ABNQ36GM3T7,144
ABNQ36GRLT0,120
ABNQ36LGLA1,223
ABNQ40GM3A4,168
ABNQ40GM3A5,168
ABNQ42GM2A0,168
ABNQ42GRLA0,120
ABNQ42LRLA1,120
ABNQ48GM3A0,168
ABNQ48GM3A2,144
ABNQ48GM3A4,144
ABNQ48GM3A5,168
ABNQ48GM3T2,168
ABNQ48GM3T4,168
ABNQ48GM3T6,144
ABNQ48GM3T7,144
ABNQ48GRLA0,120
ABNQ48GRLT0,120
ABNQ48LM3T0,144
ABNQ48LRLA1,120
ABNQ50GM3A4,144
ABNQ50GM3A5,168
ABNQ53GRLT0,120
ABNQ54GM3A0,168
ABNQ54GM3A2,144
ABNQ54GM3T1,144
ABNQ54GM3T2,168
ABNQ54GM3T6,168
ABNQ54GM3T7,144
ABNQ54GRLA0,120
ABNQ54GRLT0,120
ABNQ54LM3T0,144
ABNQ54LM3T6,168
ABNQ54LRLA1,120
ABNQ60GM3A4,144
ABNQ60GM3A5,168
ABNQ60GM3T4,168
ABNQ60GRLT0,120
ABNQ60LM3T1,144
ABNW09GL2A2,300
ABNW1262SA0,270
ABNW12GL5S1,420
ABNW18GBHC0,294
ABNW18GBHE0,294
ABNW18GHLT0,294
ABNW18GL2D0,300
ABNW18GM1A0,224
ABNW18GM1S1,224
ABNW18GM1S2,224
ABNW18GM1T2,224
ABNW18GM1T4,224
ABNW22GM1S3,224
ABNW246HSY0,294
ABNW24GBHC0,294
ABNW24GBHE0,294
ABNW24GGLT0,223
ABNW24GGSA3,223
ABNW24GM1A0,224
ABNW24GM1D0,224
ABNW24GM1S1,224
ABNW24GM1S2,244
ABNW24GM1T2,224
ABNW24GM1T4,224
ABNW27GM1T4,224
ABNW27GM1T6,224
ABNW3067SA3,125
ABNW306GSY0,223
ABNW30G7SA4,125
ABNW30G7SD0,125
ABNW30GB7H0,125
ABNW30GGLT0,223
ABNW30GM1A0,224
ABNW30GM1S1,224
ABNW30GM1S2,224
ABNW30GM1S3,224
ABNW30GM1S4,224
ABNW30GM2T2,168
ABNW3666SS0,140
ABNW3667SA3,125
ABNW366GSY0,223
ABNW36G7SA4,125
ABNW36G7SB0,125
ABNW36G7SD0,125
ABNW36GB7H0,125
ABNW36GBRH0,125
ABNW36GM2A0,168
ABNW36GM2D0,168
ABNW36GM2S1,168
ABNW36GM3S2,144
ABNW36GM3T1,168
ABNW36GM3T2,144
ABNW36GM3T6,168
ABNW36GRLT0,120
ABNW36LM3S1,144
ABNW38GM3T1,168
ABNW38GM3T4,168
ABNW40GM3S3,168
ABNW4266SS0,140
ABNW4267SA2,125
ABNW4267SA3,125
ABNW42G7SA4,125
ABNW42G7SB0,125
ABNW42G7SD0,125
ABNW42GB7H0,125
ABNW42GBRH0,125
ABNW42GM2A0,168
ABNW42GM3H0,144
ABNW42GM3T2,168
ABNW4867SA3,125
ABNW4867SS0,125
ABNW48GBRH0,125
ABNW48GM3A0,144
ABNW48GM3H0,144
ABNW48GM3S1,144
ABNW48GM3T1,168
ABNW48GM3T2,168
ABNW48GM3T4,168
ABNW48GRLT0,120
ABNW48LM3S1,144
ABNW48LM3S2,144
ABNW50GM3S3,144
ABNW50LM3S1,144
ABNW50LM3S2,144
ABNW53GM3T1,168
ABNW53GM3T4,168
ABNW53GM3T6,144
ABNW54GM3S1,144
ABNW54GM3T0,168
ABNW54GM3T1,168
ABNW54GRLT0,120
ABNW54LM3S1,144
ABNW5567SA3,125
ABNW55G7SA4,125
ABNW55G7SB0,125
ABNW55G7SD0,125
ABNW55GB7H0,125
ABNW57GM3T1,168
ABNW58GM3T4,144
ABNW60GM3A0,144
ABNW60GM3S1,144
ABNW60GM3S3,144
ABNW60GM3T1,168
ABNW60GM3T2,168
ABNW60GM3T6,168
ABNW60GRLT0,120
ABNW60LM3S1,144
ABNW60LM3S2,144
ABNW62L9SB1,52
ABNW7089TA0,52
ABNW7089TB0,52
ABNW70GB9A0,70
ABNW85GB9A0,70
ABPAE,432
ABPAEC,432
ABUC096TLA0,312
ABUC126TLA0,312
ABUC186HLA0,171
ABUC186HLA1,171
ABUC246HLA0,171
ABUC308GLA0,171
ABUC366GSA0,114
ABUC368GLA0,104
ABUC428GLA0,104
ABUC488RLA0,88
ABUC548RLA0,88
ABUH246HTA0,162
ABUH306GTA0,90
ABUH366GSA0,114
ABUH366GTA0,90
ABUQ09GL1A0,316
ABUQ09GL1A2,515
ABUQ12GL2A0,316
ABUQ12GL2A2,489
ABUQ18GHLA0,316
ABUQ18GHLT0,171
ABUQ18GL2A0,316
ABUQ18GL2A2,312
ABUQ18GL2R1,316
ABUQ18GM1A0,316
ABUQ18GM1A4,316
ABUQ18GM1T0,316
ABUQ18GM1T1,316
ABUQ18GM1T2,170
ABUQ18GM1T4,170
ABUQ18GM1T6,316
ABUQ18GM1T7,312
ABUQ18GM1T8,312
ABUQ21GHLA0,316
ABUQ22GM1A4,316
ABUQ24GGLA0,186
ABUQ24GGLT0,171
ABUQ24GL3A0,186
ABUQ24GL3A2,171
ABUQ24GM1A0,186
ABUQ24GM1A2,171
ABUQ24GM1A4,171
ABUQ24GM1T0,171
ABUQ24GM1T2,170
ABUQ24GM1T4,170
ABUQ24GM1T6,171
ABUQ24GM1T7,171
ABUQ30GGLA1,104
ABUQ30GGLT0,104
ABUQ30GM1A4,171
ABUQ30GM1T0,171
ABUQ30GM1T1,110
ABUQ30GM2T2,110
ABUQ30GM3T6,171
ABUQ30GM3T7,171
ABUQ36GGLA0,104
ABUQ36GGLA1,104
ABUQ36GM2A0,104
ABUQ36GM3T0,171
ABUQ36GM3T2,110
ABUQ36GM3T4,110
ABUQ36GM3T6,110
ABUQ36GM3T7,104
ABUQ36GRLT0,104
ABUQ36LGLA1,104
ABUQ42GM2A0,104
ABUQ42GRLA0,104
ABUQ42LRLA1,104
ABUQ48GM3A0,104
ABUQ48GM3A2,104
ABUQ48GM3T2,52
ABUQ48GM3T4,52
ABUQ48GM3T6,52
ABUQ48GM3T7,52
ABUQ48GRLA0,104
ABUQ48GRLT0,52
ABUQ48LM3T0,102
ABUQ48LRLA0,104
ABUQ48LRLA1,104
ABUQ48LRLT0,52
ABUQ53GRLT0,52
ABUQ54GM3A0,52
ABUQ54GM3T1,52
ABUQ54GM3T2,52
ABUQ54GM3T6,52
ABUQ54GM3T7,52
ABUQ54GRLA0,52
ABUQ54GRLT0,52
ABUQ54LM3T0,52
ABUQ54LM3T6,52
ABUQ54LRLA1,52
ABUQ60GM3T4,52
ABUQ60GRLT0,52
ABUQ60LM3T1,52
ABUW1262SA0,171
ABUW12GL5S1,400
ABUW18GHLT0,171
ABUW18GL2D0,171
ABUW18GM1S1,316
ABUW18GM1S2,312
ABUW18GM1T1,316
ABUW18GM1T2,170
ABUW22GM1S3,312
ABUW246HSY0,171
ABUW24GGLT0,171
ABUW24GGSA3,110
ABUW24GM1D0,110
ABUW24GM1S1,170
ABUW24GM1S2,170
ABUW24GM1T2,170
ABUW27GM1T6,170
ABUW3067SA3,52
ABUW306GSY0,171
ABUW30G7SA4,110
ABUW30G7SD0,171
ABUW30GGLT0,104
ABUW30GM1S1,170
ABUW30GM1S2,170
ABUW30GM1S3,171
ABUW30GM1S4,170
ABUW30GM1T1,110
ABUW30GM2T2,110
ABUW3666SS0,114
ABUW3667SA3,52
ABUW366GSY0,171
ABUW36G7SA4,102
ABUW36G7SB0,102
ABUW36G7SD0,102
ABUW36GM2D0,102
ABUW36GM2S1,104
ABUW36GM3S2,104
ABUW36GM3T1,110
ABUW36GM3T2,110
ABUW36GM3T6,170
ABUW36GRLT0,104
ABUW36LM3S2,52
ABUW4266SS0,52
ABUW4267SA3,52
ABUW42G7SA4,52
ABUW42G7SB0,52
ABUW42G7SD0,102
ABUW42GM3T2,52
ABUW4867SA3,52
ABUW4867SS0,52
ABUW4867SS1,52
ABUW48GM3S1,52
ABUW48GM3T1,52
ABUW48GM3T2,52
ABUW48GM3T4,52
ABUW48GRLT0,52
ABUW48LM3S1,52
ABUW48LM3S2,104
ABUW50LM3S1,52
ABUW50LM3S2,52
ABUW54GM3S1,52
ABUW54GM3T1,52
ABUW54GRLT0,52
ABUW54LM3S1,52
ABUW5567SA3,52
ABUW5567SS1,52
ABUW55G7SA4,52
ABUW55G7SB0,52
ABUW55G7SD0,52
ABUW60GM3S1,52
ABUW60GM3T1,52
ABUW60GM3T2,52
ABUW60GM3T4,52
ABUW60GM3T6,52
ABUW60GRLT0,52
ABUW60LM3S1,52
ABUW60LM3S2,52
ABUW62L9SB1,42
ABUW7089TA0,28
ABUW7089TB0,28
ABUW70L9SB1,42
ABZCA,11560
AC09BK,880
AC09BQ,880
AC09SQ,780
AC12BK,880
AC12BKM,880
AC12BQ,880
AC12SQ,780
AC18BK,550
AC18BQ,550
AC18SQ,504
AC24BK,550
AC24BQ,550
ACHH020LBAB,14
ACHH023LBAB,14
ACHH033LBAB,7
ACHH040LBAB,7
ACHH045LBAB,7
ACHH050LBAB,5
ACHH060LBAB,5
ACHH067LBAB,5
ACKR025SAAA,30
ACKR035SAAA,20
ADA0005V1M,8640
ADA0005V2M,8640
ADA0085Y1M,2880
ADA0085Y2M,2880
ADA0124Y1M,2880
ADA0124Y2M,2880
ADA0124Y3M,2880
ADA0188Y1M,2880
ADA0195Y1M,2880
ADB0030Y1M,2880
ADC0375J1M,2880
ADC0375J2M,2880
ADC0375N1M,2880
ADC0375N2M,2880
ADC0375Y1M,2880
ADC0560N1M,2880
ADC0560N2M,2880
ADC0560Y1M,2880
ADC0745Y1M,2880
ADD0375J1M,2880
ADD0375N1M,2880
ADK0375D1M,2880
ADK0375J1M,2880
ADK0375N1M,2880
ADL0375D1M,2880
ADL0375J1M,2880
ADL0375N1M,2880
ADP30WFP24A,20000
AF-B600N,7980
AF-B700N,8505
AF120S,215600
AF182C0,576
AF20CREAM,480
AF20LEMON,480
AF20MILKTEA,480
AF20NIGHT,480
AF20ROSE,480
AF20SOUND,420
AF242C0,576
AF25CATM,256
AFMW186GMF1,141
AFNQ246GMC0,251
AFNQ282EBA0,126
AFNQ282ECA0,126
AFNQ286ECA0,126
AFNQ286ENB0,101
AFNW186GMF1,141
AFNW222GMF0,141
AFNW226GRH0,141
AFUQ246GMC0,171
AFUQ282EBA0,171
AFUQ282ECA0,171
AFUQ286ECA0,171
AFUQ286ENB0,171
AFUW186GMF1,171
AFUW222GMF0,171
AFUW226GRH0,171
AG161BWC0,85
AG161BWZ0,85
AG16GBWC0,85
AG182UAA,192
AGNU06GTUC2,440
AGNU07GB1G2,420
AGNU07GSBL2,648
AGNU07GTRC2,486
AGNU07GTUC2,440
AGNU09GB1G2,420
AGNU09GSBL2,648
AGNU09GTRC2,486
AGNU09GTUC2,440
AGNU12GB1G2,420
AGNU12GSBL2,648
AGNU12GTQC2,432
AGNU12GTUC2,440
AGNU15GBHA2,294
AGNU15GSBL2,648
AGNU15GTLC2,384
AGNU15GTQC2,432
AGNU15GTTC2,320
AGNU18GBHA2,294
AGNU18GSCL2,488
AGNU18GTLC2,384
AGNU18GTPC2,234
AGNU21GBHA2,294
AGNU21GTLC2,384
AGNU21GTPC2,234
AGNU230GBA0,70
AGNU24GBGA2,223
AGNU24GSCL2,488
AGNU24GTPC2,234
AGNU290GBA0,70
AGNU30GBGA2,223
AGNU30GTNC2,208
AGNU32GBGA2,223
AGNU32GTNC2,208
AGNU38GBGA2,223
AGNU38GTMC2,182
AGNU42GBRA2,120
AGNU42GTMC2,182
AH04K001A,240000
AH07R001A,240000
AH09S1M,664
AH09S1N,664
AH09S1U,312
AH12S1N,664
AH12S1U,312
AH18S2N,576
AH18S2U,171
AH24S2N,576
AH24S2U,104
AHBW036H0,110
AHBW056A0,86
AHBW076A0,86
AHBW096A0,110
AHBW126A0,43
AHBW128A0,43
AHBW146A0,43
AHBW148A0,43
AHBW166A0,52
AHBW168A0,43
AHKW166A0,303
AHMW166A0,303
AHNW03604A2,303
AHNW09604A1,303
AHNW09604A2,303
AHNW09606A0,303
AHNW09606A1,303
AHNW096A0,303
AHNW096AD,303
AHNW09806A1,303
AHNW09A06A1,303
AHNW126A0,303
AHNW126AD,303
AHNW146A0,303
AHNW146AD,303
AHNW16606A1,303
AHNW16606A2,303
AHNW16606A3,303
AHNW16606A4,303
AHNW16606B0,40
AHNW16606C3,303
AHNW16606C4,303
AHNW166A0,303
AHNW166AD,303
AHNW166T0,180
AHNW166T3,180
AHNW16806A1,303
AHNW16806A4,303
AHNW16809A1,303
AHNW16809A2,303
AHNW16809A3,303
AHNW16A06A1,303
AHNW16A09A1,303
AHUW036A2,171
AHUW056A2,110
AHUW056A3,110
AHUW076A2,110
AHUW076A3,110
AHUW096A0,171
AHUW096A1,110
AHUW096A2,110
AHUW096A3,110
AHUW096AD,171
AHUW096AN,171
AHUW126A0,52
AHUW126A1,52
AHUW126A2,52
AHUW126A3,52
AHUW126A4,52
AHUW126AD,52
AHUW128A1,52
AHUW128A2,52
AHUW128A3,52
AHUW128A4,52
AHUW146A0,52
AHUW146A1,52
AHUW146A2,52
AHUW146A3,52
AHUW146A4,52
AHUW146AD,52
AHUW148A1,52
AHUW148A2,52
AHUW148A3,52
AHUW148A4,52
AHUW156A2,52
AHUW158A2,52
AHUW166A0,52
AHUW166A1,52
AHUW166A2,52
AHUW166A3,52
AHUW166A4,52
AHUW166AD,52
AHUW166T0,52
AHUW166T3,52
AHUW168A1,52
AHUW168A2,52
AHUW168A3,52
AHUW168A4,52
AHUW246ALA0,171
AHWRCD,178296
AHWRHD,178296
AHWRHS,178296
AI182C0,558
AI182H0,558
AI242C0,558
AI242H0,558
AIHC60,8400
AIHC61,1
AIHC71G,8400
AJNW30GVLA0,461
AJNW36GVLA0,461
AJNW36GVLA1,367
AK-C03620,36
AK-C04820,36
AK-C06020,36
AK-C12090,1
AK-C1209A,12
AK-C15090,1
AK-C18090,12
AK-C1809A,12
AK-C2409A,6
AK-C3009A,6
AK-H1208C00,16
AK-H1208C02,16
AK-H1808C02,14
AK-H2408C02,8
AK-Q036GD50,36
AK-Q036GH00,36
AK-Q036GH50,36
AK-Q048GD50,36
AK-Q048GH00,16
AK-Q048GH50,36
AK-Q060GD50,36
AK-Q060GH00,16
AK-Q060GH50,36
AK-Q0788C01,20
AK-Q0789C01,20
AK-Q0908C01,20
AK-Q0909C01,20
AK-Q090BCA1,20
AK-Q090LC01,10
AK-Q1208C01,12
AK-Q1208C0A,12
AK-Q1209C01,12
AK-Q120BC00,12
AK-Q120BC01,12
AK-Q120BC0A,12
AK-Q120BCA1,20
AK-Q120LC01,10
AK-Q1508C01,12
AK-Q1508C0A,12
AK-Q1509C01,12
AK-Q150BC00,12
AK-Q150BC01,12
AK-Q150BC02,12
AK-Q150BC0A,12
AK-Q150BCA1,8
AK-Q150LC01,6
AK-Q1808C00,12
AK-Q1808C01,6
AK-Q1808C0A,12
AK-Q1809C00,12
AK-Q1809C01,6
AK-Q180BC00,12
AK-Q180BC0A,12
AK-Q180BCA1,8
AK-Q180DC00,12
AK-Q180LC00,12
AK-Q180LC01,6
AK-Q2108C01,6
AK-Q2408C01,6
AK-Q2408C0A,6
AK-Q2409C01,6
AK-Q240BC00,6
AK-Q240BC01,6
AK-Q240BC0A,6
AK-Q240BCA1,6
AK-Q240DC01,6
AK-Q240DC0A,6
AK-Q240DCA1,6
AK-Q240LC01,3
AK-Q280BC01,6
AK-Q3008C01,6
AK-Q3008C0A,6
AK-Q3009C01,6
AK-Q300BC00,6
AK-Q300BC01,6
AK-Q300BC0A,6
AK-Q300BCA1,6
AK-Q300DC01,6
AK-Q300DC0A,6
AK-Q300DCA1,6
AK-Q300LC01,3
AK-W036GH00,16
AK-W048GH00,16
AK-W060GH00,16
AK-W090BC00,20
AK-W090BCA0,20
AK-W090LC00,20
AK-W090LH00,8
AK-W120BC00,20
AK-W120BCA0,20
AK-W120LC00,20
AK-W120LH00,8
AK-W150BC00,8
AK-W150BCA0,8
AK-W150LC00,8
AK-W150LH00,6
AK-W180BC00,8
AK-W180BCA0,8
AK-W180LC00,8
AK-W180LH00,6
AK-W240BC00,6
AK-W240BCA0,6
AK-W240DC00,6
AK-W240DCA0,6
AK-W240LC00,6
AK-W240LH00,3
AK-W270LH00,3
AK-W300BC00,6
AK-W300BCA0,6
AK-W300DC00,6
AK-W300DCA0,6
AK-W300LC00,6
AK-W300LH00,3
AK090XCL,440
AK180XCL,432
AKEH0521A,672
AKEH1021A,672
AKMH1208C00,16
AKN12JIT,240
AM07BP,800
AM09BP,880
AM09BQ,780
AM12BP,880
AM12BQ,780
AM182C0,495
AM18BP,558
AM207FBC,264
AM20GFBC0,264
AM242C0,495
AM24BP,558
AM35GUDG0,459
AM501YWM1,375
AM50GYWN1,375
AM50GYWN2,375
AMMC09GDJR0,800
AMMC18GDKA0,558
AMMC18GDKR0,558
AMNC076LQL0,851
AMNC07GD4L0,1091
AMNC096APM1,594
AMNC096DZR0,864
AMNC096LQA0,851
AMNC096LQL0,851
AMNC09GD4L0,1091
AMNC09GDBA2,648
AMNC09GDBR0,648
AMNC09GDBR1,648
AMNC09GDBW0,648
AMNC09GDBW1,648
AMNC09GDER0,720
AMNC09GDJA0,800
AMNC09GDJR0,800
AMNC09GTUA0,440
AMNC126APM1,594
AMNC126DUR0,832
AMNC126DUW0,832
AMNC126LRA0,836
AMNC126LRL0,836
AMNC126TCC0,600
AMNC126TEC0,432
AMNC12GB1A2,420
AMNC12GD4L0,1091
AMNC12GDBA2,648
AMNC12GDBR0,648
AMNC12GDBR1,648
AMNC12GDBW0,648
AMNC12GDBW1,648
AMNC12GDER0,720
AMNC12GDJA0,800
AMNC12GDJR0,800
AMNC12GTRA2,486
AMNC12GTUA0,440
AMNC186BHA2,294
AMNC186D3B0,550
AMNC186D3D0,550
AMNC186D3R0,550
AMNC186D3W0,550
AMNC186LTL0,600
AMNC186TEC0,432
AMNC18G2CL0,488
AMNC18GB2A2,270
AMNC18GBHA2,294
AMNC18GD5L0,620
AMNC18GD8R0,540
AMNC18GDCA2,488
AMNC18GDCR0,496
AMNC18GDCR1,488
AMNC18GDCW0,496
AMNC18GDCW1,488
AMNC18GDKA0,558
AMNC18GDKR0,558
AMNC18GTQA0,432
AMNC18GTQA2,432
AMNC18GTTA0,320
AMNC246BHA0,294
AMNC246BHA2,294
AMNC246D3B0,550
AMNC246D3R0,550
AMNC246D3W0,550
AMNC246LTL0,600
AMNC246TFC0,196
AMNC24G2CL0,488
AMNC24GB2A2,270
AMNC24GBHA2,294
AMNC24GD5L0,620
AMNC24GD8R0,540
AMNC24GDCA2,488
AMNC24GDCR0,496
AMNC24GDCR1,488
AMNC24GDCW0,496
AMNC24GDCW1,488
AMNC24GDKA0,558
AMNC24GDKR0,558
AMNC24GTPA2,234
AMNC24GTTA0,320
AMNC306BGA0,223
AMNC306TFC0,196
AMNC366BGA0,223
AMNC366TDC0,168
AMNH05GD4L0,1091
AMNH05GTRA0,486
AMNH076DZB0,864
AMNH076DZM0,864
AMNH076DZR0,864
AMNH076DZW0,864
AMNH076LQL0,851
AMNH07GD4L0,1091
AMNH07GDEB0,720
AMNH07GDER1,720
AMNH07GDER2,720
AMNH07GDEV1,720
AMNH07GDZB0,864
AMNH07GDZM0,864
AMNH07GDZR0,864
AMNH07GTRA0,486
AMNH096APB1,594
AMNH096APD1,594
AMNH096APM1,594
AMNH096BPA0,290
AMNH096BTG0,432
AMNH096DUB0,832
AMNH096DUM0,832
AMNH096DUW0,832
AMNH096LRL0,836
AMNH096PQL0,851
AMNH096VEA0,432
AMNH09GAF11,612
AMNH09GAFE1,612
AMNH09GAFG1,612
AMNH09GAFH1,612
AMNH09GAFV1,612
AMNH09GB1A0,420
AMNH09GB1A1,420
AMNH09GB1A2,420
AMNH09GD4L0,1091
AMNH09GDER1,720
AMNH09GDER2,720
AMNH09GDEV1,720
AMNH09GDUB0,832
AMNH09GDUR0,832
AMNH09GS4L0,1091
AMNH09GTCC0,600
AMNH09GTRA0,486
AMNH09GTUC0,440
AMNH126APB1,594
AMNH126APM1,594
AMNH126BPA0,290
AMNH126BTG0,432
AMNH126DUM0,832
AMNH126DUR0,832
AMNH126DUW0,832
AMNH126LRL0,836
AMNH126TCC0,600
AMNH126TEC0,432
AMNH126VEA0,432
AMNH12GAF11,612
AMNH12GAFE1,612
AMNH12GAFG1,612
AMNH12GAFH1,612
AMNH12GAFV1,612
AMNH12GB1A0,420
AMNH12GB1A2,420
AMNH12GD4L0,1091
AMNH12GDEM0,720
AMNH12GDER0,720
AMNH12GDER1,720
AMNH12GDER2,720
AMNH12GDEV1,720
AMNH12GDUB0,832
AMNH12GDUR0,832
AMNH12GDUW0,832
AMNH12GS4L0,1091
AMNH12GTCC0,600
AMNH12GTRA0,486
AMNH12GTUC0,440
AMNH186BHA0,294
AMNH186BHA1,294
AMNH186BTG0,288
AMNH186D3M0,550
AMNH186D3R0,550
AMNH186D3W0,550
AMNH186LTL0,600
AMNH186TEC0,432
AMNH186VBA0,219
AMNH18GB2A0,270
AMNH18GB2A2,270
AMNH18GD3B0,550
AMNH18GD5L0,620
AMNH18GD8R1,540
AMNH18GD8R2,540
AMNH18GD8V1,540
AMNH18GS5L0,620
AMNH18GTQA0,432
AMNH246BHA0,294
AMNH246BHA1,294
AMNH246D3M0,550
AMNH246D3R0,550
AMNH246LTL0,600
AMNH246TFC0,216
AMNH246VBA0,219
AMNH24GB2A0,270
AMNH24GB2A1,270
AMNH24GB2A2,270
AMNH24GD5L0,620
AMNH24GD8R1,540
AMNH24GD8R2,540
AMNH24GD8V1,540
AMNH24GS5L0,620
AMNH24GTHF0,216
AMNH24GTPA0,234
AMNH286BGA0,223
AMNH306BGA0,223
AMNH306BGA1,223
AMNH306TFC0,196
AMNH306VKA0,192
AMNH30GTHF0,216
AMNH366BGA0,223
AMNH366BGA1,223
AMNH366TDC0,168
AMNH366VLA0,152
AMNH36GTDF0,168
AMNH486VLA0,152
AMNH48GTDF0,168
AMNN096APA0,594
AMNN096LQA0,851
AMNN126APA0,594
AMNN126LRA0,836
AMNN126TEA0,378
AMNN186TEA0,378
AMNN186VBA0,219
AMNQ09GB1A0,420
AMNQ09GDBA0,648
AMNQ09GDBR0,648
AMNQ09GL1A0,300
AMNQ09GSJA0,650
AMNQ09GSJAA,780
AMNQ09GSJB0,650
AMNQ09GSJC0,650
AMNQ12GB1A0,420
AMNQ12GDBA0,648
AMNQ12GDBR0,648
AMNQ12GL2A0,300
AMNQ12GSJA0,650
AMNQ12GSJAA,780
AMNQ12GSJB0,650
AMNQ12GSJC0,650
AMNQ12GTUA0,440
AMNQ18GB2A0,270
AMNQ18GDCA0,488
AMNQ18GDCR0,488
AMNQ18GL2A0,300
AMNQ18GSKA0,495
AMNQ18GSKAA,522
AMNQ18GSKB0,495
AMNQ18GSKC0,495
AMNQ18GTQA0,432
AMNQ24GL3A0,240
AMNQ24GSKA0,495
AMNQ24GSKAA,522
AMNQ24GSKB0,495
AMNQ24GSKC0,495
AMNQ24GTTA0,320
AMNW05GEWA0,900
AMNW05GSJB0,800
AMNW07GDBB0,648
AMNW07GDBL1,648
AMNW07GDBR0,648
AMNW07GDBV0,648
AMNW07GDBW0,648
AMNW07GEWA0,900
AMNW07GRBL0,648
AMNW07GSJA0,800
AMNW07GSJB0,800
AMNW07GSJC0,800
AMNW07GSJL0,800
AMNW07GSJR0,800
AMNW07GTRA0,486
AMNW07GTRB0,486
AMNW07GTUC0,393
AMNW09GAF11,612
AMNW09GB1A0,420
AMNW09GDBL0,648
AMNW09GDBL1,648
AMNW09GDBR0,648
AMNW09GDBR1,648
AMNW09GDBV0,648
AMNW09GDBW0,648
AMNW09GDEL1,720
AMNW09GDER1,720
AMNW09GEBA0,648
AMNW09GEBA1,648
AMNW09GL1A0,300
AMNW09GL1A3,300
AMNW09GL5A0,420
AMNW09GL5A1,420
AMNW09GMAA0,256
AMNW09GQA0,488
AMNW09GRBL0,648
AMNW09GSJA0,800
AMNW09GSJAA,780
AMNW09GSJB0,800
AMNW09GSJB1,800
AMNW09GSJC0,800
AMNW09GSJR0,800
AMNW09GTRA0,486
AMNW09GTRA1,486
AMNW09GTRB0,486
AMNW12GAF11,612
AMNW12GB1A0,420
AMNW12GDBL0,648
AMNW12GDBL1,648
AMNW12GDBR0,648
AMNW12GDBR1,648
AMNW12GDBV0,648
AMNW12GDBW0,648
AMNW12GDEL0,792
AMNW12GDER1,720
AMNW12GEBA0,648
AMNW12GL2A0,300
AMNW12GL2A2,300
AMNW12GL2A3,300
AMNW12GL5A0,420
AMNW12GL5A1,420
AMNW12GMAA0,256
AMNW12GQA0,488
AMNW12GRBL0,648
AMNW12GSJA0,800
AMNW12GSJAA,780
AMNW12GSJB0,800
AMNW12GSJB1,800
AMNW12GSJC0,800
AMNW12GSJR0,800
AMNW12GTRA0,486
AMNW12GTRA1,486
AMNW12GTRB0,486
AMNW15GDBB0,648
AMNW15GDBL1,648
AMNW15GEBA0,648
AMNW15GQA0,488
AMNW15GSJB0,800
AMNW15GSJB1,780
AMNW18GB2A0,297
AMNW18GD5L1,620
AMNW18GD8R0,540
AMNW18GD8R1,500
AMNW18GDCL0,488
AMNW18GDCL1,488
AMNW18GDCR0,488
AMNW18GDCR1,488
AMNW18GDCV0,488
AMNW18GDCW0,488
AMNW18GECA0,488
AMNW18GL2A0,300
AMNW18GL2A1,300
AMNW18GL2A3,300
AMNW18GL6A0,360
AMNW18GL6A1,360
AMNW18GM1A0,224
AMNW18GMAA0,256
AMNW18GNJA1,152
AMNW18GNJA2,152
AMNW18GQA0,488
AMNW18GRCL0,488
AMNW18GSKA0,600
AMNW18GSKAA,522
AMNW18GSKB0,558
AMNW18GSKB1,600
AMNW18GSKC0,558
AMNW18GSKL0,558
AMNW18GSKR0,600
AMNW18GTPA2,234
AMNW18GTQA0,432
AMNW18GTQA1,432
AMNW18GTQB0,432
AMNW24GBGA0,223
AMNW24GDCB0,488
AMNW24GDCL1,488
AMNW24GDCR0,488
AMNW24GDCV0,488
AMNW24GDCW0,488
AMNW24GECA0,488
AMNW24GM1A0,224
AMNW24GMAA0,256
AMNW24GNJA0,152
AMNW24GNJA1,152
AMNW24GNJA2,152
AMNW24GRCL0,488
AMNW24GSKA0,600
AMNW24GSKAA,522
AMNW24GSKB0,558
AMNW24GSKB1,495
AMNW24GSKC0,558
AMNW24GSKL0,558
AMNW24GSKR0,600
AMNW24GTPA0,216
AMNW24GTPA1,234
AMNW24GTPA2,234
AMNW24GTTA0,320
AMNW36GBGA0,223
AMNW36GM2A0,168
AMNW36GNJA0,152
AMNW36GNJA2,152
AMNW36GNKA1,51
AMNW36GYLP0,120
AMPM13T4,780
AMPM13T4W,780
AMPM26K1,495
AMPM26T4,495
AMPM26T4W,495
AMPMO24K,495
AMPN13T4,780
AMPN13T4W,780
AMPN18K,495
AMPN19K,495
AMPN19K1,495
AMPN19K2,550
AMPN19T4,495
AMPN19T4W,495
AMPN24K,495
AMPN26K,495
AMPN26K1,495
AMPN26K2,550
AMPN26T4,495
AMPN26T4W,495
AMPU13T4,312
AMPU13T4W,312
AMPU18K,171
AMPU19K,171
AMPU19K1,171
AMPU19K2,171
AMPU19T4,171
AMPU19T4W,171
AMPU24K,171
AMPU26K,171
AMPU26K1,171
AMPU26K2,171
AMPU26T4,171
AMPU26T4W,171
AMS051CNC1V,44
AMS051CNC9V,44
AMS051CNCDV,44
AMS068CNC1V,44
AMS068CNC9V,44
AMS068CNCDV,44
AMS102CNC1V,20
AMS102CNC9V,20
AMS102CNCDV,20
AMS136CNC1V,20
AMS136CNC9V,20
AMS136CNCDV,20
AMW068CNC9V,44
AMW102CNC1V,20
AMW102CNC9V,20
AMW136CNC1V,20
AMW136CNC9V,20
AN07R001A,3840
ANC12G,232
ANC12S,232
ANEH0521A,980
ANEH0981A,1200
ANEH0981B,656
ANEH09B1B,656
ANEH1021A,980
ANEH1881B,656
ANEH1881C,312
ANEH18B1B,656
ANEH18B1C,312
ANEH3682C,312
ANEH36B2C,312
ANNQ54GT0,51
ANNQ60GKA4,51
ANNQ60GT0,51
ANNW12GJLC0,152
ANNW30GJLC0,152
ANNW42GKLA0,51
ANNW48GKLA0,51
ANNW60GKLA0,51
ANUC1008A,40
ANUC1508A,40
ANUQ0909T00,23
ANUQ1209T00,23
ANUQ54GS0,52
ANUQ60GS0,52
AP09RK,650
AP09RT,650
AP12RK,650
AP12RT,650
AP130MBKA,1650
AP130MDKA,1650
AP130MGKA,1650
AP130MWKA,1650
AP130MWKR,1650
AP139MBA,1650
AP139MWA,1650
AP151MBA1,1500
AP151MDA1,1500
AP151MGA1,1500
AP151MWA1,1500
AP300AWFA,14976
APG020KBC,800
APG021KBC,800
APG031KAC,768
APHWC501D,51
APHWC501L,51
APHWC501M,51
APHWC801D,51
APHWC801L,51
APHWC801M,51
APMBD7620,1992
APMBD7622,2208
APMBD7632,2208
APMBD7642,5457
APMBL142S,12540
APMBL172S,12540
APMQ48GT3M7,73
APMQ50GT2E0,73
APMQ50GT3E0,74
APMQ50GT3M0,74
APMQ55GT3E0,74
APMQ55GT3M0,74
APMQ55GT3M7,73
APNC246KLA0,116
APNC286KLA0,116
APNC306KLA0,116
APNC308KLA0,116
APNC488TLA0,73
APNH30GRLA3,89
APNH423TLAE,73
APNQ100LFA0,40
APNQ100LFT0,40
APNQ150LNA0,15
APNQ18GS1S1,109
APNQ200LNA0,15
APNQ30GR5A3,98
APNQ30GR5A4,98
APNQ30GRA1,89
APNQ30GS1S1,109
APNQ36GR5A4,98
APNQ36GRA0,89
APNQ36GRA1,89
APNQ36GRA2,89
APNQ42GTA1,68
APNQ48GT3E3,74
APNQ48GT3E6,74
APNQ48GT3M6,74
APNQ48GTA0,73
APNQ48GTA1,68
APNQ48GTA2,68
APNQ50GT2E0,68
APNQ50GT3A0,74
APNQ50GT3E0,74
APNQ50GT3E1,74
APNQ50GT3E2,74
APNQ50GT3E4,73
APNQ50GT3M0,74
APNQ50GT3M1,74
APNQ50GT3M2,74
APNQ50GT3M4,74
APNQ50LT2E0,68
APNQ50LT3E0,74
APNQ50LT3M0,74
APNQ55GT3A0,74
APNQ55GT3E0,74
APNQ55GT3E1,74
APNQ55GT3E2,74
APNQ55GT3E4,73
APNQ55GT3M0,74
APNQ55GT3M1,74
APNQ55GT3M2,74
APNQ55GT3M4,74
APNQ55GT3M5,74
APNQ55LT3E0,74
APNQ55LT3M0,74
APNQ60GT3E4,73
APNQ80LFA0,40
APNT1400WT4,73
APNW100LFT0,40
APNW362TA0,73
APNW36GT2E4,68
APNW36GT3E5,73
APNW36GT3E6,73
APNW36GT3S1,74
APNW42GT3E0,74
APNW48GT3S1,73
APNW48GTA0,73
APNW48LT3M0,73
APNW48LT3S1,74
APNW509TA0,73
APNW50GT2E0,68
APNW50GT3E0,74
APNW50GT3E2,74
APNW50GT3E4,74
APNW50GT3M0,74
APNW50GT3M2,73
APNW50GT3M4,74
APNW50LT2E0,68
APNW50LT3E0,74
APNW50LT3M0,74
APNW54GT3E5,73
APNW54LT3E6,73
APNW55GT3E0,74
APNW55GT3E2,74
APNW55GT3E4,74
APNW55GT3M0,74
APNW55GT3M2,73
APNW55GT3M4,74
APNW55GT3M5,74
APNW55LT3E0,74
APNW55LT3M0,74
APNZ286R30,105
APNZ286RC0,105
APNZ488TC0,73
APNZ728FA0,40
APPSB-OLA0,2518
APUC246KLA0,171
APUC286KLA0,186
APUC308KLA0,186
APUC488TLA0,110
APUQ100LFA0,42
APUQ100LFT0,42
APUQ150LNA0,23
APUQ18GS1K1,312
APUQ18GS1S1,288
APUQ200LNA0,23
APUQ24GS1A3,171
APUQ24GS1A4,171
APUQ30GR5A3,170
APUQ30GR5A4,171
APUQ30GS1K1,171
APUQ30GS1S1,170
APUQ36GR5A3,104
APUQ36GRA0,110
APUQ36GRA2,104
APUQ36LR5A3,104
APUQ48GT3E3,104
APUQ48GT3E6,52
APUQ48GTA0,52
APUQ48GTA2,104
APUQ48LT3E3,104
APUQ48LT3S1,104
APUQ50LT3E0,52
APUQ55GT3E4,52
APUQ55GT3M4,52
APUQ60GT3E4,52
APUW100LFS0,42
APUW100LFS1,42
APUW100LFT0,42
APUW242RA0,171
APUW24GS1S1,171
APUW362TA0,110
APUW36GT3E5,104
APUW36GT3S1,104
APUW42GT3E0,52
APUW48GT3S1,52
APUW48GTA0,52
APUW48LT3M0,52
APUW48LT3S1,52
APUW509TA0,52
APUW50GT3E0,52
APUW50LT3E0,52
APUW54GT3E5,52
APUW54LT3E6,52
APUW55GT3E4,52
APUW55GT3M4,52
APUZ286R30,171
APUZ286RC0,171
APUZ488TC0,110
APUZ728FA0,51
APUZ728FA1,52
AQ036KAA,552
AQ042YAA,564
AQA036KAA,432
AQA036PAA,552
AQA038KAB,432
AQA038KAC,576
AQA038KAD,432
AQA039KAC,432
AQA039KAE,432
AQA040KAA,576
AQA040KAB,432
AQA040KAD,432
AQA042KAE,432
AQA042KAF,576
AQA042KAG,432
AQA042PAA,552
AQAKB04,2430
AQCC,6160
AQETC,82944
AQLA,49588
AQNH09GALA0,488
AQNH12GALA0,488
AQNH18GALA0,488
AQTCA,12848
AR055VAC,432
AR061YAA,432
AR061YAB,420
AR073YAB,432
AR081UAA,432
AR081YAA,432
ARAORASB001,640
ARBL052L,3900
ARBL052S,4360
ARBL054,6993
ARBL057,3150
ARBL1010,2505
ARBL102G,3000
ARBL102L,3128
ARBL102S,3480
ARBL104,6993
ARBL107,3150
ARBL2010,2030
ARBL202C,3010
ARBL202L,3010
ARBL202M,3022
ARBL202S,3010
ARBL302C,3010
ARBL302L,3250
ARBL302S,3010
ARBLB01621,6156
ARBLB03321,4655
ARBLB07121,4655
ARBLB14521,3648
ARBLN01621,6156
ARBLN03321,4655
ARBLN07121,5778
ARBLN14521,3648
ARBLN23220,3060
ARCNB21,3591
ARCNB31,3591
ARCNN21,3591
ARCNN30,3128
ARCNN31,3591
ARCNN41,3591
ARHC81W,2112
ARMV100LR2,44
ARND063DER4,144
ARND093DCR4,30
ARND153DCR4,30
ARND153DCR5,30
ARND153DCR6,30
ARND203DCR4,30
ARND203DCR5,30
ARND203DCR6,30
ARND30UDBE4,3
ARNH04GK2A2,273
ARNH04GK2A4,297
ARNH04GK3A2,180
ARNH04GK3A4,180
ARNH04GK3B4,178
ARNH04LK3A4,180
ARNH04LK3B4,178
ARNH08GK3A2,180
ARNH08GK3A4,180
ARNH08GK3B4,180
ARNH08LK3A4,180
ARNH08LK3B4,178
ARNH10GK2A2,297
ARNH10GK2A4,273
ARNH18GK1A4,303
ARNH18GK1B4,259
ARNH18GK5A4,54
ARNH24GK1A4,303
ARNH24GK1B4,259
ARNH24GK5A4,54
ARNH30GK1A4,303
ARNH30GK1B4,259
ARNH30GK5A4,54
ARNH423K2A4,273
ARNH423K3A4,180
ARNH763K3A4,180
ARNH963K2A2,297
ARNH963K2A4,273
ARNN076TCC0,600
ARNN096BTG0,432
ARNN096SPM3,594
ARNN096TCC0,600
ARNN126SPM3,594
ARNN126TCA0,600
ARNN126TEA0,432
ARNN126TEC0,432
ARNN186TEA0,432
ARNN186TEC0,432
ARNN246BHA0,294
ARNN246TDA0,168
ARNN246TDC0,168
ARNN286TDA0,168
ARNN286TDC0,168
ARNN366BGA0,223
ARNN366TDA0,168
ARNN366TDC0,168
ARNN386TDA0,168
ARNN426TDC0,168
ARNN486TDC0,168
ARNS50560NF,620
ARNS50710NF,620
ARNST0230NF,792
ARNST0260NF,792
ARNST0360NF,792
ARNST0450NF,792
ARNTP0464NF,216
ARNTP0564NF,234
ARNTU0220NF,440
ARNTU0280NF,440
ARNTU0360NF,440
ARNU053SBL4,648
ARNU053SBR4,648
ARNU053SJA4,800
ARNU053SJR4,800
ARNU053SJS4,650
ARNU053TRC2,486
ARNU053TRC4,486
ARNU053TRD4,486
ARNU05GL1G2,300
ARNU05GL1G4,300
ARNU05GL4G4,500
ARNU05GSBL2,648
ARNU05GSBL4,648
ARNU05GSBR4,648
ARNU05GSBV4,648
ARNU05GSBW4,648
ARNU05GSER2,720
ARNU05GSEV2,792
ARNU05GSJA4,800
ARNU05GSJC4,800
ARNU05GSJL4,800
ARNU05GSJN4,800
ARNU05GSJR4,800
ARNU05GTRA2,486
ARNU05GTRA4,486
ARNU05GTRB4,486
ARNU05GTRC2,486
ARNU05GTRC4,486
ARNU05GTRD4,486
ARNU073B3G4,420
ARNU073BGA2,223
ARNU073BGA4,223
ARNU073BHA2,294
ARNU073BHA4,294
ARNU073CEA4,246
ARNU073CEU4,338
ARNU073L1G4,300
ARNU073M1A4,224
ARNU073M2A4,168
ARNU073SBL4,648
ARNU073SBR4,648
ARNU073SEL2,792
ARNU073SER2,720
ARNU073SJA4,800
ARNU073SJR4,800
ARNU073SJS4,650
ARNU073TJC2,598
ARNU073TNA4,208
ARNU073TNAA,208
ARNU073TRC2,486
ARNU073TRC4,486
ARNU073TRD4,486
ARNU073TUC4,440
ARNU07GB1G0,420
ARNU07GB1G1,420
ARNU07GB1G2,420
ARNU07GB3G2,420
ARNU07GB3G4,420
ARNU07GBGA4,223
ARNU07GBHA1,294
ARNU07GBHA2,294
ARNU07GBHA4,294
ARNU07GBPA0,290
ARNU07GCEA0,246
ARNU07GCEA1,246
ARNU07GCEA2,246
ARNU07GCEA4,246
ARNU07GCEU0,338
ARNU07GCEU1,338
ARNU07GCEU2,338
ARNU07GCEU4,338
ARNU07GL1G2,300
ARNU07GL1G4,300
ARNU07GL4G2,500
ARNU07GL4G4,500
ARNU07GM1A4,224
ARNU07GM2A4,168
ARNU07GQAA2,488
ARNU07GQAA4,488
ARNU07GSBL2,648
ARNU07GSBL4,648
ARNU07GSBR4,648
ARNU07GSBV4,648
ARNU07GSBW4,648
ARNU07GSEA0,792
ARNU07GSEA1,792
ARNU07GSEA2,792
ARNU07GSEB2,792
ARNU07GSEL0,792
ARNU07GSEL1,792
ARNU07GSEL2,792
ARNU07GSEM0,720
ARNU07GSER0,720
ARNU07GSER1,720
ARNU07GSER2,720
ARNU07GSEV0,720
ARNU07GSEV1,720
ARNU07GSEV2,792
ARNU07GSF11,612
ARNU07GSF12,612
ARNU07GSF14,612
ARNU07GSFE2,612
ARNU07GSFG2,612
ARNU07GSFH2,612
ARNU07GSFV2,612
ARNU07GSJA4,800
ARNU07GSJC4,800
ARNU07GSJL4,800
ARNU07GSJN4,800
ARNU07GSJR4,800
ARNU07GSPB1,594
ARNU07GSPD0,594
ARNU07GSPD1,594
ARNU07GSPM0,594
ARNU07GSPM1,594
ARNU07GTEA2,432
ARNU07GTEC2,432
ARNU07GTJA0,598
ARNU07GTJA2,598
ARNU07GTJC0,598
ARNU07GTJC1,598
ARNU07GTJC2,598
ARNU07GTKA0,473
ARNU07GTNA4,208
ARNU07GTRA2,486
ARNU07GTRA4,486
ARNU07GTRB4,486
ARNU07GTRC2,486
ARNU07GTRC4,486
ARNU07GTRD4,486
ARNU07GTUA2,440
ARNU07GTUA4,440
ARNU07GTUB4,440
ARNU07GTUC2,440
ARNU07GTUC4,440
ARNU07GTUD4,440
ARNU093B3G4,420
ARNU093BGA4,223
ARNU093BHA2,294
ARNU093BHA4,294
ARNU093CEA2,246
ARNU093CEA4,246
ARNU093CEU4,338
ARNU093L1G4,300
ARNU093M1A4,224
ARNU093M2A4,168
ARNU093SBL4,648
ARNU093SBR4,648
ARNU093SEL2,792
ARNU093SER2,720
ARNU093SFA4,612
ARNU093SJA4,800
ARNU093SJR4,800
ARNU093SJS4,650
ARNU093TJC2,598
ARNU093TNA4,208
ARNU093TNAA,208
ARNU093TNC2,208
ARNU093TPAA,234
ARNU093TRC2,486
ARNU093TRC4,486
ARNU093TRD4,486
ARNU093TUC4,440
ARNU093TUD4,440
ARNU093VEA2,432
ARNU096VEA0,432
ARNU09GB1G0,420
ARNU09GB1G1,420
ARNU09GB1G2,420
ARNU09GB3G2,420
ARNU09GB3G4,420
ARNU09GBGA4,223
ARNU09GBHA1,294
ARNU09GBHA2,294
ARNU09GBHA4,294
ARNU09GBPA0,290
ARNU09GCEA0,246
ARNU09GCEA1,246
ARNU09GCEA2,246
ARNU09GCEA4,246
ARNU09GCEU0,338
ARNU09GCEU1,338
ARNU09GCEU2,338
ARNU09GCEU4,338
ARNU09GL1G2,300
ARNU09GL1G4,300
ARNU09GL4G2,500
ARNU09GL4G4,500
ARNU09GM1A4,224
ARNU09GM2A4,168
ARNU09GQAA2,488
ARNU09GQAA4,488
ARNU09GSBL2,648
ARNU09GSBL4,648
ARNU09GSBR4,648
ARNU09GSBV4,648
ARNU09GSBW4,648
ARNU09GSEA0,792
ARNU09GSEA2,792
ARNU09GSEB2,720
ARNU09GSEL0,792
ARNU09GSEL1,792
ARNU09GSEL2,792
ARNU09GSEM0,720
ARNU09GSER0,720
ARNU09GSER1,720
ARNU09GSER2,720
ARNU09GSEV0,720
ARNU09GSEV1,720
ARNU09GSEV2,792
ARNU09GSF11,612
ARNU09GSF12,612
ARNU09GSF14,612
ARNU09GSFE2,612
ARNU09GSFG2,612
ARNU09GSFH2,612
ARNU09GSFV2,612
ARNU09GSJA4,800
ARNU09GSJC4,800
ARNU09GSJL4,800
ARNU09GSJN4,800
ARNU09GSJR4,800
ARNU09GSPB1,594
ARNU09GSPD0,594
ARNU09GSPD1,594
ARNU09GSPM0,594
ARNU09GSPM1,594
ARNU09GTEA0,432
ARNU09GTEA2,432
ARNU09GTEC2,432
ARNU09GTJA0,598
ARNU09GTJA1,598
ARNU09GTJA2,598
ARNU09GTJC0,598
ARNU09GTJC1,598
ARNU09GTJC2,598
ARNU09GTKA0,473
ARNU09GTLA4,384
ARNU09GTLC4,384
ARNU09GTNA4,208
ARNU09GTRA2,486
ARNU09GTRA4,486
ARNU09GTRB4,486
ARNU09GTRC2,486
ARNU09GTRC4,486
ARNU09GTRD4,486
ARNU09GTSA4,272
ARNU09GTSC4,272
ARNU09GTUA2,440
ARNU09GTUA4,440
ARNU09GTUC2,440
ARNU09GTUC4,440
ARNU09GTUD4,440
ARNU09GVEA0,432
ARNU09GVEA1,432
ARNU09GVEA2,432
ARNU09GVEA4,432
ARNU123B3G4,420
ARNU123BGA2,223
ARNU123BGA4,223
ARNU123BHA2,294
ARNU123BHA4,294
ARNU123CEA2,246
ARNU123CEA4,246
ARNU123CEU4,338
ARNU123L2G4,300
ARNU123M1A4,224
ARNU123M2A4,168
ARNU123NJA2,152
ARNU123NJA4,152
ARNU123SBL4,648
ARNU123SBR4,648
ARNU123SEL2,792
ARNU123SER2,720
ARNU123SFA4,612
ARNU123SJA4,800
ARNU123SJR4,800
ARNU123SJS4,650
ARNU123TJC2,598
ARNU123TNA4,208
ARNU123TNAA,208
ARNU123TNC2,208
ARNU123TPAA,234
ARNU123TRC2,486
ARNU123TRC4,486
ARNU123TRD4,486
ARNU123TUC4,440
ARNU123TUD4,440
ARNU123VEA2,432
ARNU126VEA0,432
ARNU12GB1G0,420
ARNU12GB1G1,420
ARNU12GB1G2,420
ARNU12GB3G2,420
ARNU12GB3G4,420
ARNU12GBGA4,223
ARNU12GBHA1,294
ARNU12GBHA2,294
ARNU12GBHA4,294
ARNU12GBPA0,290
ARNU12GCEA0,246
ARNU12GCEA1,246
ARNU12GCEA2,246
ARNU12GCEA4,338
ARNU12GCEU0,338
ARNU12GCEU1,338
ARNU12GCEU2,338
ARNU12GCEU4,338
ARNU12GL2G2,300
ARNU12GL2G4,300
ARNU12GL5G2,420
ARNU12GL5G4,420
ARNU12GM1A4,224
ARNU12GM2A4,168
ARNU12GQAA2,488
ARNU12GQAA4,488
ARNU12GSBL2,648
ARNU12GSBL4,648
ARNU12GSBR4,648
ARNU12GSBV4,648
ARNU12GSBW4,648
ARNU12GSEA0,792
ARNU12GSEA1,792
ARNU12GSEB2,720
ARNU12GSEL0,792
ARNU12GSEL1,792
ARNU12GSEL2,792
ARNU12GSEM0,720
ARNU12GSER0,720
ARNU12GSER1,720
ARNU12GSER2,720
ARNU12GSEV0,720
ARNU12GSEV1,720
ARNU12GSEV2,792
ARNU12GSF11,612
ARNU12GSF12,612
ARNU12GSF14,612
ARNU12GSFE2,612
ARNU12GSFG2,612
ARNU12GSFH2,612
ARNU12GSFV2,612
ARNU12GSJA4,800
ARNU12GSJC4,800
ARNU12GSJL4,800
ARNU12GSJN4,800
ARNU12GSJR4,800
ARNU12GSPB1,594
ARNU12GSPD0,594
ARNU12GSPD1,594
ARNU12GSPM0,594
ARNU12GSPM1,594
ARNU12GTEA0,432
ARNU12GTEA1,432
ARNU12GTEA2,432
ARNU12GTEC0,432
ARNU12GTEC1,432
ARNU12GTEC2,432
ARNU12GTJA0,598
ARNU12GTJA2,598
ARNU12GTJC0,598
ARNU12GTJC1,598
ARNU12GTJC2,598
ARNU12GTKA0,473
ARNU12GTLA4,384
ARNU12GTLC4,384
ARNU12GTNA4,208
ARNU12GTRA2,486
ARNU12GTRA4,486
ARNU12GTRB4,486
ARNU12GTRC2,486
ARNU12GTRC4,486
ARNU12GTRD4,486
ARNU12GTSC4,272
ARNU12GTUA2,440
ARNU12GTUA4,440
ARNU12GTUB4,440
ARNU12GTUC2,440
ARNU12GTUC4,440
ARNU12GTUD4,440
ARNU12GVEA0,432
ARNU12GVEA1,432
ARNU12GVEA2,432
ARNU12GVEA4,432
ARNU153B3G4,420
ARNU153BGA2,223
ARNU153BGA4,223
ARNU153BHA2,294
ARNU153BHA4,294
ARNU153CEA4,246
ARNU153CEU4,338
ARNU153L2G4,300
ARNU153M1A4,224
ARNU153M2A4,168
ARNU153SBL4,648
ARNU153SBR4,648
ARNU153SEL2,792
ARNU153SJA4,800
ARNU153SJR4,800
ARNU153SJS4,650
ARNU153TNA4,208
ARNU153TNAA,208
ARNU153TNC2,208
ARNU153TPAA,234
ARNU153TQC2,432
ARNU153TQC4,432
ARNU153TQD4,432
ARNU15GB1G2,420
ARNU15GB3G2,420
ARNU15GB3G4,420
ARNU15GBGA2,223
ARNU15GBGA4,223
ARNU15GBHA1,294
ARNU15GBHA2,294
ARNU15GBHA4,294
ARNU15GCEA2,246
ARNU15GCEA4,246
ARNU15GCEU2,338
ARNU15GCEU4,338
ARNU15GL2G2,300
ARNU15GL2G4,300
ARNU15GL5G2,420
ARNU15GL5G4,420
ARNU15GM2A4,168
ARNU15GQAA2,488
ARNU15GQAA4,488
ARNU15GSBL2,648
ARNU15GSBL4,648
ARNU15GSBR4,648
ARNU15GSBV4,648
ARNU15GSBW4,648
ARNU15GSEA2,792
ARNU15GSEB2,720
ARNU15GSEL2,792
ARNU15GSER2,720
ARNU15GSEV2,720
ARNU15GSJA4,800
ARNU15GSJC4,800
ARNU15GSJL4,800
ARNU15GSJN4,800
ARNU15GSJR4,800
ARNU15GTEA2,432
ARNU15GTEC2,432
ARNU15GTNA4,208
ARNU15GTQA2,432
ARNU15GTQA4,432
ARNU15GTQB4,432
ARNU15GTQC2,432
ARNU15GTQC4,432
ARNU15GTQD4,432
ARNU15GTRC4,486
ARNU183B4G4,270
ARNU183BGA2,223
ARNU183BGA4,223
ARNU183BHA2,294
ARNU183BHA4,294
ARNU183CFA2,195
ARNU183CFA4,195
ARNU183CFU4,268
ARNU183L2G4,300
ARNU183M1A4,224
ARNU183M2A4,168
ARNU183NJA2,152
ARNU183NJA4,152
ARNU183S5L2,620
ARNU183SCL4,488
ARNU183SCR4,488
ARNU183SKA4,558
ARNU183SKR4,558
ARNU183SKS4,495
ARNU183TLC2,384
ARNU183TLC4,384
ARNU183TNA4,208
ARNU183TNAA,208
ARNU183TQC2,432
ARNU183TQC4,432
ARNU183TQD4,432
ARNU183TSA4,272
ARNU183TTC4,320
ARNU183TTD4,320
ARNU183V1A4,216
ARNU186VBA0,219
ARNU18GB2G0,270
ARNU18GB2G1,270
ARNU18GB2G2,270
ARNU18GB4G2,270
ARNU18GB4G4,270
ARNU18GBGA2,223
ARNU18GBHA0,294
ARNU18GBHA1,294
ARNU18GBHA2,294
ARNU18GBHA4,294
ARNU18GBRA2,120
ARNU18GBRA4,120
ARNU18GCFA0,195
ARNU18GCFA1,195
ARNU18GCFA2,195
ARNU18GCFA4,195
ARNU18GCFU0,268
ARNU18GCFU1,268
ARNU18GCFU2,268
ARNU18GCFU4,268
ARNU18GL2G2,300
ARNU18GL2G4,300
ARNU18GL5G2,420
ARNU18GL5G4,420
ARNU18GM3A4,144
ARNU18GPWA0,116
ARNU18GS3M0,550
ARNU18GS3M1,550
ARNU18GS3M2,550
ARNU18GS3R0,550
ARNU18GS3R1,550
ARNU18GS3R2,550
ARNU18GS3V2,550
ARNU18GS5A0,620
ARNU18GS5A1,620
ARNU18GS5A2,620
ARNU18GS5L0,620
ARNU18GS5L1,620
ARNU18GS5L2,620
ARNU18GS8R2,540
ARNU18GS8V2,540
ARNU18GSCL2,488
ARNU18GSCL4,488
ARNU18GSCR4,488
ARNU18GSCV4,488
ARNU18GSCW4,488
ARNU18GSKA4,558
ARNU18GSKC4,558
ARNU18GSKL4,558
ARNU18GSKN4,558
ARNU18GSKR4,558
ARNU18GSVB1,461
ARNU18GSVD0,461
ARNU18GSVD1,461
ARNU18GSVM0,461
ARNU18GSVM1,461
ARNU18GTEA0,432
ARNU18GTEA2,432
ARNU18GTEC0,432
ARNU18GTEC1,432
ARNU18GTEC2,432
ARNU18GTLA0,384
ARNU18GTLA1,384
ARNU18GTLA2,384
ARNU18GTLA4,384
ARNU18GTLC0,384
ARNU18GTLC1,384
ARNU18GTLC2,384
ARNU18GTLC4,384
ARNU18GTNA4,208
ARNU18GTQA2,432
ARNU18GTQA4,432
ARNU18GTQC2,432
ARNU18GTQC4,432
ARNU18GTQD4,432
ARNU18GTSA4,272
ARNU18GTSC4,272
ARNU18GTTA2,320
ARNU18GTTA4,320
ARNU18GTTC2,320
ARNU18GTTC4,320
ARNU18GTTD4,320
ARNU18GV1A4,216
ARNU18GVJA0,264
ARNU18GVJA1,264
ARNU18GVJA2,264
ARNU21GL3G2,240
ARNU21GL3G4,240
ARNU21GL6G4,360
ARNU21GTQA4,432
ARNU21GTQB4,432
ARNU21GTQC4,432
ARNU21GTQD4,432
ARNU243B4G4,270
ARNU243BGA2,223
ARNU243BGA4,223
ARNU243BHA2,294
ARNU243BHA4,294
ARNU243CFA4,195
ARNU243CFU4,268
ARNU243L3G4,240
ARNU243M1A4,224
ARNU243M2A4,168
ARNU243NJA2,152
ARNU243NJA4,152
ARNU243S5L2,620
ARNU243S8R2,540
ARNU243SCL4,488
ARNU243SCR4,488
ARNU243SKA4,558
ARNU243SKR4,558
ARNU243SKS4,495
ARNU243TLC2,384
ARNU243TLC4,384
ARNU243TMA4,182
ARNU243TMC2,182
ARNU243TNA4,208
ARNU243TNAA,208
ARNU243TPC2,234
ARNU243TPC4,234
ARNU243TSA4,272
ARNU243TTC4,320
ARNU243TTD4,320
ARNU243V1A4,216
ARNU243VJA2,264
ARNU246VBA0,219
ARNU24GB2G0,270
ARNU24GB2G1,270
ARNU24GB2G2,270
ARNU24GB4G2,270
ARNU24GB4G4,270
ARNU24GBGA2,223
ARNU24GBGA4,223
ARNU24GBHA0,294
ARNU24GBHA1,294
ARNU24GBHA2,294
ARNU24GBHA4,294
ARNU24GBRA2,120
ARNU24GBRA4,120
ARNU24GCFA0,195
ARNU24GCFA1,195
ARNU24GCFA2,195
ARNU24GCFA4,195
ARNU24GCFU0,268
ARNU24GCFU1,268
ARNU24GCFU2,268
ARNU24GCFU4,268
ARNU24GL3G2,240
ARNU24GL3G4,240
ARNU24GL6G2,360
ARNU24GL6G4,360
ARNU24GM3A4,144
ARNU24GS3B2,550
ARNU24GS3M0,550
ARNU24GS3M1,550
ARNU24GS3R0,550
ARNU24GS3R1,550
ARNU24GS3R2,550
ARNU24GS3V2,550
ARNU24GS5A0,620
ARNU24GS5A1,620
ARNU24GS5A2,620
ARNU24GS5L0,620
ARNU24GS5L1,620
ARNU24GS5L2,620
ARNU24GS8R2,540
ARNU24GS8V2,540
ARNU24GSCL2,488
ARNU24GSCL4,488
ARNU24GSCR4,488
ARNU24GSCV4,488
ARNU24GSCW4,488
ARNU24GSKA4,558
ARNU24GSKC4,558
ARNU24GSKL4,558
ARNU24GSKN4,558
ARNU24GSKR4,558
ARNU24GTHA0,216
ARNU24GTHA1,216
ARNU24GTHC0,216
ARNU24GTLA0,384
ARNU24GTLA1,384
ARNU24GTLA2,384
ARNU24GTLA4,384
ARNU24GTLC0,384
ARNU24GTLC1,384
ARNU24GTLC2,384
ARNU24GTLC4,384
ARNU24GTMA4,182
ARNU24GTNA4,208
ARNU24GTPA2,234
ARNU24GTPA4,234
ARNU24GTPC2,234
ARNU24GTPC4,234
ARNU24GTSA4,272
ARNU24GTSC4,272
ARNU24GTTA2,320
ARNU24GTTA4,320
ARNU24GTTC2,320
ARNU24GTTC4,320
ARNU24GTTD4,320
ARNU24GTYA4,120
ARNU24GV1A4,216
ARNU24GVJA0,264
ARNU24GVJA1,264
ARNU24GVJA2,264
ARNU283BGA2,223
ARNU283BGA4,223
ARNU283BRA2,120
ARNU283BRA4,120
ARNU283M2A4,168
ARNU283M3A4,144
ARNU283TMA4,182
ARNU283TMAA,182
ARNU283TPC2,234
ARNU283TPC4,234
ARNU28GBGA0,223
ARNU28GBGA1,223
ARNU28GBGA2,223
ARNU28GBGA4,223
ARNU28GBHA4,294
ARNU28GBRA2,120
ARNU28GBRA4,120
ARNU28GM3A4,144
ARNU28GTHA0,216
ARNU28GTHA1,216
ARNU28GTHC0,216
ARNU28GTHC1,216
ARNU28GTMA4,182
ARNU28GTPA2,234
ARNU28GTPA4,234
ARNU28GTPC2,234
ARNU28GTPC4,234
ARNU303NJA2,152
ARNU303NJA4,152
ARNU303SRA4,322
ARNU303SVA4,367
ARNU30GSRA4,322
ARNU30GSVA4,461
ARNU30GTPA4,234
ARNU30GTPC4,234
ARNU363B8A4,70
ARNU363BGA2,223
ARNU363BGA4,223
ARNU363BRA2,120
ARNU363BRA4,120
ARNU363DDA4,20
ARNU363DDB4,20
ARNU363M2A4,168
ARNU363M3A4,144
ARNU363NJA2,152
ARNU363NJA4,152
ARNU363SRA4,322
ARNU363SVA4,367
ARNU363TMA4,182
ARNU363TMAA,182
ARNU363TNC2,208
ARNU363TNC4,208
ARNU363V2A4,160
ARNU36GB8A2,70
ARNU36GB8A4,56
ARNU36GBGA0,223
ARNU36GBGA1,223
ARNU36GBGA2,223
ARNU36GBGA4,223
ARNU36GBRA2,120
ARNU36GM3A4,144
ARNU36GSRA4,322
ARNU36GSVA4,461
ARNU36GTDA0,168
ARNU36GTDC0,168
ARNU36GTMA4,182
ARNU36GTNA2,208
ARNU36GTNA4,208
ARNU36GTNC2,208
ARNU36GTNC4,208
ARNU36GV2A4,160
ARNU423B8A4,70
ARNU423BGA4,223
ARNU423BRA4,120
ARNU423M2A4,168
ARNU423M3A4,144
ARNU423NKA2,51
ARNU423NKA4,51
ARNU423TMC2,182
ARNU423TMC4,182
ARNU42GB8A2,70
ARNU42GB8A4,70
ARNU42GBGA0,223
ARNU42GBGA1,223
ARNU42GBGA2,223
ARNU42GBGA4,223
ARNU42GBRA2,120
ARNU42GBRK2,120
ARNU42GBRK4,125
ARNU42GM3A4,144
ARNU42GTDA0,168
ARNU42GTDC0,168
ARNU42GTDC1,168
ARNU42GTMA2,182
ARNU42GTMA4,182
ARNU42GTMC2,182
ARNU42GTMC4,182
ARNU482PTA2,73
ARNU483B8A4,70
ARNU483B8Z4,70
ARNU483BRA2,120
ARNU483BRA4,120
ARNU483BRZ4,120
ARNU483DDA4,20
ARNU483DDB4,20
ARNU483M3A4,144
ARNU483NKA2,51
ARNU483NKA4,51
ARNU483TMC2,182
ARNU483TMC4,182
ARNU483V2A4,160
ARNU48GB8A2,70
ARNU48GB8A4,70
ARNU48GBGA4,223
ARNU48GBRA0,120
ARNU48GBRA1,120
ARNU48GBRA2,125
ARNU48GBRA4,120
ARNU48GBRK2,120
ARNU48GBRK4,125
ARNU48GBRZ2,125
ARNU48GBRZ4,120
ARNU48GM3B4,144
ARNU48GM3Z4,144
ARNU48GPTA4,74
ARNU48GTDA0,168
ARNU48GTDA1,168
ARNU48GTDC0,168
ARNU48GTDC1,168
ARNU48GTMA2,182
ARNU48GTMA4,182
ARNU48GTMC2,182
ARNU48GTMC4,182
ARNU48GV2A4,160
ARNU48GVLA2,152
ARNU543B8A4,56
ARNU543BRA2,120
ARNU543BRA4,120
ARNU543M3A4,144
ARNU543NKA4,51
ARNU54GBRA2,125
ARNU54GBRA4,125
ARNU54GBRK2,120
ARNU54GBRK4,120
ARNU54GM3B4,144
ARNU54GTMA4,182
ARNU54GTMC4,182
ARNU54GV2A4,140
ARNU603DDA4,20
ARNU603DDB4,20
ARNU60GM3A4,144
ARNU68GB8K2,70
ARNU68GB8K4,70
ARNU723DDA4,20
ARNU723DDB4,20
ARNU763B8A2,70
ARNU763B8A4,70
ARNU763B8Z2,70
ARNU763B8Z4,70
ARNU76GB8A2,70
ARNU76GB8D2,70
ARNU76GB8K2,70
ARNU76GB8K4,70
ARNU76GB8Z2,70
ARNU76GB8Z4,56
ARNU963B8A2,70
ARNU963B8A4,70
ARNU963B8Z2,70
ARNU963B8Z4,70
ARNU96GB8A2,70
ARNU96GB8D2,70
ARNU96GB8K2,70
ARNU96GB8K4,70
ARNU96GB8Z2,70
ARNU96GB8Z4,56
ARNU96GPFA2,40
ARNU96GPFA4,40
ARPB8AWI,2112
ART-PRIME,230
ART12ALG,880
ART12LBY,880
ART18ALG,550
ART18LBY,550
ART22ALG,550
ART22LBY,550
ARTM26K,495
ARTM26T4W,495
ARTN19K,495
ARTN19K2,550
ARTN19T4,495
ARTN19T4W,495
ARTN26K,495
ARTN26K2,550
ARTN26T4,495
ARTN26T4W,495
ARTU19K,171
ARTU19K2,171
ARTU19T4,171
ARTU19T4W,171
ARTU26K,171
ARTU26T4,171
ARTU26T4W,171
ARU0160WT4,39
ARU0251WT4,25
ARU0401WT4,25
ARU0405LT4,24
ARUB060GSS4,52
ARUB072BT3,30
ARUB072BTE4,28
ARUB072BTE5,30
ARUB072CTE4,23
ARUB072DT3,30
ARUB072DTE4,28
ARUB072DTE5,30
ARUB076BT2,25
ARUB076DT2,25
ARUB080BTE4,28
ARUB080LTE4,28
ARUB096BT2,25
ARUB096BT3,23
ARUB096BTE4,23
ARUB096BTE5,24
ARUB096CTE4,23
ARUB096DT2,25
ARUB096DT3,23
ARUB096DTE4,23
ARUB096DTE5,24
ARUB1008T1,25
ARUB100BT2,25
ARUB100BT3,30
ARUB100BTE4,28
ARUB100DT2,25
ARUB100DT3,30
ARUB100DTE4,28
ARUB100LN3,30
ARUB100LT2,25
ARUB100LT3,30
ARUB100LTE4,28
ARUB115BT2,25
ARUB115DT2,25
ARUB1208T1,25
ARUB120BT2,25
ARUB120BT3,30
ARUB120DT2,25
ARUB120DT3,30
ARUB120DTE4,28
ARUB120LN3,30
ARUB120LT2,25
ARUB120LT3,30
ARUB120LTE4,28
ARUB121BT3,23
ARUB121BTE4,23
ARUB121BTE5,24
ARUB121CTE4,23
ARUB121DT3,23
ARUB121DTE4,23
ARUB121DTE5,24
ARUB1408T0,25
ARUB1408T1,25
ARUB140BT3,23
ARUB140BTE4,23
ARUB140DT2,25
ARUB140DT3,23
ARUB140DTE4,23
ARUB140LN3,23
ARUB140LT2,25
ARUB140LT3,23
ARUB140LTE4,23
ARUB144BT3,23
ARUB144BTE4,23
ARUB144BTE5,24
ARUB144CTE4,23
ARUB144DT3,23
ARUB144DTE5,24
ARUB145BTE4,23
ARUB145DTE4,23
ARUB154DT2,25
ARUB1608T1,25
ARUB160BT3,23
ARUB160BTE4,23
ARUB160DT2,25
ARUB160DT3,23
ARUB160DTE4,23
ARUB160LN3,23
ARUB160LT2,25
ARUB160LT3,23
ARUB160LTE4,23
ARUB168BTE4,23
ARUB168BTE5,24
ARUB168CTE4,23
ARUB168DTE4,23
ARUB168DTE5,24
ARUB169BTE4,23
ARUB169DTE4,23
ARUB180BT3,23
ARUB180BTE4,23
ARUB180DT3,23
ARUB180DTE4,23
ARUB180LN3,23
ARUB180LT3,23
ARUB180LTE4,23
ARUB192BTE5,24
ARUB192DTE5,24
ARUB200BTE4,23
ARUB200DT3,23
ARUB200DTE4,23
ARUB200LN3,23
ARUB200LT3,23
ARUB200LTE4,23
ARUB216BTE5,24
ARUB216DTE5,24
ARUB241BTE5,24
ARUB241DTE5,24
ARUB808T1,25
ARUB80BT2,25
ARUB80BT3,30
ARUB80DT2,25
ARUB80DT3,30
ARUB80LN3,30
ARUB80LT2,25
ARUB80LT3,30
ARUC1008T1,25
ARUC1208T1,25
ARUC1408T1,25
ARUC808T1,25
ARUH1008T0,25
ARUH1008T1,25
ARUH1009T1,25
ARUH1208T0,25
ARUH1208T1,25
ARUH1209T1,25
ARUH1408T0,25
ARUH608T1,39
ARUH808T0,25
ARUH808T1,25
ARUH809T1,25
ARUM036GSS5,52
ARUM048GSS5,52
ARUM072BTE5,30
ARUM072BTE6,28
ARUM072CTE5,24
ARUM072DTE5,30
ARUM072DTE6,28
ARUM080BTE5,30
ARUM080LTE5,30
ARUM080LTE6,28
ARUM081LTE6,28
ARUM096BTE5,24
ARUM096BTE6,23
ARUM096CTE5,24
ARUM096DTE5,24
ARUM096DTE6,23
ARUM100BTE5,30
ARUM100LTE5,30
ARUM101LTE6,28
ARUM120BTE5,30
ARUM120LTE5,30
ARUM120LTE6,28
ARUM121BTE5,24
ARUM121BTE6,23
ARUM121CTE5,24
ARUM121DTE5,24
ARUM121DTE6,23
ARUM121LTE6,28
ARUM140BTE5,24
ARUM140LTE5,24
ARUM140LTE6,23
ARUM141LTE6,23
ARUM144BTE5,24
ARUM144BTE6,23
ARUM144CTE5,24
ARUM144DTE5,24
ARUM144DTE6,23
ARUM160BTE5,24
ARUM161LTE6,23
ARUM168BTE5,24
ARUM168BTE6,23
ARUM168CTE5,24
ARUM168DTE5,24
ARUM168DTE6,23
ARUM180BTE5,24
ARUM181LTE6,23
ARUM192BTE5,24
ARUM192BTE6,23
ARUM192CTE5,24
ARUM192DTE5,24
ARUM192DTE6,23
ARUM200BTE5,24
ARUM201LTE6,23
ARUM216BTE5,24
ARUM216BTE6,23
ARUM216CTE5,24
ARUM216DTE6,23
ARUM220BTE5,24
ARUM220LTE5,24
ARUM220LTE6,15
ARUM221LTE6,23
ARUM240BTE5,24
ARUM240LTE5,24
ARUM241BTE5,24
ARUM241BTE6,23
ARUM241CTE5,24
ARUM241DTE5,24
ARUM241DTE6,23
ARUM241LTE6,23
ARUM260BTE5,24
ARUM260LTE5,24
ARUM261LTE6,23
ARUN024GSS4,104
ARUN030GSS0,104
ARUN036GS2,52
ARUN038GSS4,52
ARUN040GSR0,104
ARUN040GSS0,110
ARUN040GSS1,104
ARUN040GSS5,110
ARUN040LSH0,52
ARUN040LSH5,104
ARUN040LSR0,52
ARUN040LSS5,110
ARUN047GS2,52
ARUN048GSS4,52
ARUN050GME0,70
ARUN050GSL0,110
ARUN050GSR0,52
ARUN050GSS0,52
ARUN050GSS1,104
ARUN050GSS5,110
ARUN050LMC0,228
ARUN050LSH0,52
ARUN050LSH5,104
ARUN050LSL0,110
ARUN050LSR0,52
ARUN053GF2,44
ARUN053GS2,52
ARUN053GSS4,52
ARUN060GSL0,110
ARUN060GSR0,52
ARUN060GSS0,52
ARUN060GSS1,104
ARUN060GSS4,52
ARUN060GSS5,110
ARUN060LSR0,52
ARUN072BSS5,42
ARUN072BT3,30
ARUN072BTE4,30
ARUN072CTE4,28
ARUN072DT3,30
ARUN072DTE4,30
ARUN076DT2,25
ARUN080BLS4,30
ARUN080BSR0,52
ARUN080BTE4,30
ARUN080LEH5,30
ARUN080LLH4,30
ARUN080LLH5,30
ARUN080LLS4,30
ARUN080LLS5,28
ARUN080LQH5,28
ARUN080LSR0,52
ARUN080LTE4,28
ARUN080LTE5,30
ARUN080LTE6,28
ARUN080LTH4,28
ARUN080LTL5,30
ARUN080LTR4,28
ARUN080LTS4,30
ARUN081BLS5,30
ARUN081LLS5,30
ARUN082LTE6,23
ARUN08ZLTE5,28
ARUN096BSS5,42
ARUN096BT3,23
ARUN096CTE4,23
ARUN096DT3,23
ARUN096DTE4,23
ARUN1008F20,24
ARUN1008R20,24
ARUN1008T0,25
ARUN1008T1,25
ARUN1009T1,25
ARUN100BH3,30
ARUN100BLS4,30
ARUN100BSR0,42
ARUN100BT2,25
ARUN100BT3,30
ARUN100BTE4,28
ARUN100BTE5,30
ARUN100DT2,25
ARUN100DT3,30
ARUN100LC3,30
ARUN100LEH5,30
ARUN100LF2,24
ARUN100LH2,25
ARUN100LH3,30
ARUN100LLH4,30
ARUN100LLH5,30
ARUN100LLS4,30
ARUN100LLS5,28
ARUN100LM3,30
ARUN100LN3,30
ARUN100LQH5,23
ARUN100LSR0,42
ARUN100LT2,25
ARUN100LT3,30
ARUN100LTE4,28
ARUN100LTE5,30
ARUN100LTE6,28
ARUN100LTH4,28
ARUN100LTH5,30
ARUN100LTL5,30
ARUN100LTR4,28
ARUN100LTS4,30
ARUN100LTT4,28
ARUN101BLS5,30
ARUN101LLS5,30
ARUN10ZLTE5,28
ARUN1208T0,25
ARUN1208T1,25
ARUN1209T1,25
ARUN120BH3,23
ARUN120BLS4,30
ARUN120BSR0,42
ARUN120BSS0,42
ARUN120BT2,25
ARUN120BT3,30
ARUN120BTE4,30
ARUN120BTE5,30
ARUN120DT2,25
ARUN120DT3,30
ARUN120DTS4,28
ARUN120LC3,23
ARUN120LEH5,24
ARUN120LH2,25
ARUN120LH3,23
ARUN120LLH4,30
ARUN120LLH5,30
ARUN120LLS4,30
ARUN120LLS5,30
ARUN120LM3,30
ARUN120LN3,30
ARUN120LQH5,23
ARUN120LSR0,42
ARUN120LSS5,42
ARUN120LT2,25
ARUN120LT3,30
ARUN120LTE4,30
ARUN120LTE6,30
ARUN120LTH4,23
ARUN120LTL5,30
ARUN120LTR4,28
ARUN120LTS4,30
ARUN120LTT4,23
ARUN121BLS5,30
ARUN121BT3,23
ARUN121BTE4,23
ARUN121CTE4,23
ARUN121DT3,23
ARUN121DTE4,23
ARUN121LLS5,30
ARUN121LTE4,23
ARUN122LTE6,23
ARUN12ZLTE5,30
ARUN1408T0,25
ARUN1408T1,25
ARUN1409T1,25
ARUN140BH3,23
ARUN140BLS4,30
ARUN140BT3,23
ARUN140BTE4,23
ARUN140BTE5,24
ARUN140DT2,25
ARUN140DT3,23
ARUN140LEH5,24
ARUN140LH3,23
ARUN140LLH4,23
ARUN140LLH5,24
ARUN140LLS4,28
ARUN140LLS5,30
ARUN140LN3,23
ARUN140LQH5,23
ARUN140LT2,25
ARUN140LT3,23
ARUN140LTE4,23
ARUN140LTE6,23
ARUN140LTH4,23
ARUN140LTL5,24
ARUN140LTR4,23
ARUN140LTS4,23
ARUN141BLS5,30
ARUN141LLS5,30
ARUN141LTE4,23
ARUN142LTE6,23
ARUN144BT3,23
ARUN144BTE4,23
ARUN144CTE4,23
ARUN144DT3,23
ARUN144DTE4,23
ARUN145BTE4,23
ARUN145DTE4,23
ARUN14ZLTE5,24
ARUN1608T1,25
ARUN160BH3,23
ARUN160BLS4,23
ARUN160BT3,23
ARUN160BTE4,23
ARUN160BTE5,24
ARUN160DT2,25
ARUN160DT3,23
ARUN160LEH5,24
ARUN160LH3,23
ARUN160LLH4,23
ARUN160LLH5,24
ARUN160LLS4,23
ARUN160LLS5,23
ARUN160LN3,23
ARUN160LQH5,23
ARUN160LT2,25
ARUN160LT3,23
ARUN160LTE4,23
ARUN160LTE6,23
ARUN160LTH4,23
ARUN160LTL5,24
ARUN160LTR4,23
ARUN160LTS4,23
ARUN161BLS5,24
ARUN161LLS5,24
ARUN161LTE4,23
ARUN162LTE6,23
ARUN168CTE4,23
ARUN168DTE4,23
ARUN169BTE4,23
ARUN169DTE4,23
ARUN16ZLTE5,24
ARUN1808T1,25
ARUN180BLS4,23
ARUN180BT3,23
ARUN180BTE4,23
ARUN180BTE5,24
ARUN180DT3,23
ARUN180LEH5,24
ARUN180LLH5,24
ARUN180LLS4,23
ARUN180LLS5,23
ARUN180LN3,23
ARUN180LQH5,23
ARUN180LT3,23
ARUN180LTE4,23
ARUN180LTE5,24
ARUN180LTE6,23
ARUN180LTL5,24
ARUN180LTR4,23
ARUN180LTS4,23
ARUN181BLS5,24
ARUN181LLS5,24
ARUN182LTE6,23
ARUN18ZLTE5,24
ARUN2008T1,25
ARUN200BLS4,23
ARUN200BTE4,23
ARUN200BTE5,24
ARUN200DT3,23
ARUN200LEH5,24
ARUN200LLH5,24
ARUN200LLS4,23
ARUN200LLS5,23
ARUN200LN3,23
ARUN200LQH5,23
ARUN200LT3,23
ARUN200LT4,23
ARUN200LTE4,23
ARUN200LTE5,24
ARUN200LTE6,23
ARUN200LTL5,24
ARUN200LTR4,23
ARUN200LTS4,23
ARUN201BLS5,24
ARUN201LLS5,24
ARUN202LTE6,23
ARUN20ZLTE5,23
ARUN220BTE5,24
ARUN220LLH5,24
ARUN220LLN4,23
ARUN220LLS5,24
ARUN220LQH5,23
ARUN220LTE6,23
ARUN220LTL5,24
ARUN220LTN4,23
ARUN221BLS5,24
ARUN221LLS5,24
ARUN222LTE6,23
ARUN22ZLTE5,24
ARUN240BTE5,24
ARUN240LLS5,24
ARUN240LTE6,23
ARUN240LTL5,24
ARUN241BLS5,24
ARUN241LLS5,24
ARUN242LTE6,23
ARUN24ZLTE5,24
ARUN260BTE5,24
ARUN260LTE6,23
ARUN260LTL5,24
ARUN261BLS5,24
ARUN261LLS5,24
ARUN262LTE6,23
ARUN26ZLTE5,24
ARUN300LTN5,15
ARUN320LTN5,15
ARUN4008T0,16
ARUN40GS2,52
ARUN40GS2A,110
ARUN40LH2A,52
ARUN40LS2,52
ARUN40LS2A,52
ARUN40LS2B,52
ARUN508LV0,44
ARUN508RV0,44
ARUN508T1,39
ARUN50GS2,52
ARUN50GS2A,52
ARUN50LH2A,52
ARUN50LL2,44
ARUN50LR2,44
ARUN50LS2,52
ARUN50LS2A,52
ARUN50LS2B,52
ARUN50LT2,39
ARUN608T1,39
ARUN60GS2,52
ARUN60GS2A,52
ARUN60LH2A,52
ARUN60LL2,44
ARUN60LR2,44
ARUN60LS2,52
ARUN60LS2A,52
ARUN60LS2B,52
ARUN60LT2,39
ARUN70LT2,39
ARUN808T0,25
ARUN808T1,25
ARUN80BH3,30
ARUN80BT2,25
ARUN80BT3,30
ARUN80DT2,25
ARUN80DT3,30
ARUN80LC3,28
ARUN80LH2,25
ARUN80LH3,30
ARUN80LL2,44
ARUN80LM3,30
ARUN80LN3,30
ARUN80LR2,44
ARUN80LT2,39
ARUN80LT3,30
ARUN90LT2,25
ARUS1008T1,25
ARUS1208T1,25
ARUS808T1,25
ARUV025GSD0,171
ARUV025GSR0,171
ARUV030GSD0,104
ARUV030GSD6,171
ARUV040GSD0,104
ARUV040GSD6,104
ARUV040GSR0,104
ARUV050GSD0,104
ARUV050GSD5,110
ARUV050GSD6,104
ARUV050GSR0,104
ARUV060GSD0,102
ARUV060GSD5,110
ARUV060GSD6,104
ARUV060GSR0,102
ARUV072BLS5,30
ARUV072DLS5,30
ARUV080BTR4,28
ARUV080BTS4,28
ARUV081LLS5,30
ARUV096BLS5,30
ARUV096BTE5,30
ARUV096BTR5,28
ARUV096DLS5,30
ARUV096DTE5,30
ARUV1008T1,25
ARUV100BT2,25
ARUV100BT2E,25
ARUV100BT3,30
ARUV100BTR4,28
ARUV100BTS4,28
ARUV100DT2,25
ARUV100DT2E,25
ARUV100DT3,30
ARUV100DTS4,28
ARUV100LL2,44
ARUV100LLR4,30
ARUV100LLS4,30
ARUV100LM3,30
ARUV100LR2,44
ARUV100LT2,25
ARUV100LT2E,25
ARUV100LT3,30
ARUV100LTS4,28
ARUV101LLS5,30
ARUV1208T1,25
ARUV120BT2,25
ARUV120BT2E,25
ARUV120BT3,30
ARUV120BTR4,28
ARUV120BTS4,28
ARUV120DT2,25
ARUV120DTS4,28
ARUV120LLR4,30
ARUV120LLS4,30
ARUV120LM3,30
ARUV120LT2,25
ARUV120LT2E,25
ARUV120LT3,30
ARUV120LTS4,28
ARUV121BLS5,30
ARUV121BTE5,30
ARUV121BTR5,28
ARUV121DLS5,30
ARUV121DTE5,30
ARUV121LLS5,30
ARUV1408T1,25
ARUV140BT3,30
ARUV140BTR4,28
ARUV140BTS4,28
ARUV140DT2,25
ARUV140DT2E,25
ARUV140DT3,30
ARUV140DTS4,28
ARUV140LLR4,28
ARUV140LLS4,28
ARUV140LM3,30
ARUV140LSS0,42
ARUV140LT2,25
ARUV140LT2E,25
ARUV140LT3,30
ARUV140LTS4,28
ARUV141LLS5,30
ARUV144BLS5,24
ARUV144BTE5,24
ARUV144BTR5,23
ARUV144DLS5,24
ARUV144DTE5,24
ARUV160BT3,23
ARUV160BTR4,23
ARUV160BTS4,23
ARUV160DT2,25
ARUV160DT2E,25
ARUV160DT3,23
ARUV160LLR4,23
ARUV160LLS4,23
ARUV160LT2,25
ARUV160LT2E,25
ARUV160LT3,23
ARUV160LTS4,23
ARUV161LLS5,24
ARUV168BLS5,24
ARUV168BTE5,24
ARUV168BTR5,24
ARUV168DLS5,24
ARUV168DTE5,24
ARUV180BT3,23
ARUV180BTR4,23
ARUV180BTS4,23
ARUV180DT3,23
ARUV180LLR4,23
ARUV180LLS4,23
ARUV180LM3,23
ARUV180LT3,23
ARUV180LTS4,23
ARUV181LLS5,24
ARUV192BLS5,24
ARUV192BTE5,24
ARUV192BTR5,24
ARUV192DLS5,24
ARUV192DTE5,24
ARUV200BTR4,23
ARUV200BTS4,23
ARUV200DT3,23
ARUV200LLR4,23
ARUV200LLS4,23
ARUV200LM3,23
ARUV200LT3,23
ARUV200LTS4,23
ARUV201LLS5,24
ARUV216BLS5,24
ARUV216BTE5,24
ARUV216BTR5,24
ARUV216DLS5,24
ARUV216DTE5,24
ARUV220LLN4,23
ARUV220LTN4,23
ARUV221LLS5,24
ARUV241BLS5,24
ARUV241BTE5,24
ARUV241BTR5,23
ARUV241DLS5,24
ARUV241DTE5,24
ARUV241LLS5,24
ARUV261LLS5,24
ARUV264BLS5,24
ARUV264BTE5,24
ARUV264BTR5,24
ARUV264DLS5,24
ARUV264DTE5,24
ARUV40GS2,52
ARUV40GS2A,110
ARUV40LS2B,52
ARUV50GF3,44
ARUV50GS2,52
ARUV50GS2A,110
ARUV50LF3,44
ARUV50LS2B,52
ARUV50LT2,39
ARUV60GF3,44
ARUV60GS2,52
ARUV60GS2A,52
ARUV60LF3,44
ARUV60LS2B,52
ARUV60LT2,39
ARUV60LT3,30
ARUV808T1,25
ARUV80BT2,25
ARUV80BT2E,25
ARUV80BT3,30
ARUV80DT2,25
ARUV80DT3,30
ARUV80LF3,44
ARUV80LL2,56
ARUV80LR2,56
ARUV80LT2,39
ARUV80LT2E,25
ARUV80LT3,30
ARV00903RA6,192
ARV01203RA6,192
ARVU053ZEA2,45
ARVU063ZEA2,45
ARVU093ZFA2,18
ARVU123ZFA2,18
ARWB072BA2,92
ARWB072BAS4,98
ARWB072DAS4,98
ARWB080BAS4,98
ARWB080LAS4,101
ARWB096BAS4,98
ARWB096DA2,92
ARWB096DAS4,98
ARWB100BAS4,98
ARWB100LA2,92
ARWB100LAS4,101
ARWB120BAS4,98
ARWB120LAS4,98
ARWB121BAS4,98
ARWB121DAS4,98
ARWB140BAS4,98
ARWB140LAS4,98
ARWB144BA2,92
ARWB144BAS4,98
ARWB144DAS4,98
ARWB160BAS4,98
ARWB160LA2,92
ARWB160LAS4,98
ARWB168DAS4,98
ARWB180LA2,92
ARWB180LAS4,98
ARWB192DA2,92
ARWB192DAS4,98
ARWB200LA2,92
ARWB200LAS4,98
ARWB80LA2,92
ARWM072BAS5,100
ARWM072CAS5,100
ARWM072DAS5,100
ARWM080BAS5,100
ARWM080LAS5,100
ARWM096BAS5,100
ARWM096CAS5,100
ARWM096DAS5,100
ARWM100BAS5,100
ARWM100LAS5,100
ARWM120BAS5,100
ARWM120LAS5,100
ARWM121BAS5,100
ARWM121CAS5,100
ARWM121DAS5,100
ARWM140BAS5,100
ARWM140LAS5,100
ARWM144BAS5,100
ARWM144CAS5,100
ARWM144DAS5,100
ARWM160LAS5,100
ARWM168DAS5,100
ARWM180LAS5,100
ARWM192CAS5,100
ARWM192DAS5,100
ARWM200LAS5,100
ARWN072BA2,92
ARWN072BAS4,98
ARWN072DAS4,98
ARWN080BAS4,98
ARWN080DAS4,98
ARWN080LAS4,101
ARWN096BAS4,98
ARWN096DA2,92
ARWN096DAS4,98
ARWN1008A0,100
ARWN100BAS4,98
ARWN100DA2,92
ARWN100DAS4,98
ARWN100LA2,92
ARWN100LAS4,101
ARWN120BAS4,98
ARWN120DAS4,98
ARWN120LAS4,101
ARWN121BAS4,98
ARWN121DAS4,98
ARWN140BAS4,98
ARWN140DAS4,98
ARWN140LAS4,101
ARWN144BA2,92
ARWN144BAS4,98
ARWN144DAS4,98
ARWN160BA2,92
ARWN160BAS4,98
ARWN160DAS4,98
ARWN160LA2,92
ARWN160LAS4,101
ARWN168DAS4,98
ARWN180DAS4,98
ARWN180LA2,92
ARWN180LAS4,101
ARWN191DAS4,98
ARWN192DA2,92
ARWN192DAS4,98
ARWN200DA2,92
ARWN200DAS4,98
ARWN200LA2,92
ARWN200LAS4,101
ARWN40GA1,180
ARWN50GA1,180
ARWN60GA1,180
ARWN80BA2,92
ARWN80LA2,92
ARWV100DAL4,98
ARWV100LAL4,101
AS-W126ERH0,231
AS061VES,1173
AS062PRHAR,480
AS062PRHAT,480
AS062PRHWR,480
AS062PRHWT,480
AS062PRHYR,480
AS062PRHYT,480
AS062PWHAR,480
AS062PWHAT,480
AS062PWHRR,480
AS062PWHRT,480
AS062PWHYR,480
AS062PWHYT,480
AS062PYHAR,480
AS062PYHAT,480
AS062PYHRR,480
AS062PYHRT,480
AS062PYHWR,480
AS062PYHWT,480
AS063PWGCR,480
AS063PWGCT,480
AS064PBBAR,480
AS064PBBAT,480
AS064PCBAR,480
AS064PCBAT,480
AS064PWBAR,480
AS064PWBAT,480
AS065CWHA,256
AS065PWHA,400
AS065SWHA,420
AS071VAE,1173
AS09S0M,720
AS09S0N,720
AS09S0U,312
AS101DWT0,260
AS10GDSH0,270
AS10GDWH0,270
AS110WAW,540
AS110WBW,540
AS110WRWT,540
AS111NGY0,260
AS111NGY1,260
AS111VAS,755
AS111VBS,755
AS111WCW,540
AS111WDW,540
AS111WEW,540
AS111WRWT,540
AS112VDS,755
AS119QAW,732
AS120RRWT,732
AS120VAS,755
AS120VBG,755
AS120VCS,755
AS120VELA,755
AS120VRST,755
AS120VSKA,755
AS120VSKR,755
AS120VSLC,755
AS120VWLC,755
AS121PEW,378
AS121VAS,755
AS121VBG,755
AS121VRST,755
AS122VDS,755
AS128VEA,755
AS128VWA,755
AS129QAW,732
AS129VWM,755
AS12S0N,720
AS12S0U,312
AS153HBAS,580
AS153HBFS,580
AS153HCAS,580
AS153HCFS,580
AS153HWAS,580
AS153HWFS,580
AS153HWWC,580
AS155GWDL,490
AS156HWWC,580
AS156HWWL,580
AS170DWFA,405
AS170DWFR,405
AS171DWFC,405
AS171DWFR,405
AS179DWA,405
AS179DWR,405
AS180DWFC,405
AS180DWGR,405
AS181DWFC,405
AS181DWPC,405
AS183HBAS,580
AS183HBFS,580
AS183HCAS,580
AS183HCFS,580
AS183HWAS,580
AS183HWFS,580
AS183HWWA,580
AS185LGAA,660
AS185LSAA,660
AS186HWWA,580
AS186HWWL,580
AS18S1N,664
AS18S1U,312
AS190DGPA,405
AS190DNFA,405
AS190DNFR,405
AS190DNPA,405
AS190DNPR,405
AS190DRFA,405
AS190DSFH,405
AS190DWFA,405
AS190DWFR,405
AS191DNPA,405
AS191DNPR,405
AS191DRPA,405
AS191DWFA,405
AS191DWFR,405
AS199DNP,405
AS199DPA,405
AS199DSA,405
AS199DWA,405
AS199DWR,405
AS201PBK0,480
AS201PRU0,480
AS201PWU0,480
AS201PYU0,480
AS201SHU0,420
AS204NGDA,405
AS204NSDA,405
AS205NGJA,405
AS205NSJA,405
AS206NGHA,405
AS206NSHA,405
AS207CBZ0,256
AS207PBU0,480
AS207PKU0,480
AS207PRU0,480
AS207PRU1,480
AS207PWU0,480
AS207PWU1,480
AS20GPBK0,480
AS20GPBS0,480
AS20GPHK0,480
AS20GPHS0,480
AS20GPKK0,480
AS20GPKS0,480
AS20GPRU0,480
AS20GPRZ0,480
AS20GPWU0,480
AS20GPWZ0,480
AS20GPYU0,480
AS20GPYZ0,480
AS20GSHU0,420
AS20GVSG0,1173
AS211PAW,378
AS211PRWT,378
AS235DWSA,270
AS235DWSP,270
AS24S2N,576
AS24S2U,171
AS25GCBY0,256
AS25GCBZ0,256
AS265NSAA,260
AS280DWFC,270
AS280DWGR,270
AS281DNPA,270
AS281DWFA,270
AS281DWFC,270
AS281DWFP,270
AS281DWPC,270
AS283DWFA,270
AS283DWFC,270
AS283DWFL,270
AS285DWWA,270
AS285DWWC,270
AS285DWWD,270
AS289DWA,270
AS300DGPA,270
AS300DNFA,270
AS300DNFR,270
AS300DNPA,270
AS300DNPR,270
AS300DRFA,270
AS300DSFH,270
AS300DWFA,270
AS300DWFR,270
AS301DNPA,270
AS301DNPH,270
AS301DNPR,270
AS301DRPA,270
AS301DWFA,270
AS301DWFH,270
AS301DWFR,270
AS303DWFA,270
AS305DWWA,270
AS305DWWL,270
AS309DNP,270
AS309DPA,270
AS309DSA,270
AS309DWA,270
AS309DWR,270
AS309DWS,270
AS330DWQ0,405
AS330DWR0,405
AS334NGDC,260
AS334NSDC,260
AS335NGAC,260
AS335NSAC,260
AS336NSLC,260
AS354NGJA,260
AS354NSJA,260
AS355NGMA,260
AS355NGNA,260
AS355NSAH,260
AS355NSEL,260
AS355NSMA,260
AS355NSNA,260
AS356NGMA,260
AS356NSHH,260
AS356NSLL,260
AS356NSMA,260
AS35GVGG0,755
AS35GVGG1,755
AS35GVSG0,755
AS370BWFA,85
AS378BWB,85
AS401VEV1,755
AS401VGA0,755
AS401VGA1,755
AS401VGG1,755
AS401VGG2,755
AS401VSA0,755
AS401VSG1,755
AS401VWV1,755
AS401WWA1,510
AS401WWF1,510
AS401WWG1,510
AS401WWJ1,510
AS401WWK1,510
AS401WWK2,510
AS401WWL2,510
AS405BWRP,85
AS405BWRR,85
AS40AVGG2,755
AS40AWWG1,510
AS40GVAC0,755
AS40GVGG0,755
AS40GVGL2,755
AS40GVSL2,755
AS40GWSG0,540
AS40GWWF1,510
AS40GWWJ1,510
AS40GWWK0,510
AS480BWFB,85
AS480BWFR,85
AS488BWA,85
AS488BWB,85
AS488BWR,85
AS551DWG0,405
AS551DWQ0,405
AS551DWS0,405
AS551GSY0,490
AS551GW60,490
AS551GWX0,490
AS557GSY0,490
AS55GDWU0,405
AS55GGSY0,490
AS55GGWX0,490
AS560DWR0,270
AS601DWR0,405
AS601HWG0,580
AS601HWV0,580
AS607HWT0,580
AS607HWT1,580
AS60GHBG0,580
AS60GHBT0,580
AS60GHCG0,580
AS60GHWG0,580
AS657DBY0,405
AS65GDSH0,405
AS65GDST0,405
AS65GDSY0,405
AS65GDWH0,405
AS65GDWX0,405
AS70GPSF0,378
AS70GPSF1,378
AS70GPWF1,378
AS9202WD,1232
AS920CWD,1386
AS9272WD,894
AS951DWR0,270
ASHP12MRE,43
ASHP12TRE,43
ASHP14MRE,43
ASHP14TRE,43
ASHP16MRE,43
ASHP16TRE,43
ASHP3MR,110
ASHP5MRE,86
ASHP7MRE,86
ASHP9MRE,86
ASMC182C8C0,488
ASMC182CRU0,488
ASMC182CSB0,488
ASMH076ZRL3,864
ASMH096ZML0,864
ASMH096ZRL0,864
ASMH126F1L0,612
ASMH126F2L0,612
ASMH126PBC0,594
ASMH126PBL1,594
ASMH126PBL3,594
ASMH126PDC0,594
ASMH126PDL1,594
ASMH126PDL3,594
ASMH126PMC0,594
ASMH126PML1,594
ASMH126PML3,594
ASMH126UDM0,832
ASMH126UDM3,832
ASMH126UMM0,832
ASMH126UMM3,832
ASMH126URM0,832
ASMH126URM3,832
ASMH12GB1U0,648
ASMH12GB4W0,648
ASMH12GBRU0,648
ASMH12GBVU0,648
ASMH12GBWU0,648
ASMH1863DM3,550
ASMH1863MM0,550
ASMH1863MM3,550
ASMH1863RM0,550
ASMH1863RM3,550
ASMH186VBL3,461
ASMH186VDL1,461
ASMH186VDL3,461
ASMH186VML1,461
ASMH186VML3,461
ASMQ092BRG2,648
ASMQ092BRZ0,648
ASMQ182CRZ0,488
ASMQ306V4B0,367
ASMQ322V4B0,367
ASMQ322V8C0,367
ASMW093FUB2,612
ASMW096B1R4,648
ASMW096B8U0,648
ASMW096BNF0,648
ASMW096BSB4,648
ASMW096F1G2,612
ASMW096J1R1,800
ASMW096WSA0,900
ASMW096WSA1,900
ASMW09GB1U2,648
ASMW09GBRU2,648
ASMW122F1G0,612
ASMW122MMU4,592
ASMW122MWV0,592
ASMW123B1B8,648
ASMW123F2B2,612
ASMW123MMB8,592
ASMW123MMB9,592
ASMW1263WB0,671
ASMW126ADR0,630
ASMW126B4A0,648
ASMW126B8A0,648
ASMW126BMS0,648
ASMW126BNR3,648
ASMW126BNR4,648
ASMW126BRR3,648
ASMW126BRR4,648
ASMW126BRU0,648
ASMW126BSA0,648
ASMW126BWR3,648
ASMW126BWR4,648
ASMW126EBH0,720
ASMW126ERH0,720
ASMW126EVH0,720
ASMW126F1G0,612
ASMW126F2G0,612
ASMW126FEG0,612
ASMW126FGG0,612
ASMW126FVG0,612
ASMW126FVG1,612
ASMW126HDW0,720
ASMW126J1R0,800
ASMW126MMF0,592
ASMW126MMS3,592
ASMW126NRR0,680
ASMW12GBWU2,672
ASMW1822WV0,464
ASMW186C8U0,488
ASMW186CNF0,488
ASMW186CRU0,488
ASMW186CSA1,488
ASMW18GCRU2,488
ASMW2462EB1,464
ASMW2462WR1,464
ASMW246C2R4,488
ASMW246CSB4,488
ASMW246K1R0,558
ASMW306V8S0,367
ASMW326V8B4,367
ASN12JJT,1001
ASN18JJS,617
ASN26APS,540
ASN26JJS,617
ASN30BA,367
ASN36BA,367
ASNC0764DM0,1091
ASNC076QLA0,851
ASNC0964DB0,1091
ASNC0964DH0,1091
ASNC0964DM0,1091
ASNC096QLA0,851
ASNC122E5B0,1115
ASNC122E5B1,792
ASNC1264DB0,1091
ASNC1264DH0,1091
ASNC1264DM0,1091
ASNC1264DY9,1091
ASNC126RLA0,836
ASNC126RLM0,316
ASNC182C8C0,488
ASNC182CRU0,488
ASNC182CSB0,488
ASNC1865DB0,620
ASNC1865DH0,620
ASNC1865DM0,620
ASNC186TLB0,600
ASNC186TLM1,600
ASNC242C8C0,488
ASNC242CRU0,488
ASNC242CSB0,488
ASNC242V4B0,367
ASNC2465DB0,620
ASNC2465DH0,620
ASNC2465DM0,620
ASNC246TLB0,600
ASNC246TLM0,600
ASNC302V4B0,367
ASNC302V4B1,367
ASNC306MLB0,414
ASNC366NLB0,333
ASNH056WLA0,407
ASNH05GHDW0,720
ASNH0764DM0,1091
ASNH0764GM0,1091
ASNH0766KA2,1111
ASNH076PBL1,594
ASNH076PBL2,594
ASNH076PBL3,594
ASNH076PDL1,594
ASNH076PDL3,594
ASNH076PML2,594
ASNH076PML3,594
ASNH076QGA2,851
ASNH076QLL0,851
ASNH076W4A0,900
ASNH076W8T0,900
ASNH076WNT0,900
ASNH076ZBL0,864
ASNH076ZML0,864
ASNH076ZML3,864
ASNH076ZRL3,864
ASNH076ZWL0,864
ASNH076ZWL3,864
ASNH07GB1U0,648
ASNH07GB4W0,648
ASNH07GBRU0,648
ASNH07GBVU0,648
ASNH07GBWU0,648
ASNH07GERU3,792
ASNH07GEVU3,792
ASNH07GHDW0,720
ASNH091F2G1,612
ASNH0964DM0,1091
ASNH0964DM1,1091
ASNH0964GA3,1091
ASNH0964GM0,1091
ASNH0966KA2,1111
ASNH0967MM0,792
ASNH0967RM0,792
ASNH096BRU0,648
ASNH096E1L0,792
ASNH096ERM0,720
ASNH096PBL1,594
ASNH096PBL2,594
ASNH096PBL3,594
ASNH096PDL1,594
ASNH096PDL2,594
ASNH096PHL4,594
ASNH096PML1,594
ASNH096PML2,594
ASNH096PRL4,594
ASNH096QGA2,851
ASNH096RLA0,836
ASNH096RLL0,836
ASNH096UBM3,832
ASNH096UBM4,832
ASNH096UMM0,832
ASNH096UMM3,832
ASNH096URM0,832
ASNH096URM3,832
ASNH096UWM0,832
ASNH096UWM3,832
ASNH096UWM4,832
ASNH096WNT0,900
ASNH09GB1U0,648
ASNH09GB1U1,648
ASNH09GB1U2,648
ASNH09GB4W0,648
ASNH09GB7U0,648
ASNH09GBRU0,648
ASNH09GBRU1,648
ASNH09GBVU0,648
ASNH09GBWU0,648
ASNH09GERU3,720
ASNH09GEVU3,720
ASNH122E5B0,1115
ASNH1264DA0,1091
ASNH1264DM0,1091
ASNH1264GA3,1091
ASNH1264GM0,1091
ASNH126BNU0,648
ASNH126BRU0,648
ASNH126E1A0,20
ASNH126E1M0,720
ASNH126PAL3,594
ASNH126PBC0,594
ASNH126PBG1,594
ASNH126PBL1,594
ASNH126PBL2,594
ASNH126PDC0,594
ASNH126PDG1,594
ASNH126PDL1,594
ASNH126PDL2,594
ASNH126PDL3,594
ASNH126PMC0,594
ASNH126PMG1,594
ASNH126PML1,594
ASNH126PML2,594
ASNH126PML3,594
ASNH126PSL2,594
ASNH126PSL3,594
ASNH126RGA2,836
ASNH126RKA2,836
ASNH126RLA0,836
ASNH126RLM0,836
ASNH126UBH0,832
ASNH126UBM0,832
ASNH126UBM1,832
ASNH126UBM3,832
ASNH126UCM0,832
ASNH126UCM3,832
ASNH126UDM4,832
ASNH126UMD0,832
ASNH126UMH0,832
ASNH126UMM0,832
ASNH126UMM1,832
ASNH126UMM3,832
ASNH126URD0,594
ASNH126URH0,832
ASNH126URM0,832
ASNH126URM1,832
ASNH126URM3,832
ASNH126UWH0,832
ASNH126UWM0,832
ASNH126UWM3,832
ASNH12GB1U0,648
ASNH12GB1U1,648
ASNH12GB1U2,648
ASNH12GB7U0,648
ASNH12GBRU0,648
ASNH12GBRU1,648
ASNH12GBVU0,648
ASNH12GBWU0,648
ASNH12GERU3,720
ASNH12GEVU3,720
ASNH146TLM0,600
ASNH182C8C0,488
ASNH182CRU0,488
ASNH182CSB0,488
ASNH182K1S0,558
ASNH1835SM1,617
ASNH1863BM3,550
ASNH1863DM0,550
ASNH1863MM0,550
ASNH1863RM0,550
ASNH1863WM0,550
ASNH1863WM3,550
ASNH1865DM0,620
ASNH1865DM1,620
ASNH1865GB3,620
ASNH1865GM0,620
ASNH186CNU0,488
ASNH186TKA2,600
ASNH186TLB0,600
ASNH186TLM0,600
ASNH186VBL1,550
ASNH186VBL2,461
ASNH186VBL3,461
ASNH186VDL1,461
ASNH186VDL2,461
ASNH186VML1,461
ASNH186VML2,461
ASNH186VML3,461
ASNH18G8RU3,540
ASNH18G8VU3,540
ASNH18GC2U0,488
ASNH18GC4W0,488
ASNH18GC7U0,488
ASNH18GCRU0,488
ASNH18GCVU0,488
ASNH18GCWU0,488
ASNH242C8C0,488
ASNH242CRU0,488
ASNH242CSB0,488
ASNH242V4B0,367
ASNH2463BM3,550
ASNH2463MM0,550
ASNH2463MM3,550
ASNH2463RM0,550
ASNH2463RM1,550
ASNH2463RM3,550
ASNH2463WM4,550
ASNH2465DM0,620
ASNH2465DM2,620
ASNH2465GB3,620
ASNH2465GM0,620
ASNH246TKA2,600
ASNH246TLM0,600
ASNH24G8RU3,540
ASNH24G8VU3,540
ASNH24GC2U0,488
ASNH24GC4W0,488
ASNH24GC7U0,488
ASNH24GCRU0,488
ASNH24GCVU0,488
ASNH24GCWU0,488
ASNH302V4B0,367
ASNH306DGM0,405
ASNH306MLM0,414
ASNH366DGH0,405
ASNH366DGM2,405
ASNH366NLM0,333
ASNH366NMM0,333
ASNH366NMM2,333
ASNQ092B4A0,648
ASNQ092B4V0,648
ASNQ092B4V1,648
ASNQ092BRG2,648
ASNQ092BRW0,648
ASNQ092BRZ0,648
ASNQ092NRV1,680
ASNQ092WSA0,900
ASNQ093B1U0,675
ASNQ096MMS0,592
ASNQ122B4A0,648
ASNQ122B4V0,648
ASNQ122B4V1,648
ASNQ122BRG2,648
ASNQ122BRW0,648
ASNQ122BRW1,648
ASNQ122BRW2,648
ASNQ122BRZ0,648
ASNQ122BSA1,648
ASNQ122NRV0,680
ASNQ122NRV1,680
ASNQ123B1U0,648
ASNQ12GB1U0,648
ASNQ182C4A0,488
ASNQ182C5U0,488
ASNQ182CRG2,488
ASNQ182CRW0,488
ASNQ182CRW1,488
ASNQ182CRW2,488
ASNQ182CRW3,488
ASNQ182CRZ0,488
ASNQ182CSA1,488
ASNQ182K1Z0,558
ASNQ183C2U0,488
ASNQ183C4B0,488
ASNQ18GC2U0,488
ASNQ242C4A0,488
ASNQ242C5U0,488
ASNQ242CRG2,488
ASNQ242CRW0,488
ASNQ242CRW1,488
ASNQ242CRW2,488
ASNQ242CRW3,488
ASNQ242CRZ1,488
ASNQ242CSA1,488
ASNQ242K1Z0,558
ASNQ243C2U0,488
ASNQ243C4B0,488
ASNQ246C5F0,488
ASNQ246K3B0,558
ASNQ24GC2U0,488
ASNQ306V4B0,367
ASNQ322V4B0,367
ASNQ322V8C0,367
ASNQ362V4V0,90
ASNQ382V4B0,367
ASNQ382V8C0,367
ASNW076QLG1,851
ASNW092B1U0,648
ASNW092B1U1,648
ASNW092B1U2,648
ASNW092B4A0,648
ASNW092BRG2,648
ASNW092BRW0,648
ASNW092BRZ0,648
ASNW092HDW0,720
ASNW092WSA0,900
ASNW093B1B8,648
ASNW093B1U1,675
ASNW093B1Y9,648
ASNW093BRM9,648
ASNW093BRU1,648
ASNW093F2B2,612
ASNW093MMB7,592
ASNW093MMB8,592
ASNW093MMM9,592
ASNW093WSA7,900
ASNW0963WB0,671
ASNW0964DH0,1091
ASNW0964FH1,880
ASNW0964FU0,880
ASNW0964JU0,880
ASNW096B1R4,648
ASNW096B1U4,648
ASNW096B1U5,648
ASNW096B4A5,648
ASNW096B7T0,648
ASNW096B8A0,648
ASNW096B8T0,648
ASNW096B8U0,648
ASNW096BBT0,648
ASNW096BMS0,648
ASNW096BNF0,648
ASNW096BNF1,648
ASNW096BNR3,648
ASNW096BNR6,648
ASNW096BRR3,648
ASNW096BRR4,648
ASNW096BRR6,648
ASNW096BRU0,648
ASNW096BRU1,648
ASNW096BRU4,648
ASNW096BRU5,648
ASNW096BRU6,648
ASNW096BSA2,648
ASNW096BSB4,648
ASNW096BVR3,648
ASNW096BVU0,648
ASNW096BVU1,648
ASNW096BVU4,648
ASNW096BWR3,648
ASNW096BWR4,648
ASNW096BWR6,648
ASNW096BWU0,648
ASNW096BWU1,648
ASNW096BWU4,648
ASNW096BWU5,648
ASNW096E1G0,792
ASNW096EBH0,720
ASNW096EBH1,720
ASNW096ERH0,720
ASNW096EVH0,720
ASNW096F1G2,612
ASNW096F1G3,612
ASNW096F1G4,612
ASNW096FEG0,612
ASNW096FEG1,612
ASNW096FGG0,612
ASNW096H4A0,760
ASNW096HDW0,720
ASNW096J140,800
ASNW096J1R0,800
ASNW096J1R1,800
ASNW096J3B0,800
ASNW096MFS0,592
ASNW096MFZ0,592
ASNW096MMF0,592
ASNW096MMF1,592
ASNW096MMF2,592
ASNW096MMF5,592
ASNW096MMS2,592
ASNW096MMS3,592
ASNW096MMS4,592
ASNW096MMS6,592
ASNW096MMS7,592
ASNW096MWR0,684
ASNW096MWS1,684
ASNW096NRR0,680
ASNW096NRS0,680
ASNW096NRV1,333
ASNW096PBG0,594
ASNW096PDG0,594
ASNW096PMG0,594
ASNW096QLG1,851
ASNW096RLH0,836
ASNW096UBH0,832
ASNW096UBH1,832
ASNW096UMH0,832
ASNW096UMH1,832
ASNW096UMH2,832
ASNW096URH0,832
ASNW096URH1,832
ASNW096URH2,832
ASNW096UWH0,832
ASNW096W4W2,900
ASNW096WNG2,900
ASNW096WNT2,900
ASNW096WNZ2,900
ASNW096WSA0,900
ASNW096WSA1,900
ASNW096WSA2,900
ASNW096WSA3,900
ASNW09GB1B0,648
ASNW09GB1U2,675
ASNW09GB4W2,675
ASNW09GBRB0,648
ASNW09GBRU2,675
ASNW09GBWU2,672
ASNW09GJ1Z0,800
ASNW102B1V0,648
ASNW102MMU3,592
ASNW102MMU4,592
ASNW102MWV0,592
ASNW1223WB0,671
ASNW1223WB1,671
ASNW1224JH0,880
ASNW122B1U0,648
ASNW122B1U1,648
ASNW122B1U2,648
ASNW122B1V0,648
ASNW122B4A0,648
ASNW122BRG2,648
ASNW122BRW0,648
ASNW122BRW1,648
ASNW122BRW2,648
ASNW122BRZ0,648
ASNW122BSA1,648
ASNW122HDW0,720
ASNW122MMU3,592
ASNW122MMU4,592
ASNW122MWV0,592
ASNW122NRV0,680
ASNW123B1B8,648
ASNW123B1U0,648
ASNW123B1U1,648
ASNW123B1Y9,648
ASNW123B4B1,648
ASNW123BRM9,648
ASNW123BRU1,648
ASNW123BRU9,648
ASNW123BSA7,648
ASNW123BSB2,648
ASNW123ERH0,720
ASNW123F2B2,612
ASNW123MJB0,592
ASNW123MMB7,592
ASNW123MMB8,592
ASNW123MMB9,592
ASNW123MMM9,592
ASNW1263AB0,671
ASNW1263WB0,671
ASNW1264DH0,1091
ASNW1264FH1,880
ASNW1264FU0,880
ASNW1264GH0,1091
ASNW1264JU0,880
ASNW1264SH1,1091
ASNW126B1R4,648
ASNW126B1U4,648
ASNW126B1U5,648
ASNW126B4A5,648
ASNW126B4W2,648
ASNW126B7T0,648
ASNW126B8A0,648
ASNW126B8T0,648
ASNW126B8U0,648
ASNW126BBT0,648
ASNW126BMS0,648
ASNW126BMS1,648
ASNW126BNF0,648
ASNW126BNF1,648
ASNW126BNG2,648
ASNW126BNR3,648
ASNW126BNR6,648
ASNW126BNT2,648
ASNW126BNZ2,648
ASNW126BRR3,648
ASNW126BRR4,648
ASNW126BRR6,648
ASNW126BRU0,648
ASNW126BRU1,648
ASNW126BRU4,648
ASNW126BRU5,648
ASNW126BRU6,648
ASNW126BSA0,648
ASNW126BSA1,648
ASNW126BSA2,648
ASNW126BSA3,648
ASNW126BSB4,648
ASNW126BVR3,648
ASNW126BVU0,648
ASNW126BVU1,648
ASNW126BVU4,648
ASNW126BWR3,648
ASNW126BWR4,648
ASNW126BWR6,648
ASNW126BWU0,648
ASNW126BWU1,648
ASNW126BWU4,648
ASNW126BWU5,648
ASNW126E1G0,792
ASNW126E1G1,792
ASNW126EBH0,720
ASNW126EBH1,720
ASNW126ERH0,720
ASNW126ERH1,720
ASNW126ERH2,720
ASNW126EVH0,720
ASNW126F1G0,612
ASNW126F1G2,612
ASNW126F1G3,612
ASNW126F1G4,612
ASNW126FEG2,612
ASNW126FGG0,612
ASNW126FGG2,612
ASNW126H4A0,760
ASNW126HDW0,720
ASNW126J140,800
ASNW126J1R0,830
ASNW126J1R1,800
ASNW126J3B0,800
ASNW126MFS0,592
ASNW126MFZ0,592
ASNW126MMF0,592
ASNW126MMF1,592
ASNW126MMF2,592
ASNW126MMF5,592
ASNW126MMS2,592
ASNW126MMS3,592
ASNW126MMS4,592
ASNW126MMS6,592
ASNW126MMS7,592
ASNW126MWR0,684
ASNW126MWS1,684
ASNW126NRR0,680
ASNW126NRS0,680
ASNW126NRV1,333
ASNW126PBG0,594
ASNW126PBL2,594
ASNW126PDG0,594
ASNW126PDL2,594
ASNW126PMG0,594
ASNW126RLG1,836
ASNW126RLQ0,836
ASNW126RPH0,851
ASNW126UBH0,832
ASNW126UBH1,832
ASNW126UCH0,832
ASNW126UDH0,832
ASNW126UMH0,832
ASNW126UMH1,832
ASNW126UMH2,832
ASNW126URH1,832
ASNW126URH2,832
ASNW126UWH0,832
ASNW12GB1B0,648
ASNW12GB1B1,648
ASNW12GB1U1,648
ASNW12GB1U2,675
ASNW12GB4W2,675
ASNW12GBRB0,648
ASNW12GBRU2,675
ASNW12GBWU2,672
ASNW12GJ1Z0,800
ASNW142MMU3,592
ASNW142MMU4,592
ASNW1532WB0,464
ASNW1822WR0,464
ASNW1822WV0,464
ASNW1825DH0,620
ASNW1825FH0,617
ASNW182C2U0,488
ASNW182C2U1,488
ASNW182C2U2,488
ASNW182C4A0,488
ASNW182CRG2,488
ASNW182CRW0,488
ASNW182CRW1,488
ASNW182CRW2,488
ASNW182CRZ0,488
ASNW182CSA1,488
ASNW182K1R0,558
ASNW182K1Z0,558
ASNW182K2R0,558
ASNW182K3R0,558
ASNW1832WB0,464
ASNW1832WB1,464
ASNW1838RH0,540
ASNW183C2B8,400
ASNW183C2U0,488
ASNW183C2U1,488
ASNW183C2U2,488
ASNW183C2Y9,488
ASNW183C4B0,488
ASNW183C4B1,488
ASNW183CRM9,488
ASNW183CRU1,488
ASNW183CSA5,488
ASNW183CSA7,488
ASNW183CSB2,488
ASNW1862BR1,464
ASNW1862EA1,464
ASNW1862EB1,464
ASNW1862EF0,464
ASNW1862WR0,464
ASNW1862WR1,464
ASNW1862WR2,464
ASNW1862WS1,464
ASNW1863BH0,550
ASNW1863MH0,550
ASNW1863MH3,550
ASNW1863RH0,550
ASNW1863RH3,550
ASNW1863WH0,550
ASNW1865DH0,620
ASNW1865DH2,620
ASNW1865DU3,620
ASNW186C2R4,488
ASNW186C4A5,488
ASNW186C4W2,488
ASNW186C7T0,488
ASNW186C8A0,488
ASNW186C8T0,488
ASNW186C8U0,488
ASNW186C8W0,488
ASNW186CBT0,488
ASNW186CNF0,488
ASNW186CNR3,488
ASNW186CRR3,488
ASNW186CRR4,488
ASNW186CRU0,488
ASNW186CRU4,488
ASNW186CSA0,488
ASNW186CSA1,488
ASNW186CSA2,488
ASNW186CSA3,488
ASNW186CSB4,488
ASNW186CVR3,488
ASNW186CVU0,488
ASNW186CWR3,488
ASNW186CWU0,488
ASNW186K140,558
ASNW186K1R0,558
ASNW186K1R1,558
ASNW186K1R2,558
ASNW186K3B0,558
ASNW186TLG1,600
ASNW18GC1U0,488
ASNW18GC2B0,488
ASNW18GC2B1,488
ASNW18GC2U1,488
ASNW18GC2U2,488
ASNW18GC4W2,488
ASNW18GCRB0,488
ASNW18GCRU2,488
ASNW18GCWU2,488
ASNW18GK1Z0,558
ASNW2222WR0,464
ASNW2222WV0,464
ASNW222C2U0,488
ASNW222C2U1,488
ASNW222C2U2,488
ASNW22GC2U2,488
ASNW22GC4W2,488
ASNW242C2U0,488
ASNW242C4A0,488
ASNW242CRG2,488
ASNW242CRW0,488
ASNW242CRW1,488
ASNW242CRW2,488
ASNW242CRZ1,488
ASNW242CSA1,488
ASNW242K1R0,558
ASNW242K1Z0,558
ASNW2432WB0,464
ASNW243C2U1,405
ASNW243C4B1,488
ASNW243CRB6,488
ASNW243CRM9,488
ASNW243CRU1,488
ASNW243CSA1,488
ASNW243CSA5,488
ASNW243CSA7,488
ASNW243CSB2,488
ASNW243D8B8,405
ASNW243DGU1,405
ASNW243DGY9,405
ASNW243V4B0,367
ASNW243V8B0,367
ASNW243V8B1,367
ASNW243V8I0,367
ASNW243V8Z0,367
ASNW2462EA1,464
ASNW2462EB1,464
ASNW2462EF0,464
ASNW2462WR0,464
ASNW2462WR1,464
ASNW2462WR2,464
ASNW2462WS1,464
ASNW2463BH0,550
ASNW2463MH0,550
ASNW2463RH0,550
ASNW2463WH0,550
ASNW2463WH3,550
ASNW2465DH0,620
ASNW2465DH2,620
ASNW2465DU3,620
ASNW2465GG1,620
ASNW2468RH1,540
ASNW246C2R4,488
ASNW246C4A5,488
ASNW246C4W2,488
ASNW246C7T0,488
ASNW246C8T0,488
ASNW246C8U0,488
ASNW246CBT0,488
ASNW246CNF0,488
ASNW246CRU0,488
ASNW246CRU4,488
ASNW246CSA0,488
ASNW246CSA1,488
ASNW246CSA2,488
ASNW246CSA3,488
ASNW246CSB4,488
ASNW246CVU0,488
ASNW246CWU0,488
ASNW246DSB0,405
ASNW246DSW0,405
ASNW246K140,558
ASNW246K1R0,600
ASNW246K1R1,558
ASNW246K1R2,558
ASNW246K1Z3,558
ASNW246K3B0,558
ASNW24GC2U1,488
ASNW24GC2U2,488
ASNW24GC4W2,488
ASNW24GCRU2,488
ASNW24GCWU2,488
ASNW24GK1Z0,558
ASNW2862EB1,464
ASNW2862WR1,464
ASNW2862WR2,464
ASNW286C2R4,488
ASNW286CSB4,488
ASNW28GC2U2,488
ASNW28GC4W2,488
ASNW28GCWU2,488
ASNW303D8B8,405
ASNW303DGU1,405
ASNW303DGY9,405
ASNW303DSU1,405
ASNW303V4B0,367
ASNW303V8B0,367
ASNW303V8Z0,367
ASNW306DGM1,405
ASNW306DGU2,405
ASNW306V4S0,367
ASNW306V4S1,367
ASNW306V8S0,367
ASNW322V4B0,367
ASNW322V8C0,367
ASNW326V8B4,367
ASNW362V4V0,90
ASNW363D8B8,405
ASNW363DGU1,405
ASNW363DGY9,405
ASNW363DSU1,405
ASNW363DSU2,405
ASNW363V4B0,367
ASNW363V8B0,367
ASNW363V8B1,367
ASNW363V8Z0,367
ASNW366V4B0,367
ASNW382V4B0,367
ASNW382V8C0,367
ASU12JJT,316
ASU18JJS,272
ASU26APS,272
ASU26JJS,272
ASU30BA,104
ASU36BA,104
ASUC0764DB0,489
ASUC0764DH0,489
ASUC0764DM0,489
ASUC076QLA0,407
ASUC0914DH1,316
ASUC0964DB0,489
ASUC0964DH0,489
ASUC0964DM0,489
ASUC096QLA0,316
ASUC122E5B0,296
ASUC122E5B1,296
ASUC1264DB0,489
ASUC1264DM0,489
ASUC126RLA0,316
ASUC126RLM0,316
ASUC182C8C0,171
ASUC182CRU0,316
ASUC182CSB0,171
ASUC1865DB0,272
ASUC1865DH0,272
ASUC1865DM0,272
ASUC186TLB0,171
ASUC242C8C0,171
ASUC242CRU0,171
ASUC242CSB0,171
ASUC242V4B0,110
ASUC2465DB0,272
ASUC2465DH0,272
ASUC2465DM0,272
ASUC246TLB0,171
ASUC246TLM0,171
ASUC302V4B0,104
ASUC302V4B1,110
ASUC306MLB0,171
ASUC306MLM0,171
ASUC366NLB0,114
ASUH056WLA0,407
ASUH0764DM0,489
ASUH0764GM0,489
ASUH0766KA2,407
ASUH076PBL1,407
ASUH076PBL2,407
ASUH076PDL1,407
ASUH076PDL2,407
ASUH076PML2,407
ASUH076QGA2,407
ASUH076QLA0,407
ASUH076QLL0,407
ASUH076W4A0,489
ASUH076W8T0,489
ASUH076WNT0,489
ASUH076ZBL0,407
ASUH076ZML0,407
ASUH076ZRL0,407
ASUH076ZUL3,407
ASUH076ZWL0,407
ASUH0964DM0,489
ASUH0964DM1,316
ASUH0964GA3,316
ASUH0964GM0,489
ASUH0966KA2,407
ASUH0967MM0,358
ASUH0967RM0,358
ASUH096BUU0,489
ASUH096E1L0,316
ASUH096PBL1,316
ASUH096PBL2,316
ASUH096PDL1,316
ASUH096PDL2,316
ASUH096PML1,316
ASUH096PML2,316
ASUH096PUL4,316
ASUH096QGA2,407
ASUH096RLA0,407
ASUH096RLL0,407
ASUH096UMM0,407
ASUH096URM0,407
ASUH096UUM3,407
ASUH096UWM0,407
ASUH096WNT0,489
ASUH121FUG1,316
ASUH122E5B0,272
ASUH1264DA0,489
ASUH1264DM0,489
ASUH1264GA3,489
ASUH1264GM0,489
ASUH126BNU0,316
ASUH126BUU0,316
ASUH126PAL1,316
ASUH126PBC0,316
ASUH126PBG1,316
ASUH126PBL1,316
ASUH126PBL2,316
ASUH126PDC0,316
ASUH126PDG1,316
ASUH126PDL1,316
ASUH126PDL2,316
ASUH126PMG1,316
ASUH126PML1,316
ASUH126PML2,316
ASUH126PSL2,316
ASUH126PUL3,316
ASUH126RGA2,407
ASUH126RKA2,489
ASUH126RLM0,316
ASUH126UBH0,316
ASUH126UBM0,316
ASUH126UBM1,316
ASUH126UCM0,316
ASUH126UMD0,316
ASUH126UMH0,316
ASUH126UMM0,316
ASUH126UMM1,316
ASUH126URH0,316
ASUH126URM1,316
ASUH126UUM3,316
ASUH126UWH0,316
ASUH126UWM0,316
ASUH146TLM0,316
ASUH182C8C0,171
ASUH182CRU0,171
ASUH182CSB0,171
ASUH182K1S0,171
ASUH1835DM1,171
ASUH1835SM1,171
ASUH1863DM0,171
ASUH1863MM0,171
ASUH1863WM0,171
ASUH1865DM0,272
ASUH1865DM1,272
ASUH1865GB3,272
ASUH1865GM0,272
ASUH186CNU0,171
ASUH186TKA2,272
ASUH186TLB0,171
ASUH186TLM0,171
ASUH186VBL1,171
ASUH186VBL2,171
ASUH186VDL1,171
ASUH186VDL2,171
ASUH186VML1,171
ASUH186VML2,171
ASUH242C8C0,110
ASUH242CRU0,104
ASUH242CSB0,110
ASUH242V4B0,110
ASUH2463MM0,171
ASUH2463RM0,171
ASUH2463RM1,171
ASUH2463UM3,171
ASUH2465DM0,171
ASUH2465DM2,171
ASUH2465GB3,171
ASUH2465GM0,171
ASUH246TKA2,171
ASUH246TLM0,171
ASUH302V4B0,110
ASUH306DGH0,171
ASUH306DGM0,171
ASUH306MLM0,171
ASUH366DGH0,114
ASUH366DGM2,114
ASUH366NMM0,114
ASUQ092B4A0,530
ASUQ092B4V0,316
ASUQ092B4V1,316
ASUQ092BRG2,489
ASUQ092BRW0,530
ASUQ092BRZ0,530
ASUQ092NRV1,489
ASUQ092WSA0,489
ASUQ096MMS0,316
ASUQ122B4A0,530
ASUQ122B4V0,316
ASUQ122B4V1,316
ASUQ122BRG2,515
ASUQ122BRW0,530
ASUQ122BRW1,489
ASUQ122BRW2,489
ASUQ122BRZ0,489
ASUQ122BSA1,489
ASUQ122NRV0,489
ASUQ122NRV1,489
ASUQ123B1U0,316
ASUQ126B1U0,316
ASUQ182C4A0,171
ASUQ182C5U0,171
ASUQ182CRG2,316
ASUQ182CRW0,171
ASUQ182CRW1,171
ASUQ182CRW2,316
ASUQ182CRW3,316
ASUQ182CRZ0,171
ASUQ182CSA1,316
ASUQ182K1Z0,171
ASUQ183C2U0,171
ASUQ183C4B0,171
ASUQ186C2U0,171
ASUQ242C4A0,171
ASUQ242C5U0,171
ASUQ242CRG2,171
ASUQ242CRW0,171
ASUQ242CRW1,171
ASUQ242CRW2,171
ASUQ242CRW3,171
ASUQ242CRZ1,171
ASUQ242CSA1,171
ASUQ242K1Z0,171
ASUQ243C2U0,171
ASUQ243C4B0,171
ASUQ246C2U0,171
ASUQ246K3B0,171
ASUQ306V4B0,110
ASUQ322V4B0,104
ASUQ322V8C0,110
ASUQ362V4V0,104
ASUQ382V4B0,110
ASUQ382V8C0,104
ASUW076QLG1,407
ASUW092B1U0,316
ASUW092B1U1,316
ASUW092B1U2,316
ASUW092BRG2,489
ASUW092BRW0,489
ASUW092BRZ0,489
ASUW092HDW0,489
ASUW092WSA0,489
ASUW093B1B8,316
ASUW093B1Y9,316
ASUW093BRM9,316
ASUW093BRU1,316
ASUW093BUB6,316
ASUW093F2B2,316
ASUW093FUB2,316
ASUW093MMB7,316
ASUW093MMB8,316
ASUW093MMM9,171
ASUW093WSA7,489
ASUW0963WB0,316
ASUW0964DH0,316
ASUW0964FH1,344
ASUW0964FU0,316
ASUW0964GH0,316
ASUW096B1U0,489
ASUW096B1U1,316
ASUW096B1U2,489
ASUW096B4A5,316
ASUW096B4U0,316
ASUW096B4W0,489
ASUW096B8A0,505
ASUW096BNF0,489
ASUW096BNF1,489
ASUW096BRU0,489
ASUW096BRU1,489
ASUW096BRU6,489
ASUW096BSU4,316
ASUW096BUL0,489
ASUW096BUS0,489
ASUW096BUS1,316
ASUW096BUS3,316
ASUW096BUS4,316
ASUW096BUS5,316
ASUW096BUS6,316
ASUW096E1G0,316
ASUW096EUH0,316
ASUW096EUU3,316
ASUW096F1G2,316
ASUW096F1G4,316
ASUW096FUG2,316
ASUW096FUG3,316
ASUW096H4A0,505
ASUW096HDW0,489
ASUW096J140,489
ASUW096J1R0,316
ASUW096J1R1,316
ASUW096J3B0,489
ASUW096MFS0,316
ASUW096MFZ0,171
ASUW096MMF5,316
ASUW096MMS4,316
ASUW096MMS6,171
ASUW096MMS7,316
ASUW096MUF0,316
ASUW096MUF1,316
ASUW096MUF2,316
ASUW096MUF3,316
ASUW096MWR0,489
ASUW096MWS1,489
ASUW096NRR0,316
ASUW096NRS0,489
ASUW096NRV1,489
ASUW096PBG0,316
ASUW096PDG0,316
ASUW096PMG0,316
ASUW096QLG1,316
ASUW096RLH0,316
ASUW096UBH0,316
ASUW096UBH1,316
ASUW096UMH0,316
ASUW096UMH1,316
ASUW096URH0,316
ASUW096URH1,316
ASUW096UUH2,316
ASUW096W4W2,489
ASUW096WNG2,489
ASUW096WNT2,489
ASUW096WSA0,489
ASUW096WSA2,489
ASUW096WSA3,489
ASUW096WUA2,489
ASUW096WUL,489
ASUW096WUL0,489
ASUW09GJ1Z0,316
ASUW102B1V0,316
ASUW102M2Z0,316
ASUW102MMU3,316
ASUW102MMU4,316
ASUW102MWV0,316
ASUW1223WB0,316
ASUW1223WB1,316
ASUW1224JH0,316
ASUW122B1U0,316
ASUW122B1U1,316
ASUW122B1U2,316
ASUW122B1V0,316
ASUW122B4A0,489
ASUW122BRG2,515
ASUW122BRW0,489
ASUW122BRW1,489
ASUW122BRW2,489
ASUW122BRZ0,489
ASUW122BSA1,489
ASUW122HDW0,489
ASUW122MMU3,316
ASUW122MMU4,316
ASUW122MWV0,316
ASUW122NRV0,489
ASUW123B1B8,316
ASUW123B1U0,316
ASUW123B1U1,316
ASUW123B1Y9,316
ASUW123B4B1,316
ASUW123BRM9,316
ASUW123BRU1,316
ASUW123BRU9,316
ASUW123BSA7,489
ASUW123BSB2,316
ASUW123BUB6,316
ASUW123BUB7,316
ASUW123EUH0,316
ASUW123F2B2,316
ASUW123FUB2,316
ASUW123MJB0,171
ASUW123MMB7,316
ASUW123MMB8,316
ASUW123MMM9,171
ASUW1263AB0,316
ASUW1263WB0,316
ASUW1264DH0,316
ASUW1264FH1,252
ASUW1264FU0,316
ASUW1267RH0,358
ASUW126B1U0,489
ASUW126B1U1,316
ASUW126B1U2,489
ASUW126B4A5,316
ASUW126B4W0,489
ASUW126B4W2,489
ASUW126B8A0,505
ASUW126BNF0,489
ASUW126BNF1,489
ASUW126BNG2,489
ASUW126BNT2,489
ASUW126BRU0,489
ASUW126BRU1,489
ASUW126BRU6,489
ASUW126BSA0,489
ASUW126BSA2,489
ASUW126BSA3,489
ASUW126BSU4,316
ASUW126BUA2,489
ASUW126BUL,489
ASUW126BUL0,489
ASUW126BUS0,489
ASUW126BUS1,316
ASUW126BUS3,316
ASUW126BUS4,316
ASUW126BUS5,316
ASUW126BUS6,316
ASUW126E1G0,316
ASUW126E1G1,316
ASUW126EUH0,316
ASUW126EUH2,316
ASUW126EUU3,316
ASUW126F1G2,316
ASUW126F1G4,316
ASUW126FUG0,316
ASUW126FUG3,316
ASUW126H4A0,505
ASUW126HDW0,489
ASUW126J140,489
ASUW126J1R0,316
ASUW126J1R1,316
ASUW126J3B0,489
ASUW126MFS0,316
ASUW126MFZ0,171
ASUW126MMF5,316
ASUW126MMS4,316
ASUW126MMS6,171
ASUW126MMS7,316
ASUW126MUF0,316
ASUW126MUF1,316
ASUW126MUF2,316
ASUW126MUF3,316
ASUW126MWR0,489
ASUW126MWS1,489
ASUW126NRR0,316
ASUW126NRS0,489
ASUW126NRV1,489
ASUW126PBG0,316
ASUW126PBL2,316
ASUW126PDG0,316
ASUW126PDL2,316
ASUW126RLG1,316
ASUW126RLQ0,316
ASUW126RPH0,316
ASUW126UBH0,316
ASUW126UBH1,316
ASUW126UCH0,316
ASUW126UDH0,316
ASUW126UMH0,316
ASUW126UMH1,316
ASUW126URH0,316
ASUW126URH1,316
ASUW126UUH2,316
ASUW126UWH0,316
ASUW12GJ1Z0,316
ASUW142MMU3,316
ASUW142MMU4,316
ASUW1532WB0,171
ASUW1822WR0,171
ASUW1822WV0,171
ASUW1825DH0,171
ASUW1825FH0,171
ASUW182C2U0,171
ASUW182C2U1,171
ASUW182C2U2,186
ASUW182C4A0,171
ASUW182CRG2,316
ASUW182CRW0,171
ASUW182CRW1,171
ASUW182CRW2,316
ASUW182CRZ0,171
ASUW182CSA1,316
ASUW182K1R0,171
ASUW182K1Z0,171
ASUW182K2R0,171
ASUW182K3R0,171
ASUW1832WB0,171
ASUW1832WB1,171
ASUW1838UH0,171
ASUW183C2B8,186
ASUW183C2U0,171
ASUW183C2U1,171
ASUW183C2U2,171
ASUW183C2Y9,171
ASUW183C4B0,171
ASUW183C4B1,171
ASUW183CRM9,171
ASUW183CRU1,171
ASUW183CSA5,316
ASUW183CSA7,316
ASUW183CSB2,171
ASUW183CUB6,171
ASUW183CUB7,171
ASUW1862BR1,171
ASUW1862EA1,316
ASUW1862EF0,316
ASUW1862WR0,316
ASUW1862WS1,171
ASUW1863BH0,171
ASUW1863MH0,171
ASUW1863RH0,171
ASUW1863UH3,171
ASUW1863WH0,171
ASUW1865DH0,171
ASUW1865DH2,171
ASUW1865DU3,171
ASUW1868UU3,171
ASUW186C1U0,171
ASUW186C2U0,171
ASUW186C2U1,171
ASUW186C2U2,171
ASUW186C2U3,171
ASUW186C4A5,171
ASUW186C4W2,316
ASUW186C8A0,171
ASUW186C8W0,171
ASUW186CNF0,171
ASUW186CRR4,171
ASUW186CRU0,171
ASUW186CRU4,171
ASUW186CSA0,316
ASUW186CSA2,316
ASUW186CSA3,316
ASUW186CSU4,171
ASUW186CUL0,316
ASUW186K140,316
ASUW186K1R0,316
ASUW186K1R1,316
ASUW186K1R2,171
ASUW186K3B0,171
ASUW186TLG1,171
ASUW18GK1Z0,316
ASUW2222WR0,171
ASUW2222WV0,171
ASUW222C2U0,171
ASUW222C2U1,171
ASUW222C2U2,171
ASUW226C2U2,171
ASUW242C2U0,171
ASUW242C4A0,171
ASUW242CRG2,171
ASUW242CRW0,171
ASUW242CRW1,171
ASUW242CRW2,171
ASUW242CRZ1,171
ASUW242CSA1,171
ASUW242K1R0,171
ASUW242K1Z0,171
ASUW2432WB0,171
ASUW243C2U1,171
ASUW243C4B1,171
ASUW243CRB6,171
ASUW243CRM9,171
ASUW243CRU1,171
ASUW243CSA1,171
ASUW243CSA5,171
ASUW243CSA7,171
ASUW243CSB2,171
ASUW243D8B8,186
ASUW243DGU1,171
ASUW243DGY9,171
ASUW243V4B0,171
ASUW243V8B0,171
ASUW243V8B1,171
ASUW243V8I0,171
ASUW243V8Z0,171
ASUW2462EA1,171
ASUW2462EF0,171
ASUW2462UM1,171
ASUW2462WR0,171
ASUW2462WS1,171
ASUW2463BH0,171
ASUW2463MH0,171
ASUW2463RH0,171
ASUW2463UH3,171
ASUW2463WH0,171
ASUW2465DH0,171
ASUW2465DH2,171
ASUW2465DU3,171
ASUW2465GG1,171
ASUW2468UH0,171
ASUW2468UH1,171
ASUW2468UU3,171
ASUW246C2U0,171
ASUW246C2U1,171
ASUW246C2U2,171
ASUW246C4A5,171
ASUW246C4W2,171
ASUW246CNF0,171
ASUW246CRU0,171
ASUW246CRU4,171
ASUW246CSA0,171
ASUW246CSA2,171
ASUW246CSA3,171
ASUW246CSU4,171
ASUW246CUL0,171
ASUW246DSB0,171
ASUW246DSW0,171
ASUW246K140,171
ASUW246K1R0,186
ASUW246K1R1,186
ASUW246K1R2,171
ASUW246K1Z3,171
ASUW246K3B0,171
ASUW24GK1Z0,171
ASUW2862UM1,171
ASUW286C2U2,171
ASUW286CSU4,171
ASUW303D8B8,171
ASUW303DGU1,171
ASUW303DGY9,171
ASUW303DSU1,171
ASUW303V4B0,171
ASUW303V8B0,171
ASUW303V8I0,171
ASUW303V8Z0,171
ASUW306DGM1,171
ASUW306DGU2,171
ASUW306V4S0,171
ASUW306V4S1,171
ASUW306V8S0,171
ASUW322V4B0,110
ASUW322V8C0,110
ASUW326V8B4,171
ASUW362V4V0,104
ASUW363D8B8,171
ASUW363DGU1,171
ASUW363DGY9,171
ASUW363DSU1,171
ASUW363DSU2,171
ASUW363V4B0,171
ASUW363V8B0,171
ASUW363V8B1,171
ASUW363V8I0,171
ASUW363V8Z0,171
ASUW366V4B0,110
ASUW382V4B0,110
ASUW382V8C0,110
AT-A9P,702
AT-A9S,702
AT-D130N,900
AT-S130W,5904
AT-S700N,5904
AT-S700S,5904
AT-S700W,5904
AT-S701W,5904
AT-S702W,5904
ATG-A9P,702
ATG-A9S,702
ATNC126CLA0,600
ATNC126CLC0,600
ATNC126ELCA,378
ATNC186ELCA,378
ATNC186PLE0,234
ATNC186PLE1,234
ATNC246FLCA,196
ATNC246PLE0,234
ATNC306FLCA,196
ATNC308PLE0,234
ATNC368DLCA,168
ATNC368NLE0,208
ATNC488DLCA,168
ATNC488MLE0,182
ATNC548MLE0,182
ATNC608DLCA,168
ATNH09GRLE2,486
ATNH09GRLED,486
ATNH126CLA0,600
ATNH126CLC0,600
ATNH126ELFB,432
ATNH12GPLE1,234
ATNH12GRLE2,486
ATNH12GRLED,486
ATNH186ELFB,432
ATNH18GPLE1,234
ATNH18GPLE2,260
ATNH18GPLED,234
ATNH18GQLE2,432
ATNH18GQLED,432
ATNH21GNLE1,208
ATNH21GNLED,208
ATNH246FLFB,196
ATNH24GNLE1,208
ATNH24GNLED,208
ATNH24GPLE2,260
ATNH24GPLED,234
ATNH306FLCA,196
ATNH306FLFB,196
ATNH30GPLE2,234
ATNH30GPLED,234
ATNH366DLAC,168
ATNH368DLCA,168
ATNH36GMLE1,182
ATNH36GMLE2,182
ATNH36GNLE2,234
ATNH36GNLED,208
ATNH426DLFC,168
ATNH42GMLE1,182
ATNH42GMLE2,182
ATNH486DLFB,168
ATNH488DLCA,168
ATNH488DLFB,168
ATNH48GMLE1,182
ATNH48GMLE2,182
ATNH48GMLED,182
ATNH48GMLF0,182
ATNH606DLFB,168
ATNH606DLFC,168
ATNH608DLCA,168
ATNH60GMLE2,182
ATNH60GMLED,182
ATNQ12GULA0,440
ATNQ18GPLA4,234
ATNQ18GPLE1,234
ATNQ18GPLE2,260
ATNQ18GPLE3,260
ATNQ18GPLE4,216
ATNQ18GPLE5,234
ATNQ18GPLE6,260
ATNQ18GPLE7,260
ATNQ18GPLT0,234
ATNQ18GPLT1,234
ATNQ18GPLT2,234
ATNQ18GPLT4,234
ATNQ18GPLT6,234
ATNQ18GQLE5,432
ATNQ18GQSK1,432
ATNQ18GTLA1,320
ATNQ18GTLA2,320
ATNQ21GNLE1,208
ATNQ21GPLE3,260
ATNQ21GPLT6,234
ATNQ22GPLA4,234
ATNQ24GMLE6,182
ATNQ24GNLE1,208
ATNQ24GNLE2,234
ATNQ24GNLE3,234
ATNQ24GNLE4,208
ATNQ24GNLT0,208
ATNQ24GPLA4,234
ATNQ24GPLE5,234
ATNQ24GPLE6,260
ATNQ24GPLE7,260
ATNQ24GPLT1,234
ATNQ24GPLT2,234
ATNQ24GPLT4,234
ATNQ24GPLT6,234
ATNQ24GQLE5,432
ATNQ24GQSK1,432
ATNQ24GTLA1,320
ATNQ24GTLA2,320
ATNQ28GPLT6,234
ATNQ28GPLTA,208
ATNQ30GMLE3,182
ATNQ30GMLE4,182
ATNQ30GNLE7,234
ATNQ30GNLT0,208
ATNQ30GNLT6,208
ATNQ30GPLA4,234
ATNQ30GPLT1,234
ATNQ30GPLT2,234
ATNQ30GPLT4,234
ATNQ30LNLE6,234
ATNQ30LNLE7,234
ATNQ34GNLT6,208
ATNQ36GMLE1,182
ATNQ36GMLE2,182
ATNQ36GMLE3,182
ATNQ36GMLE4,182
ATNQ36GMLE5,182
ATNQ36GMLT0,182
ATNQ36GNLA4,208
ATNQ36GNLA5,208
ATNQ36GNLE6,234
ATNQ36GNLE7,234
ATNQ36GNLT1,208
ATNQ36GNLT2,208
ATNQ36GNLT4,208
ATNQ36GNLT6,208
ATNQ36GPLE5,234
ATNQ36LMLE4,182
ATNQ36LNLE6,234
ATNQ40GNLA4,208
ATNQ40GNLA5,208
ATNQ40GNLT6,208
ATNQ42GMLE1,182
ATNQ42GMLE2,182
ATNQ42GMLE3,182
ATNQ42LMLE4,182
ATNQ48GMLA4,182
ATNQ48GMLA5,182
ATNQ48GMLE1,182
ATNQ48GMLE2,182
ATNQ48GMLE3,182
ATNQ48GMLE5,182
ATNQ48GMLE6,182
ATNQ48GMLE7,182
ATNQ48GMLH0,182
ATNQ48GMLT0,182
ATNQ48GMLT1,182
ATNQ48GMLT2,182
ATNQ48GMLT4,182
ATNQ48GMLT6,182
ATNQ48LMLE4,182
ATNQ48LMLE6,182
ATNQ49GMLE3,182
ATNQ50GMLA4,182
ATNQ50GMLA5,182
ATNQ54GMLE3,182
ATNQ54GMLE5,182
ATNQ54GMLT0,182
ATNQ54GMLT1,182
ATNQ54LMLE4,182
ATNQ55GMLT6,182
ATNQ55GMLTA,156
ATNQ60GMLA4,182
ATNQ60GMLA5,182
ATNQ60GMLT0,182
ATNW18GPLP0,234
ATNW18GPLP1,234
ATNW18GPLS1,234
ATNW18GPLS3,234
ATNW18GPLT0,234
ATNW18GPLT1,234
ATNW18GPLT2,234
ATNW18GPLT4,234
ATNW18GQLA0,432
ATNW21GPLT6,234
ATNW22GPLS3,234
ATNW24GNLT0,208
ATNW24GPLA0,234
ATNW24GPLP0,234
ATNW24GPLP1,234
ATNW24GPLS1,234
ATNW24GPLS2,234
ATNW24GPLS3,234
ATNW24GPLT1,234
ATNW24GPLT2,234
ATNW24GPLT4,234
ATNW27GPLT1,234
ATNW28GPLT6,234
ATNW30GNLT0,208
ATNW30GPLA0,234
ATNW30GPLS1,234
ATNW30GPLS3,234
ATNW30GPLT1,234
ATNW30GPLT2,234
ATNW30GPLT4,234
ATNW34GNLT6,208
ATNW34GPLT1,234
ATNW36GMLA0,182
ATNW36GMLH0,182
ATNW36GMLP0,182
ATNW36GMLS0,182
ATNW36GMLS1,182
ATNW36GMLT0,182
ATNW36GNLP1,208
ATNW36GNLS2,208
ATNW36GNLS3,208
ATNW36GNLT1,208
ATNW36GNLT2,208
ATNW36GNLT4,208
ATNW36GYLP1,120
ATNW36GYLS3,120
ATNW36GYLT1,120
ATNW38GNLT1,208
ATNW38GYLT1,120
ATNW40GNLS3,208
ATNW40GNLT6,208
ATNW40GYLS3,120
ATNW42GMLA0,182
ATNW42GMLH0,182
ATNW48GMLH0,182
ATNW48GMLP0,182
ATNW48GMLP1,182
ATNW48GMLS1,182
ATNW48GMLT0,182
ATNW48GMLT1,182
ATNW48GMLT2,182
ATNW48GMLT4,182
ATNW48GYLT1,120
ATNW48GYLT6,120
ATNW48LMLS1,182
ATNW48LMLS2,182
ATNW50GMLS3,182
ATNW53GMLT1,182
ATNW53GYLT1,120
ATNW53GYLT6,120
ATNW54GMLS1,182
ATNW54GMLT0,182
ATNW54GMLT1,182
ATNW54LMLS1,182
ATNW55GMLT6,182
ATNW60GMLP0,182
ATNW60GMLP1,182
ATNW60GMLS3,182
ATNW60GMLT0,182
ATNW60GYLP1,120
ATNW60GYLS3,120
ATNW60LMLS1,182
ATNW60LMLS2,182
ATUC126CLA0,316
ATUC126CLC0,316
ATUC186PLE0,171
ATUC186PLE1,186
ATUC246PLE0,186
ATUC308PLE0,186
ATUC368NLE0,104
ATUC488MLE0,112
ATUC548MLE0,112
ATUH126CLA0,316
ATUH126CLC0,316
ATUH18GQLE2,171
ATUH24GPLE2,110
ATUH36GNLE2,102
ATUH36LNLE2,102
ATUQ12GULA0,316
ATUQ18GPLA4,316
ATUQ18GPLE3,316
ATUQ18GPLE4,171
ATUQ18GPLE6,288
ATUQ18GPLE7,312
ATUQ18GPLT0,171
ATUQ18GPLT1,316
ATUQ18GPLT2,170
ATUQ18GPLT6,216
ATUQ18GQLE5,316
ATUQ18GQSK1,312
ATUQ18GTLA2,288
ATUQ21GPLE3,316
ATUQ22GPLA4,316
ATUQ24GNLE3,171
ATUQ24GNLE4,171
ATUQ24GNLT0,171
ATUQ24GPLE6,171
ATUQ24GPLE7,171
ATUQ24GPLT2,170
ATUQ24GPLT6,171
ATUQ24GQLE5,171
ATUQ24GQSK1,171
ATUQ24GTLA1,171
ATUQ24GTLA2,170
ATUQ30GMLE4,104
ATUQ30GNLT0,104
ATUQ30GNLT6,171
ATUQ30GPLA4,171
ATUQ30GPLT1,110
ATUQ30GPLT2,110
ATUQ30LNLE6,104
ATUQ30LNLE7,104
ATUQ36GMLE3,104
ATUQ36GMLE4,104
ATUQ36GMLT0,104
ATUQ36GNLE6,104
ATUQ36GNLT1,110
ATUQ36GNLT2,110
ATUQ36GNLT6,110
ATUQ36LMLE3,104
ATUQ36LMLE4,104
ATUQ36LNLE6,104
ATUQ42GMLE3,104
ATUQ42LMLE4,104
ATUQ48GMLE3,104
ATUQ48GMLE6,104
ATUQ48GMLH0,52
ATUQ48GMLT0,52
ATUQ48GMLT1,52
ATUQ48GMLT2,52
ATUQ48GMLT6,52
ATUQ48LMLE3,104
ATUQ48LMLE4,104
ATUQ48LMLE6,104
ATUQ49LMLE3,52
ATUQ54GMLE3,52
ATUQ54GMLT0,52
ATUQ54GMLT1,52
ATUQ54LMLE4,52
ATUQ60GMLT0,52
ATUW18GPLP0,316
ATUW18GPLP1,316
ATUW18GPLS1,316
ATUW18GPLS3,312
ATUW18GPLT0,171
ATUW18GPLT1,316
ATUW18GPLT2,170
ATUW18GTLP0,288
ATUW18GTLP1,316
ATUW22GPLS3,312
ATUW24GNLT0,171
ATUW24GPLP0,170
ATUW24GPLP1,170
ATUW24GPLS1,171
ATUW24GPLS2,170
ATUW24GPLS3,170
ATUW24GPLT2,170
ATUW24GTLP1,171
ATUW30GNLT0,104
ATUW30GPLS1,170
ATUW30GPLS3,170
ATUW30GPLT1,110
ATUW30GPLT2,110
ATUW34GPLT1,110
ATUW36GMLP0,104
ATUW36GMLS1,104
ATUW36GMLT0,104
ATUW36GNLP1,104
ATUW36GNLS2,104
ATUW36GNLS3,104
ATUW36GNLT1,110
ATUW36GNLT2,110
ATUW36GYLP1,104
ATUW38GNLT1,110
ATUW40GNLS3,104
ATUW40GYLS3,104
ATUW48GMLP0,52
ATUW48GMLP1,52
ATUW48GMLS1,52
ATUW48GMLT0,52
ATUW48GMLT1,52
ATUW48GMLT2,52
ATUW48GYLT1,52
ATUW48LMLS1,52
ATUW48LMLS2,52
ATUW53GMLT1,52
ATUW53GYLT1,52
ATUW54GMLS1,52
ATUW54GMLT0,52
ATUW54GMLT1,52
ATUW54LMLS1,52
ATUW60GMLP0,52
ATUW60GMLP1,52
ATUW60GMLT0,52
ATUW60GYLP1,52
ATUW60LMLS1,52
ATUW60LMLS2,52
ATW-A9P,702
ATW-A9S,702
AUC12G,232
AUC12S,232
AUUC186A,272
AUUC186AB,272
AUUC246A,171
AUUC246AB,171
AUUC306A,171
AUUC306AB,171
AUUC368A,114
AUUC368AB,114
AUUC488A,110
AUUC488AB,110
AUUC608A,110
AUUC608AB,110
AUUH10080,25
AUUH126D,316
AUUH186A,171
AUUH186AB,171
AUUH186B,171
AUUH186D,171
AUUH246A,171
AUUH246AB,171
AUUH246C,171
AUUH246D,171
AUUH306A,171
AUUH306AB,171
AUUH306D,171
AUUH366D,114
AUUH368A,114
AUUH368AB,114
AUUH368D,114
AUUH488A,110
AUUH488AB,110
AUUH488B,110
AUUH488D,52
AUUH6080,110
AUUH608A,110
AUUH608AB,110
AUUH608C,110
AUUH608D,52
AUUQ186DH1,124
AUUQ18GH0,316
AUUQ18GH1,316
AUUQ18GH2,316
AUUQ18GHT0,171
AUUQ18GT6,216
AUUQ216DH1,110
AUUQ21GH1,316
AUUQ21GT6,216
AUUQ246DH1,110
AUUQ24GH0,171
AUUQ24GH1,186
AUUQ24GH2,171
AUUQ24GHT0,171
AUUQ24GS0,104
AUUQ24GT6,170
AUUQ28GT6,170
AUUQ30GHT0,104
AUUQ30LH1,104
AUUQ30LH4,104
AUUQ366DH1,52
AUUQ36GH0,110
AUUQ36GH1,104
AUUQ36GH2,104
AUUQ36GH3,104
AUUQ36GH4,104
AUUQ36GH5,104
AUUQ36GHT0,104
AUUQ36LH1,104
AUUQ36LH4,104
AUUQ40GH4,104
AUUQ40GH5,104
AUUQ426DH1,52
AUUQ42GH0,102
AUUQ42GH1,104
AUUQ42LH1,104
AUUQ486DH1,52
AUUQ48GH0,102
AUUQ48GH1,104
AUUQ48GH2,104
AUUQ48GH3,104
AUUQ48GH4,104
AUUQ48GH5,104
AUUQ48LH1,104
AUUQ48LH4,104
AUUQ50GH4,104
AUUQ50GH5,104
AUUQ54GH1,52
AUUQ54GH2,102
AUUQ54LH1,52
AUUQ60GH4,52
AUUQ60GH5,52
AUUW096D,316
AUUW09GA2,288
AUUW09GAD,316
AUUW09GAE,316
AUUW126B,171
AUUW126D,316
AUUW126DH1,171
AUUW12GA2,288
AUUW12GAD,316
AUUW12GAE,316
AUUW186D,171
AUUW186D2,171
AUUW186DH,171
AUUW186DH1,171
AUUW18GA2,104
AUUW18GAE,171
AUUW18GAE1,110
AUUW18GC0,316
AUUW18GD2,171
AUUW18GE0,316
AUUW18GH0,110
AUUW18GS1,312
AUUW216DH,110
AUUW216DH1,110
AUUW246B,171
AUUW246D,171
AUUW246D2,110
AUUW246DH,110
AUUW246DH1,110
AUUW24GA0,110
AUUW24GA2,104
AUUW24GAE,110
AUUW24GC0,171
AUUW24GD2,110
AUUW24GE0,171
AUUW24GH0,104
AUUW24GS1,171
AUUW306B,114
AUUW306D,171
AUUW306D1,171
AUUW306D2,110
AUUW306D3,110
AUUW30GAE,110
AUUW30GC0,171
AUUW30GS1,171
AUUW366B,110
AUUW366D,114
AUUW366D2,102
AUUW366DH1,52
AUUW368D,114
AUUW368D2,102
AUUW368DH1,52
AUUW36GA0,52
AUUW36GA2,52
AUUW36GAE,52
AUUW36GC0,110
AUUW36GD2,102
AUUW36GH0,52
AUUW36GH3,104
AUUW36GHE,52
AUUW36GS1,104
AUUW36GSE,52
AUUW36GT6,104
AUUW36LHD,52
AUUW38GT6,104
AUUW40GH3,104
AUUW423E,52
AUUW426D,52
AUUW426D2,52
AUUW426DH1,52
AUUW428D,52
AUUW428D2,52
AUUW428DH1,52
AUUW42GA2,52
AUUW42GAE,52
AUUW42GD2,52
AUUW42GH0,52
AUUW42GHE,52
AUUW42LHD,52
AUUW486D,52
AUUW486DH1,52
AUUW488D,52
AUUW488D2,52
AUUW488D3,52
AUUW488DH1,52
AUUW48GA2,52
AUUW48GAE,52
AUUW48GD2,52
AUUW48GH0,52
AUUW48GHE,52
AUUW48LHD,52
AUUW48LS1,52
AUUW50GH3,52
AUUW53GT6,52
AUUW54LS1,52
AUUW6060,39
AUUW606D,52
AUUW606D2,52
AUUW608D,52
AUUW608D2,52
AUUW60GA2,52
AUUW60GD2,52
AUUW60GH3,52
AUUW60LAE,52
AUUW70LAE,52
AUUW85LAE,42
AV-81,72
AV096MTQ,648
AV096STQ,648
AV096UTQ,489
AV126MTQ,648
AV126STQ,648
AV126UTQ,489
AV186MTQ,488
AV186STQ,488
AV186UTQ,171
AV246MTQ,488
AV246STQ,488
AV246UTQ,171
AVMW24GKLT0,192
AVNC096ELA0,432
AVNC126ELA0,432
AVNC186BLAA,219
AVNC246BLAA,219
AVNC306BLAA,219
AVNH096ELA0,432
AVNH09GELA2,432
AVNH09GELAD,432
AVNH126ELA0,432
AVNH126ELAB,432
AVNH12GELA2,432
AVNH12GELAD,432
AVNH186BLAB,219
AVNH186ELAB,432
AVNH246BLAA,219
AVNH246BLAB,219
AVNH306BLAA,219
AVNH306BLAB,219
AVNH366KLAC,192
AVNH426LLAC,152
AVNH486LLAB,152
AVNH486LLAC,152
AVNH606LLAC,152
AVNQ18GJLA0,264
AVNQ18GJLA2,264
AVNQ18GJLT0,264
AVNQ18GM1A1,216
AVNQ18GM1T1,216
AVNQ21GJLA0,264
AVNQ24GJLA0,264
AVNQ24GJLA2,264
AVNQ24GKLT0,192
AVNQ24GM1A1,216
AVNQ24GM1T1,216
AVNQ30GKLT0,192
AVNQ30GM1A1,216
AVNQ30GM1T1,216
AVNQ36GKLA0,192
AVNQ36GKLA2,192
AVNQ36GLLT0,152
AVNQ36GM1A0,216
AVNQ36GM1A5,216
AVNQ36GM1H0,216
AVNQ36GM2A1,160
AVNQ36GM2T1,160
AVNQ36LM2A1,160
AVNQ40GM1A4,216
AVNQ40GM1A5,216
AVNQ40GM1P4,216
AVNQ40GM1P5,160
AVNQ42GLLA0,152
AVNQ48GLLA0,152
AVNQ48GLLA2,152
AVNQ48GLLT0,152
AVNQ48GM2A0,160
AVNQ48GM2A5,160
AVNQ48GM2H0,160
AVNQ48GM2T1,160
AVNQ48LM2A1,160
AVNQ50GM2A4,160
AVNQ50GM2A5,160
AVNQ54GLLA0,152
AVNQ54GLLA2,152
AVNQ54GLLT0,152
AVNQ54GM2T1,160
AVNQ60GM2A0,160
AVNQ60GM2A4,160
AVNQ60GM2A5,160
AVNW18GJLT0,264
AVNW18GM1T1,216
AVNW24GKLT0,192
AVNW24GM1T1,216
AVNW30GKLT0,192
AVNW30GM1T1,216
AVNW36GLLT0,152
AVNW36GM1P0,216
AVNW36GM1P1,216
AVNW36GM1S0,216
AVNW36GM1S1,216
AVNW36GM1S2,216
AVNW36GM2T1,160
AVNW40GM1S3,216
AVNW48GLLT0,152
AVNW48GM2P0,160
AVNW48GM2P1,160
AVNW48GM2T1,160
AVNW48LM2S1,160
AVNW48LM2S2,160
AVNW50GM2S3,160
AVNW54GLLT0,152
AVNW54GM2T1,160
AVNW60GM2P0,160
AVNW60GM2P1,160
AVNW60GM2S3,160
AVNW60LM2A1,160
AVNW60LM2S0,160
AVNW60LM2S1,160
AVNW60LM2S2,160
AVUC096ELA0,407
AVUH096ELA0,407
AVUQ18GJLA0,316
AVUQ18GJLA1,171
AVUQ18GJLT0,171
AVUQ18GM1A1,312
AVUQ18GM1T1,316
AVUQ21GJLA0,316
AVUQ24GJLA0,186
AVUQ24GKLA0,171
AVUQ24GKLA1,171
AVUQ24GKLT0,171
AVUQ24GM1A1,171
AVUQ24GM1T1,170
AVUQ30GKLT0,104
AVUQ30GLLA0,104
AVUQ30GLLA1,104
AVUQ30GM1A1,171
AVUQ30GM1T1,110
AVUQ36GKLA0,104
AVUQ36GLLA0,104
AVUQ36GLLA1,104
AVUQ36GLLT0,104
AVUQ36GM1A0,104
AVUQ36GM1H0,104
AVUQ36GM2A1,104
AVUQ36GM2T1,110
AVUQ36LM2A1,104
AVUQ40GM1P4,104
AVUQ40GM1P5,104
AVUQ42GLLA0,104
AVUQ48GLLA0,104
AVUQ48GLLT0,52
AVUQ48GM2A0,104
AVUQ48GM2H0,102
AVUQ48GM2T1,52
AVUQ48LM2A1,104
AVUQ54GLLA0,52
AVUQ54GLLT0,52
AVUQ54GM2T1,52
AVUQ54LLLA1,52
AVUQ60GM2A0,102
AVUW18GJLT0,171
AVUW18GM1T1,316
AVUW24GKLT0,171
AVUW24GM1T1,170
AVUW30GKLT0,104
AVUW30GM1T1,110
AVUW36GLLT0,104
AVUW36GM1P0,104
AVUW36GM1P1,104
AVUW36GM1S0,104
AVUW36GM1S2,104
AVUW36GM2T1,110
AVUW40GM1S3,104
AVUW48GLLT0,52
AVUW48GM2P0,52
AVUW48GM2P1,52
AVUW48GM2T1,52
AVUW48LM2S2,52
AVUW54GLLT0,52
AVUW54GM2T1,52
AVUW60GM2P0,52
AVUW60GM2P1,52
AVUW60LM2A1,52
AVUW60LM2S0,52
AVUW60LM2S2,52
AW060FBFA,264
AW060FDFA,264
AW060FNFA,264
AW060FRFA,264
AW068FBA,264
AW068FCA,264
AW068FDA,264
AW068FLA,264
AW068FMA,264
AW068FNA,264
AW068FRA,264
AW068FSA,264
AW068FWA,264
AW140YWXA,375
AW141YAW,375
AW141YBW,375
AWC076GGAA0,419
AWC076GGMK0,419
AWC096CGMK0,419
AWC096GGMK0,419
AWC126CGAA0,300
AWC126CGMK0,300
AWC186MGAB0,236
AWC226NGAB0,218
AWC226NGMM0,218
AWH076GGAA0,419
AWH096CGAA0,300
AWH186NGAB0,218
AWH226NGAB0,218
AXRGALA01,3159
AXSVA1,370
AXSVA4,370
AYC073ALE20,210
AYC07EALE20,210
AYC093ALE30,210
AYC09EALE30,210
AYC123ALE30,210
AYC12EALE30,210
AYC153ALE30,210
AYC153ALE31,210
AYFT110,10000
AYH073ALE20,210
AYH07EALE30,210
AYH093ALE30,210
AYH123ALE00,210
AYH123ALE30,210
AYH12EALE30,210
AYH153ALE00,210
AYH153ALE30,210
AYH15EALE30,210
AYUH2115,1210
AYUH2120,1210
AYUH2130,1200
AYUH2315,1210
AYUH2320,1210
AYUH2330,1200
AYWH110,28490
AZLRAD,46200
B-93BH,2128
B-94AH,2128
B-95AW,2128
B-MX70B,38
B0427E00N41,160000
B0427E00N71,160000
B053S14,576
B053W14,576
B0627EA4N7A,57600
B0627EA4N7B,57600
B0630EA4N6A,52800
B0630EA4N7A,57600
B0630EA4N7B,57600
B0650EA4N6A,52800
B0650EA4N7A,57600
B0650EA4N7B,57600
B0727EA3N71,46200
B0727EB4N71,69000
B0727EB7N01,69000
B0730EA3N61,46200
B0730EA5N01,91020
B0750EA3N61,46200
B0750EA5N01,91020
B07TS,946
B0927EA3N7A,57600
B0927EA3N7B,57600
B0927EB7N01,34500
B0930EA3N6A,52800
B0930EA3N7A,57600
B0930EA3N7B,57600
B0940EB0Z01,39312
B0950EA3N6A,52800
B0950EA3N7A,57600
B0950EA3N7B,57600
B09TS,946
B1027EA3N71,46200
B1027EB0Z02,28512
B1027EB4N71,69000
B1027EB4Z01,27216
B1030EA3N61,46200
B1030EA5L6B,28800
B1030EA5N01,57600
B103S14,288
B103W14,288
B1050EA3N61,46200
B1050EA5L6B,28800
B1050EA5N01,57600
B1065E00N01,24000
B10APFN,650
B10APFU,490
B10APIM,780
B10APIN,780
B10APIU,490
B10ENAN,900
B10ENAU,490
B10ENBN,900
B10ENBU,505
B10ENCM,840
B10ENCN,840
B10ENCU,392
B10END1M,780
B10END1N,780
B10END1U,490
B10ENDM,650
B10ENDN,780
B10ENDU,490
B1130EA5Z6A,46080
B1228H,140
B124S14,192
B124W14,192
B12AWYN6LS,270
B12AWYU6LS,171
B12TS,880
B1330EA3T6A,52800
B1350EA3T6A,52800
B13APFN,650
B13APFU,490
B13APIM,780
B13APIN,780
B13APIU,490
B13ENAN,603
B13ENAU,490
B13ENBN,760
B13ENBU,505
B13ENCM,720
B13ENCN,720
B13ENCU,392
B13END1M,780
B13END1N,780
B13END1U,490
B13ENDN,780
B13ENDU,490
B176W,129
B180DSM,127
B180WM,127
B182DS13,127
B182W13,127
B186W,122
B187S,127
B187SM,127
B187W,127
B187WM,127
B18AWYNGMD,300
B18AWYUGMD,171
B18ENAN,456
B18ENBN,616
B18ENBU,292
B18ENCN,488
B18ENCU,316
B18END1M,495
B18END1N,495
B18END1U,171
B18ENDN,495
B18ENDU,171
B18LH,294
B18TS,550
B2014PS,54
B2014PT,54
B2014PW,54
B2030EB7N61,99360
B2050EB7N61,50400
B205MEPBIF,127
B207S,159
B212S13,121
B215MPYBNA,121
B221S13,101
B232S13,97
B235MPYBSA,97
B241S32,89
B241W32,89
B243S32,97
B243W32,97
B245DS22,97
B245W22,97
B24AWS,294
B24AWYNGMD,224
B24AWYNGMH,223
B24AWYUGMD,110
B24AWYUGMH,110
B24ENAN,456
B24ENAU,292
B24ENBN,616
B24ENBU,186
B24ENCN,488
B24ENCU,171
B24END1M,495
B24END1N,495
B24END1U,171
B24ENDN,495
B24ENDU,171
B24TS,550
B252S13,92
B255MPYBSA,92
B265S,87
B267S,90
B267SM,90
B267W,90
B267WM,90
B268S,90
B268W,90
B271S13,90
B2BS3C,72
B2BSC5GM8,51
B2BSC5MB6,51
B30AWS,223
B30AWYN7G5A,125
B30AWYN7G6,125
B30AWYU4G5A,171
B312DS31,74
B312S31,74
B312S32,74
B312W31,74
B315DS11,74
B315W11,74
B321S01,73
B321S02,73
B321W01,73
B321W02,73
B322S01,73
B322S02,73
B322W01,73
B322W02,73
B325S,73
B326S,73
B326W,73
B327S,73
B327SE,73
B327SM,73
B327W,73
B327WE,73
B327WM,73
B328S,73
B328W,73
B332S13,73
B332S34,73
B332W34,73
B3330EB7N61,27720
B333G13,73
B3350EB7N61,26400
B36AWS,223
B36AWYN763,125
B36AWYN7G4,125
B36AWYN7G5,125
B36AWYN7G5A,125
B36AWYN7G6,125
B36AWYNGMD,168
B36AWYU4G4,102
B36AWYU4G5,102
B36AWYU4G5A,102
B36AWYUE63,52
B36AWYUGMD,102
B371S13,73
B378SB,73
B42AWYN762,125
B42AWYN7G5,125
B42AWYN7G5A,125
B42AWYN7G6,125
B42AWYU3G5,52
B42AWYU4G5A,102
B436S,66
B436SS,66
B436W,66
B447S,66
B447SM,66
B447SS,66
B447W,66
B447WM,66
B448S,66
B448W,66
B471S32,61
B471W32,61
B472S33,61
B472W33,61
B475W,60
B476W,60
B477SM,61
B477W,61
B477WM,61
B478W,61
B48AWYU361,52
B48LH,125
B501S32,55
B501S51,55
B501S52,55
B501W32,55
B502S33,55
B502S53,55
B502W33,55
B505S,42
B505SS,42
B505W,42
B506S,42
B506SE,42
B506SS,42
B506W,42
B506WE,42
B507S,55
B507SEM,55
B507SM,55
B507SS,42
B507SSM,42
B507W,55
B507WA,42
B507WM,55
B508S,42
B508W,42
B55AWYN7G5,125
B55AWYN7G5A,125
B55AWYN7G6,125
B55AWYU361,52
B55AWYU3G4,52
B55AWYU3G5,52
B55AWYU3G5A,52
B606S,51
B606SE,51
B606SM,51
B606W,51
B607S,51
B607SE,51
B607SEM,51
B607W,51
B60LH,125
B62AWYN9L6,52
B62AWYU7L6,42
B62UWYN881,70
B62UWYUY81,39
B70AWYN985,52
B70AWYU7L6,42
B70AWYUX85,28
B723MR,51
B723OB,51
B723OG,51
B86AGNY,862
BACL1,160000
BACL2,160000
BACP1,42000
BACP2,42000
BACP3,42000
BACP4,10500
BACP5,70560
BACP6,70560
BAD0085HBA0,6
BAE0317HEA3,1
BAE0705HFA0,1
BAGR1,88800
BAN1,32000
BAPN1,25200
BAPN2,40320
BAPP1,14400
BARQ1,27216
BBJ1,8400
BBJ1V,12000
BBJ2,8400
BBJ2V,12000
BBL1,8000
BBL1V,8400
BBM1V,12000
BBP1,12096
BBS1,20160
BC1F2AA,71
BC1F4AA,71
BC1K2AA,71
BC1K2AAC,71
BC1K3AA,71
BC1K4AA,71
BC1L2AA,71
BC1L4AA,71
BCCK098BS,2376
BCI607B4BG,918
BCI607T3BG,918
BCI607T4BG,1296
BCI807T4BG,805
BCJ1,8400
BCJ1V,8000
BCJ2,8400
BCJ2V,8000
BCK1,9600
BCK1A,9600
BCL1,8000
BCN1,13104
BCN2,13104
BCN2-RE,13104
BCN3,13104
BCP1,10080
BCP1A,10080
BCP2,10080
BCP2A,13860
BCP3A-AM,10080
BD7010VNF,63
BDB0420Y1D,2400
BDB0420Y1M,10240
BEF3ABBLE,780
BEF3ABWLE,780
BEF3AMB4,780
BEF3AMB4E,780
BEF3ANBL,780
BEF3ANBLE,780
BEF3ANHL,780
BEF3ANHLE,780
BEF3ANHLO,780
BEF3ANHLOE,780
BEF3ANPL,780
BEF3ANPLE,780
BEF3ANSL,780
BEF3ANSLE,780
BEF3ASML,780
BEF3ASMLE,780
BEF3G,780
BEF3MQ,780
BEF3MQ1,780
BEF3MQT,780
BEF3MST,780
BEF3MT,780
BEF3MTR,780
BEF3WBQT,780
BEF3WMQT,780
BEF3WOQT,780
BEF3WPQT,780
BEF3WSQT,780
BEF3WWQL,780
BEF3WWQLO,780
BEF3WWQT,780
BEH2GT,780
BEH2GTR,780
BEH3G,780
BEH3G1,780
BEH3GBI,780
BEH3GM,780
BEH3GP,780
BEH3GR,780
BEH3GRA,378
BEH3GRC,378
BEH3GSBI,780
BEH3GSBIE,780
BEH3GST,780
BEH3GST2,780
BEH3GT,780
BEH3GTBI,780
BEH3GTP,780
BEH3GTR,780
BEH3GTRA,780
BEH3GTRC,780
BEH3GW,754
BEI3ABBLE,780
BEI3ABWLE,780
BEI3AMB4,780
BEI3AMB4E,780
BEI3AMBLO,780
BEI3AMBLOE,780
BEI3ANBL,780
BEI3ANBLE,780
BEI3ANBLO,780
BEI3ANBLOE,780
BEI3ANHL,780
BEI3ANHLBI,780
BEI3ANHLBIE,780
BEI3ANHLE,780
BEI3ANHLO,780
BEI3ANHLOE,780
BEI3ANPL,780
BEI3ANPLE,780
BEI3ANPLO,780
BEI3ANPLOE,780
BEI3ANSLO,780
BEI3ANSLOE,780
BEI3ASB2O,780
BEI3ASB2OE,780
BEI3ASB4,780
BEI3ASB4BI,780
BEI3ASB4BIE,780
BEI3ASB4E,780
BEI3ASML,780
BEI3ASMLE,780
BEI3ASMLOE,780
BEI3ASS4,780
BEI3ASS4E,780
BEI3CSQ,780
BEI3CSQAT,780
BEI3CSQE,780
BEI3CSQT,780
BEI3G,780
BEI3G1,780
BEI3GM,780
BEI3GP,780
BEI3GQ,780
BEI3GQ2,780
BEI3GQBI,780
BEI3GQBIE,780
BEI3GQK,780
BEI3GQT,780
BEI3GQT2,780
BEI3GQTBI,780
BEI3GQTU2,780
BEI3GQTUO,780
BEI3GQU2,780
BEI3GQUO,780
BEI3GR,780
BEI3GRA,378
BEI3GRC,378
BEI3GST,780
BEI3GST2,780
BEI3GSTR,780
BEI3GT,780
BEI3GTBI,780
BEI3GTP,780
BEI3GTR,780
BEI3GTRA,378
BEI3GTRC,378
BEI3HRBLE,780
BEI3HSBLE,780
BEI3MPQ,780
BEI3MPQT,780
BEI3MPST,780
BEI3MQ,780
BEI3MQE,780
BEI3MQO,780
BEI3MQT,780
BEI3MQTO,780
BEI3MST,780
BEI3MSTO,780
BEI3MSTR,780
BEI3MT,780
BEI3MTO,780
BEI3MTR,969
BEI3QEBLO,780
BEI3QEBLOE,780
BEI3QKBL,780
BEI3QKBLO,780
BEI3QKBLOE,780
BEI3QKHLO,780
BEI3QKHLOE,780
BEI3QKPLO,780
BEI3QMBLO,780
BEI3QMBLOE,780
BEI3QRBL,780
BEI3QRBLE,780
BEI3QRBLR,780
BEI3WBQLO,780
BEI3WBQT,780
BEI3WBQTO,780
BEI3WMQT,780
BEI3WOQT,780
BEI3WOQTO,780
BEI3WPQLO,780
BEI3WPQT,780
BEI3WPQTO,780
BEI3WSQLO,780
BEI3WWQLBI,780
BEI3WWQLO,780
BEI3WWQT,780
BEI3WWQTE,780
BEI3WWQTO,780
BER3G,640
BER3G1,640
BER3GBI,640
BEY3GBI,780
BEY3GS2,780
BEY3GS2E,780
BEY3GSBI,1197
BEY3GSBIE,1197
BEY3GST2,780
BEY3GST2R,780
BEY3GSTU,780
BEY3GSTUR,780
BEY3GSU,780
BEY3GSU1,780
BEY3GSU1E,780
BEY3GT,780
BEY3GT1,780
BEY3GT2,780
BEY3GTBI,780
BEY3GTO,780
BEY3GTP,780
BEY3GTR,780
BEY3GTRA,378
BEY3GTRC,378
BEY3GTU,780
BEY3GTUR,780
BEY3GU,780
BEY3GWT,754
BEY3MPST,780
BEY3MQT,780
BEY3MS,780
BEY3MSE,780
BEY3MST,780
BEY3MSTO,780
BEY3MSTR,780
BEY3MT,780
BEY3MTO,780
BEY3MTR,780
BEY3PT,780
BEY3SKBL,780
BEY3SRBL,780
BEY3SRBLE,780
BF-214PS,54
BF-214PT,54
BF-214PW,54
BF210TS,73
BF210W,73
BF320TS,54
BF320W,54
BF32TS,54
BF32W,54
BF420TS,54
BF420W,54
BF42TS,54
BF42W,54
BF75TS,67
BF75W,67
BF760TS,62
BF760W,62
BF76TS,62
BF76W,62
BG3BN,663
BG3BP,663
BG3SN,663
BG4SN,663
BH3GN,780
BH3GN1,780
BHH3GN,780
BHH3GN1,780
BIDLCH,310
BIDLDW,108
BIDLFL,223
BIDLGH,1672
BIDLMW,440
BIDLOV,216
BIDLSB,36
BIGINCUT,96
BK120XRI,648
BK180XRI,488
BK240XRI,488
BKM250XMOH,110
BKM300XMO,110
BKM540XMO,52
BKTCE015123,604800
BKTTR015122,604800
BKTTU015121,604800
BLGRESU10H,110
BLJ1,8400
BLJ1V,12000
BLJ2,8400
BLJ2V,12000
BLL1,8000
BLL1V,8400
BLM1V,12000
BLP1,3024
BLP1V,10206
BLQ1,4536
BM-1000HB,44
BM100RB,45
BM102RBR,72
BM110RBR,88
BM110RCR,88
BM111RBR,88
BM111RCR,88
BM300RBR,45
BM300RGR,45
BM301RCR,45
BM400RIR,36
BM400RKR,36
BM401RGR,36
BMMC12G2BL0,675
BMNC09G2BL0,675
BMNC09G7BU0,675
BMNC12G2BL0,675
BMNC12G7BU0,675
BMPN13T4W,780
BMPN19K,495
BMPN19K1,495
BMPN19K2,550
BMPN19T4,495
BMPN19T4W,495
BMPN26K,495
BMPN26K1,495
BMPN26K2,550
BMPN26T4,495
BMPN26T4W,495
BMPU13T4W,312
BMPU19K,171
BMPU19K1,171
BMPU19K2,171
BMPU19T4,171
BMPU19T4W,171
BMPU26K,171
BMPU26K1,171
BMPU26K2,171
BMPU26T4,171
BMPU26T4W,171
BNC45605,48000
BNW1100M9S,168
BNW1100M9SR,168
BNW1450M9S,168
BNW1450M9SR,168
BO603C1GL5,192
BO603C1S5,192
BO605G1GL5,216
BO605G1MB5,216
BO605G1S5,216
BO607G1MB4,216
BO607G1S4,216
BO607G2MB4,216
BO607G2S4,216
BO609B1BG4,216
BO609B2BG4,216
BO609T2MB4,216
BO609T2S4,216
BPEL011HBG1,252
BPEL011HBG2,252
BPEL015HBG1,198
BPEL015HBG2,198
BPEL04KAB-E,792
BRNU18GBHA2,294
BRNU76GB5W0,36
BRNU96GB5W0,36
BRUN120BTE4,30
BRUN120LTE4,30
BRUN140BTE4,23
BRUN140LTE4,23
BRUN160BTE4,23
BRUN160LTE4,23
BRUN180BTE4,23
BRUN180LTE4,23
BRUN200BTE4,23
BRUN200LTE4,23
BRUV080BTS4,28
BRUV100BTS4,28
BRUV100LTS4,28
BRUV120BTS4,28
BRUV120LTS4,28
BRUV140BTS4,28
BRUV140LTS4,28
BRUV160BTS4,23
BRUV160LTS4,23
BRUV180BTS4,23
BRUV180LTS4,23
BRUV200BTS4,23
BRUV200LTS4,23
BRWN080BAS4,98
BRWN080LAS4,98
BRWN100BAS4,98
BRWN100LAS4,98
BRWN120BAS4,98
BRWN120LAS4,98
BRWN140BAS4,98
BRWN140LAS4,98
BRWN160BAS4,98
BRWN160LAS4,98
BRWN180LAS4,98
BRWN200LAS4,98
BSMC096HYA1,720
BSMC186CYA0,432
BSMQ092BAH2,675
BSMQ096HM10,720
BSMQ096J2K0,780
BSMQ096J3A0,780
BSMQ096WEA4,840
BSMQ096WXA2,840
BSMQ096WXF2,840
BSMQ122B4W3,648
BSMQ182CAH1,420
BSMQ1865NA0,500
BSMQ186CM13,432
BSMQ186CXA3,432
BSN12APZE,800
BSN12BEYD,780
BSN12IBE,670
BSN12IMA,670
BSN12MAYD,780
BSN12PMZD,780
BSN18APZE,558
BSN18BEYD,495
BSN18IBE,432
BSN18IMA,432
BSN18MAYD,495
BSN24BEYD,495
BSN24IBE,432
BSN24IMA,432
BSN24MAYD,495
BSNC0964NA0,1020
BSNC096HYA1,720
BSNC1264NA0,1020
BSNC126HYA0,720
BSNC1865NA0,500
BSNC186CYA0,432
BSNC246C4A0,432
BSNC246CYA0,432
BSNH0764DA0,1056
BSNH0764GA0,1056
BSNH0964DA0,1092
BSNH0964GA0,1092
BSNQ0964NA0,1020
BSNQ096B3U2,675
BSNQ096B4A1,675
BSNQ096B4A2,675
BSNQ096B4A5,670
BSNQ096B7A3,672
BSNQ096B7A6,675
BSNQ096B8A5,675
BSNQ096BAH7,675
BSNQ096BAR7,648
BSNQ096BAX7,648
BSNQ096BRY7,670
BSNQ096HBR0,720
BSNQ096HM10,720
BSNQ096J2K0,780
BSNQ096J3A0,780
BSNQ096J3A2,780
BSNQ096J3A3,780
BSNQ096J4E2,780
BSNQ096J5E2,780
BSNQ096W4A0,840
BSNQ096W4D1,840
BSNQ096WEA4,840
BSNQ096WFA3,840
BSNQ096WXA3,840
BSNQ096WXF2,840
BSNQ1264NA0,1020
BSNQ126B3U0,675
BSNQ126B4A1,675
BSNQ126B4A2,670
BSNQ126B4A3,675
BSNQ126B4D4,648
BSNQ126B7A2,675
BSNQ126B7A3,675
BSNQ126B7M2,675
BSNQ126B8A2,675
BSNQ126B8A4,670
BSNQ126B8R4,670
BSNQ126B8R8,670
BSNQ126BAH4,675
BSNQ126BAR4,648
BSNQ126BAX4,648
BSNQ126BRY4,670
BSNQ126HBR0,720
BSNQ126HFA1,720
BSNQ126HM10,720
BSNQ126HXA1,720
BSNQ126J2K0,780
BSNQ126J3A0,780
BSNQ126J3A2,780
BSNQ126J4E2,780
BSNQ126J5E2,780
BSNQ1865NA0,500
BSNQ186C4A1,496
BSNQ186C4A2,432
BSNQ186C4A3,432
BSNQ186C4A7,432
BSNQ186C4D3,400
BSNQ186C7A1,496
BSNQ186C7M1,496
BSNQ186C8A1,496
BSNQ186C8A3,432
BSNQ186C8A4,432
BSNQ186C8R2,432
BSNQ186C8R6,432
BSNQ186CAH1,496
BSNQ186CAR2,400
BSNQ186CAX2,400
BSNQ186CER3,432
BSNQ186CM13,432
BSNQ186CXA3,432
BSNQ186K2B2,495
BSNQ186K2K0,495
BSNQ186K3A0,495
BSNQ186K3A1,495
BSNQ186K3B2,495
BSNQ186K4E1,495
BSNQ18DXZA,558
BSNQ246C4A1,496
BSNQ246C4A2,432
BSNQ246C4D2,400
BSNQ246C7A1,420
BSNQ246C7M1,496
BSNQ246C8A1,496
BSNQ246C8A2,432
BSNQ246C8R2,432
BSNQ246C8R3,432
BSNQ246CAH1,496
BSNQ246CAR2,400
BSNQ246CAX2,400
BSNQ246CER2,432
BSNQ246CM12,432
BSNQ246CXA2,432
BSNQ246K2B2,495
BSNQ246K2K0,495
BSNQ246K3A0,495
BSNQ246K3A1,495
BSNQ246K3B2,495
BSNQ246K3B3,495
BSNQ246K4E1,495
BSNW0964F71,880
BSNW186K3B0,495
BSNW246K3B0,495
BSU12BEYD,490
BSU12IBE,392
BSU12IMA,392
BSU12MAYD,490
BSU12PMZD,490
BSU18APZE,558
BSU18BEYD,171
BSU18IBE,304
BSU18IMA,304
BSU18MAYD,171
BSU24BEYD,171
BSU24IBE,171
BSU24IMA,171
BSU24MAYD,171
BSUC0964NA0,490
BSUC096HYA1,490
BSUC1264NA0,490
BSUC126HYA0,304
BSUC1865NA0,304
BSUC186CYA0,171
BSUC246C4A0,171
BSUC246CYA0,171
BSUH0764DA0,344
BSUH0764GA0,344
BSUH0964DA0,344
BSUH0964DM0,344
BSUH0964GA0,344
BSUQ0964NA0,490
BSUQ096B4A2,344
BSUQ096B4A5,490
BSUQ096B7A3,490
BSUQ096B7A6,530
BSUQ096B8A5,530
BSUQ096BAH7,530
BSUQ096BAR7,490
BSUQ096BAX7,490
BSUQ096BRY7,490
BSUQ096HBR0,490
BSUQ096HM10,392
BSUQ096J2K0,490
BSUQ096J3A0,490
BSUQ096J3A2,490
BSUQ096J3A3,490
BSUQ096J4E2,490
BSUQ096J5E2,392
BSUQ096W4A0,490
BSUQ096W4D1,490
BSUQ096WEA4,490
BSUQ096WFA3,490
BSUQ096WXA3,392
BSUQ096WXF2,490
BSUQ1264NA0,490
BSUQ126B2U1,344
BSUQ126B4A1,344
BSUQ126B4A2,490
BSUQ126B4A3,530
BSUQ126B4D4,490
BSUQ126B7A2,530
BSUQ126B7A3,530
BSUQ126B7M2,530
BSUQ126B8A2,530
BSUQ126B8A4,490
BSUQ126B8R4,490
BSUQ126B8R8,490
BSUQ126BAH4,530
BSUQ126BAR4,490
BSUQ126BAX4,490
BSUQ126BRY4,490
BSUQ126HBR0,490
BSUQ126HFA1,490
BSUQ126HM10,392
BSUQ126HXA1,392
BSUQ126J2K0,490
BSUQ126J3A0,490
BSUQ126J3A2,490
BSUQ126J4E2,490
BSUQ126J5E2,392
BSUQ1865NA0,304
BSUQ186C4A1,186
BSUQ186C4A2,171
BSUQ186C4A3,312
BSUQ186C4A7,312
BSUQ186C4D3,288
BSUQ186C7A1,186
BSUQ186C7M1,186
BSUQ186C8A1,186
BSUQ186C8A3,312
BSUQ186C8A4,312
BSUQ186C8R2,171
BSUQ186C8R6,171
BSUQ186CAH1,186
BSUQ186CAR2,165
BSUQ186CAX2,165
BSUQ186CER3,312
BSUQ186CM13,304
BSUQ186CXA3,304
BSUQ186K2B2,171
BSUQ186K2K0,171
BSUQ186K3A0,171
BSUQ186K3A1,171
BSUQ186K3B2,171
BSUQ186K4E1,171
BSUQ18DXZA,171
BSUQ246C4A1,171
BSUQ246C4A2,171
BSUQ246C4D2,165
BSUQ246C7A1,165
BSUQ246C7M1,124
BSUQ246C8A1,186
BSUQ246C8A2,171
BSUQ246C8R2,171
BSUQ246C8R3,171
BSUQ246CAH1,124
BSUQ246CAR2,165
BSUQ246CAX2,165
BSUQ246CER2,171
BSUQ246CM12,171
BSUQ246CXA2,171
BSUQ246K2B2,171
BSUQ246K2K0,171
BSUQ246K3A0,171
BSUQ246K3A1,171
BSUQ246K3B2,171
BSUQ246K3B3,171
BSUQ246K4E1,171
BSUW0964F71,344
BSUW186K3B0,171
BSUW246K3B0,171
BTNI07GTRP,486
BTNI09GTRP,486
BTNI12GTRP,486
BTNI15GTQP,432
BTNI18GTQP,432
BTNI24GTPP,216
BTNI28GTPP,216
BTNI36GTNP,208
BTNI42GTMP,182
BTNI48GTMP,182
BTNI76GB8S,70
BTNI76GB8Z,70
BTNI96GB8S,70
BTNI96GB8Z,70
BTON06LUH3,52
BTON08LUH4,28
BTON10LUH3,28
BTON10LUH4,28
BTON12LUH3,23
BTON12LUH4,23
BTON14LUH3,23
BTON14LUH4,23
BTON16LUH3,23
BTON16LUH4,23
BTON18LU4,23
BU50NST,736
BUEL000HBE1,120
BUEL000HBE2,120
BUW1100M9S,102
BV096STQ,684
BV126STQ,684
BV186STQ,464
BV246STQ,464
BWC126CBMK0,300
BWC4018KE1,1
BWC4818KE1,1
BWJ1,2240
BWJ1V,3840
BWJ2,2240
BWJ2V,3840
BWL1,1920
BWL1V,3840
BWM1V,3840
C0327EA4N41,127008
C0327EA4N42,127008
C0427EA6N41,224832
C0427EA6N42,224832
C0527EA4T41,147840
C0527EA4T42,147840
C0627EB5N41,72000
C07LHE,864
C07LHH,864
C07LHR,864
C07LHU,407
C096MQ,864
C096NQ,864
C096RQ,864
C09AHR,648
C09AHU,489
C09AWM,832
C09AWR,832
C09AWU,316
C09LH,648
C09LHB,864
C09LHD,864
C09LHE,864
C09LHH,864
C09LHR,864
C09LHU,489
C09PHT,220
C09RHT,220
C09SQ,648
C1-GB,1260
C1-GR,1260
C1-GW,1260
C10GN,720
C10GU,490
C112WN22RN,51
C126NQ,720
C126RQ,832
C126UQ,489
C126VQ,720
C12AHR,648
C12AHU,316
C12AWM,832
C12LH,648
C12LHD,832
C12LHE,720
C12LHH,720
C12LHR,720
C12LHU,489
C12PHT,220
C12RHT,220
C12SQ,648
C13GN,720
C13GU,312
C182EC1,218
C182EH1,218
C18GN,432
C18GU,171
C18LHR,620
C18LHU,272
C18PHT,140
C18RHT,140
C23RF,1232
C23SF,1232
C23YF,1232
C23ZF,1232
C242EC1,218
C242EH1,218
C246NQ,272
C24AWU,171
C24PHT,140
C24RHT,140
C30WH,112
C33AF,1232
C33BF,1232
C33FNT,1260
C33PF,1232
C33RF,1232
C33RFY,1260
C33SF,1232
C33SFST,1232
C33VF,1232
C33ZF,1232
C33ZFY,1260
C382FR22LN,51
C382LA22RN,51
C382LA22RNK,54
C40BGMY,1120
C40KFHT,1120
C40RF,1120
C40RFHT,1120
C40RGI,1120
C40SFHT,1120
C40SGY,1120
C40WGY,1120
C46RG,1120
C513LA22RNK,42
C711WN22RN,69
C74BGQ,1114
C74RGQ,1114
C74SGN,1114
C75RGQ,1114
C75SGN,1114
C8-116,768
C8-122,480
CA07AWR,648
CA07AWV,648
CA07AWW,648
CA09AWR,648
CA09AWV,648
CA09AWW,648
CA09LHR,648
CA09LHV,648
CA09LHW,648
CA09RWK,680
CA09UWK,489
CA12AWR,648
CA12AWV,648
CA12AWW,648
CA12LHR,648
CA12LHV,648
CA12LHW,648
CA12RWK,680
CA12UWK,489
CA17SG,648
CA18AWR,488
CA18AWV,488
CA18AWW,488
CA1MB,140
CA24AWR,488
CA24AWV,488
CA24AWW,488
CA25SG,488
CACEZA000,6840
CACM4B000,16212
CACM5A000,4680
CACP4B000,4680
CACP5A000,4680
CACS4B000,10064
CACS5A000,10064
CAS10604A,182
CAS13304DA,182
CB-2852S1,1625
CB-3002B1,1625
CB-3402B1,1625
CB-4002B1,1625
CB-4202B1,1625
CB-4302R1,1625
CB-4302S1,1625
CB-4302T1,1625
CB-4502B1,1625
CB-5802R1,1625
CB-5802U1,1625
CB-5802U2,1625
CB09L,300
CB12L,300
CB18,294
CB18L,300
CB24,294
CB24L,240
CB30PFNF,57
CBB4W01,3600
CBEW3013BE,704
CBEW3017BE,704
CBEW3613BE,656
CBEW3617BE,656
CBEZ2413B,1240
CBEZ2414B,1240
CBEZD2414B,1240
CBEZM2414B,1240
CBGJ3023D,440
CBGJ3023S,440
CBGJ3027S,440
CBGJ3623D,360
CBGJ3623S,360
CBGJ3627S,360
CBGK3029S,440
CBGK3629S,360
CBGS3028N,440
CBGS3028S,440
CBGS3628N,360
CBGS3628S,360
CBGZ2414S,1048
CBGZ3016S,728
CBIH3013B,704
CBIH3013BE,704
CBIH3017B,704
CBIH3017BE,704
CBIH3613B,656
CBIH3613BE,656
CBIH3617B,656
CBIH3617BE,656
CBIK3019G,704
CBIK3019GE,704
CBIS3018BE,704
CBIS3618B,533
CBIS3618BE,533
CBIZ2432B,918
CBIZ2435B,1296
CBIZ2437B,1240
CBIZ3035B,805
CBR1052A1,4800
CBR1054A1,4800
CBR1102A1,4800
CBR1153A1,4800
CBR804A1,4800
CBR954A1,4800
CBYD2415G,780
CBYD2416G,780
CC07AWR,792
CC07AWV,792
CC09AWR,720
CC09AWU,316
CC09AWV,720
CC12AWR,720
CC12AWU,316
CC12AWV,720
CC18AWR,540
CC18AWU,171
CC18AWV,540
CC24AWR,540
CC24AWU,171
CC24AWV,540
CD0250Y1DC,8640
CD0300Y1DC,8640
CD0320Y1DC,8640
CD0501Y1A,10080
CD0501Y1B,10080
CD0652Y1A,10080
CD0654Y1A,10080
CD0702Y2A,10080
CD0702Y3A,10080
CD0712Y1A,10080
CD0712Y2A,10080
CD0712Y2B,10080
CD1102Y2A,5600
CD1102Y3A,5600
CD1102Y3B,5600
CD1102Y4A,5600
CD1302Y1A,5600
CD1302Y2A,5600
CD1302Y3A,5600
CD1302Y3B,5600
CD1302Y4A,5600
CD1302Y4B,5600
CD1302Y5A,5600
CD1302Y5B,5600
CD1402Y1,3840
CD1602Y1A,5600
CD1602Y2A,5600
CD1602Y2B,5600
CD1602Y3A,5600
CD1602Y3B,5600
CD1602Y4A,5600
CD1902Y1A,8920
CD1902Y2A,8920
CD1912Y1A,8920
CD1912Y2A,8920
CD2402Y1,3840
CD3102Y1,1920
CD3502Y1A,3840
CD3502Y2A,3840
CD3502Y4A,3840
CD3512Y1,3840
CD3512Y2,3840
CD3802Y1A,1920
CD3802Y2,1920
CD4002Y2A,1920
CD4002Y3A,1920
CD4202Y1A,1920
CD4202Y2,1920
CD5302Y1,1625
CD7BKWM,150
CD8BP2WM,150
CD8BPBM,150
CD9BPRWM,150
CD9BPWN,102
CDA0050Y1H,8640
CDA0050Y1S,8640
CDA0124Y1S,8640
CDA0208N1R,2400
CDA0208N2R,2400
CDA0300Y2DC,8640
CDA0361B1R,20160
CDA0408B1R,2400
CDA0408B2R,2400
CDB0080Y1S,13440
CDB0080Y3S,13440
CDB0080Y5S,8640
CDB0080Y9S,8640
CDB0084Y1S,13440
CDB0090Y1S,8640
CDB0090Y2S,8640
CDB0350Y1S,8640
CDB0366B1R,47040
CDB0368B1R,47040
CDB0368B2R,2400
CDB0369B1R,2400
CDB0369B2R,2400
CDC0054Y1S,8640
CDC0354B1R,2400
CDD0050V1H,8640
CDD0050V1S,8640
CDD0050V2H,8640
CDD0050V2S,8640
CDD0050V3H,8640
CDD0050V3S,8640
CDD0050V4H,8640
CDD0050V5H,8640
CDD0050Y1S,8640
CDD0050Y2S,8640
CDD0209N1R,8640
CDD0209N2R,8640
CDD0209N3R,8640
CDE0140Y1S,8640
CDE0140Y2S,8640
CDE0140Y3S,8640
CDE0140Y4S,8640
CDE0367B1R,2400
CDG0110Y1S,8640
CDG0407N1R,8640
CDG27MSCPS,90
CDG27PUCPB,90
CDG27RLCNS,90
CDG27RLQES,90
CDG27RSCES,90
CDG27RSCNS,90
CDG27RSOES,90
CDG27RSQES,90
CDG27RUCES,90
CDR301A1,8920
CDR351A1,8920
CDR368Y2DC,2400
CDR401A1,8920
CDR408Y1DC,2400
CDR408Y2DC,2400
CDR451A1,8920
CDR481A1,8920
CDR488A1,8920
CDR501A1,8920
CDR551A1,8920
CDR601A2,8920
CDR601A3,4800
CDR601A4,8920
CDR601A5,4800
CDR608A2,8920
CDR608B1,5600
CDR651A1,4480
CDR651A2,4480
CDR651A3,4480
CDR651B1,8920
CDR661A1,4800
CDR661A2,4800
CDR701A1,8920
CDR701A2,8920
CDR701A3,5600
CDR701A4,8920
CDR701A5,8920
CDR701A6,5600
CDR701A7,8920
CDR721A1,4800
CDR751A1,4480
CDR751A2,8920
CDR751A3,8920
CDR751A4,8920
CDR801A4,40560
CDR851A1,5600
CDR851A2,8920
CDR858A1,8920
CDS0054Y1S,8640
CDT29CUOES,56
CDT29MLQES,56
CDT29MLQNS,56
CDT29MSCES,56
CDT29MSCNS,56
CDT29MSCPS,56
CDT29MSOES,56
CDT29MSONS,56
CDT29MSQPS,56
CDT29MUCES,56
CDT29MUCNS,56
CDT29MUOES,56
CDT29MUONS,56
CDT29MUQNS,56
CDT29MUQPS,56
CE5Z3625BN,756
CEA0044B1S,8640
CEA0070E1S,8640
CEA0074B2S,8640
CEA0075E1S,8640
CEA0080E1S,8640
CEA0090B1S,8640
CEA0090B2S,8640
CEA0090E1S,8640
CEA0094B1S,8640
CEA0094B2S,8640
CEA0094L1S,8640
CEA0100B1S,8640
CEA0100E1S,8640
CEA0100L1S,8640
CEA0108B1S,8640
CEA0110B1S,8640
CEA0114B1S,8640
CEA0184B1S,8640
CEA0190E1S,8640
CEA0224B1S,8640
CEA0230E1S,8640
CEA0290B1S,8640
CEA0294B1S,8640
CEA0350B1S,8640
CEA0381N1R,2400
CEA0382N1R,2400
CEA0384N1R,2400
CEA0481N1R,2400
CEA0482N1R,2400
CEA0482N2R,2400
CEB0054E1S,8640
CF122CW,832
CF182CW,550
CF242CW,550
CF35PBF,54
CF35PNFL,54
CF35PTFL,54
CF4A006C2TA,486
CF4A007C2TA,486
CF4A009C2TA,486
CF4A012C2TA,432
CF4A019C2TA,234
CF4A021C2TA,234
CF4A025C2TA,208
CF4A031C2TA,208
CF4A041C2TA,182
CG5Z2414SJ,1048
CG5Z3626S,615
CG5Z3626SJ,615
CH09AWR,488
CH12AWR,488
CHBW096A1,86
CHBW108A1,52
CHBW126A1,52
CHBW128A1,43
CHBW146A0,52
CHBW146A1,43
CHBW148A1,52
CHN1426,303
CHN1429,303
CHN1436,303
CHN1439,303
CHNW14806A1,303
CHNW14809A1,303
CHNW14A06A1,303
CHNW14A09A1,303
CHR1053A2,4800
CHR944A1,2400
CHR944B1,2400
CHR983A2,4800
CHR984B1,2000
CI5Z2420BN,918
CI5Z2421BN,918
CI5Z2423BN,918
CI5Z3025BN,805
CI7Z2435BA,1240
CI7Z2437BA,918
CI7Z2438BA,918
CI7Z3035BA,805
CI7Z3038BA,697
CJ1002L1H,4480
CJ1282B1H,4480
CJ1342P1,4480
CJ1342P2H,4480
CJ1350E7,4480
CJ1353B1,4480
CJ1500B1H,4480
CJ1500B5,4480
CJ1522B1H,4480
CJ1570B1H,4480
CJ1800B5H,4480
CJ1803B1,4480
CJ1832B1H,4480
CJ1850E1H,4480
CJ1900B2H,4480
CJR554L1,8960
CJR804L1,8960
CJR804L3,8960
CJR904E10,8960
CJR904E11,8960
CJR904E9,8960
CJR954E5,8960
CJR954E6,8960
CJR954T1,8960
CK0672B1,5600
CK0672B2,5600
CK0672P2,5600
CK0700E2,5600
CK0912B2,5600
CK0912B3,5600
CK0912P2,5600
CK0920E1,5600
CK0942E1,5600
CKR774B1,8960
CKR774B2,8960
CKR854B1,8960
CKR854B2,8960
CKR854T1,8960
CKR904B1,8960
CKR904B2,8960
CKR954B1,8960
CL0100J11G,19200
CL0100J11J,2000
CL0100J11M,6400
CL0120J01C,2000
CL0120J01G,19200
CL0120J02G,19200
CL0120J02M,6400
CL0120J03J,2000
CL0120J03M,6400
CL0120J04J,2000
CL0120J05J,2000
CL0120J06J,2000
CL0120J11M,6400
CL0120J12M,6400
CL0120J13M,6400
CL0120J21J,2000
CL0120J21M,6400
CL0120J22M,6400
CL0120J23M,6400
CL0150B02J,6400
CL0150E01G,19200
CL0150E01J,6400
CL0150E11M,6400
CL09F,420
CL09R,300
CL12F,420
CL12R,300
CL18F,360
CL18R,300
CL24F,240
CL24R,240
CM0103B1,8640
CM0103B2,8640
CM0103H1,8640
CM0112E2,8640
CM060613PDA,115200
CM07LCS,1008
CM09LCG-1,864
CM09LCR-1,864
CM09LCS-1,864
CM18,224
CM18F,256
CM18LCR-1,500
CM18R,224
CM20T5S2E,159
CM24,224
CM24F,256
CM24R,224
CMB-1004L1,5600
CMB-1030B1J,5600
CMB-1060B1J,5600
CMB-1102E2J,5600
CMB-1162L2J,4480
CMB-1164L1,5600
CMB-1342E1J,4480
CMB-372E1,5600
CMB-432L1,5600
CMB-554B1R,8960
CMB-670B1J,5600
CMB-702E1J,5600
CMB-702L1J,4480
CMB-704E1R,8960
CMB-720B1J,10080
CMB-760B1J,5600
CMB-762B1J,5600
CMB-774B10R,8960
CMB-774B8R,8960
CMB-774E8R,8960
CMB-774E9R,42560
CMB-832B1J,5600
CMB-854B3R,8960
CMB-854B5R,8960
CMB-854E10R,8960
CMB-854E11R,8960
CMB-854E12R,8960
CMB-854E7R,8960
CMB-890B1J,5600
CMB-904B1R,8960
CMB-904B2R,8960
CMB-904B4R,8960
CMB-912B1J,5600
CMB-912L1J,4480
CMB-960B1J,5600
CMB7030SKSS,180
CMC-104E1R,4800
CMC-104E2,8640
CMC-104E3,8640
CMC-113B1,8640
CMC-127E1R,46080
CMC-127L1R,4800
CMC-128B2R,46080
CMC-128I3,8640
CMC-128L1R,46080
CMC-133B2R,4800
CMC-134B1,8640
CMC-134B2,8640
CMC-134B2R,4800
CMC-134E1,8640
CMC-137E1,8640
CMC-138B2,8640
CMC-138B6,8640
CMC-138E1,8640
CMH-1800B1,3840
CMH-2100B2,3840
CMH-2102E2,3840
CMH-2200B1,3840
CMH-2202E1,3840
CMH-2302E1R,4800
CMH-2400B1,3840
CMH-2400B2,3840
CMH-2600B1,3840
CMH-2602E1,3840
CMH-2800B1,3840
CMH-2800B4,3840
CMH-2802E1,3840
CMH-2902B1,3840
CMH-3000B5,3840
CMH-3002B1,3840
CMH-3002E3,3840
CMH-3202B1,3840
CMH-3300B1,3840
CMH-3300B1R,4800
CMH-3300B2,3840
CMH-3300E1,3840
CMH-3300E2,3840
CMH-3300E3,3840
CMH-3302B2,3840
CMI-2500K1R,4480
CMI-3300K1R,4480
CMI-3300K2,1920
CMJ-1200B4,4480
CMJ-1350B4,4480
CMJ-1350B5,4480
CMJ-1350B6,4480
CMJ-1600B1,4480
CMJ-1600B4,4480
CMJ-1700B5H,4480
CMJ-170B2H,4480
CMJ-1800B4H,4480
CMJ-1800B5H,4480
CMJ-1802E1H,4480
CMJ-804L1R,8960
CMJ-804L2R,8960
CMJ-804T1R,8960
CMJ-904B1R,8960
CMJ-904E7R,8960
CMJ-904E8R,40320
CMJ-904E9R,8960
CMP-1650W1,3840
CMP-2100R1,3840
CMP-2100U1H,3840
CMP-2102R1,3840
CMP-2200W1,3840
CMP-2500R1,3840
CMP-2500U1,3840
CMP-2550W1H,3840
CMP-2552W1H,3840
CMP-2602R1,3840
CMP-2602S1,3840
CMP-2602T1,3840
CMP-654A2R,5600
CMP-854A2R,5600
CMP-952A1R,5600
CMP-964A2R,5600
CMQ-1052B2R,5600
CMQ-1052B3R,5600
CMQ-1602B1,3840
CMQ-1604B1B,3840
CMQ-1650E1J,3840
CMQ-1800B2J,3840
CMQ-1802B3,3840
CMQ-1802E2J,3840
CMQ-1804B1B,3840
CMQ-1900B1H,3840
CMQ-1900B1J,3840
CMQ-1900B3J,3840
CMQ-1902B1J,3840
CMQ-2002B1H,3840
CMQ-2002E2J,3840
CMQ-2100B1J,3840
CMQ-2200B1H,3840
CMQ-2200B1J,3840
CMQ-2200B2J,3840
CMQ-2200E1J,3840
CMQ-2202B1,3840
CMQ-2202B2,3840
CMQ-2202E2J,3840
CMQ-2202E3J,3840
CMQ-2203B1H,3840
CMQ-2204B1B,3840
CMQ-2204B2B,3840
CMQ-2300E1J,3840
CMQ-2300E2J,3840
CMQ-2300E4J,3840
CMQ-2300E7J,3840
CMQ-2300E9J,3840
CMQ-2302E1J,3840
CMQ-2303E1H,3840
CMQ-2303E2H,3840
CMQ-2400B1J,3840
CMQ-2500B2J,3840
CMQ-2500E3J,3840
CMQ-2502B1J,3840
CMQ-2602B1,3840
CMQ-2602B2,3840
CMQ-2900B1,3840
CMQ-754A1R,5600
CMQ-854A1R,5600
CMQ-854B1R,5600
CMQ-854T1R,5600
CMQ-952B2R,5600
CMQ-952B3R,5600
CMQ-962B1R,5600
CMQ-964A1R,5600
CMQ-964B1R,5600
CMQ-964T1R,5600
CMR-451L1,2400
CMR-500L1,2400
CMS-2300W1R,4800
CMS-3400W1M,2400
CMS-3600B2R,4800
CMS-3600B3,1920
CMS-3900B1R,4800
CMS-3900W1M,2400
CMS-4100W1M,2400
CMS-4500B1R,4800
CMS-4800B1R,4800
CMS-4800B2,1920
CMS-4900W1M,2400
CMS-4900W1R,4800
CMS-5302R1M,1920
CMS-5302W1M,1920
CMS-5302W2M,1920
CMS-5302W3M,1920
CMS-5302W4M,1920
CMS-5500U2,2400
CMS051CNC1V,44
CMS051CNC9V,44
CMS068CNC1V,44
CMS068CNC9V,44
CMS102CNC1V,20
CMS102CNC9V,20
CMS136CNC1V,20
CMS136CNC9V,20
CMV-042E1,8640
CMV-042E4,8640
CMV-042H1,8640
CMV-042L1,8640
CMV-042L3,8640
CMV-042L4,8640
CMV-047B2,8640
CMV-047I2,8640
CMV-052E1,8640
CMV-052L2,8640
CMV-057E1,8640
CMV-057L1,8640
CMV-067B4,8640
CMV-067E1,8640
CMV-067E2,8640
CMV-067I2,8640
CMV-067I4,8640
CMV-067J1,8640
CMV-067J3,8640
CMV-067L1,8640
CMV-067L2,8640
CMV-085B1,8640
CMV-256E1R,4800
CMV-256E2R,4800
CMV-256L1R,4800
CMV-356E1R,4800
CMV-356L1R,4800
CMV-406B1R,4800
CMX-124L1,8640
CMX-133B6R,4800
CMX-134E1,8640
CMX-162E5,8640
CMX-162E7,8640
CMX-162I7R,4800
CMX-162L6,8640
CMX-164B1,8640
CMX-164E1,15360
CMX-164E2,8640
CMX-164E3,8640
CMX-182B7R,4800
CMX-182B8,8640
CMX-182E7,8640
CMX-182E8,8640
CMX-182J7R,4800
CMX-183B6,8640
CMX-183I6,8640
CMX-183L6R,4800
CMX-183L9,8640
CMX-212E6,8640
CMX-212L6,8640
CMX-213B6,8640
CMX-213B6R,4800
CMX-222E2,8640
CMX-502E6,8640
CN0108L1,8640
CN07LCS,309
CN09LC0,960
CN09LCWM-1,864
CN12LCS-1,232
CNR501L1,4800
CO103048-05,768000
CP-D18R,210
CP-D18RH,210
CP-D18WLH,210
CP-D18WRH,210
CP-D24R,160
CP-D24RH,160
CP-D24WLH,160
CP-D24WRH,160
CP-D30R,140
CP-D30RH,140
CP-D36R,16
CP-D48FH,32
CP-F99C,80
CP-H11C,40
CP-H22C,80
CP-H33C,20592
CP-H44C,80
CP-J99C,30
CP-M18RH,210
CP-M18WLH,210
CP-M18WRH,210
CP-M24RH,160
CP-M24WLH,160
CP-M24WRH,160
CP-M30RH,140
CP-M36FH,16
CP-M48FH,32
CP05G10A,644
CP05G10B,644
CP06G10,419
CP06G10A,419
CP06G10B,419
CP08G10,419
CP08G10A,419
CP10G10A,300
CP12G10A,300
CP12G10B,285
CP15G10A,192
CP18G30A,176
CP24G30A,176
CPA0054B1S,8640
CPA0074B1S,8640
CPA0074E1S,8640
CPA0094B1S,8640
CPA0094B3S,8640
CPA0381N1R,2400
CPB0044H1S,8640
CPV0252N1R,4800
CPV0254N1R,4800
CPV0352N1R,4800
CQ09,488
CQ12,488
CQ18,488
CQCSZ250S0,16128
CQNFB17C0,4680
CR3365RD,1828
CR3465BB,1828
CRDK3619S,112
CRDK4819S,88
CREMTB001,25872
CREMTB100,25872
CREMTB101,25872
CRGK3617S,112
CRGK3619S,112
CRGK3629S,112
CRGK4817S,88
CRGK4829S,88
CRNN076BTG0,408
CRNN076SUM0,832
CRNN076SUW0,832
CRNN076TCA0,600
CRNN096BJG0,344
CRNN096BTG0,408
CRNN096CBA0,222
CRNN096SPB0,594
CRNN096SPD0,594
CRNN096SUM0,832
CRNN096SUW0,832
CRNN096TCA0,600
CRNN126BTG0,408
CRNN126CBA0,222
CRNN126SPB0,594
CRNN126SPD0,594
CRNN126SUM0,832
CRNN126TCA0,600
CRNN186BHA0,294
CRNN186CCA0,192
CRNN186STA0,600
CRNN186SVM0,461
CRNN186VBA0,219
CRNN246BHA0,294
CRNN246CDA0,174
CRNN246TDA0,168
CRNN246VBA0,219
CRNN286BGA0,223
CRNN366BGA0,223
CRNN486BEA0,110
CRNN486TDA0,168
CRNU05GL1G4,300
CRNU05GSBL4,648
CRNU05GTRA2,486
CRNU05GTRC4,486
CRNU07GB1G2,420
CRNU07GBHA2,294
CRNU07GBHA4,294
CRNU07GCEA4,246
CRNU07GCEU4,338
CRNU07GL1G4,300
CRNU07GL4G4,500
CRNU07GM1A4,224
CRNU07GSBL2,648
CRNU07GSBL4,648
CRNU07GSBR4,648
CRNU07GSER2,720
CRNU07GSF12,612
CRNU07GSJN4,800
CRNU07GSJR4,800
CRNU07GTRA2,486
CRNU07GTRA4,486
CRNU07GTRB4,486
CRNU07GTRC4,486
CRNU07GTUA2,440
CRNU07GTUA4,440
CRNU07GTUB4,440
CRNU07GTUC4,440
CRNU09GB1G2,420
CRNU09GBHA2,294
CRNU09GBHA4,294
CRNU09GCEA4,246
CRNU09GCEU4,338
CRNU09GL1G4,300
CRNU09GL4G4,500
CRNU09GM1A4,224
CRNU09GSBL2,648
CRNU09GSBL4,648
CRNU09GSBR4,648
CRNU09GSER2,720
CRNU09GSF12,612
CRNU09GSJN4,800
CRNU09GSJR4,800
CRNU09GTLA4,384
CRNU09GTRA2,486
CRNU09GTRA4,486
CRNU09GTRB4,486
CRNU09GTRC4,486
CRNU09GTUA2,440
CRNU09GTUA4,440
CRNU09GTUB4,440
CRNU09GTUC4,440
CRNU09GVEA2,432
CRNU12GB1G2,420
CRNU12GBHA2,294
CRNU12GBHA4,294
CRNU12GCEA4,246
CRNU12GCEU4,338
CRNU12GL2G4,300
CRNU12GL5G4,420
CRNU12GM1A4,224
CRNU12GSBL2,648
CRNU12GSBL4,648
CRNU12GSBR4,648
CRNU12GSER2,720
CRNU12GSF12,612
CRNU12GSJN4,800
CRNU12GSJR4,800
CRNU12GTLA4,384
CRNU12GTLC4,384
CRNU12GTRA2,486
CRNU12GTRA4,486
CRNU12GTRB4,486
CRNU12GTRC4,486
CRNU12GTUA2,440
CRNU12GTUA4,440
CRNU12GTUB4,440
CRNU12GTUC4,440
CRNU12GVEA2,432
CRNU15GB1G2,420
CRNU15GBHA2,294
CRNU15GBHA4,294
CRNU15GCEA4,246
CRNU15GCEU4,338
CRNU15GL2G4,300
CRNU15GL5G4,420
CRNU15GM1A4,224
CRNU15GSBL2,648
CRNU15GSBL4,648
CRNU15GSBR4,648
CRNU15GSER2,720
CRNU15GSJN4,800
CRNU15GSJR4,800
CRNU15GTQA2,432
CRNU15GTQA4,432
CRNU15GTQB4,432
CRNU15GTQC4,432
CRNU18GB2G2,270
CRNU18GBHA2,294
CRNU18GBHA4,294
CRNU18GCFA4,195
CRNU18GCFU4,268
CRNU18GL2G4,300
CRNU18GL5G4,420
CRNU18GM1A4,224
CRNU18GS8R2,500
CRNU18GSCL2,488
CRNU18GSCL4,488
CRNU18GSCR4,488
CRNU18GSKN4,558
CRNU18GSKR4,558
CRNU18GTLA2,384
CRNU18GTLA4,384
CRNU18GTLC4,384
CRNU18GTQA2,432
CRNU18GTQA4,432
CRNU18GTQB4,432
CRNU18GTQC4,432
CRNU18GTSC4,272
CRNU18GTTA2,320
CRNU18GTTA4,320
CRNU18GTTB4,320
CRNU18GTTC4,320
CRNU18GV1A4,216
CRNU18GVJA2,264
CRNU21GL3G4,240
CRNU24GB2G2,270
CRNU24GBHA2,294
CRNU24GBHA4,294
CRNU24GCFA4,195
CRNU24GCFU4,268
CRNU24GL3G4,240
CRNU24GL6G4,360
CRNU24GM1A4,224
CRNU24GS8R2,500
CRNU24GSCL2,488
CRNU24GSCL4,488
CRNU24GSCR4,488
CRNU24GSKN4,558
CRNU24GSKR4,558
CRNU24GTLA2,384
CRNU24GTLA4,384
CRNU24GTLC4,384
CRNU24GTPA2,234
CRNU24GTPA4,234
CRNU24GTPC4,234
CRNU24GTSC4,272
CRNU24GTTA2,320
CRNU24GTTA4,320
CRNU24GTTB4,320
CRNU24GTTC4,320
CRNU24GTYA4,120
CRNU24GV1A4,216
CRNU24GVJA2,264
CRNU28GBGA2,223
CRNU28GBHA4,294
CRNU28GM2A4,168
CRNU28GTPA2,234
CRNU28GTPA4,234
CRNU28GTPC4,234
CRNU30GSVA4,461
CRNU36GBGA2,223
CRNU36GBGA4,223
CRNU36GM2A4,168
CRNU36GSVA4,461
CRNU36GTNA2,208
CRNU36GTNA4,208
CRNU36GTNC4,208
CRNU36GTYA4,120
CRNU36GV2A4,160
CRNU36GVKA2,192
CRNU42GBGA2,223
CRNU42GBGA4,223
CRNU42GM2A4,168
CRNU42GTMA2,182
CRNU42GTMA4,182
CRNU42GTMC4,182
CRNU48GBGA4,223
CRNU48GBRA2,120
CRNU48GBRZ2,125
CRNU48GBRZ4,120
CRNU48GM3A4,144
CRNU48GM3B4,144
CRNU48GTMA2,182
CRNU48GTMA4,182
CRNU48GTMC4,182
CRNU48GTYA4,120
CRNU48GV2A4,160
CRNU48GVLA2,152
CRNU54GBRA2,120
CRNU54GBRA4,125
CRNU54GM3A4,144
CRNU54GM3B4,144
CRNU54GTMA4,182
CRNU54GTMC4,182
CRNU76GB8A2,70
CRNU76GB8A4,70
CRNU76GB8Z4,56
CRNU96GB8A2,70
CRNU96GB8A4,70
CRNU96GB8Z2,70
CRNU96GB8Z4,56
CRUB080LTE4,28
CRUB100LTE4,28
CRUB120LTE4,28
CRUB140BTE4,23
CRUB140LTE4,23
CRUB160BTE4,23
CRUB160LT2,25
CRUB160LTE4,23
CRUB180BTE4,23
CRUB180LTE4,23
CRUB200BTE4,23
CRUB200LTE4,23
CRUM080BTE5,30
CRUM080LTE5,30
CRUM081LTE6,28
CRUM100BTE5,30
CRUM100LTE5,30
CRUM101LTE6,28
CRUM120BTE5,30
CRUM120LTE5,30
CRUM121LTE6,28
CRUM140BTE5,24
CRUM140LTE5,24
CRUM141LTE6,23
CRUM160BTE5,24
CRUM160LTE5,24
CRUM161LTE6,23
CRUM180BTE5,24
CRUM180LTE5,24
CRUM181LTE6,23
CRUM200BTE5,24
CRUM200LTE5,24
CRUM201LTE6,23
CRUM220BTE5,24
CRUM220LTE5,24
CRUM221LTE6,23
CRUM240BTE5,24
CRUM240LTE5,24
CRUM241LTE6,23
CRUM260BTE5,24
CRUM260LTE5,24
CRUM261LTE6,23
CRUN040GSS0,104
CRUN040GSS1,104
CRUN040GSS5,110
CRUN050GSS0,52
CRUN050GSS1,104
CRUN060GSS0,52
CRUN060GSS1,104
CRUN080BLS4,30
CRUN080BSS0,52
CRUN080BTE4,30
CRUN080LLS4,30
CRUN080LLS5,23
CRUN080LSS0,52
CRUN080LTE4,28
CRUN081BLS5,30
CRUN081LLS5,30
CRUN1008T0,27
CRUN100BLS4,30
CRUN100BSS0,42
CRUN100BTE5,30
CRUN100LLS4,30
CRUN100LLS5,28
CRUN100LSS0,42
CRUN100LTE4,28
CRUN100LTE5,30
CRUN101BLS5,30
CRUN101LLS5,30
CRUN120BLS4,30
CRUN120BSS0,42
CRUN120BTE4,30
CRUN120BTE5,30
CRUN120LLS4,30
CRUN120LLS5,28
CRUN120LSS0,42
CRUN120LTE4,28
CRUN120LTE5,30
CRUN121BLS5,30
CRUN121LLS5,30
CRUN140BLS4,30
CRUN140BTE4,23
CRUN140BTE5,24
CRUN140LLS4,28
CRUN140LLS5,28
CRUN140LTE4,23
CRUN140LTE5,24
CRUN141BLS5,30
CRUN141LLS5,30
CRUN160BLS4,23
CRUN160BTE4,23
CRUN160BTE5,24
CRUN160LLS4,23
CRUN160LLS5,23
CRUN160LTE4,23
CRUN160LTE5,24
CRUN161BLS5,24
CRUN161LLS5,24
CRUN180BLS4,23
CRUN180BTE4,23
CRUN180BTE5,24
CRUN180LLS4,23
CRUN180LLS5,23
CRUN180LTE4,23
CRUN180LTE5,24
CRUN181BLS5,24
CRUN181LLS5,24
CRUN200BLS4,23
CRUN200BTE4,23
CRUN200BTE5,24
CRUN200LLS4,23
CRUN200LLS5,23
CRUN200LTE4,23
CRUN200LTE5,24
CRUN200LTR4,23
CRUN200LTS4,23
CRUN201BLS5,24
CRUN201LLS5,24
CRUN220BTE5,24
CRUN220LLN4,23
CRUN220LLS5,23
CRUN220LTE5,24
CRUN221BLS5,24
CRUN221LLS5,24
CRUN240BTE5,24
CRUN240LLS5,23
CRUN240LTE5,24
CRUN241BLS5,24
CRUN241LLS5,24
CRUN260BTE5,24
CRUN260LLS5,23
CRUN260LTE5,24
CRUN261BLS5,24
CRUN261LLS5,24
CRUN300LTN5,15
CRUN320LTN5,15
CRUN458S1,25
CRUV030GSD6,171
CRUV040GSD6,104
CRUV050GSD6,104
CRUV060GSD6,104
CRUV100LTS4,28
CRUV200LTS4,23
CRWM080BAS5,100
CRWM080LAS5,100
CRWM100BAS5,100
CRWM100LAS5,100
CRWM120BAS5,100
CRWM120LAS5,100
CRWM140BAS5,100
CRWM140LAS5,100
CRWM160LAS5,100
CRWM180LAS5,100
CRWM200LAS5,100
CRWN080BAS4,98
CRWN080LAS4,98
CRWN100BAS4,98
CRWN100LAS4,98
CRWN120BAS4,98
CRWN120LAS4,98
CRWN140BAS4,98
CRWN140LAS4,98
CRWN160BAS4,98
CRWN160LAS4,98
CRWN180LAS4,98
CRWN200LAS4,98
CRX0260B1S,8640
CRXK3619S,112
CRXK4819S,88
CS-4100U2,1920
CS-5100R1,1920
CS-5100U2,1920
CS-5500R1,1920
CS-6100U1,1920
CS07AQ,648
CS09AQ,648
CS09AQ2,648
CS09AW,900
CS09AWK,900
CS09AWV,900
CS09FWC,780
CS09QWC,780
CS12AQ,648
CS12AQ2,648
CS12AWK,648
CS12AWV,648
CS12FWC,780
CS12QWC,780
CS18AQ,488
CS24AQ,488
CS3007GR,51
CS3018JBQ,67
CS3018JLQ,67
CS3018SBP,67
CS3018SLP,67
CS3020JBQ,62
CS3020JLQ,62
CS3022JBQ,63
CS3022JLQ,63
CS4001AR,51
CS4001HR,48
CS4002DR,51
CS4002KR,51
CS4003JL,51
CSB9120SJSS,180
CSB912M2NS5,192
CSB912P2NS1,192
CSB912P2VS1,192
CSB913M2NS5,180
CSB913M2VS5,180
CSB913P2NS1,180
CSB913P2VS1,180
CSB913P3ND1,180
CSB913P3VD1,180
CSB913P4NW2,180
CSB913P4VW2,180
CSB923M2NS5,180
CSB923P2NS1,180
CSB923P2VS1,180
CSB923P3ND1,180
CSB923P4NW2,180
CSNC306MLB0,414
CSNC366NLB0,333
CSNH306MLD0,414
CSNH366NLD0,333
CSR674A1,4800
CSR724A1,4800
CSR724A2,4800
CSR804A1,4800
CSR904A1,4800
CSUC306MLB0,171
CSUC366NLB0,171
CSUH306MLD0,171
CSUH366NLD0,171
CT09,486
CT09F,486
CT09R,486
CT12,486
CT12F,486
CT12R,486
CT18,432
CT18F,432
CT18R,432
CT24,260
CT24R,234
CT9800SHSS,180
CTA0144B1S,8640
CTD27TSCRW,90
CTD27TSORW,90
CTD27TSQRW,90
CU0110E4,8640
CU0118E1,8640
CU0118E2,8640
CU0118L1,8640
CU0128B1,8640
CU0138B1,8640
CU0138B5,8640
CU0138L2,8640
CU0168E3,8640
CU0170B1,8640
CU07LCS,309
CU09LCWM-1,420
CU12LCS-1,232
CU12LCWM-1,320
CU21WPG,159
CUR501B1,4800
CUR501B2,4800
CUR501B3,4800
CV0040J2,8640
CV0055B1,8640
CV0055E1,8640
CV0055H1,8640
CV0055L1,8640
CV0065E1,8640
CV0070E1,8640
CV0070E2,8640
CV0080B2,8640
CV0080B4,8640
CV0085L1,8640
CV0090B1,8640
CV0090E2,8640
CV0090L1,8640
CV09,432
CV12,432
CV18,264
CV24,264
CV3011BC4,161
CV3011BC4A,161
CV3011WG4,161
CV3011WG4A,161
CV3012MC5,161
CV3012MC5A,161
CV3012WC5,161
CV3012WC5A,161
CV40V5S2E,159
CV5010TS4,161
CV5010TS4A,161
CV5010WG4,161
CV5010WG4A,161
CV5011TS4,161
CV5011TS4A,161
CV5011WG4,161
CV5011WG4A,161
CV5012MC4,161
CV5012MC4A,161
CV5012PC4,161
CV5012PC4A,161
CV5012WC4,161
CV5012WC4A,161
CV5013BC4,159
CV5013BC4A,159
CV5013EC4,159
CV5013EC4A,159
CV5013WC4,159
CV5013WC4A,159
CV5014MC4,159
CV5014MC4A,159
CV5014PC4,159
CV5014PC4A,159
CV5014WC4,159
CV5014WC4A,159
CV50T6S2E1,159
CV50V6S2EE,162
CV54V6S0A,162
CV7011TC4,161
CV7011TC4A,161
CV7011WS4,161
CV7011WS4A,161
CV70V6S1B,162
CV70V6S2BE,162
CV74J7S2QA,159
CV9011EC4,161
CV9011EC4A,161
CV9011WC4,161
CV9011WC4A,161
CV9013EC4,159
CV9013EC4A,159
CV9013WC4,159
CV9013WC4A,159
CV9014BC2,159
CV9014BC2A,159
CV9014PC2,159
CV9014PC2A,159
CV9014WC2,159
CV9014WC2A,159
CV90J7S2BA,159
CV90J7S2BE,159
CV90J7S2QE,162
CV90V6S2BA,159
CV90V7S2Q,162
CV90V7S2QA,159
CV92T5S2SQE,212
CV92T5S4SQE,189
CV94E7S2BA,159
CV94E7S2QA,159
CV94E7S2WA,162
CV94J7S2QA,162
CV94V7S2QN,162
CV94V7S2WN,159
CVM1750SHSS,330
CVM517P2MS1,328
CVM517P2RS1,328
CVM517P3MD1,328
CVM517P3RD1,328
CVM517P4MW2,328
CVM517P4RW2,328
CVM519P2PS1,350
CVM521P2MS1,350
CVM721M2NS5,328
CVNH368CLB0,156
CVNH488DLB0,108
CVR356B1,4800
CVR401B1,4800
CVR401B2,4800
CVR406B1,4800
CVR406B2,4800
CVUH368CLB0,171
CVUH488DLB0,110
CWB7030SLSS,180
CWB713P2NS1,180
CWB713P2VS1,180
CWG27MDOHS,90
CWG27MSCRS,90
CWG27MSORS,90
CWG27PDCRB,90
CWT29MSCRS,56
CY1302K1,5600
CY3802K1,1920
CYR724A1,4800
CYR801A1,8920
CYR804A1,4800
D005KD1N111,180
D007KEEN261,512
D008KE1N211,360
D010KE1N211,360
D010KE1N21A,72
D012D02DW,49300
D015KE1N212,360
D015KE1N21B,360
D024D02DW,56952
D048D05DW,52164
D05MX,840
D05RX,840
D05YXA,840
D05ZXA,840
D0730RW904C,23040
D0750RW904C,23040
D0757RW904C,19200
D07MX,840
D07RX,840
D07TT2,946
D07YXA,840
D07ZXA,840
D09AK,648
D09CM,800
D09MX,840
D09MX-2,720
D09NAK,648
D09RN,800
D09RX,840
D09RX-2,720
D09TE,650
D09TPH,275
D09TR,650
D09TT2,946
D09YXA,720
D09ZXA,720
D1030RW2T3A,19440
D1030RW2T3C,19440
D1030RW4T3A,22680
D1030RW4T3C,22680
D1030RW6T3A,22680
D1030RW6T3C,19440
D1040RW2T3A,19440
D1040RW2T3C,19440
D1040RW4T3A,22680
D1040RW4T3C,22680
D1040RW6T3A,22680
D1040RW6T3C,19440
D10AWH,860
D10AWH0,880
D10CMV,720
D10F3D6DNK4,33600
D10F3S6DNK4,33600
D10LMV,720
D10RIV3,780
D10SMV,780
D10T3S6DNK4,33600
D1130RW906D,9450
D1130RW9161,12000
D1130RW9N61,12000
D1130RW9N6A,10560
D1130RW9N6C,12000
D1130RW9N6K,12000
D1130RW9T3A,19200
D1140RW906D,9450
D1140RW9N62,12000
D1140RW9N6A,10560
D1140RW9N6C,12000
D1140RW9N6J,9450
D1140RW9N6K,12000
D1140RW9T3A,19200
D1157RW9161,12000
D1157RW9N61,12000
D1157RW9N62,12000
D1157RW9N6A,9600
D1157RW9N6J,9450
D1157RW9N6K,12000
D11AJH,780
D1230RH616B,3500
D1230RH816B,4200
D1240RH616B,3500
D1240RH816B,4200
D1250RH616B,3500
D1250RH816B,4200
D1252WF,158
D1254CF,158
D1257RW9061,9450
D1257RW9062,9450
D1265MF,158
D1265MF1,158
D12AK,648
D12AT,800
D12CM,800
D12NAK,648
D12RN,800
D12RX,720
D12TA,158
D12TE,650
D12TPH,275
D12TR,650
D12TT,880
D12YXA,720
D1330RW906A,6720
D1330RW906B,9000
D1330RW906C,9450
D1340A-06R,10000
D1340C-06R,8820
D1340RW906A,9000
D1340RW906B,9000
D1340RW906C,9450
D1340RW9Z6A,6720
D1350RW906A,6720
D1350RW906B,9000
D1350RW906C,9450
D1350RW9Z6A,6720
D1357A-06R,5520
D1357C-06R,8820
D1357RW906A,9000
D1357RW906C,9450
D1357RW9Z6A,6720
D13AJH,880
D13AJH0,880
D13CMV,720
D13LMV,720
D13RIV3,780
D13SMV,780
D14006IX,158
D1401TB1,140
D14020WHS,159
D14026IXS,159
D14028WH,158
D14029SL,158
D14110WH,159
D1411TF,158
D14120WHS,159
D14121WH,158
D14126IXS,159
D1412TB,140
D14131WF,158
D14135LF,158
D14136IXS,159
D14138AC,158
D1417WF,158
D1417WFB,159
D1418LF,158
D1418MF,158
D1418TF,158
D1418WF,158
D1419LF,158
D1419LFB,158
D1419MF,158
D1419MFB,158
D1419TF,158
D1419WF,158
D1420BF,158
D1420BFB,158
D1420CF,158
D1420DF,158
D1420LF,158
D1420MF,158
D1420MFB,158
D1420TF,150
D1420WF,158
D1420WFB,158
D1421CF,158
D1421LF,158
D1421MF,158
D1421MFS,158
D1421TF,158
D1421WF,158
D1422BF,158
D1422LF,158
D1422MF,158
D1422MFB,158
D1422WF,158
D1422WFB,158
D14236TF,158
D1423CF,158
D1423LF,158
D1423MF,158
D1423MFB,158
D1423WF,158
D1425TB,141
D1426DB1,141
D1426TB,141
D1426TB1,141
D1427TF,152
D14340WH,159
D1435BB,141
D1435TB,141
D1435TB1,150
D1435WB,141
D1438DB,142
D1438TB,142
D1441LF,2040
D1441SF,159
D1441WF,2040
D1442CF,159
D1442MF,159
D1442SF,159
D1443CF,159
D1443LF,159
D1443WF,159
D14443WHS,159
D14446IXS,159
D14447IXS,159
D1444BF,159
D1444CF,159
D1444LF,159
D1444MF,159
D1444SF,159
D1444TF,159
D1444WF,159
D1445SF,159
D1445SFSL,2040
D1445WFSL,2040
D1446SFS,159
D1446WFS,159
D1447LF,158
D1447WF,158
D1450LF,2040
D1450LF1,159
D1450WF,2040
D1450WF1,159
D1451LF,159
D1451WF,2040
D1452CF,159
D1452LF,2040
D1452MF,159
D1452SF,159
D1452TF,159
D1452WF,2040
D1453CF,159
D1453LF,159
D1453MF,159
D1453TF,159
D1453WF,159
D1453WF1,159
D1454BF,159
D1454CF,159
D1454CF1,159
D1454CFN,159
D1454DF,159
D1454TF,159
D1454TFS,159
D1454WF,159
D1454WF1,159
D1455CF,159
D1455TF,159
D1455WF,159
D14563WHS,159
D14566IXS,159
D14567IXS,159
D1462CF,159
D1462MF,159
D1462SF,159
D1463CF,159
D1463LF,159
D1463MF,159
D1464CF,159
D1464DF,159
D1464LF,2040
D1464MF,159
D1464SF,159
D1464WF,2040
D1465CF,159
D1465DF,159
D1465LF,2040
D1465TF,2040
D1465WF,2040
D1468MB,158
D1469TB,158
D1470BB,141
D1470TB,150
D1470TBR,141
D1470WB,141
D1471BB,150
D1471BB1,140
D1471DB1,141
D1471DBK,141
D1471TB,141
D1471TB1,141
D1471TBK,141
D1471WB,141
D1471WB1,141
D1472TB,141
D1472TB1,140
D1473WF,159
D1474CF,159
D1474WF,159
D1475TUR,141
D1475TUR1,141
D1482CF,159
D1482SF,159
D1482SFB,159
D1482WF,159
D1482WFB,159
D1483BF,159
D1483CF,159
D1483WF,159
D1484BF,159
D1484CF,159
D1484CF1,159
D1484CFN,159
D1484DF,159
D1484WF,159
D1485CF,159
D1485TF,158
D14867IXS,159
D1486LF,159
D1494CF,159
D1495CF,159
D1539TU,142
D15A5TU,140
D1607BB,141
D1607TB,141
D1607WB,141
D1608TB,140
D1608WB,140
D1613BB,140
D1613TB,141
D1613WB,141
D1616TB,142
D1635RH8161,4200
D1640RH8161,4200
D186RQ,540
D186UQ,272
D18AK,488
D18CM,558
D18CMV,432
D18LV,432
D18RL,464
D18RN,558
D18RX,432
D18SMV,495
D18TEH,185
D18TIH,558
D18TPH,185
D18TT,550
D18YXA,432
D19AKH,550
D19AKH0,550
D19RIV3,495
D1C30EW9T51,5120
D2130RW906D,9450
D2130RW908D,5040
D213MBE33,121
D213MCW33,121
D2140RW906D,9450
D2140RW908D,5040
D2140RW9N6J,9450
D2157RW9N6J,9450
D215MEE13,121
D215MHH13,121
D2230RH616B,3500
D2230RH816B,4200
D2230RH818B,3600
D2230RL618B,3000
D2230RW9161,12000
D2230RW9N61,12000
D2230RW9N6A,9600
D2230RW9N6C,12000
D2230RW9N6K,12000
D2235RH7181,4200
D2240RH616B,3500
D2240RH7181,4200
D2240RH816B,4200
D2240RH818B,3600
D2240RL618B,3000
D2240RW9N62,12000
D2240RW9N6A,10560
D2240RW9N6C,12000
D2240RW9N6K,12000
D2250RH616B,3500
D2250RH816B,4200
D2250RH818B,3000
D2250RL618B,3000
D2257RW9061,9450
D2257RW9062,9450
D2257RW9161,12000
D2257RW9N61,12000
D2257RW9N62,12000
D2257RW9N6A,9600
D2257RW9N6K,12000
D2330RW906A,6720
D2330RW906B,9000
D2330RW906C,9450
D2330RW908A,4800
D2330RW908B,4800
D2330RW908C,5040
D2340A-06R,10000
D2340RW906A,9000
D2340RW906B,9000
D2340RW906C,9450
D2340RW908A,4800
D2340RW908B,3840
D2340RW908C,5040
D2340RW9Z6A,6720
D2350RW906A,6720
D2350RW906B,9000
D2350RW906C,9450
D2350RW908A,4800
D2350RW908B,3840
D2350RW908C,5040
D2350RW9Z6A,6720
D2357A-06R,10000
D2357C-06R,8820
D2357RW906A,9000
D2357RW908C,3840
D2357RW9Z6A,6720
D246BQ,540
D246RQ,540
D246UQ,272
D24AKH,550
D24AKH0,550
D24CM,600
D24RL,464
D24RN,558
D24TEH,135
D24TIH,558
D24TPH,135
D24TT,550
D262MBE32,92
D265MEE22,92
D2R3S08AIDD,211
D2R3S08NSWW,211
D2R5009TSMB,211
D2R50S8TSWB,211
D2R5S09TSWW,211
D312MBE31,74
D312MCK31,74
D312MCT31,74
D3140RW9N8J,5040
D3157RW9N8J,5040
D315MHH31,74
D315MPS31,74
D3230RW908D,5040
D3240RW908D,5040
D332MBE34,73
D332MCK34,73
D332MCT34,73
D3330RW908A,4800
D3330RW908B,4800
D3330RW908C,5040
D3340A-08R,10000
D3340RW908A,4800
D3340RW908B,4800
D3340RW908C,5040
D3350RW908A,4800
D3350RW908B,4800
D3350RW908C,5040
D3357A-08R,3200
D3430RH818B,3000
D3430RL618B,3000
D3440RH818B,3000
D3440RL618B,3000
D3450RH818B,3000
D3450RL618B,3000
D3C40CH606A,3276
D3G30MH606A,2560
D3G40MH606A,2560
D3I5MPS31,74
D3J30CC606A,1200
D3J30CH606A,1200
D3J30CS606A,1200
D3J35CC606A,1200
D3J35CH606A,1200
D3J35CS606A,1200
D3J40CC606A,1200
D3J40CH606A,1200
D3J40CS606A,1200
D3X5MPS31,74
D451BK,600
D463MEE33,65
D463MHH33,65
D463MPS33,65
D463MRR33,65
D472MEE33,61
D4A0081EDF0,9600
D4A0081EDF1,19200
D4A0081EDF2,9600
D4A0083EDF0,9600
D4A0083EDF1,19200
D4A0083EDF2,9600
D4A0085EDF0,9600
D4A0085EDF1,19200
D4A0085EDF2,9600
D4PBB,1856
D4R3009NNWB,162
D4R3009NNWW,162
D4R3009NSWB,161
D4R3009NSWW,162
D4R5009TSMB,162
D4R5009TSWW,162
D4R5010NSWS,162
D4R5010TSWS,162
D4R7009TSSB,162
D4R7009TSWB,162
D4R7010TSWB,162
D4R7011TSWG,162
D4R7511TSBB,162
D4R7511TSWC,162
D4R9513TPBC,161
D4R9513TPWC,150
D502MEE33,55
D502MEE53,55
D604MEE33,51
D604MEE52,51
D604MPS33,51
D604MPS52,51
D604MQQ33,51
D604MQQ52,51
D6A0151EDF0,9450
D6A0151EDF1,6720
D6A0153EDF0,6720
D6A0153EDF1,6720
D6A0155EDF0,6720
D6A0155EDF1,6720
D6A0231EDF0,6720
D6A0233EDF0,6720
D6A0235EDF0,6720
D8A0151EDF0,4800
D8A0153EDF0,4800
D8A0155EDF0,4800
D8A0231EDF0,4800
D8A0233EDF0,4800
D8A0235EDF0,4800
D8A0371EDF0,4800
D8A0373EDF0,4800
D8A0375EDF0,4800
DA10A0H0,720
DA12CEH,720
DA13A0H0,720
DA18CEH,664
DA19A1H0,664
DA24A1H0,664
DA24CEH,664
DAB041CNA,3132
DAB042CNA,2808
DAB080CMA,2550
DB242TX,160
DB243TX,160
DB325TXS,160
DB365TXS,160
DB365TXSN,160
DB365TXSW,160
DB375TXSN,160
DB375TXSW,160
DB425TXS,160
DB597TXSN,160
DB597TXSW,160
DB743TK,160
DB997TKS,160
DBBK27TS,160
DBBK27TSL,149
DBBK27TV,160
DBBK2S,160
DBBS37TSL,150
DBC237TSN,160
DBC237TSS,160
DBC237TSU,160
DBC237TSV,160
DBC325TS,160
DBC335TSE,160
DBC335TSL,160
DBC335TSN,160
DBC335TSU,160
DBC335TSV,160
DBC435TSE,160
DBC435TSN,160
DBC435TSU,160
DBC435TSV,160
DBC512TS,160
DBC512TSE,160
DBC513TSE,160
DBC513TSU,160
DBCK27TSL,160
DC07RH,946
DC07RT,860
DC09RH,946
DC09RQ,650
DC09RTR,860
DC12RH,880
DC12RQ,650
DC18RH,550
DC24RH,550
DC32T,158
DC32W,158
DC34S,159
DC34T,159
DC34W,159
DC35T,159
DC35W,159
DC45S,159
DC45T,159
DC45W,159
DC6040SU,450
DC6122G,344
DC6122GEU,344
DC6152S,344
DC65S,159
DC65T,159
DC65W,159
DC6600SU,490
DC75B,159
DC75T,159
DC75W,159
DC7700BL,209
DC7700SL,209
DC9040SU,310
DC9041SU,310
DC90V9V9E,150
DC90V9V9W,150
DC90X7V5W,150
DC9101S,260
DC9121G,260
DC9122G,450
DC9141G,260
DC9202S,144
DC9300SR,92
DC9600SU,280
DC9610SU,280
DC9700BL,181
DC9700SL,181
DCE6601SU,490
DCE9601SU,280
DCG1218,1106
DCG2436,596
DD020315PDA,1935360
DD0907C527A,43200
DD121MWE0,600
DD121MWK0,600
DD121QWE0,495
DD121QWK0,495
DD127MDWB,159
DD12GMWE0,600
DD1411BWM,150
DD141MWE0,600
DD141QWE0,495
DD147FDB,159
DD147MDWB,159
DD147MWB,159
DD147MWN,159
DD147MWWB,159
DD147MWWM,159
DD147P3WM,159
DD148HBN,159
DD148MWB,159
DD148MWN,159
DD148P2WM,159
DD148P3WM,159
DD14GMWE0,600
DD161MWE0,600
DD168MWB,150
DD168MWN,150
DD16GMEE1,600
DD16GMWE0,600
DD16GMWE1,600
DD177QSE0,483
DD181MEE0,600
DD181MWE0,600
DD18GMWE0,600
DD197QEE0,483
DD201MEE0,600
DD201MWE0,600
DD20GMWE1,600
DD23GMWE1,600
DDA0100Y1M,1140
DDA0100Y2M,1140
DDA0100Y4M,1140
DDA0130Y1R,1140
DDA056X01,19200
DDB0115Y1M,3200
DDB0160Y1M,3200
DDB0245Y1M,1140
DDB116Y01,3200
DDB116Y02,3200
DDB116Y03,3200
DDB116Y04,3200
DDB116Y05,3200
DDC1,25272
DDT4220600,4320
DE14W,159
DE221MWE0,600
DE24T,159
DE24W,160
DES2018EKD,90
DES2038EKD,90
DF030FL,158
DF030FW,158
DF10B6,150
DF10WS6,150
DF10WS6R,150
DF13WVC2S6A,150
DF141FV,160
DF141FW,160
DF142FW,160
DF17VVS,90
DF17VVSA,90
DF20VVS,90
DF20VVSE,90
DF20WKSE,90
DF20WKSG,90
DF20WV,90
DF20WV2,90
DF20WV2R,90
DF212FP,160
DF212FW,158
DF215FP,160
DF215FW,158
DF222FP,160
DF222FPS,160
DF222FW,160
DF222FWS,160
DF22BV2B,90
DF22BV2BE,90
DF22BV2BR,90
DF22BV2BRE,90
DF22RV2S,90
DF22VFXS6B,90
DF22VV2,90
DF22VV2S,90
DF22VV2SB,90
DF22VV2SBE,90
DF22VV2SBG,90
DF22VV2SBR,90
DF22VV2SGR,90
DF22VVS,90
DF22VWS6PE,90
DF22WKS6P,90
DF22WKSG,90
DF22WV2,90
DF22WV2B,90
DF22WV2BR,90
DF22WV2BRE,90
DF22WV2E,90
DF22WV2G,90
DF22WV2R,90
DF242FP,160
DF242FPS,160
DF242FW,160
DF242FWS,160
DF243FD,160
DF243FP,160
DF243FPS,160
DF243FV,160
DF243FVS,160
DF243FW,160
DF243FWS,160
DF315FPS,160
DF325FP,160
DF325FPS,160
DF325FW,160
DF355FV,160
DF355FW,160
DF365FMS,160
DF365FPS,160
DF365FWS,160
DF375HMS,160
DF375HWS,160
DF415HMS,158
DF415HSS,158
DF425HMS,160
DF425HSS,160
DF455HPS,160
DF455HWS,160
DF50BV2BR,90
DF50BV2BRE,90
DF50WV2BR,90
DF50WV2BRE,90
DF50WV2S6W,90
DF50WV2S6WE,90
DF587HHS,160
DF965FPS,160
DF965FWS,160
DF975HVS,160
DF975HWS,160
DF9VC4S6,150
DF9WPN,150
DF9WVC2S6,150
DFB227HD,160
DFB227HM,160
DFB227HR,158
DFB227HW,158
DFB237HM,158
DFB237HMC,158
DFB315HD,158
DFB315HM,158
DFB315HS,158
DFB325FR,158
DFB325FS,158
DFB325FW,158
DFB325HH,158
DFB325HP,158
DFB325HR,158
DFB325HS,160
DFB335HE,160
DFB335HS,160
DFB414FP,158
DFB415FP,160
DFB415FR,160
DFB415FW,158
DFB424FM,135
DFB424FW,158
DFB425FR,160
DFB425FW,160
DFB435FD,160
DFB435FP,160
DFB512FR,158
DFB512FT,160
DFB513FM,160
DFB533FW,160
DFC237HHS,160
DFC325HD,160
DFC325HM,160
DFC325HS,160
DFC335HP,160
DFC335HW,160
DFC415FP,160
DFC415FPE,160
DFC415FVE,160
DFC415FW,160
DFC415FWE,160
DFC425FM,160
DFC425FP,160
DFC435FM,160
DFC435FPU,160
DFC435FWU,160
DFC435HME,160
DFC435HVE,160
DFC435HVZ,160
DFC435HWE,160
DFC435HWZ,160
DFC512FP,160
DFC512FPE,160
DFC512FW,160
DFC512FWE,160
DFC513FD,160
DFC513FP,160
DFC513FWE,160
DFC532FPE,160
DFC532FWE,160
DFC533FD,160
DFC533FP,160
DFC533FVE,160
DFC533FW,160
DFC533FWE,160
DFC612FW,160
DFC811FL,158
DFC811FW,158
DG1319RD7,72
DGS2018EKD,90
DGS2018EKDP,90
DGS2028EKDP,90
DGS2038EKD,90
DH1N,1944
DK-H1208C00,16
DK-H1808C00,14
DK-H2408C00,8
DK1E,1944
DKS,936
DL195ME,159
DL195MH,159
DLE0442W,90
DLE1001F,90
DLE1001W,90
DLE1101W,90
DLE1310W,90
DLE1501W,90
DLE2000EK,90
DLE2000EKS,90
DLE2020W,90
DLE2050W,90
DLE2101W,90
DLE2140W,90
DLE2150R,90
DLE2150S,90
DLE2150U,90
DLE2150W,90
DLE2240S,90
DLE2240W,90
DLE2250W,90
DLE2301R,90
DLE2301S,90
DLE2301W,90
DLE2350R,90
DLE2350S,90
DLE2350W,90
DLE2601W,90
DLE2701V,90
DLE3050W,90
DLE3075W,90
DLE3090W,90
DLE3095W,90
DLE3160W,90
DLE3170W,90
DLE3180W,90
DLE3460V,90
DLE3460W,90
DLE3500W,90
DLE3733U,90
DLE4801W,90
DLE4870W,90
DLE4901W,90
DLE4970W,90
DLE4970WE,90
DLE5001W,90
DLE5002W,90
DLE5070W,90
DLE5270V,90
DLE6100WA,90
DLE6100X,90
DLE7000WA,90
DLE7005W,90
DLE7050V,90
DLE7060VE,90
DLE7060WE,90
DLE7100W,90
DLE7150M,90
DLE7150WA,90
DLE7150X,90
DLE7177SM,90
DLE7200VE,90
DLE7200WE,90
DLE7300VE,90
DLE7300WE,90
DLE7400VE,90
DLE7400WE,90
DLE7400WEA,90
DLE8480LE,90
DLEC855R,150
DLEC855W,150
DLEC885W,150
DLEC888W,150
DLEX2450R,90
DLEX2501R,90
DLEX2501S,90
DLEX2501V,90
DLEX2501W,90
DLEX2550R,90
DLEX2550S,90
DLEX2550V,90
DLEX2550W,90
DLEX2650R,90
DLEX2650V,90
DLEX2650W,90
DLEX2655V,90
DLEX2801L,90
DLEX2801R,90
DLEX2801W,90
DLEX2901V,90
DLEX3001P,90
DLEX3001R,90
DLEX3001W,90
DLEX3070R,90
DLEX3070V,90
DLEX3070W,90
DLEX3250R,90
DLEX3250V,90
DLEX3250W,90
DLEX3360R,90
DLEX3360V,90
DLEX3360W,90
DLEX3370R,90
DLEX3370V,90
DLEX3370W,90
DLEX3470V,90
DLEX3470W,90
DLEX3550V,90
DLEX3550W,90
DLEX3570V,90
DLEX3570W,90
DLEX3650V,90
DLEX3700R,90
DLEX3700V,90
DLEX3700W,90
DLEX3850W,90
DLEX3875V,90
DLEX3875W,90
DLEX3885C,90
DLEX3885W,90
DLEX3900B,90
DLEX3900K,90
DLEX3900W,90
DLEX4070V,90
DLEX4070W,90
DLEX4080B,90
DLEX4080W,90
DLEX4200W,90
DLEX4270V,72
DLEX4270W,72
DLEX4370K,90
DLEX4370W,90
DLEX4500B,90
DLEX5000V,84
DLEX5000W,84
DLEX5005K,72
DLEX5101V,90
DLEX5101W,90
DLEX5170V,90
DLEX5170W,90
DLEX5500W,90
DLEX5680V,90
DLEX5680VE,90
DLEX5680W,90
DLEX5680WE,90
DLEX5780VE,90
DLEX5780WE,90
DLEX6001V,90
DLEX7177SM,90
DLEX7200W,90
DLEX7250W,90
DLEX7300VE,90
DLEX7480LE,90
DLEX7600KE,90
DLEX7600VE,90
DLEX7600WE,90
DLEX7700KE,56
DLEX7700VE,56
DLEX7700WE,56
DLEX7710VE,56
DLEX7710WE,56
DLEX7800VE,90
DLEX7800WE,90
DLEX7880WE,90
DLEX7900BE,90
DLEX7900VE,90
DLEX7900WE,90
DLEX7900WEA,90
DLEX8000V,56
DLEX8000W,56
DLEX8100V,56
DLEX8100W,56
DLEX8500V,56
DLEX8500W,56
DLEX9000V,52
DLEX9000W,52
DLEX9500K,52
DLEX9500W,52
DLEX9900S,56
DLEY1201V,90
DLEY1201W,90
DLEY1701V,90
DLEY1701VE,90
DLEY1701W,90
DLEY1701WE,90
DLEY1901KE,90
DLEY1901WE,90
DLEY2139EK1,90
DLG0452W,90
DLG1002F,90
DLG1002W,96
DLG1102W,90
DLG1320W,90
DLG1502W,90
DLG2051W,90
DLG2102W,90
DLG2141W,90
DLG2241S,90
DLG2241W,90
DLG2251W,90
DLG2302R,90
DLG2302W,90
DLG2351R,90
DLG2351W,90
DLG2602W,90
DLG2702V,90
DLG3051W,90
DLG3171W,90
DLG3181W,90
DLG3461V,90
DLG3461W,90
DLG3471M,90
DLG3471W,90
DLG3501W,90
DLG3601V,90
DLG3744D,90
DLG4802W,90
DLG4871W,90
DLG4902W,90
DLG4971W,90
DLG4971WE,90
DLG5002W,90
DLG5071W,90
DLG6101WA,90
DLG7001WA,90
DLG7051V,90
DLG7061VE,90
DLG7061WE,90
DLG7101W,90
DLG7151M,90
DLG7151WA,90
DLG7151X,90
DLG7201VE,90
DLG7201WE,90
DLG7301VE,90
DLG7301WE,90
DLG7401VE,90
DLG7401WE,90
DLG7401WEA,90
DLG8481LE,90
DLGX2451R,90
DLGX2502V,90
DLGX2502W,90
DLGX2551R,90
DLGX2551V,90
DLGX2551W,90
DLGX2651R,90
DLGX2651V,90
DLGX2651W,90
DLGX2656V,90
DLGX2802L,90
DLGX2802R,90
DLGX2802W,90
DLGX3002P,90
DLGX3002R,90
DLGX3002W,90
DLGX3071R,90
DLGX3071W,90
DLGX3251R,90
DLGX3251V,90
DLGX3251W,90
DLGX3361R,90
DLGX3361V,90
DLGX3361W,90
DLGX3371R,90
DLGX3371V,90
DLGX3371W,90
DLGX3471V,90
DLGX3471W,90
DLGX3551V,90
DLGX3551W,90
DLGX3571V,90
DLGX3571W,90
DLGX3651V,90
DLGX3701R,90
DLGX3701V,90
DLGX3701W,90
DLGX3876V,90
DLGX3876W,90
DLGX3886C,90
DLGX3886W,90
DLGX3901B,90
DLGX3901K,90
DLGX3901W,90
DLGX4071V,90
DLGX4071W,90
DLGX4201B,90
DLGX4201W,90
DLGX4271V,72
DLGX4271W,72
DLGX4371K,90
DLGX4371W,90
DLGX4501B,90
DLGX5001V,84
DLGX5001W,84
DLGX5006K,84
DLGX5102V,90
DLGX5102W,90
DLGX5171V,90
DLGX5171W,90
DLGX5176W,90
DLGX5501V,90
DLGX5501W,90
DLGX5681V,90
DLGX5681VE,90
DLGX5681W,90
DLGX5681WE,90
DLGX5781VE,90
DLGX5781WE,90
DLGX6002V,90
DLGX7481LE,90
DLGX7601KE,90
DLGX7601VE,90
DLGX7601WE,90
DLGX7701KE,56
DLGX7701VE,56
DLGX7701WE,56
DLGX7711VE,56
DLGX7711WE,56
DLGX7801VE,90
DLGX7801WE,90
DLGX7881WE,90
DLGX7901BE,90
DLGX7901WE,90
DLGX7901WEA,90
DLGX8001V,56
DLGX8001W,56
DLGX8101V,56
DLGX8101W,56
DLGX8501V,56
DLGX9001V,52
DLGX9001W,52
DLGX9501K,52
DLGX9501V,52
DLGX9501W,52
DLGY1202V,90
DLGY1202W,90
DLGY1702V,90
DLGY1702VE,90
DLGY1702W,90
DLGY1702WE,90
DLGY1902KE,90
DLGY1902WE,90
DLGY2139EK1,72
DLGY2139EKD,72
DLHC1455P,150
DLHC1455V,150
DLHX4072V,90
DLHX4072W,90
DM07RP,800
DM07S0DA,720
DM09RP,800
DM12RP,800
DM18RP,558
DM24RP,558
DMI-124NT,20
DMI-164NT,16
DMP-270B1,3200
DMP-270E1,3200
DMP250M01,3200
DMP400L01,3200
DP2701SL,138
DP3500ST,280
DP4500ST,280
DP9701SL,181
DPA0230B1M,3200
DPA0230L1M,3200
DPH224L01,3200
DPH224L02,3200
DPH224L03,3200
DQ132PWXC,495
DQ134MWEC,600
DQ154MWGA,600
DQ157PSD,480
DQ160PBBC,495
DQ160PPBC,495
DQ160PSAA,495
DQ162PBBC,495
DQ162PGUA,495
DQ163PECA,495
DQ167PLC,480
DQ167PSC,480
DQ168PBE,495
DQ168PGE,495
DQ168PPE,495
DQ168PSE,495
DQ185MEGA,600
DQ185MWGA,600
DQ197PAC,480
DQ197PGC,480
DQ197PRC,480
DQ197PSC,480
DQ198PBE,495
DQ198PGE,495
DQ198PPE,495
DQ198PSE,495
DQ200PBBC,468
DQ200PGAA,468
DQ200PPBC,468
DQ200PSAA,468
DQ202PBBC,468
DQ202PGUA,468
DQ202PPBC,468
DQ202PSUA,468
DQ203PCCA,468
DQ203PECA,468
DQ205PBBC,483
DQ205PEGA,483
DQ205PSVA,483
DQ214MEGA,600
DQ214MWGA,600
DQ235MEGA,600
DQ235MWGA,600
DR-80BW,150
DS9152S,175
DSKSS,1944
DSNH122E5B1,140
DSP100B,252
DSP100K,252
DSP100V,252
DSP100W,252
DSP12ALG,780
DSP18ALG,504
DSP200V,168
DSP25ALG,504
DST156MAA,3180
DSTWH,936
DSUH122E5B1,140
DT21VS,90
DT21VSE,90
DT21WS,90
DT22BSSG,90
DT22BSSG1,90
DT22VSSG,90
DT22VSSGD,90
DT22WTG,90
DT25BTSG,90
DT25BTSGD,90
DT25MTGKE,90
DT25VTGP2,90
DT25VTSG,90
DT25VTSGD,90
DT25WTG,90
DT25WTGP2,90
DT2CM,5904
DT30BTSG,56
DT4CM,5904
DT6040WU,840
DT73EWTXE,90
DT73PBTXE,90
DT80N,60840
DTR0WA31,13440
DU315FP,158
DU325FP,158
DU325FW,158
DU355FP,160
DU355FW,160
DU386FV,160
DU386FW,160
DU517HMS,158
DU6000S,840
DU9000S,570
DUA127HC,140
DUA127HD,140
DUA127TC,140
DUA127TD,140
DUA127TM,140
DUA127TT,140
DUA215TDK,140
DUA215TTK,140
DUA217TD,140
DUA217TM,140
DUA217TT,140
DUA227HD,140
DUA227HT,140
DUA227TCK,140
DUA227TDK,140
DUA267HC,142
DUA267HD,142
DUA267TC,142
DUA267TD,142
DUA315HB,140
DUA315HC,142
DUA315HD,140
DUA315HDL,140
DUA315HM,140
DUA315HT,140
DUA315HT1,140
DUA315HW,140
DUA315TCK,140
DUA315TDK,140
DUA325HC,140
DUA325HD,140
DUA325HM,140
DUA325TC,140
DUA325TD,140
DUA335HC,142
DUA335HD,140
DUA335HM,140
DUA335HM1,140
DUA345HC,142
DUA345HD,140
DUA355HC,142
DUA355HD,142
DUA365HC,142
DUA412TDK,142
DUA412TTK,142
DUA413FC,140
DUA413FD,140
DUA413FT,140
DUA413TC,140
DUA413TD,140
DUA413TT,140
DUA414TB,410
DUA414TD,140
DUA414TT,140
DUA414TW,140
DUA415FT,140
DUA433TC,142
DUA433TD,142
DUA473HC,140
DUA473HD,142
DUA473NC,140
DUA473TC,140
DUA473TD,140
DUA512FC,140
DUA513FB,142
DUA513FC,142
DUA513FD,142
DUA513FT,140
DUA513FW,142
DUA513HC,142
DUA513HT,142
DUA513HT1,142
DUA513HW,142
DUA612FC,140
DUA612FT,142
DUA613FC,142
DUA712FB,140
DUA712FP,142
DUA712FPB,140
DUA712FPU,142
DUA712FW,142
DUAG17HN,140
DUAG27HN,142
DUAK27TT,142
DUAK67TC,142
DUAK67TK,142
DUAK67TT,142
DUAL12AT3,880
DUAL18AT3,550
DUAL22AT3,550
DUAS27TC,142
DUAS27TC1,142
DUAS27TC2,142
DUAS27TD1,142
DUAS27TT,142
DUAS27TT1,142
DUAS67TC,142
DUAS67TEW,140
DUB227HM,158
DUB22SB,160
DUB315FP,158
DUB325HM,158
DUB325HP,158
DUB325HS,158
DUB424FP,158
DUB512FT,160
DUB61TB,158
DUB61TBE,158
DUC227HM,158
DUC227HS,158
DUC227HW,158
DUC237HHS,160
DUC237HM,160
DUC237HMS,160
DUC237HS,160
DUC237HVS,160
DUC237HW,160
DUC237HWS,160
DUC315FP,158
DUC315FPE,160
DUC315FW,158
DUC315FWE,160
DUC415FVS,160
DUC415FWS,160
DUDF612C,142
DUDH267C,140
DUDH267D,140
DUDH356C,142
DUDH356D,140
DUDH366C,142
DUDH454C,140
DUDH454D,140
DUDH524C,140
DUDH524C1,142
DUDT168C,142
DUDT267C,142
DUDT267D,140
DUDT356C,142
DUDT454C,142
DUDT454D,140
DUDTS69C,142
DUMMY250HV,252
DUMMY250HW,252
DV908IH2,150
DV908IH2S,150
DVH10-10W,150
DVH4-08W,150
DVH45-08W,150
DVH45-08WG,150
DVH9-08B,150
DVH9-09B,150
DVH9-10B,150
DVHP09B,150
DVHP09W,150
DVK2,3542
DVKA,806
DVKB,6600
DVM7195BLTS,325
DVM7195EKES,325
DVM7195FLDS,325
DVM7195SKSS,325
DWC1,25872
DWC2,25872
DWV1608TB,140
DWV1608WB,140
DXH3-08W,150
DXH3-10W,150
DXH9-09W,150
DXT103MAA,4104
DY1119RD7,72
DYBK,10527
DYF42BSIWS,30
DZP27D0,539
DZP97D0,728
E0630SA6N3A,47520
E0640SA6N3A,52800
E06SV3,840
E06SV4,840
E06SV5,900
E07SQ,648
E0962Q,612
E09AWN-NB11,675
E09AWN-NB13,648
E09EJ,648
E09EK,648
E09EL,760
E09EM,910
E09NXA,780
E09SQ,648
E09SQU,489
E1039SD,264
E10C9LD,225
E10CMV,840
E10MIV,840
E10SV3,840
E10SV4,840
E10SV5,900
E1230SA6N6A,19200
E1240SA6N6A,23760
E1240SA6N6C,26400
E1257SA6N6A,26400
E1262Q,612
E12AWN-NB13,648
E12EJ,648
E12EK,648
E12EK1,505
E12EL,760
E12EM,729
E12SQ,648
E12SQU,489
E13CMV,720
E13MIV,720
E13SIV,780
E13SIV3,780
E13SIV4,780
E13SV5,780
E1840SA2N6A,8640
E1857SA2N21,8064
E1857SA2R21,6552
E1863P,430
E1863Q,430
E18AWN-NC11,488
E18AWN-NC13,488
E18CMV,432
E18EM,608
E18IV,432
E18SQ,488
E19SIV3,495
E19SIV4,495
E19SV5,550
E2130SA6N2A,12800
E2140SA6N2A,17600
E2140SA6N2C,17600
E2157SA6N2A,17600
E2240SA2N2A,4320
E2350SA2N21,3680
E24AWN-NC13,488
E24SQ,488
E28AWN-NC13,488
E32AWN-NV13,367
E32AWN-UV13,171
E3540SA2N5A,3150
E3540SA2N5B,3150
E36T55U2NK5,1120
E4040SA2N2A,4320
E4040SA2N2B,3150
E4040SA2N2C,3780
E4850SA2N21,3024
E4WV510S3W,162
E523BR,72
E523CW,72
E523FR,72
E523IR,72
E523MR,72
E523MW,72
E523WR,72
E6040SA2N5A,3150
E6040SA2N5B,3150
E6040SA2N5C,2940
EA430S,216
EA530S,216
EA550SP,216
EA780SP,216
EA790SP,216
EAD34839007,3920
EAD34839010,8316
EAD62474201,3577500
EAD62474202,858600
EAD62499701,858600
EAD62525901,3577500
EAD62525902,2146500
EAD62567901,2146500
EAD62607601,357750
EAD62669901,288000
EAD62670001,3577500
EAD62725001,1024000
EAD62725002,720000
EAD62725005,1024000
EAD62765001,858600
EAD63006201,26400
EAD63028601,26400
EAD63028801,105600
EAD63049901,26400
EAD63326101,1024000
EAD63326102,1024000
EAD63385801,26400
EAD63385901,105600
EAV62136701,134880
EAV62136702,134880
EAV62136703,134880
EAV62136901,134880
EAV62136902,134880
EAV62136903,134880
EAV62312601,134880
EAV62312602,134880
EAV62312603,134880
EAV62452401,134880
EAV62452402,134880
EAV62452501,151200
EAV62452502,134880
EAV62452601,134880
EAV62452602,134880
EAV62771901,115200
EAV62771902,151200
EAV62772101,115200
EAV62772102,96000
EAV62772301,115200
EAV62772302,151200
EAY63051001,43360
EAY63074601,43360
EAY63230101,22500
EAY63230102,77850
EAY63648601,77850
EBR79820301,22500
ECGG34AM200,3840
ECGG34AM20C,3840
ECGM34BM2A0,3840
ECGM34BM2AC,3840
ED00064CN00,144
ED05K000E00,144
EDA0405B1R,47040
EDA1470Y1S,15360
EDB0408B1R,47040
EDB1600Y1O,15360
EDB1600Y1S,15360
EHRV0506BA2,126
EHRV0506BA5,126
EHRV050GXN0,912
EHRV050GXN4,32
EHRV080GXN0,45
EHRV080GXN4,32
EHRV1006BA2,45
EHRV1006BA5,45
EHRV100GXN0,912
EHRV100GXN4,32
EHRV1506BA2,18
EHRV2006BA2,18
EHRV2006BA5,16
EK-H2408C00,8
EKMH1808C00,14
EKMH2408C00,8
EKS080PAA,1160
EKS094CAA,1160
EKS094PAA,1160
ELB81MCVCP,60
ELB81MCVCP1,60
ELB81PZVCP,60
ELB81PZVCP1,60
ELB81SWVCP,60
ELB81SWVCP1,60
ELB92MBACP,60
ELB92MCACP,60
EM430S,216
EP08G11A,300
EP08G11B,420
EP12G33A,300
EP12G33B,285
EP18G33A,176
EP18G33B,168
EP24G33A,176
EP24G33B,168
ES-H096JLA1,298
ES-H1264DA0,337
ES09WN-NB13,603
ES12WN-NB13,603
ES12WN-UB13,505
ES551SP,144
ESNH0964DA0,20
ESNH0964DM0,20
ESNH1264SA3,240
ESNH126E0M2,792
ESNH1865EB1,155
ESNW096B4A1,260
ESNW096BWS0,260
ESNW096ERH2,720
ESNW096J3W0,300
ESNW126B4A1,260
ESNW126BSA2,260
ESNW126BWS0,260
ESNW126ERH2,720
ESNW126HDA1,720
ESNW126J3A0,300
ESNW126J3W0,300
ESNW1865SH2,70
ESNW186C4A1,488
ESNW186CSA2,240
ESNW186CWS0,135
ESNW186K3A0,165
ESNW186K3W0,165
ESNW2465SH2,55
ESNW246C4A1,488
ESNW246CSA2,135
ESNW246CWS0,120
ESNW246K3A0,135
ESNW246K3W0,135
ESUH0964DA0,20
ESUH0964DM0,20
ESUH1264EB1,220
ESUH126LLA0,316
ESUH1865EB1,155
ESUW096B4A1,260
ESUW096BWS0,260
ESUW096J3W0,300
ESUW126B4A1,260
ESUW126BSA2,260
ESUW126BWS0,260
ESUW126HDA1,489
ESUW126J3A0,300
ESUW126J3W0,300
ESUW1865SH2,70
ESUW186C4A1,272
ESUW186CSA2,240
ESUW186CWS0,135
ESUW186K3A0,165
ESUW186K3W0,165
ESUW2465SH2,55
ESUW246C4A1,171
ESUW246CSA2,135
ESUW246CWS0,120
ESUW246K3A0,135
ESUW246K3W0,135
ETNH04GK2A4,273
ETNH04GK2S,273
ETNH04GK3A4,180
ETNH04GK3S,180
ETNH08GK3A4,180
ETNH08GK3S,180
ETNH10GK2A4,273
ETNH10GK2S,297
ETNI05GL1S4,300
ETNI05GTRB4,486
ETNI05GTRP,486
ETNI05GTRP4,486
ETNI07GBHS,294
ETNI07GCES,246
ETNI07GCES4,246
ETNI07GCEU4,338
ETNI07GCEUS,338
ETNI07GL1S4,300
ETNI07GM1A4,224
ETNI07GQAS,488
ETNI07GSFP,612
ETNI07GTJP,598
ETNI07GTRB4,486
ETNI07GTRP,486
ETNI07GTRP4,486
ETNI07GTUB4,440
ETNI07GTUP,440
ETNI07GTUP4,440
ETNI09GBHS,294
ETNI09GCES,246
ETNI09GCES4,246
ETNI09GCEU4,338
ETNI09GCEUS,338
ETNI09GL1S,300
ETNI09GL1S4,300
ETNI09GM1A4,224
ETNI09GQAS,488
ETNI09GSFP,612
ETNI09GTJP,598
ETNI09GTRB4,486
ETNI09GTRP,486
ETNI09GTRP4,486
ETNI09GTSP4,272
ETNI09GTUB4,440
ETNI09GTUP,440
ETNI09GTUP4,440
ETNI09GVES,432
ETNI12GBHS,294
ETNI12GCES,246
ETNI12GCES4,246
ETNI12GCEU4,338
ETNI12GCEUS,338
ETNI12GL2S,300
ETNI12GL2S4,300
ETNI12GM1A4,224
ETNI12GQAS,488
ETNI12GSFP,612
ETNI12GTJP,598
ETNI12GTRB4,486
ETNI12GTRP,486
ETNI12GTRP4,486
ETNI12GTSP4,272
ETNI12GTUB4,440
ETNI12GTUP,440
ETNI12GTUP4,440
ETNI12GVES,432
ETNI15GBHS,294
ETNI15GCES,246
ETNI15GCES4,246
ETNI15GCEU4,338
ETNI15GCEUS,338
ETNI15GL2S,300
ETNI15GL2S4,300
ETNI15GM1A4,224
ETNI15GQAS,488
ETNI15GTQB4,432
ETNI15GTQP,432
ETNI15GTQP4,432
ETNI18GBHS,294
ETNI18GCFS,195
ETNI18GCFS4,195
ETNI18GCFU4,268
ETNI18GCFUS,268
ETNI18GL2S,300
ETNI18GL2S4,300
ETNI18GM1A4,224
ETNI18GS3M,550
ETNI18GS8M,540
ETNI18GTLP,384
ETNI18GTQB4,432
ETNI18GTQP,432
ETNI18GTQP4,432
ETNI18GTSP4,272
ETNI18GTTB4,320
ETNI18GTTP,320
ETNI18GTTP4,320
ETNI18GVJS,264
ETNI18GVJS4,216
ETNI21GL3S4,240
ETNI21GTQB4,432
ETNI21GTQP4,432
ETNI24GBHS,294
ETNI24GCFS,195
ETNI24GCFS4,195
ETNI24GCFU4,268
ETNI24GCFUS,268
ETNI24GL3S,240
ETNI24GL3S4,240
ETNI24GM1A4,224
ETNI24GS3M,550
ETNI24GS8M,540
ETNI24GTLP,384
ETNI24GTPP,234
ETNI24GTPP4,234
ETNI24GTSP4,272
ETNI24GTTB4,320
ETNI24GTTP,320
ETNI24GTTP4,320
ETNI24GVJS,264
ETNI24GVLS4,216
ETNI28GBGS,223
ETNI28GM2A4,168
ETNI28GTPP,234
ETNI28GTPP4,234
ETNI36GBGS,223
ETNI36GM2A4,168
ETNI36GTNP,208
ETNI36GTNP4,208
ETNI36GVKS,192
ETNI36GVKS4,160
ETNI42GBGS,223
ETNI42GM2A4,168
ETNI42GTMP,182
ETNI42GTMP4,182
ETNI48GBRS,120
ETNI48GM3A4,144
ETNI48GTMP,182
ETNI48GTMP4,182
ETNI48GVKS4,160
ETNI48GVLS,152
ETNI54GM3A4,144
ETNI76GB8S,70
ETNI76GB8S4,56
ETNI76GB8Z,70
ETNI76GB8Z4,56
ETNI96GB8S,70
ETNI96GB8S4,56
ETNI96GB8Z,70
ETNI96GB8Z4,56
ETOB08LU4,28
ETOB10LU3,30
ETOB10LU4,28
ETOB12LU3,30
ETOB12LU4,28
ETOB14LU3,23
ETOB14LU4,23
ETOB16LU3,23
ETOB16LU4,23
ETOB18LU3,23
ETOB18LU4,23
ETOB20LU3,23
ETOB20LU4,23
ETON04MGSA,104
ETON04MGUA,110
ETON04MLSA,52
ETON05MGSA,52
ETON05MGU,52
ETON05MGUA,52
ETON05MLSA,52
ETON05MLUA,52
ETON06MGSA,52
ETON06MGU,52
ETON06MGUA,52
ETON06MLSA,52
ETON06MLU,52
ETON06MLUA,52
ETON08LH4,28
ETON08LLS4,30
ETON08LU3,30
ETON08LU4,28
ETON08LU5,28
ETON08LUH3,30
ETON08LUH4,28
ETON08MLUA,52
ETON10LH4,28
ETON10LLS4,28
ETON10LU3,30
ETON10LU4,30
ETON10LU5,28
ETON10LUH3,30
ETON10LUH4,28
ETON12LH4,28
ETON12LLS4,28
ETON12LU3,30
ETON12LU4,28
ETON12LU5,30
ETON12LUH3,23
ETON12LUH4,23
ETON12MLUA,42
ETON14LLS4,28
ETON14LU,25
ETON14LU3,23
ETON14LU4,23
ETON14LUH3,23
ETON14LUH4,23
ETON16LH4,23
ETON16LLS4,23
ETON16LU3,23
ETON16LU4,23
ETON16LUH3,23
ETON16LUH4,23
ETON18LLS4,23
ETON18LU3,23
ETON18LU4,23
ETON20LH4,23
ETON20LLS4,23
ETON20LU3,23
ETON20LU4,23
ETWB08LA4,98
ETWB10LA,92
ETWB10LA4,98
ETWB12LA4,98
ETWB14LA4,98
ETWB16LA4,98
ETWB18LA4,98
ETWB20LA,92
ETWB20LA4,98
ETWN08LA4,98
ETWN10LA,92
ETWN10LA4,98
ETWN12LA4,98
ETWN14LA4,98
ETWN16LA4,98
ETWN18LA4,98
ETWN20LA,92
ETWN20LA4,98
EWN1,7680
EXD100-JECN,1080
EXD29-JECN,1080
EXD43-JECN,1080
EXD57-JECN,1080
EXD80-JECN,1080
EZ09CSN,880
EZ09CSU,490
EZ09CYN,880
EZ09CYU,490
EZ12CSM,880
EZ12CSN,880
EZ12CSU,490
EZ12CYM,880
EZ12CYN,880
EZ12CYU,490
EZ18CJN,550
EZ18CJU,312
EZ18CSN,550
EZ18CSU,312
EZ18CYN,550
EZ18CYU,312
EZ24CSN,550
EZ24CSU,171
EZ24CYN,550
EZ24CYU,171
EZ330S,144
EZ430S,144
EZ530S,144
EZ550SP,144
EZ780SP,144
EZ790SP,144
F-12085V2W,114
F-12085V3V,114
F-12085V4W,114
F-1208V4W,114
F-1208V5W,114
F-14105V2W,102
F-2004SQ,78
F-A201GDW,76
F-A311GCS,54
F-C12085V2B,114
F-C12085V2W,114
F-C1208V4W,114
F-C14105V2W,102
F01409WBG,162
F014TOPBDE,94
F015TOPBD,90
F0610WS,223
F0610WW,223
F0662W,226
F0712WS,162
F0712WW,161
F0712WWD,223
F0772W,226
F07B8QDT2,159
F07B8QDT25,159
F07J5QNPS,161
F07J5QNPW,161
F0805CW,161
F0812WS,162
F0812WW,162
F0814WS2,161
F0814WW0,161
F0814WW1,161
F0814WW2,161
F0814WW3,161
F0854S,212
F0854SE,212
F0882W,161
F0896TDT23,159
F08J6TYPW,161
F0902RDT,159
F0903RDP,161
F0903RDT,159
F0905ERD,161
F0905ERDS,162
F0905TSRD,161
F0905WRD,161
F0905WRD1,161
F0914WW,161
F0914WW2,161
F0914WWT,161
F09CN-N,675
F09CN-U,420
F09KM,592
F09MK,592
F09MT,592
F09NAK,592
F0G6VMP22,162
F0G6VMP2C,162
F0H6LNP2LB,144
F0H6LNP2WB,144
F0H6LNP2WW,144
F0J5LN3W,223
F0J5NN3W,226
F0J5NN4L,223
F0J5NN4W,211
F0J5NN7S,223
F0J5NNP3W,223
F0J5NNW4W,225
F0J5NY3W,225
F0J5NY4W,225
F0J5QN3W,159
F0J5QN4W,159
F0J5TN3W,162
F0J5WN3W,225
F0J5WN4W,225
F0J5WY3W,225
F0J6NN0W,211
F0J6NNW0W,225
F0J6NS0W,223
F0J6NS1W,211
F0J6NSW1W,225
F0J6QN0W,161
F0J6WN0W,225
F0J6WY0W,225
F0J6WY1W,225
F0K1CHK2T2,90
F0K1CHK2W2,90
F0K1CRK2T,90
F0K2CHK2T,90
F0K2CHK2T2,90
F0K2CHK2T2C,90
F0K2CHK2T2P,90
F0K2CHK2W,90
F0K2CHK2W2,90
F0K2CHK5T2,90
F0K2CHK5W2,90
F0K2CHP2T2,90
F0K2CRK5T,90
F0K2CYK5T,90
F0K2CYK5W,90
F0K4CHK2T2,90
F0K4CSK2T4,84
F0K6DFK0W,90
F0K6DFK0WP,90
F0K6DFK2S,90
F0K6DFK2S2,90
F0K6DFK2S2P,90
F0K6DFK2SP,90
F0K6DGK2S2,90
F0K6DGK2S2P,90
F0K6DMK0W2P,90
F0K6DMK0WP,90
F0K6DMK2S,90
F0K6DMK2S2,90
F0K6DMK2S2P,90
F0K6DMK2W,90
F0K6DMK2W2,90
F0K6DMK2W2P,90
F0K6DMK2WC,90
F0K6DNK0W2,90
F0K6DNK2S2,90
F0K6DNK2S2P,90
F0K6DNK2W,90
F0K6DNK2W2,90
F0K6DNK2W2P,90
F0L2CRV2T,90
F0L2CRV2T2,90
F0L2CRV2T2C,90
F0L2CRV2TC,90
F0L9DGP0W,94
F0L9DGP2S,94
F0L9DNP0W,94
F0L9DNP2S,94
F0L9DNP2W,94
F0L9DYP0W,94
F0L9DYP2E,94
F0L9DYP2S,94
F0L9DYP2W,90
F0L9DZP2W,94
F0P2CRV2E,90
F0P2CYV2E,90
F0P2CYV2T,90
F0P9CHK2E,84
F0RV308N1WD,150
F0RV309N1WD,150
F0RV508N1WD,150
F0RV509N1WD,150
F0Z6DRP24,108
F0Z6DRP249,108
F0Z6DRPK4,108
F0Z6DYP24,108
F0Z6DYP249,108
F0Z6DYP26,108
F0Z6DYPK4,108
F0Z6DYPKC,108
F0Z6DYPKM,108
F0Z8016TWC,90
F0Z8DRP24,94
F0Z8DYP24,94
F0Z8DYPK4,94
F0Z9DFP24,94
F0Z9DFP26,94
F0Z9DFPK4,94
F0Z9DFPKM,94
F1003ND,223
F1003NDP,223
F1003TD,159
F1007CWT,150
F1007NDPB,223
F1007NMCW,162
F1007NMPW,226
F1007NPPW,226
F1008XM,223
F1009XM,226
F1012TDP5,159
F1014NTGW,90
F1020ND,223
F1020ND1,223
F1020ND5,223
F1020NDP,223
F1020NDP5,223
F1020TD,162
F1020TD5,159
F1021ND,211
F1021ND5,211
F1021SDP,265
F1021TD,159
F1022ND,223
F1022ND5,223
F1022NDP,223
F1022QD,159
F1022QDT,108
F1022SDP,265
F1022TD,162
F1022TD0,159
F1022TD5,159
F1022TD7,159
F1023ND,228
F1024ND,211
F1024NDP,211
F1025TP,159
F1039SD,264
F1047ND,223
F1047TD,159
F1047TD5,159
F1048ND,223
F1048ND1,223
F1048QD,159
F1048TD,159
F1048TD1,159
F104A8JDH2N,150
F104A8JDS2,150
F104DV9RD2E,161
F104G1JCH2N,150
F104G1JCS2,150
F104J6JY0W,150
F104J8JH2W,150
F104J8JH2WD,150
F104J8JS2W,150
F104U1JBS2,150
F104U1JBS6,150
F10514WV,150
F1055LDP,223
F10560QD,159
F1056LD,211
F1056LDP,223
F1056LDP1,223
F1056LDP2,223
F1056LDP5,223
F1056MD,211
F1056MD5,228
F1056MDP,223
F1056MDP25,152
F1056ND,228
F1056ND1,223
F1056NDP,223
F1056NDP1,223
F1056NDP5,223
F1056QD,159
F1056QD1,159
F1056QD2,159
F1056QD5,159
F1056QDP,159
F1056QDP1,159
F1056QDP5,159
F1056QDT,159
F1056QDT5,159
F1056TD,159
F1056TD1,159
F1057ND,228
F1060QD1,159
F1060QDP5,159
F1060QDT21,159
F1060QDT25,159
F1066LP,223
F1066QP,159
F1068LD,223
F1068LD9,223
F1068LDP,223
F1068QD,159
F1068QD1,159
F1068QDP,159
F1068QDP2,159
F1068QDTA,159
F1069FD,90
F1069FD2,90
F1069FD2P,90
F1069FD2PS,90
F1069FD2S,90
F1069FD3,90
F1069FD3P,90
F1069FD3PS,90
F1069FD3S,90
F1069FD4,90
F1069FD4F,90
F1069FD4P,90
F1069FD4PS,90
F1069FD4S,90
F1069FD6,90
F1069FD6F,90
F1069FD6P,90
F1069FD6S,90
F1069FD7,90
F1069FD7F,90
F1069FD7P,90
F1069FD7S,90
F1069FD8,90
F1069FD8P,90
F1069FD9,90
F1069FD9P,90
F1069FDF,90
F1069FDP,90
F1069FDS,90
F1073ND,211
F1073ND3,223
F1073ND5,223
F1073QD,211
F1073QD1,159
F1073QD7,159
F1073QDP,159
F1073TD,159
F1073TD1,159
F1073TD4,159
F1073TD5,159
F1073TDP,159
F1081ND,223
F1081ND5,223
F1081TD,159
F1081TD5,159
F1087RDH27,56
F1088LD,223
F1088QD,159
F1089ND,223
F1089NDP,223
F1089NDP5,223
F1089QD,159
F1089TD,159
F1091LD,223
F1091LD1,223
F1091LDP,223
F1091LDP2,223
F1091MD2,144
F1091QD,159
F1091QDP,159
F1091QDP2,159
F1091QDTA,159
F1091QDW,159
F1091QDW1,159
F1092LD,228
F1092LDP2,223
F1092LDP21,223
F1092LDP25,223
F1092MD,223
F1092MD1,223
F1092MD5,228
F1092ND,223
F1092ND1,223
F1092NDP,223
F1092NDP1,223
F1092NDP2,223
F1092NDP25,223
F1092NDP5,223
F1092QD,159
F1092QDP,159
F1092QDP1,159
F1092QDP2,159
F1092QDP25,159
F1092QDP5,159
F1092QDT2,159
F1092QDT25,159
F1092QDTA5,159
F1092QDW5,159
F1092TD,159
F1092TDW1,159
F1094ND,223
F1096MDS0,223
F1096ND,225
F1096ND3,223
F1096ND4,223
F1096ND5,223
F1096NDA,223
F1096NDA3,225
F1096NDL24,223
F1096NDP23,226
F1096NDP24,226
F1096NDP3,223
F1096NDW3,225
F1096QD,159
F1096QD3,159
F1096QDW3,159
F1096QDWA3,159
F1096SD3,264
F1096SDS0,264
F1096SDS3,264
F1096TD,159
F1096TD3,159
F1096TD5,159
F1096WD,223
F1096WD3,223
F1096WDP,223
F1096WDP3,223
F10A5QD,159
F10A5QDP,159
F10A8HDS,223
F10A8ND,225
F10A8NDA,225
F10A8TDA,159
F10B5MD2,152
F10B5MD25,152
F10B5MDP2,152
F10B5NDL2,152
F10B5NDP2,144
F10B5NDP25,144
F10B8EDP2,108
F10B8EDP25,159
F10B8LD0,223
F10B8LD7,223
F10B8LDL2,223
F10B8LDL21,223
F10B8LDL25,223
F10B8LDP2,223
F10B8LDP21,226
F10B8LDP25,223
F10B8MD,223
F10B8MD1,223
F10B8MD5,223
F10B8MDP,223
F10B8MDP1,223
F10B8MDP5,223
F10B8ND,225
F10B8ND0,225
F10B8ND1,225
F10B8ND5,223
F10B8ND8,223
F10B8NDA,223
F10B8NDA0,225
F10B8NDA7,223
F10B8NDL2,223
F10B8NDL21,223
F10B8NDL25,223
F10B8NDP,223
F10B8NDP2,226
F10B8NDP21,226
F10B8NDP25,226
F10B8NDP5,223
F10B8NDPA,225
F10B8NDR,223
F10B8NDW,225
F10B8NDW1,225
F10B8NDW5,225
F10B8QD,2304
F10B8QD0,159
F10B8QD1,159
F10B8QD5,159
F10B8QDA6,159
F10B8QDA7,159
F10B8QDP,159
F10B8QDP2,159
F10B8QDP20,159
F10B8QDP21,159
F10B8QDP25,159
F10B8QDP5,161
F10B8QDT2,159
F10B8QDT25,159
F10B8QDW,159
F10B8QDW5,159
F10B8SD0,264
F10B8TD1,159
F10B8TDW,159
F10B9LD,225
F10B9LD1,225
F10B9LDL2,223
F10B9LDP,223
F10B9LDP2,223
F10B9LDW,225
F10B9QD,159
F10B9QDA,159
F10B9QDP,2500
F10B9QDP2,159
F10B9QDT2,159
F10B9QDW,159
F10B9SD,264
F10C3LD,223
F10C3LD1,223
F10C3LDP,223
F10C3LDP2,226
F10C3NDP2,159
F10C3NDP5,223
F10C3QD,159
F10C3QDP,159
F10C3QDP2,161
F10C3TDP0,161
F10C7FD1,90
F10C7FD3,56
F10C7FD4,90
F10C7FD7,56
F10F6RDS27,90
F10SR,150
F10U2NNP7S,223
F10U2QDN0,159
F10U2QDN1,159
F10WR,150
F10WRA,150
F10WV,162
F1102RDP,150
F1102RDT,150
F1103RDP,150
F1103RDT,150
F1106VRD,150
F1107ERDS,150
F1107VRDS,150
F1107VRDSD,150
F1107VRDSTT,150
F111400C,150
F111400W,150
F11WM15TS2,90
F11WM17TS2,90
F11WM17TS2B,90
F11WM17VT2,90
F1201FD,90
F1201FD2,90
F1201FD4,90
F1201FDK,90
F1201FDP,90
F1201FDP1,90
F1201FDP2,90
F1201FDSU,90
F1201FDSU7,90
F1201FDSU9,90
F1201FDU,90
F1201FDU2,90
F1201FDU7,90
F1201FDU9,90
F12030CDP,211
F1203CD,223
F1203CDP,223
F1203CDP5,223
F1203FD,150
F1203FDS,150
F1203ND,223
F1203ND5,223
F1203NDP,223
F1203NDP5,223
F1203TD,159
F1203TD3,159
F1203TD6,159
F1203TDS,159
F1203TDS5,159
F1203TDS6,159
F1203YD,223
F1206ND,225
F1207CDPB,223
F1207NMCW,162
F1207NMPW,159
F1207NMTW,152
F1207TDPB,159
F1208CWM,240
F1208CWT,102
F1208NMCW,161
F1208NMPW,161
F1208NMTS,161
F1208NPRW,159
F1209TDS,159
F1210RDG,90
F1210RDMU,90
F1210RDSB,90
F1210RDSU,90
F1210RDSU1,90
F1210RDW1,90
F1211NDP,228
F1211NDR,228
F1211TDP,162
F1212RD,90
F1212TDP,159
F1213RDSW,90
F1214WVT,102
F1215KG,90
F1215RD,90
F1216FDS1,90
F1219TD,159
F1220ND,223
F1220ND5,223
F1220NDP,223
F1220NDP5,223
F1220TD,162
F1220TD5,159
F1221ND,211
F1221ND5,211
F1221SDP,265
F1221TD,159
F12220TD,159
F1222ND,223
F1222ND5,223
F1222NDC,211
F1222NDP,223
F1222QD,159
F1222SDP,265
F1222TD,162
F1222TD2,159
F1222TD25,159
F1222TD5,159
F1222TDP5,159
F1222TDW,159
F1223ND,228
F1223ND5,211
F1223TD,159
F1225TP,159
F1226FD,90
F1226FD4,90
F1231RDSB,90
F1231RDSC,90
F1231RDSW1,90
F1231RDSWS,90
F1232RDC,90
F1232RDG,90
F1232RDSW,90
F1232RDSW2,90
F1232RDT2,90
F1232RDW,90
F1232RDX2Z,90
F1234RDSB,90
F1234RDSU,90
F1235RDSU,90
F1236RDS,90
F1236RDS6,90
F1236RDSA,90
F1236RDSE,90
F1236RDSG,90
F12370ND,211
F1238FDS,90
F1238FDS6,90
F1239SD,264
F1242RDS,90
F1242RDS8,90
F12470TD,159
F1247ND,223
F1247ND5,223
F1247NDPSPL,159
F1247TD,159
F1247TD5,159
F1248ND,223
F1248QD,159
F1248QDP,159
F1248QDP1,159
F1248TD,159
F12495BDSA,150
F12496NS,150
F1252FD,90
F1252FD7,90
F1252RD,90
F1252RD2,90
F1252RD27,90
F1252RD7,90
F1252RD7M,90
F1252RDM,90
F1253FDS,90
F1253FDS3,90
F1253FDSP,90
F1253FDSQ9,90
F1254FD,90
F1254FD1,90
F1254FD3,90
F1255FD,90
F1255FD1,90
F1255FD27,90
F1255FD5,90
F1255FD7,90
F1255FDC,90
F1255FDH,90
F1255FDS,90
F1255FDS27,90
F1255FDS7,90
F1255RD2,90
F1255RD27,90
F1255RDS,90
F1255RDS2,90
F1255RDS27,90
F1255RDS7,90
F12560QD,159
F1256LD,211
F1256LD1,223
F1256LDP1,223
F1256MD1,223
F1256MDP,223
F1256ND,228
F1256ND1,223
F1256NDP,223
F1256NDP1,223
F1256NDP5,223
F1256QD,159
F1256QD1,159
F1256QD5,159
F1256QDP,159
F1256QDP1,159
F1256QDP2,159
F1256QDP5,159
F1256QDT25,159
F1256TD,159
F1256TD1,159
F1257ND,228
F12580FD,90
F12589FDS,90
F1258FD,90
F1258FD2,90
F1258FD29,90
F1258FD9,90
F1258FDS5,90
F1258FDS9,90
F1258RD,90
F1258RD2,90
F1258RD24,90
F1258RD29,90
F1258RD4,90
F1258RD9,90
F1258RDS6,90
F1260QDP25,159
F1260QDT25,159
F1260RD,90
F1260RDW,90
F12610RD,90
F1261FD,90
F1261FD1,90
F1261RD,90
F1261RDW,90
F1267FDC,90
F1267FDX,90
F1267FDX2,90
F1267FDX4,90
F1267FDX4D,90
F1267FDX9,90
F1267FDY,90
F1267FDZ,90
F12682FDS,90
F12684FDS,90
F1268LD,211
F1268LD1,223
F1268QD,159
F12695RDH,150
F126F9BDS2,102
F126G1BCH2N,102
F12700WH,159
F1270RDSU,90
F1270XM,159
F1271FDS8,90
F12721WH,159
F12725SL,159
F1273ND,211
F1273ND5,223
F1273NDP,211
F1273QD,159
F1273QD3,159
F1273QD7,159
F1273QDP,159
F1273QDP23,159
F1273TD,159
F1273TD3,159
F1273TD5,159
F1273TD7,159
F1273TDP,159
F1275FD,90
F1275FD7,90
F1275FDS,90
F1275FDS7,90
F1275FDY7,90
F1275SMTW3,159
F1280CDP,223
F1280CDP2,223
F1280CDP25,223
F1280CDP5,223
F1280FD,150
F1280FDS,150
F1280ND,223
F1280ND5,223
F1280NDP2,152
F1280NDS,223
F1280NDS5,223
F1280QDS,159
F1280QDS5,159
F1280TD6,159
F1280TDS,159
F1280TDS5,159
F1280TDS7,159
F1280WDP25,144
F1281HD,223
F1281HD5,223
F1281HDC,223
F1281ND,223
F1281ND5,223
F1281TD,1152
F1281TD5,1152
F1281TDP,159
F1281TDP5,159
F1282FD,90
F1282FD8,90
F1282FD8C,90
F1282FDC,90
F1288QD,159
F1288TDP,159
F1289ND,228
F1289NDP,223
F1289NDP5,223
F1289QD,159
F1289QD5,159
F1289QDP,159
F1289QDP2,159
F1289QDP25,159
F1289QDP5,159
F1289TD,159
F1289TD1,159
F1289TD2,159
F1289TD25,159
F1289TD5,159
F1289TDP,159
F1289TDP2,159
F1289TDP5,159
F1289TDW,159
F1290QDW,159
F1291LD,211
F1291LD1,223
F1291QD,159
F1291QDP,159
F1291QDW,159
F1292LD,228
F1292MD,228
F1292MD1,228
F1292ND,211
F1292ND1,228
F1292NDP,223
F1292NDP5,223
F1292QD,159
F1292QD1,159
F1292QD5,159
F1292QDP,159
F1292QDP1,159
F1292QDP2,159
F1292QDP25,159
F1292QDP5,159
F1292TD,159
F1292TDW1,159
F12930FD,150
F1294HDS,223
F1294ND,223
F1294QD,159
F1294TD,159
F12952WH,150
F1296ADP23,102
F1296ADP24,159
F1296CD3,223
F1296CDP23,226
F1296CDP24,226
F1296CDP3,226
F1296CDS0,223
F1296CDS0X,197
F1296CDS3,223
F1296HDS0,223
F1296HDS1,223
F1296HDS3,223
F1296HDS4,223
F1296HDS8,223
F1296MD0,223
F1296ND,223
F1296ND0,223
F1296ND3,223
F1296ND4,223
F1296ND5,223
F1296NDA,225
F1296NDA3,225
F1296NDAH,225
F1296NDP23,223
F1296NDP24,223
F1296NDP3,2500
F1296NDP4,2500
F1296NDS0,223
F1296NDS1,223
F1296NDS3,223
F1296NDW3,225
F1296QD,159
F1296QD23,159
F1296QD24,159
F1296QD3,2304
F1296QD4,2304
F1296QDA,159
F1296QDP23,159
F1296QDP24,159
F1296QDP4,159
F1296QDP7,159
F1296QDPA7,159
F1296QDW3,159
F1296QDWA3,159
F1296TD,159
F1296TD23,159
F1296TD24,159
F1296TD4,159
F1296TD5,159
F1296TDA,159
F1296TDA3,159
F1296TDA5,159
F1296TDA7,161
F1296TDP23,159
F1296TDP24,159
F1296TDP3,159
F1296TDP4,159
F1296TDP7,159
F1296TDS1,159
F1296TDS3,159
F1296TDT23,159
F1296TDT24,159
F1296TDWA3,159
F1296VDT4,159
F1296WD,223
F1296WD3,223
F1296WD4,223
F1296WD5,223
F1296WDP,223
F1296WDP4,223
F1296WDS,223
F1296WDS0,223
F1296WDS1,223
F1296WDS3,223
F1296WDS5,223
F1296WDS8,223
F1298FYN,90
F1298FYN2,90
F1298FYN9,90
F1299RDS27,90
F1299RDSU7,90
F12A1FD,90
F12A1FD7,90
F12A1FY,90
F12A1FY2,90
F12A1FY5,90
F12A1FY9,90
F12A1FYP,90
F12A3FYN,90
F12A3FYN3,90
F12A5QD,159
F12A5QDT1,159
F12A5QDT5,159
F12A5TDP,159
F12A5WDL5,152
F12A8CD,223
F12A8CDP,223
F12A8CDP2,144
F12A8FD,150
F12A8FDA,150
F12A8HD,223
F12A8HD5,223
F12A8HDM2NH,211
F12A8HDS,223
F12A8HDS5,223
F12A8ND,225
F12A8NDA,225
F12A8NDA5,225
F12A8NDS,223
F12A8NDSA,225
F12A8TDA,159
F12A8TDA5,159
F12A8TDA6,159
F12A8TDSA,159
F12A9TDP3,159
F12A9TDP3S,159
F12AT,558
F12B4ND2,152
F12B4ND25,152
F12B4WDL2,152
F12B4WDL25,152
F12B4WDP2,144
F12B4WDP25,144
F12B89NDA,225
F12B8EDP21,108
F12B8MD,223
F12B8MD1,223
F12B8MDP1,223
F12B8ND,225
F12B8ND0,225
F12B8ND1,225
F12B8ND5,223
F12B8NDA,225
F12B8NDA7,225
F12B8NDL5,152
F12B8NDP,223
F12B8NDP1,223
F12B8NDP25,226
F12B8NDP5,223
F12B8NDW,225
F12B8NDW1,225
F12B8NDW5,225
F12B8QD,2304
F12B8QD0,159
F12B8QD1,159
F12B8QD5,2304
F12B8QDA,159
F12B8QDA1,159
F12B8QDA5,159
F12B8QDA7,159
F12B8QDP,159
F12B8QDP2,161
F12B8QDP25,159
F12B8QDP5,159
F12B8QDT2,159
F12B8QDT25,159
F12B8QDW,159
F12B8QDW1,159
F12B8QMSH,159
F12B8TD,159
F12B8TD1,159
F12B8TDA,159
F12B8TDA1,159
F12B8TDP,159
F12B8TDP1,159
F12B8TDP2,159
F12B8TDP25,161
F12B8TDP5,161
F12B8TDT1,159
F12B8TDT2,159
F12B8TDT25,159
F12B8TDT5,159
F12B8TDW,159
F12B8TDW1,159
F12B8TMSH,159
F12B8WDS7,223
F12B9LD,223
F12B9LDP,223
F12B9LDP2,223
F12B9LDW,225
F12B9QD,162
F12B9QDA,159
F12B9QDA5,159
F12B9QDP,159
F12B9QDW,159
F12B9QDWA,159
F12C3QD,161
F12C3QDH,161
F12C3QDP,159
F12C3QDP1,159
F12C3QDP2,159
F12CN-N,675
F12CN-U,344
F12E4FDY,90
F12E4FDY9,90
F12E5FD,90
F12E6FDY,90
F12E7FDY8,90
F12F6RDS2,90
F12F6RDS27,90
F12F6RDS7,90
F12F8ADYK7,52
F12G6NDN2H,225
F12KM,592
F12M7HDS3,223
F12M7HDS4,223
F12M7NDS0,223
F12M7NDS1,223
F12M7WDS0,223
F12M7WDS1,223
F12MK,592
F12MT,592
F12NAK,592
F12SJ,102
F12SJW,102
F12U1HBM2N,211
F12U1HBS2,223
F12U1HBS4,223
F12U1HBS6,223
F12U1HCN0,211
F12U1HCS2,223
F12U1HCS4,223
F12U1HDM0N,211
F12U1HDM1N,226
F12U1HDN5,223
F12U1TCN4,159
F12U1TCNK4,159
F12U1WDS0,211
F12U1WDS1,211
F12U1WDS5,211
F12U2HBM2N,211
F12U2HBN4,223
F12U2HBN6,211
F12U2HBS2,211
F12U2HBS4,211
F12U2HCN2,211
F12U2HCN4,223
F12U2HDM0N,211
F12U2HDM0NH,211
F12U2HDM1N,226
F12U2HDM1NH,211
F12U2HDN0,223
F12U2HDN1H,225
F12U2QDN0,159
F12U2QDN1,159
F12U2QDN5,159
F12U2QDNK1,159
F12U2QNP3W,161
F12U2QNP7S,161
F12U2TCN2,159
F12U2TDN0,159
F12U2TDN5,159
F12U2TDNK1,159
F12U2WDN0,211
F12U2WDN5,211
F12VV,150
F12VVA,161
F12VVAR,161
F12WD74SLIM,211
F12WJ,102
F12WJW,102
F12WM6TS1,225
F12WM7EN0D,211
F12WM7LN0D,211
F12WM7SLIM,225
F12WV,150
F12WVA,161
F12WVAR,150
F1303RD,90
F1305FDM,90
F1314FDS,90
F1314FDS1,90
F1314FDS2,90
F1322TD,159
F1322TD1,159
F1354FDS,90
F1354FDS1,90
F1354FDS3,90
F1355FDC9,90
F1355FDS5,90
F1355FDS7,90
F1355FDSC,90
F1355FDSC7,90
F1355FDSC9,90
F1355RDS7,90
F1368QDP,159
F1378FYN,90
F1378FYN7,90
F1385FDS3,52
F1386FDS,90
F1386FDS3,56
F1387FDS,56
F1387FDS3,56
F1389PD,150
F1390FDS,90
F1391QD,159
F1397FDYN7,90
F1397FYN,90
F1397FYN2,90
F1397FYN3,90
F1397RDYN7,90
F1399RYN,90
F1399RYN2,90
F13AMY,90
F13ARMY,90
F13BJN,108
F13BJNR,102
F13C4FNY,90
F13C4FNY7,90
F13D9FQ,144
F13D9LQ,144
F13D9MQ,144
F13D9NC,144
F13D9NK,144
F13D9NK2,144
F13D9NQ,144
F13D9NS,144
F13D9WQ,144
F13E4FD,90
F13E4FDY,90
F13E4FDY8,90
F13E4FDY9,90
F13EJN,108
F13EJNR,102
F13F6FD,90
F13F6FDY7,90
F13F7ADYK7,52
F13ROKA,90
F13SEB,90
F13SED,90
F13SEE,90
F13WJAN,108
F13WJANR,102
F1400HT1B,150
F1402FDS,150
F1402FDS3,150
F1402FDS35,150
F1402FDS5,150
F1402FDS6,150
F1402FDS9,150
F14030RD,150
F1403AD,159
F1403AD5,159
F1403FD,150
F1403FD3,150
F1403FD35,150
F1403FD39,150
F1403FD5,150
F1403FD6,150
F1403FD9,150
F1403FDD,150
F1403FDF,150
F1403FDS,150
F1403FDS2,150
F1403FDS3,150
F1403FDS35,150
F1403FDS36,150
F1403FDS5,150
F1403FDS6,150
F1403FDSP,150
F1403RD,150
F1403RD1,150
F1403RD3,150
F1403RD35,150
F1403RD5,150
F1403RD6,150
F1403RD9,150
F1403RDS,150
F1403RDS25,150
F1403RDS26,150
F1403RDS29,150
F1403RDS3,150
F1403RDS35,150
F1403RDS36,150
F1403RDS5,150
F1403RDS6,150
F1403RDTG,150
F1403RDW,150
F1403TD,159
F1403TD2,159
F1403TD25,159
F1403TD3,159
F1403TD5,159
F1403TDD,159
F1403TDF,159
F1403TDS,159
F1403TDS3,159
F1403TDS35,159
F1403TDS36,159
F1403TDS5,159
F1403TDS5D,159
F1403TDS6,159
F1403TDS6D,159
F1403YD,150
F1403YD2,150
F1403YD25,150
F1403YD26,150
F1403YD5,150
F1403YD6,150
F1405RDT,90
F1406TDS,162
F1406TDS5,162
F1406TDS6,162
F1406TDSA,162
F1406TDSB,159
F1406TDSE,159
F1406TDSP,162
F1406TDSP5,162
F1406TDSP6,162
F1406TDSPA,159
F1406TDSPE,159
F1406TDSPU,159
F1406TDSU,159
F14073TDPU,159
F14076TDP,159
F1407ADSP,159
F1407ADSP5,159
F1407ADSP6,159
F1407ADSPA,159
F1407ADSPE,159
F1407NMPW,159
F1407TDP6,159
F1407TDP9,159
F1407TDPB,159
F1407TDPU,159
F1407TDS,159
F1407TDS5,159
F1407TDS6,159
F1407TDSP5,159
F1407TDSP6,159
F1407TDSP7,159
F1407TDSP9,159
F1407TDSPU,159
F1408DC3W,162
F1408DM2W1,159
F1408DMTW2,161
F1408NC3L,162
F1408NC3W,162
F1408NM2W,159
F1408NPRL,159
F1408SMTW2,159
F14095S,162
F1409DPRW,162
F1409DPRW1,159
F1409HPPV,162
F1409NPPW,162
F1409NPRE,162
F1409NPRL,159
F1409NPRW,162
F1409QDS,159
F1409SW,162
F1409SWE,162
F1409TDS,162
F1409TDS5,162
F1410DPRE,150
F1410FD,150
F1410FD5,150
F1410HPRW,150
F1410RD,150
F1410RD5,150
F1410SPRE,150
F1410SPRW,150
F1411KD,150
F1411TDP,159
F1412KG,150
F1412RD,150
F1412RDS,150
F14164WH,150
F1419TD,159
F1421TD5,159
F1422QD,159
F1422TD,159
F1422TD5,159
F14436IXS,150
F1443KD,150
F1443KD1,150
F1443KD25,150
F1443KD5,150
F1443KD6,150
F1443KD7,150
F1443KDS,150
F1443KDS2,150
F1443KDS6,150
F1443KDS7,150
F1443KDS9,150
F1443KDZ,150
F1443KDZ6,150
F1443KDZ7,150
F1446ADSP,159
F1446TDP6,159
F14470TD,159
F14475TD,159
F1447TD,159
F1447TD01,159
F1447TD1,159
F1447TD11,159
F1447TD21,159
F1447TD5,159
F1447TD51,159
F1447TD8,159
F1447TD85,159
F1448QDP,159
F1448QDP1,159
F1448TD,159
F1448TDP,159
F1448TDP1,159
F1448TDP3,159
F1450DPRE,150
F1450DPRW,150
F1450HPRB,150
F1450HT1L,150
F1450HT1W,150
F1450SPRE,150
F1450ST1V,150
F1450ST1W,150
F14560QD,159
F1456QD,159
F1456QD1,159
F1456QD5,159
F1456QDP,159
F1459FDS,90
F1459FDS3,90
F1468QDP,159
F1468QDP1,159
F14710WH,159
F14721WH,159
F14732WH,159
F14733WH,159
F1473QD,159
F1473QD3,159
F1473QDP,159
F1475NMPW,159
F1476FDS,90
F1476FDS2,90
F1476FDSK3,90
F1478PRO,159
F1479FDS,150
F1479FDS5,150
F1479FDS6,150
F147M2B,159
F147M2D,159
F147MPRB,159
F147MPRN,159
F147PR3D,159
F147T,159
F147W2D,159
F147W2DB,159
F1480ADP,159
F1480ADP5,159
F1480FD,150
F1480FD2,150
F1480FD5,150
F1480FD6,150
F1480FD9,150
F1480FDS,150
F1480FDS25,150
F1480FDS5,150
F1480FDS6,150
F1480QDS,159
F1480QDSP,159
F1480RD,150
F1480RD26,150
F1480RD5,150
F1480RD6,150
F1480RDS,150
F1480RDS2,150
F1480RDS25,150
F1480RDS29,150
F1480RDS5,150
F1480RDS6,150
F1480RDS7,150
F1480TD5,159
F1480TD6,159
F1480TD7,159
F1480TDP,159
F1480TDP25,102
F1480TDP5,159
F1480TDS,159
F1480TDS25,159
F1480TDS5,159
F1480TDS6,159
F1480TDSP,159
F1480YD,150
F1480YD2,150
F1480YD25,150
F1480YD5,150
F1480YD6,150
F1481QD,159
F1481QDP,159
F1481TD,1152
F1481TD25,159
F1481TD5,288
F1481TDP,159
F1481TDP2,159
F1481TDP25,159
F1481TDP5,159
F148452WH,150
F14853WHS,159
F1485FDP,159
F1485M2,161
F1485RD,159
F1489AD,159
F1489QD,159
F1489QD5,159
F1489QDB,159
F1489QDB4,159
F1489QDP,159
F1489QDP4,159
F1489TD,159
F1489TD2,159
F1489TD25,159
F1489TD5,159
F1489TDP,159
F1489TDP2,159
F1489TDP25,159
F1489TDP5,159
F148M2R,159
F148PR2D,159
F148T,159
F1491QD,159
F1491QDB,159
F1492PTD,159
F1492QD,159
F1492QD1,159
F1492TD,159
F1492TDW,159
F14934DS,150
F14936FD,150
F14942WH,150
F1494QD,159
F1494TD,159
F14952WHS,150
F14953WHS,150
F1495BD,150
F1495BD2,150
F1495BD5,150
F1495BD7,150
F1495BDA,150
F1495BDA7,150
F1495BDM7,150
F1495BDN2H,150
F1495BDS,150
F1495BDS27,150
F1495BDS7,150
F1495BDS9,150
F1495BDSA,150
F1495BDSA7,150
F1495BDSK6,150
F1495KD,150
F1495KD6,150
F1495KDS,150
F1495KDS6,150
F1495KDS7,150
F1496AD,161
F1496AD1,159
F1496AD3,161
F1496AD4,159
F1496AD5,159
F1496ADH,159
F1496ADH3,159
F1496ADHP3,159
F1496ADP23,161
F1496ADP24,161
F1496ADP3,162
F1496ADP4,161
F1496ADP7,162
F1496ADS3,159
F1496ADT23,159
F1496ADT24,159
F1496ADT3,159
F1496ADT4,159
F1496QD,159
F1496QD1,159
F1496QD1H,159
F1496QD3,159
F1496QD3H,159
F1496QD3HT,161
F1496QD3HT1,161
F1496QD7,159
F1496QDA3,159
F1496QDW3,159
F1496TD,159
F1496TD23,159
F1496TD24,159
F1496TD3,2304
F1496TD4,2304
F1496TDA,159
F1496TDA1H,159
F1496TDA3,159
F1496TDA3H,159
F1496TDA8H,159
F1496TDP,159
F1496TDP23,159
F1496TDP24,159
F1496TDP3,159
F1496TDP4,159
F1496TDT23,159
F1496TDT24,159
F1496TDT4,159
F1496TDWA3,159
F1496VD,159
F1496VD3,159
F1496VDP24,159
F1496VDP4,159
F1496ZD23,159
F1496ZD24,159
F1498TD,159
F1499FYN,90
F1499FYN2,90
F149T,159
F14A7FDS,159
F14A7FDS5,159
F14A7FDS6,159
F14A7FDSA,150
F14A7FDSA5,150
F14A7FDSA6,150
F14A82WHS,150
F14A8ADP,159
F14A8FD,150
F14A8FD2,150
F14A8FD25,150
F14A8FD27,150
F14A8FD5,150
F14A8FD6,159
F14A8FD7,150
F14A8FDA,150
F14A8FDA6,150
F14A8FDA7,150
F14A8FDH2NH,150
F14A8FDS,150
F14A8FDS25,150
F14A8FDS5,150
F14A8FDS7,150
F14A8FDSA,1152
F14A8FDSA5,1152
F14A8GD,150
F14A8JD,150
F14A8JDH2NH,150
F14A8JDS,150
F14A8JDS2H,150
F14A8QDA,159
F14A8QDA5,159
F14A8QDA7,159
F14A8QDSA,159
F14A8RD,150
F14A8RD2,150
F14A8RD25,150
F14A8RD5,150
F14A8RD6,150
F14A8RD7,150
F14A8RDH,150
F14A8RDS,150
F14A8RDS2,150
F14A8RDS25,150
F14A8RDS27,150
F14A8RDS29,150
F14A8RDS5,150
F14A8RDS6,150
F14A8RDS7,150
F14A8TD,159
F14A8TD5,159
F14A8TDA,159
F14A8TDA1,159
F14A8TDA3,159
F14A8TDA5,159
F14A8TDA6,159
F14A8TDA7,159
F14A8TDH2NH,161
F14A8TDN,159
F14A8TDN2H,159
F14A8TDP,159
F14A8TDP25,102
F14A8TDS,159
F14A8TDS25,159
F14A8TDS26,159
F14A8TDS5,159
F14A8TDSA,159
F14A8TDSA5,159
F14A8TDSA6,159
F14A8YD,150
F14A8YD2,159
F14A8YD25,150
F14A8YD5,150
F14A8YD6,150
F14A8YD7,150
F14A8YDH,150
F14A8YDH5,150
F14AW0S2,150
F14AW7,159
F14AW7S,159
F14AW8S,159
F14AW9S2,159
F14B3PDS,211
F14B3PDS7,211
F14B8CHROM,159
F14B8QD,159
F14B8QD1,159
F14B8QDA,159
F14B8QDA0H,159
F14B8QDA1,159
F14B8QDA1H,159
F14B8QDA5,159
F14B8QDA7,159
F14B8QDAH,159
F14B8SAT,159
F14B8SATA,159
F14B8TD,159
F14B8TDA,180
F14B8TDA1,159
F14B8TDA7,159
F14B8TDA7H,159
F14B8TDN1,159
F14B8TDP2,159
F14B8TDP25,159
F14B8TDW1,159
F14B9QD,159
F14B9QDA,159
F14B9QDN,159
F14B9TDN,159
F14D1ADSK3,90
F14D1ADSK7,90
F14E9CDYK3,90
F14F1CAYK7,84
F14F1FNY,90
F14G1GWHS,150
F14G6TDM2NE,161
F14G6TDM2NH,159
F14G6TDN2H,159
F14G6TDY2H,159
F14G7QDN0H,159
F14J62WHS,150
F14J71WHS,150
F14J72WHS,150
F14J72WHST,150
F14J82IXS,150
F14J82WHS,150
F14J82WHST,150
F14R15WHS,161
F14R30WHSA,161
F14R31WHSA,161
F14R33WH,161
F14R33WHS,161
F14R35MBS,161
F14R35WHS,161
F14R50WHS,161
F14R76BSTA,161
F14R76PLST,161
F14R78WSTA,161
F14U1FCH2N,150
F14U1FCHK2N,150
F14U1FCN2,150
F14U1FCN8,150
F14U1FCNK2,150
F14U1FCNK8,150
F14U1JBH2N,150
F14U1JBH6NH,150
F14U1JBHK2N,159
F14U1JBS2,150
F14U1JBS6,150
F14U1JBS6H,150
F14U1JBS8,150
F14U1JBSK2,150
F14U1JBSK4,150
F14U1JBSK6,150
F14U1QBS2,159
F14U1QBSK2,159
F14U1QCN2,159
F14U1QDN0,159
F14U1QDN1,159
F14U1QDNK1,159
F14U1QDNK5,159
F14U1TBS2,159
F14U1TBS2H,159
F14U1TBS4,159
F14U1TBSK2,159
F14U1TBSK4,159
F14U1TBSK8,159
F14U1TCN2,159
F14U1TCN6,159
F14U1TCNK2,1152
F14U1TCNK4,1152
F14U1TCNK6,159
F14U1TCNK8,159
F14U1TDH0N,159
F14U1TDNK0,159
F14U2FCNK2,159
F14U2JBSK2,150
F14U2QCN0,159
F14U2QCN2,159
F14U2QCN2H,159
F14U2QCNK2,159
F14U2QCNW0,159
F14U2QDN0,159
F14U2QDN1,159
F14U2QDN1H,159
F14U2QDNK1,159
F14U2TBS2,159
F14U2TBS4,159
F14U2TCN2,159
F14U2TCN2H,159
F14U2TCN6,159
F14U2TCN8,159
F14U2TCNK1,159
F14U2TCNK2,159
F14U2TCNK8,159
F14U2TDH0N,159
F14U2TDH1N,162
F14U2TDH1NH,161
F14U2TDHP1N,159
F14U2TDHP2N,159
F14U2TDHP4N,159
F14U2TDHP5N,159
F14U2TDN0,159
F14U2TDN0H,159
F14U2TDN1,159
F14U2TDN1H,159
F14U2TDN5,159
F14U2TDNK0,159
F14U2TDNK1,159
F14U2TDNP0,159
F14U2V9KG,161
F14U2VCN2H,159
F14U2VDH2NH,161
F14U2VDN1H,159
F14U2WDS85,161
F14V33WHS,161
F14V50WHS,161
F14V51WHSA,161
F14V52IXS,161
F14V71WHS,161
F14V71WHST,161
F14V71WSTA,161
F14V72BSTA,161
F14V72ISTA,161
F14V72WHS,161
F14V92BS,161
F14V92WHS,161
F14W7QDN1H,159
F14W8TDN0H,159
F14WD107TH6,150
F14WD84EN0,159
F14WD84TN2,159
F14WD85EH1,161
F14WD85EN0,159
F14WD85TN1,161
F14WD85TN1E,159
F14WD95EN0,159
F14WD95EN0E,159
F14WD95TN2,159
F14WD95TS1,159
F14WD96EH1,150
F14WD96TH2,150
F14WM10ATS1,150
F14WM10ES0,150
F14WM10GT,150
F14WM10TT2,150
F14WM10TT6,150
F14WM12GT,102
F14WM7EN0,161
F14WM7EN0E,159
F14WM7KN1,159
F14WM7KS1,159
F14WM7KS1E,159
F14WM7LN0,159
F14WM7LN0E,159
F14WM7TS1,159
F14WM7TS2,159
F14WM8CN1,161
F14WM8EN0,159
F14WM8KG,161
F14WM8KGE,161
F14WM8KN1,161
F14WM8LN0,159
F14WM8LN0E,159
F14WM8MC0,161
F14WM8MC0E,161
F14WM8P5KG,159
F14WM8SMART,159
F14WM8TN2,159
F14WM8TN4,159
F14WM8TS1,159
F14WM8TS2,159
F14WM8TT1,159
F14WM9EN0,159
F14WM9EN0E,159
F14WM9GS,159
F14WM9KG,159
F14WM9KS1,159
F14WM9TS1,159
F14WM9TS2,159
F14WM9TT2,159
F14X56BMST,161
F14X56BWST,161
F14X56WHST,161
F14X58BWST,161
F14X58WHST,161
F14X71WHST,161
F14X71WSTA,161
F14X76BMST,161
F14X76BSTA,161
F14X76WHST,161
F14X91WSTA,161
F1508ERD,90
F1508ERDS,90
F151258RD29,90
F1580RD,161
F15KQAP,94
F15L9DGD,94
F15SBC,52
F15SBD,52
F15SEC,56
F15SQA,94
F15SQAP,94
F15SQT,94
F15WQA,94
F15WQT,94
F15WQWP,94
F1607BD,212
F1607BDE,212
F1607WD,212
F1607WDE,212
F1608BD,162
F1608WD,162
F16105S,162
F16105SBD,161
F16105SBDE,161
F16105SE,162
F16105SWD,161
F16105SWDE,161
F16107WD,162
F16107WDE,162
F1612DBGE,150
F1612SBS,161
F1612SBSE,161
F1612WD,150
F1612WT,161
F1612WTE,161
F1619GD,150
F1622GD,150
F1622GD5,150
F1630SA2N3A,3840
F1630SA2N3B,3840
F1640SA2N3A,3840
F1640SA2N3B,3840
F1647GD5,159
F164R33WRS,161
F164R50WRS,161
F164R51WRS,161
F164R78BSTA,161
F164R78WSTA,161
F164X71WSTA,159
F164X76BSTA,161
F16722WH,150
F16725SL,150
F1681TD,159
F1681TD5,159
F168PR2D,159
F1695BDH2NH,150
F1695RD,150
F1695RDH,159
F1695RDH2,150
F1695RDH27,150
F1695RDH7,150
F1696SWD,161
F1696SWDE,162
F16F9BDH2NH,102
F16F9BDS2H,102
F16V76WSTAE,161
F16V92BST,161
F16V92WHST,161
F16V92WSTA,161
F16WD128GH,102
F1710CV,90
F171K2CS2W,90
F171P1CY2W,90
F1730SA2N3B,3840
F1730SA2S3A,3840
F1730SA2S3B,3840
F1740SA2N3B,3840
F1740SA2S3A,3840
F1740SA2S3B,3840
F174513WRH,150
F174J82WRH,159
F174J82WRHT,150
F174V71WSTA,161
F174V72BSTA,161
F174V92BSTA,161
F174V92WRH,161
F17BEE,56
F17CTP,94
F17HTP,94
F17ITP,94
F17NTP,94
F17ROKA,56
F17SDD,56
F17SED,56
F17SEE,56
F17VDAP,90
F17VDAU,90
F17WDAP,90
F17WDAU,90
F17WDBP,90
F17WDBU,90
F1804RD,90
F1809VRD,90
F18CN-N,682
F18CN-U,344
F18HN-N,682
F18HN-U,186
F18L2CRV2T2,90
F18VDP,90
F18VDU,90
F18WDAP,90
F18WDAU,90
F18WDSP,90
F18WDSU,90
F19VDSP,90
F19VDU,90
F19WDBU,90
F19WDLP,90
F19WDLPR,90
F19WDU,90
F19WDWP,90
F19WDWPR,90
F1K2CH2T,90
F1K2CHK2T,90
F1K2CN4WC,90
F1K2CNV2WT,90
F1K2CNV4WTC,90
F1K2CS2T,90
F1K2CS2W,90
F1K2CSV2TT,90
F1K2CSV2WT,90
F1P1CN4WC,90
F1P1CY2T,90
F1P1CY2W,90
F2004RDT,90
F2008WE,161
F2009VRD,90
F2009WE,161
F2010NDP1,223
F2011VRDS,90
F20L2CRV2E2,90
F214WT8GRBE,51
F214WT8NVWH,51
F214WT8PB,51
F214WT8WH,51
F21KDLP,90
F21VDA,90
F21VDAP,90
F21VDLP,90
F21VDSK,90
F21VDSKR,90
F21VDSP,90
F21VDU,90
F21WDLP,90
F21WDLPR,90
F21WDSP,90
F21WDSPR,90
F21WDU,90
F21WDWP,90
F2213VRDSTT,84
F2435RB1141,1188
F2435RB1S41,1188
F2435TA2142,972
F2435TA2S42,972
F2435TB1111,972
F2435TB1S41,972
F2440RB1141,1188
F2440RB1S41,1188
F2440TA2142,972
F2440TA2S42,972
F2440TB1111,972
F2440TB1S41,972
F24872WH,150
F24873WHS,150
F24950WH,150
F24953WHS,150
F24962WH,150
F24963WHS,150
F24CN-N,682
F24CN-U,186
F24F93EWHS,102
F24G1GWHS,102
F24HN-N,682
F24HN-U,186
F24V30WHS,150
F24V92BSTA,150
F24V92WHSTA,150
F24VDLPR,84
F24VDSP,84
F24VDSPR,84
F24WDLP,84
F24WDLPR,84
F24WDWP,84
F24WDWPR,84
F2514DTGE,90
F2514DTGW,90
F2514NTGE,90
F2514NTGW,90
F2514RTGW,94
F2514STGE,90
F2515HTPM,94
F2515RNEG,108
F2515RNEG1,108
F2515RNEW,108
F2515RNTG,108
F2515RNTK,108
F2515RNTKAR,108
F2515RTGB,94
F2515RTGE,90
F2515RTGV,94
F2515RTGW,94
F2515RTPW,94
F2515SNEG,108
F2515SNEG1,108
F2515SNEW,108
F2515SNEW1,108
F2515SNTG,108
F2515SNTGE,108
F2515STGB,94
F2515STGV,94
F2515STGW,94
F2515STPM,94
F2515STPW,94
F2517RNTG,94
F2517SNTG,94
F2520RNEG,94
F2520RNTB,94
F2520RNTG,94
F2520RNTGA,94
F2520RNTGA1,94
F2520RNTKA,94
F2520SNEG,94
F2520SNEG1,94
F2520SNEK,94
F2520SNEKR,94
F2520SNEW1,94
F2520SNTKA,94
F2535RB1111,594
F2535RB1S11,594
F2535TA2111,486
F2535TA2S11,486
F2535TSB141,972
F2535TSBS41,972
F2540RB1111,594
F2540RB1S11,594
F2540TA2111,486
F2540TA2S11,486
F2540TSB141,972
F2540TSBS41,972
F25VC,225
F25WC,225
F26R3WN4W11,225
F26R5WY4W,225
F26V2WN3W,225
F26V2WN4W,225
F2718HVBV,90
F2718HVTV,90
F2718RVTV,90
F2719HVBV,90
F2719RVTV,90
F2719SVBVB,90
F2720NVTW,90
F2720RVTV,90
F2720SVRV,90
F2720SVRW,90
F2720SVTV,90
F2721HTTV,90
F2721HTWV,84
F2721HVRB,90
F2721NVTV,90
F2721STWV,84
F2721STWV1,84
F27V3HY6W,211
F282G6TDN,159
F284V92WSTA,150
F286513WRH,150
F28693WRH,150
F286F93EWRH,102
F286G1GWRH,102
F28K5XN3,240
F28K6XN3,240
F28V5GY0W,211
F28V5GY1W,211
F28V9GW2W,211
F2930TB1N5C,1404
F2930TB1NEC,1404
F2930TT1N5A,960
F2930TT1N7A,960
F2930TT1NAA,800
F2930TT1NBA,800
F2940TB1N5C,1404
F2940TB1NEC,1404
F2940TT1N5A,960
F2940TT1N7A,960
F2940TT1NAA,800
F2940TT1NBA,800
F2996NCZ,159
F2996NCZ1,159
F2996NCZ2,159
F2996NCZB1,159
F2996NCZD,159
F2996NCZD1,159
F2A509GBLN1,211
F2C509GBTN1,211
F2D85500W,211
F2D85501W,211
F2D9550YJ,211
F2D95520W,211
F2D95521W,211
F2D9552YW,211
F2D95902W,211
F2DC507N1WS,223
F2DR508S1W,212
F2DR508SBW,212
F2DR508SWW,212
F2DR509S1W,212
F2DR5S09A1W,212
F2DR5S8S6W,211
F2DV507N1WS,212
F2DV5S7N0E,212
F2DV5S7S0,211
F2DV5S7S0E,212
F2DV5S7S1E,212
F2DV5S7S2E,212
F2DV5S85S2W,212
F2DV5S8H0E,212
F2DV5S8H1E,211
F2DV5S8S0,212
F2DV5S8S1,211
F2DV5S8S2,211
F2DV5S8S2E,212
F2DV5S8S2PE,212
F2DV5S8S2TE,211
F2DV707S2W1,212
F2DV707S2WS,212
F2DV9S8H2,211
F2DV9S8H2E,212
F2H5HS3W,223
F2H5HS6W,223
F2H6HS0B,223
F2H6HS0E,223
F2H6HS0W,223
F2H6HS1L,223
F2H6HS8S,223
F2H6WS0E,223
F2H6WS0W,223
F2H7HG2S,223
F2H7HS2E,223
F2H7HS2L,223
F2H7HS2W,223
F2H9HS2G,211
F2H9HS2S,223
F2H9HS2W,223
F2H9HSR2S,223
F2J3HN1W,226
F2J3HS0W,226
F2J3HS1W,223
F2J3HS2W,226
F2J3HS3W,224
F2J3HS4L,226
F2J3HS5L,224
F2J3HS5W,224
F2J3HS8J,226
F2J3HS8W,226
F2J3HYL3W,223
F2J3HYL5L,223
F2J3HYL5W,223
F2J3HYL6J,223
F2J3HYP6J,226
F2J3NN1W,226
F2J3NS0W,226
F2J3NS1W,226
F2J3NS2W,226
F2J3NS3W,224
F2J3NS5W,224
F2J3NS8W,226
F2J3NYL3W,223
F2J3QYG6J,161
F2J3QYL3W,161
F2J3QYL6J,223
F2J3TS0W,159
F2J3TS2W,159
F2J3WN0W,226
F2J3WN3WE,226
F2J3WN5WE,226
F2J3WS0W,226
F2J3WS1W,226
F2J3WS2W,226
F2J3WS3W,224
F2J3WS4W,224
F2J3WS6WE,226
F2J3WS8W,226
F2J3WSBWE,226
F2J3WY3WE,211
F2J3WY4WE,211
F2J3WY5WE,226
F2J3WYL3W,224
F2J3WYL6J,224
F2J5HN3W,211
F2J5HNP3W,223
F2J5HNP7S,223
F2J5HNP7T,226
F2J5HS3W,223
F2J5HS4W,223
F2J5HS6S,223
F2J5HS6W,223
F2J5HS9W,223
F2J5HY3W,225
F2J5HY4W,225
F2J5NN3W,225
F2J5NN4L,223
F2J5NN4W,223
F2J5NN6W,223
F2J5NN7S,223
F2J5NNP3W,223
F2J5NNP7S,223
F2J5NS3W,226
F2J5NS4L,223
F2J5NS4W,226
F2J5NS6W,223
F2J5NY4W,225
F2J5QN3W,162
F2J5QN4W,159
F2J5QN7S,159
F2J5QNP3W,161
F2J5QNP4W,161
F2J5QNP7S,162
F2J5QY3W,159
F2J5QY4W,159
F2J5TMSH,161
F2J5TN3W,162
F2J5TN4W,162
F2J5TNP3W,162
F2J5TNP4L,161
F2J5TNP4W,161
F2J5TNP7S,162
F2J5TY4W,159
F2J5WN3W,225
F2J5WN4W,225
F2J5WN6W,223
F2J5WN7S,225
F2J5WS3W,223
F2J5WS4L,223
F2J5WS4W,211
F2J5WS6W,223
F2J5WY4W,225
F2J5WY7S,225
F2J6HG0W,211
F2J6HG0WR,223
F2J6HG7W,226
F2J6HG8W,226
F2J6HGP2S,223
F2J6HGP2W,223
F2J6HM0W,211
F2J6HM1W,211
F2J6HM8S,211
F2J6HMP8S,223
F2J6HS0W,223
F2J6HS1L,223
F2J6HS1W,223
F2J6HS8S,226
F2J6HSDS,226
F2J6HSDW,226
F2J6HSFW,226
F2J6HSKP,226
F2J6HSR1W,223
F2J6HSW0W,225
F2J6HSW1W,225
F2J6HY0W,225
F2J6NGP2S,223
F2J6NM0W,223
F2J6NM7W,226
F2J6NM8S,223
F2J6NMP0W,223
F2J6NMP8S,223
F2J6NN0W,226
F2J6NN8S,223
F2J6NNFW,226
F2J6NNP0W,223
F2J6NNP8S,223
F2J6NS1W,226
F2J6NS8S,223
F2J6NSGW,226
F2J6NYP1L,223
F2J6QY0W,159
F2J6QY8S,161
F2J6TN0W,162
F2J6TN1L,159
F2J6TN8S,161
F2J6TY0W,159
F2J6TY1W,159
F2J6WN0W,225
F2J6WN1W,225
F2J6WS0W,223
F2J6WS1L,223
F2J6WS1W,223
F2J6WY0W,225
F2J6WY1W,225
F2J6WY8S,225
F2J7HG2W,211
F2J7HM1W,211
F2J7HMP1W,223
F2J7HMP8S,223
F2J7HN1W,225
F2J7HN2W,211
F2J7HNP8S,223
F2J7HS1L,223
F2J7HS1W,223
F2J7HS2G,211
F2J7HS2S,211
F2J7HS2W,211
F2J7HS8S,211
F2J7HSW2W,225
F2J7HSW8S,225
F2J7HY1W,225
F2J7HY2L,223
F2J7HY2W,225
F2J7HY8S,225
F2J7TNP1W,161
F2J7TY0W,159
F2J7TY1W,159
F2J7TY2W,159
F2J7TYW1W,159
F2J7VY1W,162
F2J7VY8S,162
F2J8HN2W,211
F2J8HY2W,211
F2J8JSP2SD,150
F2J8JSP2WD,150
F2J9HS2S,211
F2J9HS2W,211
F2J9LNP2T,144
F2J9LNP2W,144
F2K2CHK2T,90
F2K2CHK5T,90
F2K2CHK5W,90
F2K6DMK2S,90
F2K6DMK2S2,90
F2K6DMK2W,90
F2K6DNK2S,90
F2K6DNK2W,90
F2M5HS4W,223
F2M5HS4WP,226
F2M5HS6S,226
F2M5HS6W,226
F2M5HS7S,223
F2M5NS3W,223
F2M5NS3WP,226
F2M5NS6W,226
F2M5WS3W,223
F2M5WS4W,223
F2NX10S7NWB,211
F2NX50S8TLB,211
F2NX50S8TLC,211
F2NX50S9THB,211
F2NX50S9TKB,211
F2NX50S9TKC,211
F2R3HS6W,225
F2R3HYL3W,159
F2R3HYL6P,159
F2R3S08NSWB,211
F2R3S08NSWW,211
F2R3S09AIDD,211
F2R3S09NSWB,211
F2R3S09NSWW,211
F2R5008NSWW,212
F2R5008TSMB,212
F2R5008TSWW,212
F2R5009TSMB,212
F2R5009TSWB,212
F2R5FG0W,212
F2R5FG6J,212
F2R5HS0W,225
F2R5HS1W,225
F2R5WS0W,225
F2R7009TSSB,212
F2R7S08TSWC,211
F2R7S09TSWC,211
F2R9009TPWC,212
F2R9FC2E,212
F2R9HS9T,225
F2S7V3HNTW,211
F2S7V3HY0W,211
F2S7V3HYTW,211
F2S8V3GY0W,211
F2T3HG0W,223
F2T3HS0W,223
F2T3HS6S,223
F2T3HS6W,223
F2T5HG2S,223
F2T9FW9P,212
F2T9FW9W,212
F2T9GW9P,212
F2T9GW9W,212
F2T9HS9B,223
F2T9HS9S,223
F2T9HS9W,223
F2T9HSBB,223
F2V2GYP6JH,212
F2V3FG0W,211
F2V3FR6W,212
F2V3FS0W,212
F2V3FS4W,212
F2V3FS6W,212
F2V3FYP6JE,212
F2V3GS3W,212
F2V3GS4W,212
F2V3GS6W,212
F2V3GYPKJ,212
F2V3HG0W,223
F2V3HNP3WE,212
F2V3HS0W,223
F2V3HS3W,212
F2V3HS4W,212
F2V3HS6J,224
F2V3HS6W,224
F2V3HYP0WE,212
F2V3HYPKP,212
F2V3PS6J,212
F2V3PS6JL,132
F2V3PS6W,212
F2V3PS6WL,132
F2V3PYP3W,212
F2V3PYP3WE,212
F2V3PYP4WE,212
F2V3PYPKP,212
F2V3SLIM7,211
F2V3SLIM8C,211
F2V4SLIM7,225
F2V5FGPYJE,212
F2V5FRPYJ,212
F2V5FYPYJ,212
F2V5FYPYP,212
F2V5GC0W,211
F2V5GG2S,212
F2V5GG9T,212
F2V5GGP0W,211
F2V5GGP2T,212
F2V5GRPYJ,211
F2V5GS0W,212
F2V5GS0WR,212
F2V5GS0WT,212
F2V5GYP0W,211
F2V5GYP2T,211
F2V5GYP2TE,212
F2V5HG0W,223
F2V5HG1W,212
F2V5HS0W,224
F2V5HS0WR,223
F2V5HS1W,223
F2V5HS2P,224
F2V5HS2S,223
F2V5HS2SR,223
F2V5HS5S,212
F2V5HS5W,212
F2V5HS9B,223
F2V5HYLYJ,212
F2V5HYPYJE,212
F2V5NG0W,223
F2V5PGP0W,212
F2V5PGP2T,212
F2V5PS0W,212
F2V5PS0WL,212
F2V5PS2S,212
F2V5PS2SL,212
F2V5PYP0W,212
F2V5PYP2T,212
F2V5WS0W,223
F2V7FR1W,212
F2V7FR2P,212
F2V7FS1W,212
F2V7FS2P,212
F2V7GW1W,212
F2V7GW9T,212
F2V7GWL1W,212
F2V7GWL2P,212
F2V7SLIM8,211
F2V7SLIM8E,211
F2V7SLIM9,211
F2V7SLIM9B,211
F2V9FC2P,212
F2V9FW9P,212
F2V9FW9W,212
F2V9GC9W,212
F2V9GCP2E,212
F2V9GW1W,212
F2V9GW9P,212
F2V9GW9PR,212
F2V9GW9T,212
F2V9GW9W,212
F2V9GW9WR,212
F2V9HS9T,223
F2V9HS9W,223
F2VCN,240
F2W8S500W,211
F2W8S501W,211
F2W8S506J,211
F2W8S506W,211
F2W8S722W,211
F2W9S721W,211
F2W9S72YP,211
F2W9S72YW,211
F2W9S72YZ,211
F2W9S902W,211
F2WCN,240
F2WCNS,240
F2WCT,240
F2WN2S65S3W,225
F2WN2S6N3E,225
F2WN2S6N4E,225
F2WN2S6N6E,225
F2WN2S6S3E,225
F2WN2S6S4E,225
F2WN2S6S6E,225
F2WN2S6S6TE,225
F2WN2S70S3W,225
F2WN2S7N6E,225
F2WN2S7S3E,225
F2WN2S7S4E,225
F2WN407S0,159
F2WN4S6N0,225
F2WN4S6S0,225
F2WN4S6S1,225
F2WN4S6S2T,225
F2WN4S7N0,225
F2WN4S7S0,225
F2WN4S7S1,225
F2WN4S7S2T,225
F2WN5S6N0,225
F2WN5S6S0,225
F2WN5S6S1,225
F2WN5S7S0,225
F2WN6S7S1,225
F2WN6S7S2T,225
F2WN7S7S0,225
F2WN7S7S1,225
F2WP207N0WS,225
F2WP207S0WS,225
F2WR508S0W,212
F2WR508S2M,212
F2WR508SBM,212
F2WR508SBW,212
F2WR508SWW,212
F2WR509SBW,212
F2WR509SWW,212
F2WR5S08A0W,212
F2WR5S08AGW,212
F2WR5S09A0W,212
F2WR5S8S1W,211
F2WR5S8S6W,211
F2WR5S9S0W,211
F2WR708S2H,212
F2WR708S3W,212
F2WR7091,211
F2WR709S2P,212
F2WR709S2W,212
F2WR7S9SGH,211
F2WR7S9SGW,211
F2WR909P3W,212
F2WT4S6AIDD,225
F2WV2S7S3E,225
F2WV2S7S6E,225
F2WV308NEW3,211
F2WV308S6AB,212
F2WV308S6AW,211
F2WV3S70S3W,212
F2WV3S7AIDD,212
F2WV3S7N3E,212
F2WV3S7N4E,211
F2WV3S7N6E,211
F2WV3S7S0E,212
F2WV3S7S3E,212
F2WV3S7S4E,212
F2WV3S7S6E,211
F2WV3S7SHE,211
F2WV3S85S3W,212
F2WV4S7S0E,225
F2WV5N7S1E,211
F2WV5N8S0E,211
F2WV5N8S1E,211
F2WV5S6N0WS,225
F2WV5S7S0E,211
F2WV5S7S1E,211
F2WV5S85S0W,212
F2WV5S85S2S,212
F2WV5S8S0E,212
F2WV5S8S1E,211
F2WV5S8S2PE,212
F2WV5S8S2TE,211
F2WV708S1S,212
F2WV7S8P1,212
F2WV7S8P1E,212
F2WV7S8P2T,211
F2WV7S8S1E,211
F2WV7S8S2TE,211
F2WV9082B,211
F2WV908N1WS,212
F2WV9S8P2,212
F2WV9S8P2A,211
F2WV9S8P2E,212
F2X10S7NLB,226
F2X10S7NLH,226
F2X10S7NLK,226
F2X10S7NWB,223
F2X10S7NWH,226
F2X10S7NWK,226
F2X50S8TBB,211
F2X50S8TKB,211
F2X50S8TLB,212
F2X50S8TLC,211
F2X50S9TBB,211
F2X50S9THB,211
F2X50S9TKB,211
F2X50S9TLB,211
F2X50S9TLC,211
F2X50S9TWB,211
F2X5FS2SB,211
F2X5FS2WB,212
F2X5FS5W,212
F2X5FYN23,211
F2X5FYN26,212
F2X5FYNY6,211
F2X5FYNYW,211
F2X5HS2M,211
F2X5PS5M,212
F2X5PS5W,212
F2X5PS5WB,211
F2X5PYNY6,212
F2X5PYNY7,211
F2X5PYNY8,211
F2X70S9TBB,211
F2X70S9TLS,211
F2X70S9TSB,211
F2X70S9TWB,211
F2X70S9TWS,211
F2X7FS5W,212
F2X7SLIM9,211
F2X7SLIM9B,211
F2X7SLIM9W,211
F2X9FW2M,212
F2Y1HS3W,226
F2Y1HS3WL,223
F2Y1HS5J,226
F2Y1HS5JL,223
F2Y1HS5W,226
F2Y1HS5WL,223
F2Y1HS6J,226
F2Y1HS6JL,223
F2Y1HS6W,226
F2Y1HS6WL,223
F2Y1HYP3W,226
F2Y1HYP65P,226
F2Y1HYP6J,226
F2Y1HYP6JP,226
F2Y1HYPQ5P,226
F2Y1NS3W,226
F2Y1NS3WL,223
F2Y1NS5J,226
F2Y1NS5W,226
F2Y1NS5WL,223
F2Y1NS6J,226
F2Y1NS6W,226
F2Y1NS6WL,223
F2Y1QYP65,162
F2Y1QYP6J,162
F2Y1TYP3W,162
F2Y1TYP65P,162
F2Y1TYP6J,162
F2Y1TYP6JP,162
F2Y1TYP6X,162
F2Y1TYPQ5,162
F2Y1TYPQ5P,162
F2Y1VG6W,162
F2Y1VS3W,162
F2Y1VS5J,162
F2Y1VS5W,162
F2Y1VS6J,162
F2Y1VS6W,162
F2Y1VYP6J,162
F2Y1VYP6JP,162
F2Y1VYPY5P,162
F2Y1VYPYJP,162
F2Y1WS3W,226
F2Y1WS3WL,223
F2Y1WS5J,226
F2Y1WS5W,226
F2Y1WS5WL,223
F2Y1WS6J,226
F2Y1WS6W,226
F2Y1WS6WL,223
F2Y2HG5J,226
F2Y2HG6W,226
F2Y2HS3WE,226
F2Y2HS5JE,226
F2Y2HS5WE,226
F2Y2HS6WE,226
F2Y2HYP65,226
F2Y2HYP6J,226
F2Y2HYPQ5,226
F2Y2HYPY5,211
F2Y2NS3WE,226
F2Y2NS6WE,226
F2Y2VG5J,212
F2Y2VG6W,226
F2Y2WS6JE,226
F2Y508WBLN1,211
F2Y509WBLN1,211
F2Y5FYP6W,212
F2Y5PRP3W,212
F2Y5PRP6W,212
F2Y5PYP3W,212
F2Y708WBTN1,211
F2Y709BBTN1,211
F2Y709WBTN1,211
F2Y9FCP2ZB,212
F3030TA015C,1404
F3030TA01EC,1404
F3030TA0S5C,1296
F3030TA0SEC,1296
F3035RB1111,594
F3035RB1S11,594
F3035TA2112,486
F3035TA2131,918
F3035TA2S12,486
F3035TA2S31,918
F3035TB1111,486
F3035TB1S11,486
F3040RB1111,594
F3040RB1S11,594
F3040TA015C,1404
F3040TA01EC,1404
F3040TA0S5C,1296
F3040TA0SEC,1296
F3040TA2112,486
F3040TA2131,918
F3040TA2S12,486
F3040TA2S31,918
F3040TB1111,486
F3040TB1S11,486
F3135TSB111,486
F3135TSB131,918
F3135TSBS11,486
F3135TSBS31,918
F3140TSB111,486
F3140TSB131,918
F3140TSBS11,486
F3140TSBS31,918
F3230TA11A1,1530
F3240TA11A1,1530
F3257TA11A1,1395
F32580WH,90
F32586IXS,90
F32591WH,90
F3330TC117B,1104
F3340MB1N3A,800
F3340TB1N6A,960
F3340TC117B,1404
F3357MB1N3A,1120
F3357MB1Z3A,1120
F3357TB1N6A,1344
F3357TB1Z6A,1344
F34R50WHS,150
F34R76WHST,150
F34R92BSTA,150
F34X56WHST,150
F34X71WHST,150
F34X76BSTA,150
F3530TA015A,864
F3530TA015B,1404
F3530TA017A,864
F3530TA017B,1404
F3530TC117A,864
F3540TA015A,960
F3540TA015B,1404
F3540TA017A,864
F3540TA017B,1404
F3540TC117A,912
F3550TA015A,864
F3550TA015B,1404
F35BA,150
F35FA,150
F35LA,150
F35MA,150
F35VC,252
F35VC1,252
F35WA,150
F35WC,252
F3630TC1N5B,1404
F3640MC1173,1404
F3640MC11D3,1248
F3640MC1N71,1404
F3640MC1ND1,1248
F3640MC1ZD1,960
F3640TC1143,1404
F3640TC1153,1404
F3640TC11C3,1248
F3640TC1N51,1404
F3640TC1N5B,1404
F3640TC1NC1,1248
F3640TC1Z51,1152
F3650TC1N5B,1404
F3657MC1173,1404
F3657MC117A,1404
F3657MC11D3,1248
F3657MC11DA,1248
F3657MC1N7A,1404
F3657MC1NDA,1248
F3657MC1S71,1242
F3657MC1S73,1296
F3657MC1SD1,1152
F3657MC1SD3,1248
F3657MC1ZD1,960
F3657TC1143,1404
F3657TC114A,1404
F3657TC1153,1404
F3657TC115A,1404
F3657TC11C3,1248
F3657TC11CA,1248
F3657TC1N4A,1404
F3657TC1N5A,1404
F3657TC1NCA,1248
F3657TC1S51,1242
F3657TC1S53,1296
F3657TC1SC1,1152
F3657TC1SC3,1248
F3657TC1Z51,1152
F3730TR1N31,810
F3730TR1N71,672
F3740TR1N31,810
F3740TR1N71,672
F374R92WSTA,150
F3750TR1N31,810
F3750TR1N71,672
F3857SB1N5A,1344
F3857SB1NDA,1120
F3F2CNV3W,90
F3G2CYT5R,90
F3K7CYK2S,90
F3K7CYK2W,90
F3L2CHV2E,90
F3L2CHV5T,90
F3L2CRK2W,90
F3L2CRV2T,90
F3L2CYK2T2,90
F3L2CYK5T,90
F3L2CYK5W,90
F3L2CYV2T,90
F3L7CYK5W,90
F3M2CYK2E,84
F3M2CYK2EP,84
F3P2CRVBE,90
F3P2CYKBW,90
F3P3CYK2B,84
F3P3CYK2BP,84
F3P3CYK2W,84
F3P3CYK2WP,84
F3P4CNK3WP,90
F3P4CNK6JP,90
F3Q7AYK2E,56
F3Q7AYK2T,56
F3Q7AYKCE,56
F3Q7AYKCT,56
F3Q8CXK1T,84
F3Q8CXK1W,84
F3Q8CXK2E,84
F3Q9CBV1TQ,90
F3U8CNK3WQ,90
F3W8RYPKWH,102
F3W8RYVKWH,102
F4015RN4VC,90
F4030TC1N5A,864
F4035TB1131,918
F4035TB1S31,918
F4040TB1131,918
F4040TB1S31,918
F4040TC1N5A,864
F4050TC1N5A,912
F4057A-03M,1478
F4057A-03T,1478
F4057A-06M,1042
F4057A-06T,1042
F4057A-07T,1042
F4057A-08T,1042
F4057B-03M,560
F4057B-03T,560
F4057B-06M,672
F4057B-06T,672
F4057B-07T,672
F4057C-03M,720
F4057C-03T,720
F4057C-06M,864
F4057MC1N7A,960
F4057MC1NDA,760
F4057TC1N5A,960
F4057TC1NCA,800
F40BG,59
F4230TT1N5A,960
F4230TT1N7A,960
F4230TT1NAA,800
F4230TT1NBA,800
F4240TT1N5A,960
F4240TT1N7A,960
F4240TT1NAA,800
F4240TT1NBA,800
F4315SVBWC,90
F434GBMB1B,55
F448DS32,42
F451SN15A,42
F4540SC1X61,720
F4540SC1X62,720
F4557SC1X61,720
F4557SC1X62,720
F457S35,42
F458SN15A,42
F48J3TM5W,161
F48V3TN3W,161
F48V3TW4W,161
F48WSWY2,720
F49V3VW4W,161
F49V3VW6W,161
F49V6VB1W,161
F4A1009NDK,180
F4A1009NWH,180
F4A1009NWK,180
F4A1009NWKB,180
F4A10S7NWH,189
F4A10S8NDK,189
F4A10S8NWH,189
F4A10S8NWK,189
F4A510GBLN1,161
F4A510WWLN1,161
F4AIDDWT4Z9,159
F4BC,252
F4BCS,252
F4C510GBTN1,161
F4C510WBTN1,161
F4CH7090,161
F4D06506W,161
F4D1675YW,161
F4D37952W,150
F4DN4008N0W,159
F4DN4008S1W,159
F4DN4009S0W,159
F4DN4009S1W,159
F4DN4009S2S,159
F4DN408N0,159
F4DN408N1,159
F4DN408S0,159
F4DN408S1,159
F4DN408S2T,159
F4DN409N0,159
F4DN409N0E,159
F4DN409S0,159
F4DN409S1,159
F4DN409S2,159
F4DN409S2T,159
F4DN508N0,159
F4DN508N1,159
F4DN508S0,159
F4DN508S1,159
F4DN509S0,159
F4DR3096N3W,161
F4DR5009A3W,162
F4DR5010S6W,162
F4DR5011S6W,162
F4DR509S1W,162
F4DR509S6M,162
F4DR509S6W,162
F4DR509SBM,162
F4DR509SBW,162
F4DR510S0W,162
F4DR510S1W,162
F4DR510S2M,162
F4DR5509A0W,162
F4DR5509A1W,162
F4DR6009A1W,162
F4DR6009AGM,162
F4DR6010A0W,162
F4DR6010A1W,162
F4DR6010AGM,162
F4DR6011AGW,162
F4DR7006S1W,161
F4DR7009AGS,162
F4DR7010SGH,162
F4DR7010SGS,162
F4DR7010SGW,162
F4DR7011AGS,162
F4DR7011AGW,162
F4DR7011SGH,162
F4DR7011SGW,162
F4DR710S2H,162
F4DR711S2BA,162
F4DR711S2H,162
F4DR7506SYH,161
F4DR7510AGW,162
F4DR7510SGH,162
F4DR7511AGW,162
F4DR7511SGH,162
F4DR7596SYH,161
F4DR913P3WA,161
F4DR9513A2W,161
F4DR9513P2W,150
F4DR9537S2W,161
F4DT408AIDD,159
F4DV408S0E,159
F4DV408S2T,159
F4DV409N1W,159
F4DV409N1WE,159
F4DV409S0E,159
F4DV409S0EE,159
F4DV5009S0W,162
F4DV5009S1W,162
F4DV5009S2S,162
F4DV5010SMW,162
F4DV508N0W0,159
F4DV508S0W,159
F4DV508S2W,159
F4DV509H0E,162
F4DV509H0W0,159
F4DV509H1EA,161
F4DV509S0E,161
F4DV509S1E,161
F4DV509S1W,159
F4DV5509S2W,162
F4DV5509SMW,162
F4DV7009S1W,162
F4DV7009S2S,162
F4DV7009S2W,162
F4DV7010S1W,162
F4DV7010S2S,162
F4DV7010S2W,162
F4DV709H0,162
F4DV709H0E,161
F4DV709H1,162
F4DV709H1E,162
F4DV709H1T,161
F4DV709H2T,162
F4DV709H2TE,161
F4DV709S0E,162
F4DV709S1E,162
F4DV709S2E,162
F4DV709S2TE,162
F4DV710H1,162
F4DV710H1E,162
F4DV710H1EA,162
F4DV710H2EA,162
F4DV710H2SE,162
F4DV710H2T,162
F4DV710S1E,162
F4DV710S1WE,159
F4DV710S2E,162
F4DV710S2SE,162
F4DV7509S2W,162
F4DV7510S2W,162
F4DV909H2,162
F4DV909H2E,161
F4DV909H2EA,162
F4DV910A2E,161
F4DV910H2,162
F4DV910H2E,161
F4DV910H2EA,162
F4DV910H2S,162
F4DV910H2SA,162
F4DV910H2WQ,161
F4DV912A2E,150
F4DV912H2EA,161
F4DV9510P2B,162
F4DV9510P2W,162
F4DV9512P2W,161
F4EC,252
F4H5VS6W,159
F4H6VS0E,159
F4H6VS0W,159
F4H6VS8S,159
F4H7VS2S,159
F4H9JS2G,150
F4H9VS2W,159
F4HC,252
F4J3TG5WD,162
F4J3TM5WD,162
F4J3TM5WE,162
F4J3TMG3W,159
F4J3TMG5P,159
F4J3TN3W,162
F4J3TN3WE,162
F4J3TN4WE,161
F4J3TN5WE,162
F4J3TS0W,162
F4J3TS2W,162
F4J3TS4WE,162
F4J3TS5W,161
F4J3TY4WE,161
F4J3TY5WE,161
F4J3TYG3W,161
F4J3TYG6J,161
F4J3TYL3W,161
F4J3TYL6J,161
F4J3VN3W,162
F4J3VS6WE,162
F4J3VY3W,162
F4J3VY4W,162
F4J3VY4WE,161
F4J3VY5WE,161
F4J3VYG5P,161
F4J3VYG6J,161
F4J3VYL5W,161
F4J3VYL6J,161
F4J3VYP3WE,162
F4J3VYP5L,162
F4J5QN3W,162
F4J5QN4W,159
F4J5QN7S,162
F4J5QNP3W,161
F4J5QNP7S,162
F4J5QNW4W,159
F4J5TN3W,162
F4J5TN3WW,159
F4J5TN4L,161
F4J5TN4W,162
F4J5TN4WW,161
F4J5TN7S,162
F4J5TN9W,159
F4J5TNP3W,161
F4J5TNP7S,161
F4J5TS6W,161
F4J5TY3W,159
F4J5TY7S,159
F4J5VN3W,162
F4J5VN3WE,159
F4J5VN4W,159
F4J5VNP3W,159
F4J5VY3W,162
F4J5VY4W,159
F4J5VYP3W,161
F4J5VYP7SP,162
F4J608WN,161
F4J609SS,161
F4J609WN,161
F4J609WS,161
F4J610SS,150
F4J610WS,150
F4J6AM2S,161
F4J6AM2W,161
F4J6AM8S,161
F4J6EY2W,162
F4J6J10KG,150
F4J6JY0W,150
F4J6JY1W,150
F4J6JY2S,150
F4J6JYP0W,150
F4J6QN0W,162
F4J6QN0WW,161
F4J6QN2W,161
F4J6QN8S,162
F4J6QY0W,159
F4J6QY1W,162
F4J6TG0W,161
F4J6TG1W,162
F4J6TGP0W,96
F4J6TGP2S,161
F4J6TGP2W,161
F4J6TGW1W,159
F4J6TM0W,162
F4J6TM0WC,162
F4J6TM1W,161
F4J6TM2S,161
F4J6TM2W,161
F4J6TM7W,162
F4J6TM8S,162
F4J6TMP0W,161
F4J6TMP8S,162
F4J6TMP8SP,161
F4J6TN0W,162
F4J6TN1W,162
F4J6TN2S,161
F4J6TN2W,159
F4J6TN8S,161
F4J6TNP0W,162
F4J6TNP8S,162
F4J6TS1L,159
F4J6TS1W,161
F4J6TSW1W,159
F4J6TY0W,162
F4J6TY0WP,161
F4J6TY0WW,161
F4J6TY1W,161
F4J6TY1WW,159
F4J6TY8S,162
F4J6TYP8S,161
F4J6TYV0W,159
F4J6TYV8S,159
F4J6VG0W,162
F4J6VG1W,159
F4J6VG8S,159
F4J6VGP2S,161
F4J6VGP2W,161
F4J6VN0W,162
F4J6VN1L,159
F4J6VNW0W,159
F4J6VS0W,159
F4J6VS1L,159
F4J6VS8S,159
F4J6VY0W,159
F4J6VY1W,161
F4J6VY2W,162
F4J6VY8S,161
F4J6VYP0W,161
F4J6VYP2S,161
F4J6VYP2W,161
F4J6VYP8S,161
F4J7FH1W,161
F4J7FNP8S,150
F4J7FYP2ED,150
F4J7JN2W,150
F4J7JS2G,150
F4J7JY2W,161
F4J7JYP2T,150
F4J7QY1W,159
F4J7QY2W,159
F4J7TH1W,162
F4J7THP1W,161
F4J7THP2S,161
F4J7THP8S,161
F4J7TN0W,161
F4J7TN1W,162
F4J7TN2W,161
F4J7TN8S,161
F4J7TNP1W,161
F4J7TNP8S,161
F4J7TS1W,161
F4J7TS8S,161
F4J7TY0W,159
F4J7TY1W,162
F4J7TY2S,161
F4J7TY2W,161
F4J7TYP2S,161
F4J7VH2W,161
F4J7VH2WD,152
F4J7VN0W,159
F4J7VN1W,161
F4J7VN2W,162
F4J7VN8S,161
F4J7VNP1W,161
F4J7VNP8S,162
F4J7VS2S,162
F4J7VS2W,161
F4J7VY1W,162
F4J7VY2S,161
F4J7VY2T,162
F4J7VY2W,162
F4J7VY2WD,162
F4J7VYP2S,161
F4J7VYP2SD,161
F4J7VYP2WD,161
F4J7VYP8S,161
F4J8FH2S,150
F4J8FH2W,161
F4J8FHP2S,161
F4J8FHP2W,150
F4J8JH2S,150
F4J8JH2W,161
F4J8JH2WD,161
F4J8JHP2SD,150
F4J8JHP2T,150
F4J8JHP2W,150
F4J8JHP2WD,150
F4J8JS2W,150
F4J8JSP2S,150
F4J8JSP2W,150
F4J8TS2W,162
F4J8VHP2SD,96
F4J8VS2S,162
F4J8VS2W,162
F4J8VS2WD,152
F4J8VSP2S,161
F4J8VSP2W,161
F4J9JH2S,150
F4J9JH2T,161
F4J9JHP2T,161
F4J9JHP2TD,150
F4J9JS2S,150
F4J9JS2T,161
F4J9JSP2T,161
F4J9JSP2W,150
F4J9VHP2TD,161
F4KC,252
F4KCS,252
F4M5TS3W,159
F4M5TS6W,159
F4M5TSFW,162
F4M5TSGW,162
F4M5VS4W,159
F4M5VS4WP,162
F4M5VS6S,159
F4M5VS6W,162
F4M5VSDW,162
F4MT08W,161
F4MT08WE,161
F4NA1009NWK,180
F4NA10S7NWH,189
F4NA10S8NWK,189
F4NQ25Q2YB0,115
F4NW24MPRY0,120
F4NW24MPWY0,120
F4NX1008NLB,162
F4NX1008NLC,162
F4NX1008NWC,162
F4NX1008NWK,162
F4NX1009NMB,162
F4NX1009NWB,162
F4NX1009NWK,162
F4NX5009THB,162
F4NX5009TKB,161
F4NX5009TKC,162
F4NX5009TLC,162
F4NX5009TWB,162
F4NX5011THB,162
F4NX5011TKB,162
F4NX5011TKC,162
F4NX5011TLC,162
F4R3009NNWB,162
F4R3009NNWW,162
F4R3009NSWB,162
F4R3009NSWW,162
F4R3010NSWB,162
F4R3010NSWW,162
F4R3011NSWB,162
F4R3011NSWW,162
F4R3013NSWB,150
F4R3013NSWW,150
F4R3509NSWB,162
F4R3710NSWW,162
F4R3711NSWS,162
F4R3P11NSWB,162
F4R3QYL6W,161
F4R3TYG3W,161
F4R3TYG6J,161
F4R3TYG6P,161
F4R3TYG6W,161
F4R3TYG7P,161
F4R3TYL6W,161
F4R3TYW3WE,159
F4R3VYG3W,161
F4R3VYG6J,161
F4R3VYG6P,161
F4R3VYG6W,161
F4R3VYG7P,161
F4R3VYGCJ,161
F4R3VYGCP,161
F4R3VYGSL,161
F4R3VYL6P,161
F4R3VYL6W,161
F4R3VYW3WE,159
F4R5009TNWS,162
F4R5009TSWS,162
F4R5009TSWW,162
F4R5010NSWW,162
F4R5010TSMB,162
F4R5010TSWW,162
F4R5011NSWW,162
F4R5011TSMB,162
F4R5011TSWS,162
F4R5011TSWW,162
F4R5013TSMB,161
F4R5013TSWW,161
F4R5TG0W,159
F4R5TGG2T,159
F4R5TYG0W,161
F4R5TYG2E,161
F4R5TYG2T,161
F4R5TYGSL,161
F4R5VGG2E,159
F4R5VGW0W,159
F4R5VGW2T,159
F4R5VS0W,159
F4R5VYG0W,161
F4R5VYG2E,161
F4R5VYG2P,161
F4R5VYG2T,161
F4R5VYGKP,161
F4R5VYGSL,161
F4R5VYL0W,161
F4R5VYL2P,161
F4R5VYW0W,159
F4R5VYW2T,159
F4R6TYGCP,159
F4R6VYGCP,159
F4R7009TSSB,162
F4R7009TSWB,162
F4R7010TSWG,162
F4R7011TSWB,162
F4R7011TSWC,162
F4R7011TSWG,162
F4R7013TSWG,150
F4R709TAIDD,162
F4R7509TSWB,162
F4R7509TSWG,162
F4R7510TSWB,162
F4R7511TSWB,162
F4R7B09TPWC,161
F4R7VG1W,162
F4R7VS1W,159
F4R9009TPWC,162
F4R909YC,161
F4R9513TPBC,150
F4R9513TPWC,150
F4R9VG9W,159
F4T7VS9S,159
F4T9RC9P,162
F4T9VS9B,159
F4T9VSBB,159
F4TURBO8,159
F4TURBO8S,159
F4TURBO9,159
F4TURBO9E,161
F4TURBO9S,159
F4UQ18N2XA0,312
F4UQ25N2XA0,171
F4UQ25Q2YB0,171
F4UW24MPRY0,171
F4UW24MPWY0,186
F4V1012BTSE,150
F4V1012WTSE,150
F4V1112BTSA,150
F4V1112WTSA,150
F4V308WNW,161
F4V309SNE,161
F4V309SSE,161
F4V309WNE,161
F4V309WNW,161
F4V309WSE,161
F4V310SNE,161
F4V310SSE,161
F4V310WNE,161
F4V310WSE,161
F4V3ES0W,159
F4V3ES6S,162
F4V3ES6W,162
F4V3EYP3WE,162
F4V3RS0W,162
F4V3RS3W,162
F4V3RS4W,162
F4V3RS6W,162
F4V3RYP3WE,162
F4V3RYP6JE,162
F4V3TYP0WE,162
F4V3TYP6WE,162
F4V3TYPKPE,162
F4V3VS6W,161
F4V3VYP6WE,162
F4V3VYPKPE,162
F4V508WS,159
F4V509SSE,161
F4V509WS,159
F4V509WSE,161
F4V510SSE,161
F4V510WS,161
F4V510WSE,161
F4V5EGP2P,162
F4V5EYL0W,159
F4V5EYLYP,159
F4V5EYP0W,162
F4V5EYP2P,162
F4V5FGP0WK,211
F4V5MGP2PE,162
F4V5RGP0W,162
F4V5RGP2T,162
F4V5RGPYJE,162
F4V5RS0W,162
F4V5RS2S,162
F4V5RYP0W,162
F4V5RYP2T,162
F4V5TG0W,159
F4V5TS0W,159
F4V5TYP0W,162
F4V5TYP2P,162
F4V5TYP2T,161
F4V5VG0W,159
F4V5VG0WR,159
F4V5VG2S,162
F4V5VG2SR,159
F4V5VGP0W,161
F4V5VGP2T,162
F4V5VS0W,162
F4V5VS0WR,159
F4V5VS2S,162
F4V5VS2SR,159
F4V5VS9B,159
F4V5VYL0W,159
F4V5VYL2P,159
F4V5VYP0W,162
F4V5VYP2T,162
F4V709P1E,161
F4V709STS,161
F4V709STSA,161
F4V709STSE,161
F4V709WTS,161
F4V709WTSA,161
F4V709WTSE,161
F4V710STS,161
F4V710STSA,161
F4V710STSE,161
F4V710WTS,161
F4V710WTSA,161
F4V710WTSE,161
F4V712STSE,150
F4V712WTSE,150
F4V7ES2P,162
F4V7ES2W,162
F4V7ES5P,162
F4V7EYP2PE,162
F4V7RBP2WE,161
F4V7RCP2T,161
F4V7RWP1T,161
F4V7RWP1W,161
F4V7RWP2T,161
F4V7RYP2PE,162
F4V7TS1W,159
F4V7VBP2WE,161
F4V7VCP2T,162
F4V7VG1W,162
F4V7VS1W,159
F4V7VW9T,161
F4V7VWP2T,162
F4V909BTS,161
F4V909BTSE,161
F4V909P2E,162
F4V909WTS,161
F4V909WTSA,161
F4V909WTSE,161
F4V910BTS,161
F4V910BTSE,161
F4V910WTS,161
F4V910WTSE,161
F4V9BCP2E,161
F4V9BCP2EE,161
F4V9BCP2EE5,150
F4V9BD9WE,150
F4V9BDP2EE,161
F4V9BWP2E,161
F4V9BWP2EE,161
F4V9BWP2W,161
F4V9ECP2E,162
F4V9EWP2E,162
F4V9LA2P,150
F4V9LA2W,150
F4V9LCP2EE,161
F4V9RC9P,161
F4V9RCP2E,162
F4V9RCP2W,162
F4V9RW9W,161
F4V9RWP2E,162
F4V9VCP2E,162
F4V9VG9W,159
F4V9VS9W,159
F4V9YW9W,162
F4VC,252
F4VR910WTSA,161
F4VT4W8KG,159
F4VT4W9KG,159
F4W10520W,161
F4W10722W,161
F4W1072YP,161
F4W1072YW,161
F4W11500W,161
F4W11506WF,161
F4W1172YW,161
F4W1175YE,161
F4W1175YW,161
F4W1372YW,150
F4W8BYPK6HN,102
F4W8BYPKUH,102
F4W8BYPKWH,102
F4W8BYPKZH,102
F4W8JYPKUH,102
F4W8JYPKWH,102
F4W8JYPKZH,102
F4W8LYPKUH,102
F4W8LYPKWH,102
F4W8LYPKZH,102
F4W90500W,161
F4W90506J,161
F4W90506W,161
F4W90721W,161
F4W90722W,161
F4W9072YP,161
F4W9072YW,161
F4WB2095,180
F4WB3085,161
F4WB308Y,161
F4WB308YB,161
F4WB3095,161
F4WB309Y,161
F4WB309YB,161
F4WB3182W,161
F4WB318YW,161
F4WC,252
F4WC708N1W,159
F4WM108N0W0,162
F4WM308S2W0,162
F4WM309WE,161
F4WN2008N3W,159
F4WN2009N3W,159
F4WN207N3E,159
F4WN207N4E,159
F4WN207N6E,159
F4WN207S3E,159
F4WN207S6E,159
F4WN207S6TE,159
F4WN208N3E,159
F4WN208N4E,159
F4WN208S6E,159
F4WN209S4E,159
F4WN209S6E,159
F4WN209S6TE,159
F4WN4008S0W,159
F4WN4008S1,159
F4WN4009S0W,159
F4WN4009S1W,159
F4WN408N0,159
F4WN408S0,159
F4WN408S1,159
F4WN408S2T,159
F4WN409N0,159
F4WN409S0,159
F4WN409S1,159
F4WN409S2T,159
F4WN508N0,159
F4WN508S0,159
F4WN508S0E,159
F4WN508S1,159
F4WN508S1E,159
F4WN509S0,159
F4WN509S0E,161
F4WN608S1,159
F4WN608S2,159
F4WN609S1,159
F4WN609S2T,159
F4WN708S1,159
F4WN708S1E,161
F4WN709S1,159
F4WN709S1E,161
F4WN8009S2W,159
F4WN808S2,159
F4WN809S2,159
F4WN909S2,159
F4WP208N0W,159
F4WP209N0W,159
F4WR3010S6W,162
F4WR3011S3W,161
F4WR3011S6W,161
F4WR3113,161
F4WR311S1WA,162
F4WR3193,161
F4WR3509A0W,162
F4WR3509S0W,161
F4WR3510A0W,162
F4WR3511A0W,162
F4WR3511S0W,161
F4WR359S6M,162
F4WR4016,161
F4WR4096,161
F4WR4911P,161
F4WR5009A3W,162
F4WR5009A6M,162
F4WR5009A6W,162
F4WR5009S1W,161
F4WR5010A3W,162
F4WR5010A6W,162
F4WR5010SYW,162
F4WR5011A3W,162
F4WR5011A6F,162
F4WR5011A6W,162
F4WR5011AGW,162
F4WR5011S1W,161
F4WR5013A6W,150
F4WR5035,150
F4WR5090,161
F4WR509SWW,162
F4WR510S0W,162
F4WR510SBM,162
F4WR510SBW,162
F4WR510SWW,162
F4WR511S0W,162
F4WR511S1W,162
F4WR511S2M,162
F4WR513SBW,161
F4WR5509A0W,161
F4WR5509A1W,162
F4WR5510A0W,162
F4WR6009A0W,162
F4WR6010A0W,162
F4WR6010A1W,162
F4WR6010AGW,162
F4WR6011A0W,162
F4WR6011AGW,162
F4WR6013A0W,161
F4WR6013AGW,161
F4WR7009AGS,162
F4WR7009AGW,162
F4WR7009S2W,161
F4WR7009SYW,161
F4WR700Y,161
F4WR700YB,161
F4WR7010AGS,162
F4WR7010AGW,162
F4WR7010SGH,162
F4WR7010SGS,162
F4WR7011AGW,162
F4WR7011S1W,161
F4WR7011SGH,162
F4WR7011SGS,162
F4WR7011SYB,162
F4WR7012,161
F4WR7013AGW,161
F4WR701Y,161
F4WR701YB,161
F4WR7031,150
F4WR703Y,150
F4WR703YB,150
F4WR7091,161
F4WR7092,161
F4WR709G,161
F4WR709SGS,162
F4WR709YB,161
F4WR709YP,161
F4WR710S2W,162
F4WR711S2W,162
F4WR711S3HA,162
F4WR7509AGH,162
F4WR7509AGW,162
F4WR7509SYW,161
F4WR7510AGH,162
F4WR7510AGW,162
F4WR7510SGB,162
F4WR7511AGH,162
F4WR7511AGW,162
F4WR7511SGB,162
F4WR7511SYW,161
F4WR9009A2W,162
F4WR9009S2W,161
F4WR909P3W,162
F4WR913P3WA,161
F4WR9513A2W,161
F4WR9513S2W,150
F4WR9592E,161
F4WT408AIDD,159
F4WT409AIDD,159
F4WT409PTE,159
F4WV107P3C,161
F4WV207N3E,159
F4WV208N3E,159
F4WV208S3,159
F4WV208S3E,159
F4WV210N0W,159
F4WV3008N3W,162
F4WV3008S3W,162
F4WV3008S4W,162
F4WV3008S6S,162
F4WV3008S6W,162
F4WV3009N3W,162
F4WV3009S3W,162
F4WV3009S6S,162
F4WV3009S6W,162
F4WV3010S3W,162
F4WV3010S6W,162
F4WV308N3E,162
F4WV308N4E,162
F4WV308P3C,162
F4WV308S0,161
F4WV308S3E,162
F4WV308S4E,162
F4WV308S6E,162
F4WV308S6TE,162
F4WV308SB,161
F4WV309N3,161
F4WV309N3E,161
F4WV309N4E,162
F4WV309S0,161
F4WV309S3E,162
F4WV309S4E,162
F4WV309S6E,162
F4WV309S6TE,162
F4WV309SB,161
F4WV310S3E,161
F4WV310S4E,161
F4WV310S6E,162
F4WV310SB,161
F4WV312S0E,161
F4WV3208S0W,162
F4WV3209S0W,162
F4WV3509S3W,162
F4WV3509S6W,162
F4WV408S0,159
F4WV408S0E,159
F4WV408S0EE,159
F4WV408S2TE,159
F4WV409N1W,159
F4WV409N1WN,159
F4WV409S0E,159
F4WV409S0EE,159
F4WV409S1,159
F4WV409S3W,159
F4WV410S3W,159
F4WV4A8S0,159
F4WV4A9S0,159
F4WV5008S0W,162
F4WV5008S2S,162
F4WV5009S0W,162
F4WV5009S2S,162
F4WV5010S0W,162
F4WV5010S2S,162
F4WV5012S0W,161
F4WV5080,161
F4WV508N0E,161
F4WV508S0,162
F4WV508S0E,162
F4WV508S1,161
F4WV508S1E,162
F4WV508S2T,162
F4WV509N0E,161
F4WV509S0,162
F4WV509S0E,162
F4WV509S0EA,161
F4WV509S1,161
F4WV509S1E,162
F4WV509S1EA,162
F4WV509S1W,159
F4WV510S0,162
F4WV510S0E,162
F4WV510S1E,161
F4WV510S1EA,161
F4WV512P0,150
F4WV512S0E,161
F4WV512S1E,161
F4WV5509S1W,162
F4WV5509S2W,162
F4WV5509SMW,162
F4WV5510S1W,162
F4WV591,161
F4WV608S1,159
F4WV609S1,159
F4WV609S2,159
F4WV7009S1W,162
F4WV7009S2S,162
F4WV7010S2S,162
F4WV7010S2W,162
F4WV708P1,162
F4WV708P1E,161
F4WV708P1R,161
F4WV708P2BA,161
F4WV708P2T,162
F4WV708S1E,162
F4WV708S2E,161
F4WV708S2TE,162
F4WV708YC,161
F4WV709AT1,161
F4WV709P1,162
F4WV709P1B,161
F4WV709P1E,161
F4WV709P2BA,161
F4WV709P2T,162
F4WV709P2TE,161
F4WV709S1E,162
F4WV709S2E,161
F4WV709S2EA,161
F4WV709S2TE,162
F4WV710ATR,161
F4WV710P0E,161
F4WV710P1,162
F4WV710P1E,161
F4WV710P2T,162
F4WV710S1E,162
F4WV710S2E,162
F4WV710S2EA,161
F4WV712N1W,150
F4WV7509S2W,162
F4WV808S2,159
F4WV809S2,159
F4WV9009P2B,162
F4WV9009P2W,162
F4WV9010P2W,162
F4WV908P2,161
F4WV908P2C,161
F4WV908P2E,161
F4WV908S2WQ,161
F4WV909P2,162
F4WV909P2A,161
F4WV909P2E,161
F4WV909P2S,162
F4WV909P2TE,161
F4WV909P2WE,162
F4WV909PS2A,161
F4WV910P2,162
F4WV910P2A,161
F4WV910P2E,161
F4WV910P2S,162
F4WV910P2SE,162
F4WV910P2WE,162
F4WV912A2E,150
F4WV912AT,150
F4WV912P2,161
F4WV912P2E,161
F4WV912P2EA,161
F4WV9512P2W,161
F4WX7012,159
F4WX701Y,161
F4WX701YB,162
F4WX708YC,161
F4WX7092W,159
F4WX709YB,161
F4WX709YC,161
F4WX709YP,161
F4WX801Y,161
F4WX801YB,161
F4WX801YS,161
F4WX803Y,150
F4WX803YB,150
F4WX808YC,161
F4WX809Y,161
F4WX809YC,161
F4WX851Y,161
F4WX859Y,161
F4WX861Y,161
F4WX9092,161
F4WX9092B,161
F4WX9092E,161
F4X1008NMB,159
F4X1008NMK,162
F4X1008NWH,162
F4X1008NWK,162
F4X1009NMB,162
F4X1009NMK,161
F4X1009NNK,161
F4X1009NWB,162
F4X1009NWH,162
F4X1009NWK,162
F4X1E08NLH,162
F4X1E08NLK,162
F4X5009TBB,162
F4X5009THB,161
F4X5009TKB,161
F4X5009TLB,162
F4X5009TWB,162
F4X5011TBB,162
F4X5011TGB,162
F4X5011THB,162
F4X5011TKB,162
F4X5011TLB,162
F4X5011TWB,162
F4X5509TBB,161
F4X5509THB,162
F4X5509TKB,161
F4X5509TLB,161
F4X5509TWB,162
F4X5511TBB,161
F4X5511THB,162
F4X5511TKB,162
F4X5511TLB,161
F4X5511TWB,162
F4X5ES2M,162
F4X5ES2WB,162
F4X5EYG24,162
F4X5EYPY6,162
F4X5EYPY8,162
F4X5RYG23,162
F4X5RYG24,162
F4X5VS5W,162
F4X5VYPY8,162
F4X7009TBB,161
F4X7009TLS,161
F4X7009TSB,161
F4X7009TWB,161
F4X7009TWS,161
F4X7011TBB,161
F4X7011TLS,161
F4X7011TSB,161
F4X7011TWB,162
F4X7011TWS,161
F4X7013TBB,150
F4X7013TSB,150
F4X7013TWB,150
F4X7013TWS,150
F4X7509TBB,159
F4X7509TSB,161
F4X7509TWS,161
F4X7511TBB,162
F4X7511TSB,161
F4X7511TWB,161
F4X7511TWS,161
F4X7513TBB,150
F4X7513TLB,150
F4X7513TLS,150
F4X7513TSB,150
F4X7513TWB,161
F4X7513TWS,150
F4X7EB5M,162
F4X7EB5W,162
F4X7EFP15,161
F4X7ES5M,162
F4X7ES5S,162
F4X7ES5W,162
F4X7LB5W,161
F4X9009TBC,161
F4X9009TLCE,161
F4X9009TWC,161
F4X9009TWCE,161
F4X9LA2M,161
F4Y1VRPY5,161
F4Y1VYPQ5,162
F4Y2QYG6P,159
F4Y2QYG6X,159
F4Y2TYG6X,159
F4Y2TYGYP,159
F4Y2TYGYZ,159
F4Y2VRPYJ,162
F4Y2VS5JE,162
F4Y2VSGWE,162
F4Y2VYGYP,159
F4Y2VYGYX,159
F4Y2VYGYZ,159
F4Y2VYPY5,162
F4Y2VYPYJ,162
F4Y2VYPYX,162
F4Y311WBLN1,161
F4Y3EBP0W,161
F4Y3RYGYJV,162
F4Y3RYGYWV,162
F4Y3VBP0W,161
F4Y509GBLA1,161
F4Y509GBLN1,161
F4Y509WBLN1,161
F4Y509WWLA1,161
F4Y510GBLN1,161
F4Y510WBLN1,161
F4Y511GBLA1,161
F4Y511GBLN1,161
F4Y511WBLN1,161
F4Y511WWLA1,161
F4Y513GBLN1,150
F4Y513WWLN1,161
F4Y5ERP0W,159
F4Y5ERP1WY,159
F4Y5EYGYPV,162
F4Y5EYGYWV,162
F4Y5EYP6W,159
F4Y5EYP6W0F,161
F4Y5EYW3W,159
F4Y5LYP0W,150
F4Y5RRP0W,162
F4Y5RRP1WY,159
F4Y5RRPYJ,159
F4Y5RYP3W,159
F4Y5RYP6W,162
F4Y5VRP0W,162
F4Y5VRP6WY,159
F4Y5VRPYJ,162
F4Y5VRPYW,162
F4Y5VYP1W,159
F4Y5VYP3W,159
F4Y5VYP6WY,159
F4Y6RYGBPV,162
F4Y6RYGYJV,162
F4Y6RYGYWV,162
F4Y709WBTA1,161
F4Y709WBTN1,161
F4Y710BBTA1,161
F4Y711BBTA1,161
F4Y711BBTN1,161
F4Y711WBTA1,161
F4Y713BBTN1,150
F4Y7ERPYP,162
F4Y7ERPYW,162
F4Y7ERPYZ,162
F4Y7LYPYW,150
F4Y7RRPYP,162
F4Y909WCTN4,161
F4Y913BCTA1,150
F4Y913WCTA1,150
F4Y9EWG2PV,162
F4Y9EWG2ZV,162
F4Y9LAP2W,150
F4Y9LCP2ZB,161
F4Y9LDP2W,161
F4Y9LDP2Z,161
F4Y9LWP2Z,161
F4Y9LWP2ZB,161
F4Y9VAP2WF,161
F4Z1HYC3W,189
F4Z1HYC6S,189
F4Z1PYC3W,189
F4Z1PYC6S,189
F4Z1PYC6W,189
F4Z1PYC6WPB,186
F4Z1VYC3W,180
F4Z1VYC6S,180
F4Z1VYC6W,180
F4Z1VYC6WPB,180
F4ZN500S1,159
F5040A-06M,672
F504RE22L,36
F5057A-03M,1478
F5057A-03T,1478
F5057A-06M,1042
F5057A-06T,1042
F5057SB1N5A,1344
F5065A-06M,2476
F5068LD,211
F5088LD,211
F5091LD,211
F5092LD,211
F50B8LD,211
F50B8ND0,223
F50B9LD,211
F50BG,51
F50C3LD,223
F50J5NN3W,225
F512GDMBAM,43
F515GDHBAM,43
F515GDMBAM,43
F51B8ND0,223
F51B9LD,211
F51EG,39
F51J5NN3W,225
F51K24WH,90
F51P12B,90
F51P12WH,90
F51P14WH,90
F521MC78,39
F522MPZ10,39
F522S11,39
F523MPZ88B,39
F52590WH,90
F52592WH,90
F52596IXS,90
F5292LD,211
F529MC76,39
F52B8LD,211
F531MC75,39
F531S35,39
F531TS35,39
F532MMC78B,39
F532MPZ71B,39
F534S35,39
F534TW35,39
F5357A-03S,1280
F543EP95B,51
F544MEP11B,51
F544MEP88D,39
F544MMB95D,39
F554GBBV3B,39
F554GBMB7B,39
F5640MC1N71,816
F5657MC1N71,816
F5ML,144
F5VR,144
F5WL,144
F5WR,144
F5XL,144
F6-14096CT,161
F6-14106ST,150
F6081ND,211
F6096ND,225
F60A8ND,225
F60B8ND,223
F60J5WN3W,225
F60J5WN4W,225
F60J6WN0W,225
F610V10RABW,161
F610V10RW2W,161
F610V7RABW,161
F611SB1D,28
F617SI1D,28
F6222ND,225
F622GBB31B,36
F622MGG31B,36
F622SI0D,30
F622SI1D,30
F62441WH,225
F625SI05,30
F625SI15,30
F6281ND,211
F6296ND,225
F62A8ND,225
F62A8NDS,225
F62B8ND,223
F62G6NDN2,225
F62J5WN3W,225
F62J6WY1W,225
F63280WR,211
F642SB1D,28
F644SB35,28
F645SB35,30
F664MEV88D,36
F678MC35A,28
F678MT35A,28
F678SB75B,28
F680MC34A,28
F680SB77B,28
F69V10VW2W,161
F69V5VW1W,161
F6F9KSK2W,102
F6G1BPK2WW,90
F6V1009BTSE,161
F6V1009WTSE,161
F6V1010BTSE,161
F6V1010WTSE,161
F6V1110BTSA,161
F6V1110WTSA,161
F6V7RBPBWS,162
F6V909BTSA,161
F6V909WTSA,161
F6V910BTSA,161
F6V910RTSA,161
F6V910WTSA,161
F6W105A,161
F6WR7011,161
F6WR7012,161
F6WR701Y,161
F6WR701YB,161
F6WR709Y,161
F6WV509S1EA,161
F6WV510S1EA,161
F6WV709A1E,161
F6WV709AT1,161
F6WV709P1,161
F6WV709S1W,159
F6WV709S2EA,161
F6WV709SGA,161
F6WV710AT2,161
F6WV710P1,161
F6WV710P1E,162
F6WV710P2S,161
F6WV710S1W,159
F6WV710S2EA,161
F6WV710SGA,162
F6WV710SGAB,161
F6WV71S2TA,161
F6WV7509S2W,162
F6WV7510P2W,162
F6WV7510PRW,162
F6WV909P2E,162
F6WV910A2E,161
F6WV910P2,161
F6WV910P2E,162
F6WV910P2EA,162
F6WV910P2SA,161
F6WV910P2SE,162
F6WV910PS2E,161
F6WV9510P2W,162
F6WVX5X2,161
F6Y7EYPYW,159
F7022QD,159
F7066QD,159
F7077QD,159
F7092QD,159
F7096QD,159
F70A8HDN2,225
F70B8QD,159
F70B9QD,159
F70E1UCADW,161
F70E1UDN0,252
F70E1UDN1,252
F70E1UDNK0,252
F70E1UDNK0D,252
F70E1UDNK1,252
F70E1UDNK12,252
F70E1UDNK1C,252
F70E1UDNK1D,252
F70E1UDNK1E,252
F70E1UDNK1P,252
F70E1UDNK4,252
F70E1UDNK7,252
F70E1UDNK7D,252
F70E1UDNK8D,252
F70E1UDNK9,252
F70E1UDNKA,252
F70E2UDNK0,140
F70E2UDNK1,168
F70E2UDNK1D,168
F70E2UDNK6,140
F70E2UDNK9,140
F70G8UDNK0,252
F70G8UDNK0D,252
F70G8UDNK1,252
F70G8UDNK1D,252
F70G9UDNK0,168
F70G9UDNK0D,168
F70G9UDNK1,168
F70G9UDNK1D,168
F70J5QN3W,159
F70J7HG0W,211
F70J7HY0W,225
F70U2QDN0,159
F71257XM,159
F71257XMS,159
F71258XM,161
F71258XMS,161
F71297QDP3,159
F7188QD0,159
F71K22IXS,90
F71K22WH,90
F71K22WHS,90
F71P12BS,90
F71P12IX,90
F71P12WH,90
F71P12WHS,90
F72511WH,159
F72515SL,159
F72601WH,225
F72650WH,159
F72680WH,159
F72681WH,159
F72684WH,159
F72690WH,159
F72695SL,159
F72700WH,159
F72731WH,159
F72735SL,159
F7277QD,159
F72791WH,159
F72841WH,159
F72880WH,159
F72890WH,159
F72891WH,159
F72892WH,159
F7296QD,159
F72A8HDM2N,211
F72A8HDN2,225
F72A8HDS2,211
F72A8QDS,159
F72J53WH,159
F72J54WH,159
F72J57ST,159
F72J5HY3W,225
F72J5HY3WE,211
F72J5QN3W,159
F72J5QN4W,159
F72J60WH,159
F72J6QN0W,159
F72J6QN1W,159
F72J72WHS,225
F72J7HG1W,211
F72J7HG2W,211
F72J7HM2W,211
F72J7HY0W,225
F72J7HY1W,225
F72J8HS2W,225
F72N23WH,159
F72SJ62WH,225
F72U1HBS2,223
F72U2HDM0N,211
F72U2HDM1N,223
F72U2QDN0,159
F742212WR,211
F7422QD,159
F742J71WRS,225
F74400WHR,159
F74461WH,159
F74480WH,159
F74552WH,159
F745SI45,26
F74670WH,159
F74680WH,159
F74690WH,159
F74710WH,159
F74721WH,159
F74731WH,159
F74771WH,159
F74791WH,159
F74795SL,159
F74800WHS,159
F74820WH,159
F74841WH,159
F74861WH,159
F74865SL,159
F74872WH,159
F74875SL,159
F74882WH,159
F74890WH,159
F74891WH,159
F74892WH,159
F74902WH,159
F74932WH,159
F74935SL,159
F74935ST,159
F74962SL,159
F74967ST,159
F7496QD,159
F7496QD3,159
F74A8QDS,159
F74B80WH,159
F74C41WH,161
F74G62WH,159
F74G62WHS,159
F74G65SLS,159
F74J53WH,159
F74J54WH,159
F74J57ST,159
F74J60SWH,159
F74J60WH,159
F74J60WHS,159
F74J60WHW,159
F74J61WH,159
F74J68ST,159
F74J6QN0W,159
F74J71SWH,159
F74J71WHS,159
F74N23WH,159
F74N23WHS,159
F74U1QBS2,159
F74U2QCN2,159
F7557A-06M,768
F7557A-06T,1042
F756SI04,30
F756SI14,30
F761TOWERB,44
F78U2QDN1,159
F792721IXRS,90
F7E1UNK02P,252
F7E1UNK12N,252
F7E1UNK12P,210
F7E1UNK41P,252
F7E1UNK9,252
F7E1UNKA1P,252
F7E1UTK12P,210
F7E1UTK41P,252
F7E1UTK42P,252
F7E1UTKA2P,252
F7E2UTK62P,140
F7E2UTKA2,140
F7G5XNK31P,255
F7K5XNK91P,240
F7M3ZYP31,225
F7M3ZYP41,225
F7M4ZYP31,240
F7M4ZYP41,240
F7M4ZYP91,240
F7P5UTKV2,140
F7P5UTKV9,140
F7U5UTK32,252
F7U5UTK42,252
F7U5UTK92,252
F7U5UTKC2,252
F7U5UTKK2,252
F7U5UYK31,252
F7U5UYK41,252
F7U5UYK91,252
F7W1UNK11P,252
F7W1XYK3,252
F7W1XYK3D,252
F7W1XYK4,252
F7W1XYK4D,252
F7W1XYK9,252
F8007NMCW,226
F8008NMCW,162
F802SB2D,24
F804SB35,24
F8056LDP,223
F8056NDP,223
F8056QD,159
F8057LDP,223
F805SB35,24
F8061QDP,161
F8066LP,223
F8066QP,159
F8068LD,223
F8068LD9,223
F8068LDP,223
F8068NDP,223
F8068QD,159
F8068QDP,159
F8068QDP2,159
F8070XM,159
F8080QDP,161
F8088LD,223
F8091LD,223
F8091LDP,223
F8091LDP2,223
F8091MD2,144
F8091QDP,159
F8091QDP2,159
F8092LD,228
F8092MD,228
F8092ND,228
F8092NDP,223
F8092NDP2,223
F80B8LD0,223
F80B8LD6,223
F80B8MD,223
F80B8MD1,223
F80B9LD,223
F80B9LDP,223
F80B9QDP2,159
F80C3LD,223
F80C3LDP,223
F80D9SDNP2,144
F80D9SDNP4,144
F80D9SDNP6,144
F80D9SDP,144
F80D9SDP1,144
F80D9SDP28,144
F80D9SDP2K,144
F80D9SDP3,144
F80D9SDP7,144
F80D9SDPK,144
F81257XM,159
F81257XMS,159
F81258XM,161
F81258XMS,161
F81297TDP3,161
F81497XM,159
F815SB35,24
F82552WH,159
F82691WH,159
F82731WH,159
F82810WH,159
F82841WH,159
F82861WH,159
F82882WH,159
F82890WH,159
F82891WH,159
F82892WH,159
F82932WH,159
F82A8TD,159
F82AV33WH,212
F82AV33WHS,212
F82AV35MB,212
F82AV35MBS,212
F82AV35WH,212
F82AV35WHS,211
F82G6TDN2,159
F82J53WH,161
F82J54WH,159
F82J6TY0W,159
F82J6TY1W,159
F82J8TS2W,159
F82SV50WHS,211
F82SX56BWST,211
F82U1TCN2,159
F841SN35,24
F841SN36,24
F84400WHR,159
F84492WH,159
F84552WH,159
F84690WH,159
F84710WH,159
F84731WH,159
F84790WH,159
F847SI1D,24
F847SN35,24
F84802WH,159
F84810WH,159
F84815SL,159
F84820WH,159
F84841WH,159
F84861WH,159
F84872WH,159
F84875IX,159
F84878BL,159
F84882WH,159
F84890WH,159
F84892WH,159
F848SN36,24
F84902WH,159
F84912WH,159
F84915IX,159
F84918BL,159
F84923WHS,159
F84932WH,159
F84933WHS,159
F84935ST,159
F8496AD1,159
F8496AD3,159
F8496TDAD,161
F849SN36,24
F84A8TD,159
F84A8TDA1,159
F84A8TDH2N,161
F84A8TDS,159
F84A8TDS6,159
F84A8YD,150
F84A8YD6,150
F84A8YDH,150
F84B13BWS,161
F84B13WHS,161
F84B15BWS,161
F84B15MBS,161
F84B15WHS,161
F84B8TDA,159
F84B8TDA1,159
F84C40WHS,161
F84G62WH,161
F84G62WHS,159
F84G65SLS,159
F84G6TDM2N,159
F84G6TDS2,159
F84J30WH,161
F84J53WH,159
F84J53WHS,159
F84J54WH,159
F84J57ST,159
F84J5TN3W,159
F84J60WH,159
F84J60WHS,159
F84J61WH,159
F84J62ST,159
F84J68ST,159
F84J68STS,159
F84J6EY2W,159
F84J6TG0W,159
F84J6TM0W,159
F84J6TY0W,159
F84J6TY1W,159
F84J71SWH,159
F84J71WH,159
F84J71WHS,161
F84J72STS,159
F84J72WHS,161
F84J78ST,159
F84J7TH1W,161
F84J7TY1W,159
F84J8TS2W,159
F84M20WH,161
F84M21WH,161
F84M22WH,161
F84M22WHS,161
F84N13WHS,189
F84N14SLS,189
F84N15STS,159
F84N15WHS,186
F84N15WHSB,186
F84N23WH,159
F84N23WHS,159
F84N24WH,159
F84N25IXS,159
F84N25WH,159
F84N40WHS,159
F84N41WHS,159
F84N42IXS,159
F84N50WHSB,159
F84N52T,159
F84U1TBS2,159
F84U1TBS8,159
F84U1TCN2,159
F84U2TDH0N,161
F84U2TDH1N,159
F84U2TDN1,159
F84V30WH,161
F84V35WHS,161
F84V51WHA,161
F8505WRD,161
F852SV50WRS,211
F852SV52IRS,211
F854B13WHS,161
F854B16WHS,161
F854C40WR,159
F854G63WR,159
F854J60WR,159
F854J61WRS,159
F854J71WRH,159
F854M20WR,161
F854M21WR,161
F854M22WR,161
F854N40WR,159
F854N41WR,159
F854N41WRS,159
F854N51WHSB,159
F86400WHR,150
F86452WHR,150
F864V51WRA,161
F86810WH,159
F871MS55H,24
F871MT86S,24
F871MT95T,24
F871NS33,24
F871NS53T,24
F871NS73,24
F871S10,24
F871S11E,24
F871S30,24
F871S30H,24
F871S32J,24
F871SB55T,24
F871SB86S,24
F871SE55,24
F871SN11E,24
F871SN33,24
F871SN53,24
F871SN55E,24
F871SN73,24
F871SS10,24
F871SS11,24
F871SS11E,24
F871SS32,24
F871SS32J,24
F871SS33,24
F871ST55,24
F871SW30,24
F871TS31E,24
F871TS35,24
F871TS56,24
F872FR55,24
F872FR56,24
F872MS55,24
F872MT75T,24
F872MT95T,24
F872NS35T,24
F872NS55T,24
F872NS75T,24
F872S10,24
F872S30,24
F872S30H,24
F872S31,24
F872SN35T,24
F872SN55T,24
F872SN75T,24
F872SN95T,24
F872SS10,24
F872SS10E,24
F872SS11,24
F872SS11E,24
F872SS11L,24
F872SS31,24
F872SS31H,24
F872SS32,24
F872SW30,24
F872TS56,24
F873MT95,24
F873MT95E,24
F873S10,24
F873S11E,24
F873S30,24
F873S30H,24
F873S31,24
F873SN11E,24
F873SN35,24
F873SN35E,24
F873SN55,24
F873SN55E,24
F873SN75,24
F873SN75E,24
F873SS10,24
F873SS11,24
F873SS11E,24
F873SS31,24
F873SS31H,24
F873SS32,24
F873SS32E,24
F874S10,24
F874S11E,24
F874S30,24
F874S30H,24
F874SN31,24
F874SN55E,24
F874SS11,24
F874SS11E,24
F874SS31,24
F874SS31H,24
F877AW35,24
F877AW35E,24
F877DN55,24
F877DN55T,24
F877MS55H,24
F877SA33,24
F877SE35,24
F877SF35,24
F877SN33,24
F877SO35,24
F877SP35,24
F877SS11,24
F877SS31,24
F877SS32,24
F877TS55,24
F877TS55A,24
F877TS55E,24
F877TS56,24
F878DN55,24
F878DN55T,24
F878NS33,24
F878S10,24
F878S31,24
F878S32,24
F878SB35S,24
F878SB55M,24
F878SB55T,24
F878SB86S,24
F878SE35,24
F878SN33,24
F878SN53,24
F878SS11,24
F878SS32,24
F879LW31,24
F879LW35,24
F879NS33,24
F879NS53T,24
F879NS73,24
F879S31D,24
F879SB55T,24
F879SE55,24
F879SN33,24
F879SN53,24
F879SN73,24
F879SS11,24
F879SS11E,24
F879SS32,24
F8G5XDNK3N,255
F8J8JSP0W,150
F8J8JSP2S,150
F8J8JSP2W,150
F8K5XN3,240
F8K5XN4,240
F8K5XN9,240
F8K5XNK3,240
F8K5XNK4,240
F8K5XNK4N,240
F8K5XNK9,240
F8L2CNV2T1,90
F8L2CNV2T8,90
F8L2CNV2T9,90
F8L2CNV3W7,90
F8L2CNV4W8,90
F8L2CNV5W7,90
F8L2CNV5W8,90
F8V9BYP2T,150
F8V9BYP2W,150
F8V9RYP2W,162
F8VV,211
F8VVR,212
F8WV,212
F8WVR,212
F8Y1VNP3WZ,162
F901ND78E,24
F901ND79E,24
F902ND78E,24
F902ND79E,24
F904ND79E,24
F90C3LD,223
F91490FD,150
F91491FD,161
F918DN98,24
F918NS32,24
F918S11,24
F918SS13,24
F918SS33,24
F92920WH,150
F92932WH,150
F92J53WH,159
F92N23WH,159
F92SR50WHS,211
F92SX58BWST,211
F92SX76WHST,211
F94800WH,150
F94806IXS,150
F94820WH,159
F94841WH,159
F94872WH,150
F94902WH,159
F94912WH,150
F94920WH,150
F94923WHS,150
F94932WH,150
F94933WHS,150
F94A8FDH8N,150
F94A8RDH,150
F94A8RDS,150
F94B13WH,161
F94B13WHS,161
F94B15MB,161
F94B15MBS,161
F94B15WH,161
F94B15WHS,161
F94B16WHS,161
F94DV5UVW0,161
F94DV709H1E,161
F94G1GWH,159
F94G1GWHS,159
F94J53WH,159
F94J53WHS,159
F94J54WH,159
F94J5VY4W,159
F94J60WH,159
F94J60WHS,159
F94J61WH,159
F94J61WHS,159
F94J62WH,159
F94J68ST,159
F94J6VG0W,159
F94J6VY2W,159
F94J71WH,159
F94J71WHS,159
F94J72STS,159
F94J72STST,161
F94J72WHS,159
F94J72WHST,161
F94J78STST,161
F94J7FH1W,150
F94J7VH2WD,152
F94J7VY0W,159
F94J7VY1W,159
F94J82STS,159
F94J8FH2S,150
F94J8FH2W,150
F94J8VH2WD,152
F94J8VS2W,159
F94M20WHS,161
F94M21WHS,161
F94M22WHS,161
F94N13WHS,180
F94N14SLS,180
F94N15WHS,180
F94N23WH,159
F94N23WHS,159
F94N25WHS,159
F94N40WH,159
F94N40WHS,159
F94N41WH,159
F94N41WHS,159
F94N4TWHS,159
F94N51WHSB,159
F94R30WHA,161
F94R30WHSA,161
F94R31WHSA,161
F94R35WHS,161
F94R35WHSA,161
F94R36MBSA,161
F94R50WHS,161
F94R56WHS,161
F94R76WHST,161
F94R92WSTE,161
F94U1FCN2,150
F94U2VCN2,159
F94U2VDH2N,161
F94U2VDN1,159
F94U2VFN3,159
F94V50WHS,161
F94V51WHS,161
F94V51WHSA,161
F94V52IXA,161
F94V52IXS,161
F94V71WHS,161
F94V71WHST,161
F94X52WSTA,161
F94X56BWST,161
F94X56WHST,161
F94X56WSTA,161
F94X58BWST,161
F94X58WHST,161
F94X71WHST,161
F94X92WSTE,102
F952SR50WRS,211
F952SX76WHS,211
F954B15WHS,161
F954J60WRS,159
F954J62IXS,159
F954N40WRS,159
F954N42IXRS,159
F96400WHR,150
F964J71WRH,150
F964J72WRH,150
F964R33WR,161
F964R33WRS,161
F964R35WR,161
F964R35WRS,161
F964R56MBRS,161
F964R71WRST,161
F964R76WRST,161
F964R76WSTA,161
F964V40WRSA,161
F964V41WRSA,161
F964V42IXRS,161
F964V50WRS,161
F964V51WRSA,161
F964V52IRSA,161
F964V71WRH,161
F964V71WRHT,161
F964V72WRHT,161
F964X71WHST,161
F964X71WSTA,161
F964X76WSTA,161
F9WK,162
F9WKA,162
F9WKB,162
F9WKBC,162
F9WKBY,162
F9WP,162
F9WPA,162
F9WPB,162
F9WPBY,162
F9WT,162
F9WTB,162
F9WTBQ,162
F9WTQ,162
FA124V9BAP2,150
FA211RMA,108
FA2S8V3GN3H,212
FA2S8V3GN3W,212
FA2S8V3GN6H,212
FA2S8V3GN6W,212
FA2S8V3GY3W,212
FA610V7RABW,161
FACR7A14WG,161
FASR3A04WS,161
FASR3A04WW,161
FASR3A94WS,161
FASR3A94WW,161
FASR7A14WG,161
FASR9A34WC,150
FAV309SNE,161
FAV309WNE,161
FAV310SNE,161
FAV310WNE,161
FB1207S6W,226
FB1207S6WB,226
FB1208R5W,162
FB1208S50,162
FB1208S5M,162
FB1208S5W,162
FB1208S6M1,223
FB1208S6W,162
FB1208S85O,161
FB1209D5M,162
FB1209D5W,162
FB1209R5M,162
FB1209S5M,223
FB1209S5W,162
FB1209S6M,162
FB1209S6W,162
FB1209S6W1,162
FB1209S6WB,162
FB4337NS,60
FB4733LB,84
FB4733LS,84
FB4733LW,84
FB4753LS,84
FB4763LD,84
FB4763LS,84
FB496TDA3,159
FB4A8TDN2,159
FB4B8QDA,159
FB4B8QDA0H,159
FB4B8TDA,159
FB4U2QDN1,159
FBB5WV01,19440
FBB8WV01,9720
FBLR7A92WC,211
FBLR7A92WG,211
FBM13M1UA0,2880
FBM13M2UA0,2880
FBM13M3UA0,2160
FBNC186HSA0,294
FBNC246HSA0,294
FBNC306GSA0,224
FBNC366GSA0,224
FBNC428GSA0,224
FBNC488RSA0,125
FBNC608RSA0,125
FBS9WF01,2700
FBUC186HSA0,288
FBUC246HSA0,171
FBUC306GSA0,114
FBUC366GSA0,114
FBUC428GSA0,110
FBUC488RSA0,110
FBUC608RSA0,110
FC1007S5L,159
FC1007S5W,159
FC1065S4W,159
FC1206N4W,223
FC1207N5W,223
FC1207N5W7,161
FC1207S3W,223
FC1207S4L,159
FC1207S5W,223
FC1208N5W,162
FC1270N5W,162
FC1285S5V,162
FC1285S5W,162
FC1407S4W,161
FC1408D4W,161
FC1408H3E,162
FC1408N4E7,161
FC1408N4W,160
FC1408R4W,162
FC1408S3E,162
FC1408S4W,162
FC1408S4W1,159
FC1408S4W2,159
FC1408S4W7,159
FC1408S5W,161
FC1409D4E,161
FC1409H2E,150
FC1409H3E,162
FC1409H3W,162
FC1409N4W,160
FC1409S2E,159
FC1409S2W,162
FC1409S3E7,161
FC1409S3W,162
FC1409S4W,162
FC1410S2E,150
FC1410S2W,150
FC1450H1B,150
FC1450H1V,150
FC1450H2E,150
FC1450S2E,150
FC1450S2W,150
FC1450S4W,150
FC1475N5W,159
FC1475S4W,162
FC1485S2W,160
FC480SWAB,720
FC48GSAB0,720
FC48GSSG2,720
FC48GSWA0,720
FC48GSWB0,720
FC50TNS0,159
FCK10R4W,102
FCR5A06WW,161
FCR5A85WS,211
FCR5A85WW,211
FCR5A95WW,211
FCR7A06PG,161
FCR9A95WC,211
FCR9A95WG,212
FCV309WNE,161
FCV310WNE,161
FCX10R4P,102
FCY10R4P,102
FCY10R4W,102
FCZ10Q4T,102
FD11PX4,102
FD1753LB,84
FD1753LS,84
FD1753LW,84
FD1773LS,84
FD1784LS,84
FDA0032V1M,13440
FDC0001Q1M,108864
FDJ608W,150
FDRC308N0W9,150
FDRC308N1W9,150
FDRC308N2W9,150
FDRC309N0W9,150
FDV309W,150
FDV708W,150
FDV909B,150
FDV909S,150
FDV909W,150
FDX91508A9E,108
FDX92010A9K,94
FE0J5NN3W,225
FE1224AS,84
FE1346AB,84
FE1346AS,84
FE1346AW,84
FE1753LS,84
FE1773LS,84
FE1784LS,84
FE1845AS,84
FE1845AW,84
FE1846AS,84
FE1884LS,84
FG1405H3W,150
FG1405H3W1,150
FG1405S3W,150
FG1410H3W,150
FG1410H3WP,150
FG1410S3W,150
FG1450H3WN,150
FG1450S3WN,150
FG1611H2V,102
FG1611H2W,102
FG1611H2WNS,102
FG1611HP1W,102
FG1612H1WP,102
FG1612H2V,102
FG1612H2W,102
FG1612H3W,102
FG1612HP1W,102
FG1612S3W,102
FG19ENR,90
FG19GNR,90
FG19VNR,90
FG19WNR,90
FG21ENR,90
FG21GNR,90
FG21KNR,90
FG21VNR,90
FG21WNR,90
FG4124ES,60
FG4124EW,60
FG4125PS,60
FG4325PS,60
FG4733LS,84
FG4753LS,84
FG4763LS,84
FH069FD2F,90
FH069FD2F1,90
FH069FD2FS,90
FH069FD2L,90
FH069FD2M1,90
FH069FD2P,90
FH069FD2PS,90
FH069FD2V1,90
FH069FD3F,90
FH069FD3FS,90
FH069FD3L,90
FH069FD3M,90
FH069FD3MS,90
FH069FD3P,90
FH069FD3PS,90
FH069FD4F,90
FH069FD4FS,90
FH069FD4L,90
FH069FD4M,90
FH069FD4P,90
FH069FD4W,90
FH069FD6F,90
FH069FD6L,90
FH069FD6M,90
FH069FD6P,90
FH069FD6T,90
FH069FD6W,90
FH069FD7F,90
FH069FD7L,90
FH069FD7M,90
FH069FD7P,90
FH069FD7T,90
FH069FD7W,90
FH069FD8P,90
FH069FDAM,90
FH069FDF,90
FH069FDFS,90
FH069FDL,90
FH069FDM,90
FH069FDP,90
FH069FDW,90
FH096ND,226
FH096ND3,223
FH096ND5,226
FH096NDA,225
FH096NDA3,225
FH096NDP,226
FH096NDP5,226
FH096SD3,264
FH096TD,161
FH096TD3,159
FH096WD3,226
FH0A8TDN2,159
FH0B8LD0,226
FH0B8LD6,223
FH0B8LD7,223
FH0B8LD9,223
FH0B8MD,211
FH0B8MD1,226
FH0B8MD5,226
FH0B8ND,226
FH0B8ND1,226
FH0B8ND3,223
FH0B8ND4,223
FH0B8ND5,226
FH0B8ND6,223
FH0B8ND7,223
FH0B8NDA,225
FH0B8NDA0,225
FH0B8NDP,161
FH0B8NDP2,226
FH0B8NDP5,226
FH0B8NDW,225
FH0B8QD,161
FH0B8QD1,159
FH0B8QD5,159
FH0B8QDA,161
FH0B8QDA0,161
FH0B8QDG5,159
FH0B8QDP,162
FH0B8QDP21,161
FH0B8QDP25,161
FH0B8QDP5,162
FH0B8QDT2,159
FH0B8QDT25,159
FH0B8SD0,264
FH0B8TD,162
FH0B8TDA,162
FH0B8WD6,223
FH0B8WD7,223
FH0C3LD,223
FH0C3LDP,226
FH0C3LDP2,226
FH0C3LDP25,226
FH0C3ND,223
FH0C3ND1,223
FH0C3QD,162
FH0C3QDP,162
FH0C3QDP2,161
FH0C3QDP25,159
FH0C7FD2CS,56
FH0C7FD2M1,56
FH0C7FD3,56
FH0C7FD3M,56
FH0C7FD3MS,56
FH0C7FD3S,56
FH0C7FD3W,56
FH0C7FD4,56
FH0C7FD41,56
FH0C7FD4M,56
FH0C7FD6M,56
FH0C7FD7,56
FH0C7FD71,56
FH0C7FD7L,56
FH0C7FD7M,56
FH0C7FD7W,56
FH0C7FDM,56
FH0C8CDSK6,84
FH0C8CDSK7,84
FH0C8CDSK73,84
FH0C8CDSK7W,42
FH0C8CDYK7,84
FH0C9CDHK7,84
FH0C9CDHK72,84
FH0C9CDHK7S,84
FH0C9CDHK7W,48
FH0D7DDGK6,90
FH0D7DDMK0,90
FH0D7DDMK02,90
FH0D7DDMK0C,90
FH0D7DDMK42,150
FH0D7DDMK6,150
FH0D7DDMK62,90
FH0D7DDMK6C,90
FH0D7DDNK0,90
FH0D7DDNK02,90
FH0D7DDNK62,90
FH0F6FDS,90
FH0F6FDS9,90
FH0F6RDS,90
FH0F6RDS2,90
FH0F6RDS27,90
FH0G6NDN2,211
FH0G6QD1,159
FH0G6SD0,264
FH0G6SD5,264
FH0G6VDNP2,162
FH0G6VDNP2B,162
FH0G7NDN0,223
FH0G7NDN1,211
FH0G7NDN5,223
FH0G7QDN0,161
FH0G7TDN0,159
FH0H3MD0,223
FH0H3ND0,223
FH0H3ND1,223
FH0H3NDS1,223
FH0H3QD0,159
FH0H3VDNP0B,162
FH0H3VDNP0K,162
FH0H3VDNP0Y,162
FH0H3WD2,223
FH0H4ND0,223
FH0H4NDS0,223
FH0H4SDN0,264
FH0J3HDNP5P,226
FH0J3NDN0,211
FH0J3NDNP0,223
FH0J3TDNP5,162
FH0J3WDNP5,226
FH0M7NDS0,223
FH0M7NDS6,223
FH0M7WDS,223
FH0M7WDS1,223
FH11EA,162
FH128TWH,150
FH12WH,102
FH15GPB,504
FH15GPCJ0,518
FH15GPG,504
FH15GPN,518
FH15GPNJ1,518
FH17KG,90
FH255FD,90
FH255FD1,90
FH255FD7,90
FH255FDC,90
FH255FDS,90
FH255FDS7,90
FH255RDS,90
FH255RDS2,90
FH255RDS27,90
FH255RDS7,90
FH296ADP23,159
FH296CD3,223
FH296CDP3,226
FH296CDP4,226
FH296ND4,223
FH296NDA3,225
FH296QD23,159
FH296QD24,159
FH296QD7,162
FH296QDA3,161
FH296QDG4,159
FH296QDP5,159
FH296QDT5,159
FH296SD3,264
FH296TD,161
FH296TD4,159
FH296TD7,162
FH296TDA3,161
FH296TDG3,159
FH296TDG4,159
FH296TDT,159
FH296TDT23,159
FH296TDT24,159
FH296TDT5,159
FH296TDWA3,161
FH296WD,226
FH296WD3,223
FH296WD5,226
FH296WDS,223
FH299RDSU7,90
FH2A5TDP,161
FH2A8FDA,150
FH2A8FDN2,150
FH2A8FDNK2,150
FH2A8FDSA,150
FH2A8HDM2N,226
FH2A8HDN2,226
FH2A8HDN4,225
FH2A8HDS2,211
FH2A8HDS4,226
FH2A8JDS2,150
FH2A8JDSK2,150
FH2A8TDN2,159
FH2A8TDN8,159
FH2A8TDNK2,159
FH2A8TDNK8,159
FH2A8TDS2,161
FH2A8TDSK2,150
FH2A8WD2,223
FH2A8WD3,223
FH2A9TDP3,162
FH2A9TDP3S,161
FH2B8MD,226
FH2B8MD1,223
FH2B8ND,226
FH2B8ND1,226
FH2B8NDA,225
FH2B8NDA7,225
FH2B8NDP5,226
FH2B8NDR1,223
FH2B8QD1,161
FH2B8QD5,159
FH2B8QDA,162
FH2B8QDA0,162
FH2B8QDA1,159
FH2B8QDG2,159
FH2B8QDG25,159
FH2B8QDG5,159
FH2B8QDP,161
FH2B8QDP2,161
FH2B8QDP25,161
FH2B8QDP5,161
FH2B8QMSH,161
FH2B8TD,159
FH2B8TDA,161
FH2B8TDG5,159
FH2B8TDP,162
FH2B8TDP5,162
FH2B8TDW,161
FH2B8TDWA,161
FH2B8TDWA5,161
FH2B8TMSH,161
FH2B8WD7,223
FH2B8WD8,223
FH2B8WDS7,223
FH2C3QD,162
FH2C3QD1,162
FH2C3QDG5,159
FH2C3QDNG0,159
FH2C3QDP,162
FH2C3TD,162
FH2C3TDP,161
FH2C3WD,223
FH2C3WDP,211
FH2C9CDHK7,84
FH2C9CDHK7W,84
FH2D7RD,90
FH2D7RD7,90
FH2D7RD7C,90
FH2F6FD,90
FH2F6FDY7,90
FH2F6RDS,90
FH2F6RDS7,90
FH2F6RDY1,90
FH2F8ADYK7,52
FH2F8ADYK8,52
FH2F8ADYK8P,52
FH2G6HDS2,223
FH2G6HDS7,223
FH2G6ND2,223
FH2G6ND4,223
FH2G6NDG2,223
FH2G6NDN2,225
FH2G6QDN2,161
FH2G6TD4,159
FH2G6TDN2,162
FH2G6WDS0,223
FH2G6WDS3,223
FH2G6WDS5,223
FH2G6WDS7,223
FH2G7NDN0,225
FH2G7NDN1,211
FH2G7QDN0,161
FH2G7QDN1,159
FH2G7QDN5,161
FH2G7QDY0,159
FH2G7QDY5,159
FH2G7TDN0,162
FH2G7TDNP0,159
FH2G7TDNP5,159
FH2G7TMSH,159
FH2H3HDS0,223
FH2H3HDS1,223
FH2H3MD0,223
FH2H3ND0,223
FH2H3QD5,159
FH2H3TD0,159
FH2H3TD5,159
FH2H3WD2,223
FH2H3WD4,223
FH2H3WDS2,223
FH2H3WDS4,223
FH2H3WDY2,223
FH2H4WDS0,223
FH2J3DQNG5,161
FH2J3HDNP0,226
FH2J3HDNP0P,226
FH2J3HDYL02,223
FH2J3NDNP0,226
FH2J3QDNG0P,161
FH2J3QDNG5,161
FH2J3QDNG5P,161
FH2J3QDNGP,161
FH2J3QDNL02,161
FH2J3QDNP0,162
FH2J3QNG5P,161
FH2J3TDN0,162
FH2J3TDN1,161
FH2J3TDNG0,159
FH2J3TDNG0P,159
FH2J3TDNG5P,159
FH2J3TDNP0,162
FH2J3TDNP5,161
FH2J3TDNP5P,162
FH2J3TNG5,159
FH2J3TNG5P,159
FH2J3WDN0,226
FH2J3WDNP0,226
FH2U1HBS2,226
FH2U1HBS4,226
FH2U1HDN0,223
FH2U1HDN5,223
FH2U1HDS1,223
FH2U1WDS1,226
FH2U2HCN2,226
FH2U2HCN4,226
FH2U2HDM1N,225
FH2U2HDMP4N,144
FH2U2HDMP5N,226
FH2U2HDN0,225
FH2U2HDN1,225
FH2U2HDNP1,211
FH2U2QDN1,161
FH2U2QDNW0,159
FH2U2TDN1,161
FH2U2VDN1,159
FH2U2VFN3,162
FH2U2WDN5,211
FH386FDS,90
FH387CDYK3,56
FH387CDYK7,56
FH387CDYK7P,56
FH387FDS,56
FH399RYN,90
FH399RYN2,90
FH3C4CDNK3,90
FH3C4CDNK7,90
FH3C4FNY,90
FH3C4FNY7,90
FH3C4FNY7P,90
FH3C4FNYP,90
FH3C8CDYK3,84
FH3C8CDYK7,84
FH3C8CDYK8,84
FH3C9CDHK7,84
FH3C9CDHK7W,48
FH3F7ADYK3,88
FH3F7ADYK7,52
FH3F7ADYK7P,52
FH3H1CDGK3,90
FH3H1CDGK7,90
FH3H2CDYK7,90
FH4755LS,84
FH4767SS,84
FH4767US,84
FH47T,159
FH48T,159
FH495BDN2,150
FH495BDN8,150
FH495BDNK2,150
FH495BDNK6,150
FH495BDNK8,150
FH495BDS2,150
FH495BDS6,150
FH495BDSK2,150
FH495BDSK6,150
FH495KDSK2,150
FH496AD1,159
FH496AD3,161
FH496AD5,159
FH496ADP24,161
FH496ADP3,162
FH496ADP4,162
FH496ADP7,161
FH496ED3,161
FH496QDA3,159
FH496QDG24,159
FH496QDT24,159
FH496TD23,159
FH496TD24,159
FH496TD3,161
FH496TDA3,162
FH496TDAD,162
FH496TDG4,159
FH496TDP,159
FH496TDP23,161
FH496TDP24,161
FH496TDP3,162
FH496TDP4,162
FH496TDP5,159
FH496TDT,159
FH496TDT24,159
FH496TDT5,159
FH496ZD23,159
FH496ZD24,159
FH4A8FDA,150
FH4A8FDH2N,150
FH4A8FDH6N,150
FH4A8FDH8N,150
FH4A8FDHK2N,150
FH4A8FDHK4N,150
FH4A8FDHK6N,150
FH4A8FDHK8N,150
FH4A8FDMK2,150
FH4A8FDMK21,150
FH4A8FDMK4,150
FH4A8FDN2,150
FH4A8FDN8,150
FH4A8FDNK0,150
FH4A8FDNK2,150
FH4A8FDNK4,150
FH4A8FDNK5,150
FH4A8FDNK6,150
FH4A8FDNK8,150
FH4A8FDSA,150
FH4A8FDSK6,150
FH4A8GDNK2,150
FH4A8JDH2N,150
FH4A8JDHK2N,150
FH4A8JDHK4N,150
FH4A8JDHK6N,150
FH4A8JDHK8N,150
FH4A8JDS2,150
FH4A8JDS4,150
FH4A8JDS8,150
FH4A8JDSK2,150
FH4A8JDSK4,150
FH4A8JDSK6,150
FH4A8JDSK8,150
FH4A8QDN2,159
FH4A8QDN3,159
FH4A8QDS2,159
FH4A8QDSK2,159
FH4A8TD,159
FH4A8TDH2N,159
FH4A8TDH4N,161
FH4A8TDN2,161
FH4A8TDN3,159
FH4A8TDN4,161
FH4A8TDNK2,159
FH4A8TDNK6,159
FH4A8TDNK8,159
FH4A8TDS,159
FH4A8TDS2,159
FH4A8TDS4,161
FH4A8TDSK2,159
FH4A8VDHP6N,162
FH4A8VDSK4,159
FH4A8VDSK8,159
FH4B3PDSK2N,211
FH4B3PDSK6N,211
FH4B8QDA,162
FH4B8QDA0,159
FH4B8QDA1,159
FH4B8QDA7,159
FH4B8TD1,162
FH4B8TDA,162
FH4B8TDA0,159
FH4B8TDA1,159
FH4B8TDA7,162
FH4D1ADSK3,90
FH4D1ADSK3P,90
FH4D1ADSK7,90
FH4D1ADSK7P,90
FH4E9CCYK3,90
FH4E9CCYK8,90
FH4E9CDYP7,90
FH4F3CCYK3,90
FH4F3CCYK7,90
FH4F9BDS2,102
FH4F9BDSK2,102
FH4G1BCS2,102
FH4G1BCSK2,102
FH4G1BCSK2E,102
FH4G1BCSK2L,45
FH4G1BCSK2P,102
FH4G1BCSK2Q,102
FH4G1BCSK2W,45
FH4G1BCSK6,102
FH4G1BCSK6P,102
FH4G1EJS2,150
FH4G1FCHK6N,150
FH4G1JCH2N,161
FH4G1JCH6N,150
FH4G1JCHK2N,150
FH4G1JCHK6N,150
FH4G1JCHP2,150
FH4G1JCHP2A,150
FH4G1JCHP6N,150
FH4G1JCS2,161
FH4G1JCS6,150
FH4G1JCSK2,150
FH4G1JCSK2D,102
FH4G1JCSK2P,150
FH4G1JCSK2W,45
FH4G1JCSK6,150
FH4G1JCSP6,150
FH4G1VCN2,159
FH4G1VCNK2,159
FH4G1VCY2,159
FH4G1VCYK2,159
FH4G1VCYK2W,159
FH4G2CDYK3,90
FH4G2CDYK7,90
FH4G2CDYP7,90
FH4G6QDN2,159
FH4G6QDN6,159
FH4G6QDY2,159
FH4G6QDY4,159
FH4G6TDG2,159
FH4G6TDG6,159
FH4G6TDGG6,159
FH4G6TDGP4N,102
FH4G6TDM2N,162
FH4G6TDM2R,162
FH4G6TDM6N,159
FH4G6TDMP4N,102
FH4G6TDN2,159
FH4G6TDN6,161
FH4G6TDNK2,159
FH4G6TDNK4,159
FH4G6TDS2,161
FH4G6TDS4,161
FH4G6TDY2,162
FH4G6TDY4,159
FH4G6TDY6,159
FH4G6VDGG6,159
FH4G6VDY4,159
FH4G6VDY6,159
FH4G6VDY7,159
FH4G6VDY8,159
FH4G6VDYG6,159
FH4G7QDN0,162
FH4G7QDY0,159
FH4G7QDY5,159
FH4G7QDYG0,159
FH4G7QDYG5,159
FH4G7TDN0,162
FH4G7TDN1,162
FH4G7TDY0,159
FH4G7TDY2,159
FH4G7TDY5,159
FH4G7TDY6,159
FH4G7TDYG0,159
FH4G7TDYG5,159
FH4J3TDN0,161
FH4J3VDYLP2,161
FH4J5TN8,159
FH4J5TN8E,159
FH4J6QS7,159
FH4J6TS8,159
FH4J7VY1WD,161
FH4K9KDSK2,150
FH4K9KDSK2P,150
FH4U1BBS2,150
FH4U1BBSK2,150
FH4U1BCN2,150
FH4U1BCNK2,150
FH4U1FCH2N,150
FH4U1FCHK2N,150
FH4U1FCHK4N,150
FH4U1FCHK8N,150
FH4U1FCNK2,150
FH4U1FCNK8,150
FH4U1JBH2N,150
FH4U1JBH6N,150
FH4U1JBHK2N,150
FH4U1JBHK4N,150
FH4U1JBHK6N,150
FH4U1JBHK8N,150
FH4U1JBS2,150
FH4U1JBS6,150
FH4U1JBSK2,150
FH4U1JBSK4,150
FH4U1JBSK6,150
FH4U1JBSK8,150
FH4U1JBSP8,150
FH4U1QBS2,159
FH4U1QBSK2,159
FH4U1QCNK2,159
FH4U1TBS2,161
FH4U1TBS4,161
FH4U1TBSK2,159
FH4U1TBSK4,159
FH4U1TBSK8,159
FH4U1TBSW2,159
FH4U1TCN2,159
FH4U1TCNK2,159
FH4U1TCNK4,159
FH4U1TCNK6,159
FH4U1TCNK8,159
FH4U2FHP2S,150
FH4U2FHPSD,150
FH4U2JBH2N,150
FH4U2JBHK2N,150
FH4U2JCN2,150
FH4U2JCN8,150
FH4U2JHP2D,150
FH4U2JHP2T,150
FH4U2JHPSD,150
FH4U2JSP2S,150
FH4U2QCN2,159
FH4U2QDN1,159
FH4U2SMD9,159
FH4U2TCN2,159
FH4U2TCN4,161
FH4U2TCNK2,159
FH4U2TCNK8,159
FH4U2TDH0N,159
FH4U2TDH1N,162
FH4U2TDH5N,159
FH4U2TDHP1N,161
FH4U2TDHP4N,102
FH4U2TDHP5N,161
FH4U2TDHW0N,159
FH4U2TDN0,162
FH4U2TDN1,159
FH4U2TDN2L,161
FH4U2TDN2S,161
FH4U2TDN2W,161
FH4U2TDN5,162
FH4U2TDNK1,159
FH4U2TDNK1Z,159
FH4U2TDNP0,159
FH4U2TDNP1Z,161
FH4U2TDNP5,161
FH4U2TFNP3,161
FH4U2TGP2S,162
FH4U2TMP8S,161
FH4U2TNP8S,161
FH4U2TYP2S,161
FH4U2VCN2,162
FH4U2VCN4,161
FH4U2VCN8,161
FH4U2VDH2N,161
FH4U2VDHP2N,161
FH4U2VDN1,162
FH4U2VDN6,162
FH4U2VDNP0,161
FH4U2VDNP5,161
FH4U2VFN3,162
FH4U2VFNP3,161
FH4U2VYP2C,161
FH4U2VYP2S,161
FH612CTWD,102
FH612ECO,150
FH6296WDS,223
FH695BDH2N,150
FH695BDH6N,150
FH695BDHK2N,150
FH695BDHK6N,150
FH6F9BDH2N,102
FH6F9BDHK2N,102
FH6F9BDS2,102
FH6F9BDSK2,102
FH6F9BDSK2E,102
FH6F9BDSK2P,102
FH6F9BDSK2V,102
FH6G1BAP2,102
FH6G1BAPK2,102
FH6G1BAPK21,102
FH6G1BAPK22,102
FH6G1BAPK2D,102
FH6G1BAPK2E,102
FH6G1BAPK2P,102
FH6G1BAPK2S,102
FH6G1BAPK2W,90
FH6G1BAY2,102
FH6G1BAYK2,102
FH6G1BAYK2W,90
FH6G1BCH2N,102
FH6G1BCH6N,102
FH6G1BCHK2M,90
FH6G1BCHK2N,158
FH6G1BCHK2P,158
FH6G1BCHK6L,48
FH6G1BCHK6M,48
FH6G1BCHK6N,102
FH6G1BCHK6P,102
FH6G1BCHK6Q,102
FH6G1BCMK2,102
FH6G1BCMK2P,102
FH6U1BBH2N,150
FH6U1BBHK2N,150
FH82A8TD,159
FH84A8TDS,159
FH8B8MD,223
FH8C3LD,226
FH8G1MINI,240
FH8G1MINI2,240
FH8G1MINI3,240
FH8G1MINI6,240
FH8G5XDN3,255
FH8G5XDNK3,255
FH8G5XDNK3P,255
FHBW076B0,54
FHBW078B0,54
FHBW096B0,54
FHBW098B0,54
FHBW098X0,56
FHBW126B0,56
FHBW128B0,56
FHBW146B0,56
FHBW148B0,56
FHBW166B0,56
FHBW168B0,56
FHD0905SWS,159
FHD0905SWW,159
FHD1057STB,102
FHD1057SWS,102
FHD1308STB,102
FHD1508STB,94
FHD2112STB,90
FHNW16606C0,303
FHNW16809C0,303
FHNW16X0AV1,259
FHP1413Z7M,102
FHT1013SWBG,102
FHT1013SWP,102
FHT1415ZTM,90
FHV1410ZWB,102
FHV1412STB,90
FLD165NAMA,2160
FLD165NBMA,2160
FLD165NCMA,2160
FLD165NDMA,2160
FLK10R4W,102
FLR5A82WG,211
FLR5A82WH,211
FLR5A82WS,211
FLR5A82WW,211
FLR5A92WS,211
FLR5A92WW,211
FLR7A82PG,211
FLR7A82WC,211
FLR7A82WG,211
FLR7A92WC,211
FLR7A92WG,211
FLR9A92WC,211
FLW10Z4B,102
FLX-PIHN-W0,51840
FLX10M4W,102
FM1006N3W,226
FM1007N3W,226
FM1008N3W,162
FM1061D6,223
FM1071D6,162
FM1207N6W,226
FM1207S3W,223
FM1208N3W,162
FM1208N6W,162
FM1208S3W,159
FM1209N6W,162
FM1209S6W,159
FM120AH,52
FM1281D6,161
FM1408S1W,159
FM1408S2W7,159
FM1408S2W9,159
FM19AH,171
FM20T0S2E,162
FM21AH,171
FM2535A2S06,14400
FM2535A8W06,14400
FM2540A2S06,14400
FM2540A8W06,14400
FM25AH,171
FM2635A2W03,151200
FM2640A2W03,151200
FM27K5WH,240
FM2U2QDN1,159
FM2U2TDN1,159
FM3135A2S12,14400
FM3135A8W12,9600
FM3140A2S12,14400
FM3140A8W12,9600
FM37AH,114
FM37E1IX,252
FM37E1WH,252
FM40AH,110
FM41AH,52
FM48AH,52
FM49AH,52
FM56AH,52
FM57AH,52
FMKA80W4,102
FMKS80V4,102
FMKS80W4,102
FMN0760NL,830
FMN09602RR,864
FMN0960NL,830
FMN12602RM,832
FMN12602RR,832
FMN1260NL,832
FMN1260NT,378
FMN1860NL,600
FMN1860NT,378
FMN1860NV,600
FMN2460NL,600
FMU1860N2L,171
FMU2160N3L,171
FMU3060N4L,171
FMU4460N6L,110
FMU4480N6L,110
FMV10Q4W,102
FN231QH,51
FN23BQH,51
FN23WQH,51
FN35BQH,44
FN35WQH,44
FP1482D6,159
FP14WSW,90
FP364PLA,84
FP473ALD,84
FP473ALS,84
FP571BKG,56
FP576BKA,56
FP7E,270
FP7G,270
FP7W,270
FPSR5A14WL,161
FQ18GN7HAN,115
FQ22ENAU,171
FQ23DWAU,171
FQ23ENAU,171
FQ23FCAU,171
FQ23FNAU,171
FQ23FVAU,171
FQ24CWAU,171
FQ24DWAU,171
FQ24ENAU,171
FQ24EWAU,171
FQ24FCAU,171
FQ24FNAU,171
FQ24FNFU,171
FQ24FVAU,171
FQ25BWAU,171
FQ26FCAU,171
FQ31GNEU,171
FR0050D3F10,1152
FR0640D3F00,672
FR0640D5F00,672
FR0640D6F00,672
FR0650D5F00,672
FR10PY4,102
FR15WQT,94
FR2040D1F00,816
FR2040D1F0A,816
FR2040D3F00,816
FR2040D3F0A,816
FR2040D5F0A,816
FR2240D1F0A,672
FR2240D1K00,672
FR2240D1K0A,672
FR2240D3F00,672
FR2240D3F0A,672
FR2240D3K00,672
FR2240D3K0A,672
FR2240D5F0A,672
FR2240D5K00,672
FR2240D5K0A,672
FR2250D1F0A,672
FR2250D1K00,672
FR2250D1K0A,672
FR2250D3F00,672
FR2250D3F0A,672
FR2250D3K00,672
FR2250D3K0A,672
FR2250D5F0A,672
FR2250D5K00,672
FR2250D5K0A,672
FR2922NCZ,159
FR2922NCZB,159
FR2996NCZ,159
FR2996NCZB,159
FR368HLA,84
FR475ALD,84
FR475ALS,84
FR9WK,162
FR9WKB,162
FR9WP,162
FR9WPB,161
FR9WT,162
FR9WTB,162
FRE324PS,71
FRR340D1F03,560
FRR340D1F04,810
FRR340D1F0C,560
FRR340D1F0D,810
FRR340D1F13,560
FRR340D1F1C,560
FRR340D3F03,560
FRR340D3F04,810
FRR340D3F0C,560
FRR340D3F0D,810
FRR340D3F13,560
FRR340D3F1C,560
FRR340D5F03,560
FRR340D5F04,810
FRR340D5F0C,560
FRR340D5F0D,810
FRR340D5F13,560
FRR340D5F1C,560
FRR340D6F03,560
FRR340D6F13,560
FRR350D1F03,560
FRR350D1F0C,560
FRR350D1F13,560
FRR350D1F1C,560
FRR350D3F03,560
FRR350D3F0C,560
FRR350D3F13,560
FRR350D3F1C,560
FRR350D5F03,560
FRR350D5F0C,560
FRR350D5F13,560
FRR350D5F1C,560
FRR350D6F02,560
FRR355B5F03,560
FRR355B5F13,560
FRR355B6F03,560
FRR355B6F13,560
FRR626D2H0A,600
FRR626D2HRA,720
FRR626D3H0A,600
FRR626D3HRA,720
FRR629D2HZZ,18720
FRR629D3HZZ,19760
FRR634D1HZZ,18720
FRR634D2H0A,600
FRR634D2H0B,504
FRR634D2HRA,720
FRR634D2HRB,720
FRR634D2HRC,504
FRR634D2HRD,504
FRR634D2HZZ,18720
FRR634D3H0A,504
FRR634D3H0B,504
FRR634D3HRA,720
FRR634D3HRB,720
FRR634D3HRC,504
FRR634D3HRD,504
FRR634D3HZZ,19760
FRR635D2H05,726
FRR635D2HR5,720
FRR635D3H05,726
FRR635D3HR5,720
FRR635D5H05,726
FRR635D5HR5,720
FRR640D2H0A,486
FRR640D2H0C,486
FRR640D3H0A,486
FRR640D3H0C,486
FRR641D2H5B,312
FRR641D3H5B,312
FRR646D2H05,726
FRR646D3H05,726
FRR646D5H05,726
FRR648D2H0A,504
FRR648D2HR5,720
FRR648D2HRA,720
FRR648D3H0A,504
FRR648D3HR5,720
FRR648D3HRA,720
FRR648D5HR5,720
FRS618D2H0A,1008
FRS618D2HRA,1320
FRS618D3H0A,1008
FRS618D3HRA,1320
FRS626D2HRB,912
FRS626D2HRC,912
FRS626D3HRB,912
FRS626D3HRC,912
FRS629D2HZZ,18720
FRS629D3HZZ,19760
FRS632D2H0A,1008
FRS632D2H0B,972
FRS632D2H0C,972
FRS632D2HRA,1320
FRS632D3H0A,864
FRS632D3H0B,972
FRS632D3H0C,972
FRS632D3HRA,1320
FRS634D2H05,1368
FRS634D3H05,1368
FRS634D5H05,1368
FRS639D2H5A,672
FRS639D3H5A,672
FRS640B3F0A,672
FRS640B3F1A,672
FRS640D1F01,672
FRS640D1F03,816
FRS640D1F0B,672
FRS640D1F0D,816
FRS640D1F11,672
FRS640D1F1B,672
FRS640D1G50,672
FRS640D1G5A,672
FRS640D1G60,672
FRS640D1G6A,672
FRS640D1K01,672
FRS640D1K0B,672
FRS640D3F01,672
FRS640D3F03,816
FRS640D3F0B,672
FRS640D3F0D,816
FRS640D3F11,672
FRS640D3F1B,672
FRS640D3G50,672
FRS640D3G5A,672
FRS640D3G60,672
FRS640D3G6A,672
FRS640D3K01,672
FRS640D3K0B,672
FRS640D5F01,672
FRS640D5F03,816
FRS640D5F0B,672
FRS640D5F0D,816
FRS640D5F11,672
FRS640D5F1B,672
FRS640D5G50,672
FRS640D5G5A,672
FRS640D5G60,672
FRS640D5G6A,672
FRS640D5K01,672
FRS640D5K0B,672
FRS640D6F03,672
FRS640D6F13,672
FRS650B1F0A,672
FRS650B3F0A,672
FRS650B3F1A,672
FRS650B5F0A,672
FRS650D1F01,672
FRS650D1F03,672
FRS650D1F0A,672
FRS650D1F0B,672
FRS650D1F0C,672
FRS650D1F11,672
FRS650D1F1A,672
FRS650D1F1B,672
FRS650D1F1C,672
FRS650D1G50,672
FRS650D1G5A,672
FRS650D1G60,672
FRS650D1G6A,672
FRS650D1K01,672
FRS650D1K0B,672
FRS650D3F01,672
FRS650D3F0B,672
FRS650D3F11,672
FRS650D3F1B,672
FRS650D3G50,672
FRS650D3G5A,672
FRS650D3G60,672
FRS650D3G6A,672
FRS650D3K01,672
FRS650D3K0B,672
FRS650D3K1B,672
FRS650D5F01,672
FRS650D5F0B,672
FRS650D5F11,672
FRS650D5F1B,672
FRS650D5G50,672
FRS650D5G5A,672
FRS650D5G60,672
FRS650D5G6A,672
FRS650D5K01,672
FRS650D5K0B,672
FS061PBHA,518
FS061PBSA,518
FS061PCHA,518
FS061PCSA,518
FS061PGGC,518
FS061PGHA,518
FS061PGRC,518
FS061PGSA,518
FS061PNHH,504
FS061PPHA,504
FS061PRHA,518
FS061PRSA,518
FS061PSGC,518
FS061PSHA,518
FS061PSRC,518
FS061PSSA,518
FS061PWHA,518
FS061PWSA,518
FS062PGGC,518
FS062PSGC,518
FS063PBDA,504
FS063PGDA,504
FS063PSCC,504
FS063PSDA,504
FS063PSGC,504
FS063PSHA,504
FS063PWDA,504
FS064PGJA,504
FS064PSJA,504
FS064PSLC,504
FS065PSJC,518
FS065PSKA,518
FS151PAJ0,518
FS151PBB1,500
FS151PBD0,504
FS151PBF0,504
FS151PBJ0,518
FS151PBK0,504
FS151PBQ0,518
FS151PBS0,504
FS151PCE0,504
FS151PCJ0,518
FS151PCK0,504
FS151PCR0,504
FS151PGE0,504
FS151PSB0,500
FS151PSF0,504
FS151PWE0,504
FS151PYE0,500
FS157PBP0,518
FS157PCP0,518
FS15GPAJ0,518
FS15GPBE0,504
FS15GPBF0,504
FS15GPBK0,504
FS15GPCE0,518
FS15GPCJ0,518
FS15GPCK0,504
FS15GPCN0,504
FS15GPGE0,504
FS15GPGF0,504
FS15GPMT0,518
FS15GPNT0,518
FS15GPSF0,504
FS1748LS,84
FS1748SS,84
FS1748US,84
FS1775LS,84
FS1787LS,84
FS1787SS,84
FS1787US,84
FS474CLS,84
FSNC1865DA0,620
FSNC2465DA0,620
FSR5A04WL,161
FSR5A14WL,161
FSR5A34WG,150
FSR5A94WH,161
FSR5A94WL,161
FSR7A04PG,161
FSR7A04WC,161
FSR7A14WC,161
FSR7A14WS,161
FSR7A94WC,161
FSR7A94WL,161
FSR7A94WS,161
FSR9A94WC,161
FSS-002,51408
FSUC1865DA0,280
FSUC2465DA0,189
FT015V9BL,240
FT018TGES,225
FT022K2SS,252
FT025C9SS,252
FT025TRSS,252
FT025V2SS,252
FT364KLA,84
FT571BKA,56
FT571BKG,56
FT571BKH,56
FT571BKS,56
FT614G1SS,102
FTW9ATS2,161
FTWD107TH2,150
FUQ166PSU,186
FV1207S4W,212
FV1207S5W,212
FV1208D4W,212
FV1208D4WA,212
FV1208S4W,212
FV1208S5M,212
FV1208S5W,212
FV1209D4M,212
FV1209D4W,212
FV1209D5P,212
FV1209H2B,212
FV1209S4M,212
FV1209S5M,211
FV1209S5P,212
FV1209S5W,212
FV1209S5WA,212
FV1209S5WG,212
FV1209S5WN,211
FV1285D4W,212
FV1285H4W,212
FV1285S3VS,211
FV1285S3WS,211
FV1285S4W,212
FV1285S5WS,211
FV1408H4V,162
FV1408S3V,162
FV1408S4B,161
FV1408S4M,223
FV1408S4V,162
FV1408S4VN,162
FV1408S4W,212
FV1408S4WN,162
FV1408S5W,162
FV1409D3V,162
FV1409D4V,162
FV1409D4W,162
FV1409H2B,161
FV1409H2K,161
FV1409H2W,162
FV1409H3V,162
FV1409H3W,162
FV1409H4W,212
FV1409S2B,162
FV1409S2K,161
FV1409S2W,161
FV1409S3V,162
FV1409S3W,162
FV1409S4M,161
FV1409S4M1,161
FV1409S4W,162
FV1409S4W1,161
FV1410D4M1,162
FV1410D4P,162
FV1410D4W1,162
FV1410H3BA,162
FV1410H3P,162
FV1410H3V,162
FV1410H3W,162
FV1410H4W,162
FV1410S2B,161
FV1410S3B,161
FV1410S3MA,162
FV1410S3WA,162
FV1410S4B,161
FV1410S4M,162
FV1410S4M1,161
FV1410S4P,161
FV1410S4W,162
FV1410S4W1,161
FV1410S5W,161
FV1410S5WG1,162
FV1411D4P,162
FV1411D4W,162
FV1411H2B,162
FV1411H2BA,162
FV1411H3B,162
FV1411H3BA,162
FV1411H3M,162
FV1411S2B,162
FV1411S3B,161
FV1411S3MA,162
FV1411S3P,162
FV1411S4P,161
FV1411S4PN,162
FV1411S4W1,162
FV1411S4WA,162
FV1411S5W,161
FV1411S5WN,162
FV1412D4M,162
FV1412H2BA,162
FV1412H3BA,162
FV1412H3P,162
FV1412H4M,162
FV1412S2B,161
FV1412S3B,162
FV1412S3BA,162
FV1412S3P,162
FV1412S3PA,162
FV1412S4W,161
FV1412S5M,162
FV1413H2BA,161
FV1413H3BA,161
FV1413H4M,161
FV1413S2BA,161
FV1413S3WA,161
FV1413S4M,161
FV1413S4W,161
FV1414H2BA,150
FV1414H3BA,161
FV1414S3B,150
FV1414S3BA,161
FV1414S3P,161
FV1414S5M,150
FV1450H1B,162
FV1450H2B,162
FV1450H2K,162
FV1450H2W,161
FV1450H3V,162
FV1450S1B,162
FV1450S2B,162
FV1450S2K,162
FV1450S2W,162
FV1450S3V,162
FV1450S3W,162
FV1450S3W2,162
FV1450S4V,162
FV1450S4W,162
FV1485D4W,212
FV3011WG4,161
FV3011WG4A,161
FV3012WC5,159
FV3012WC5A,159
FV30TNS0E,159
FV30VNS0E,162
FV34JNS0A1,159
FV474PGV,84
FV474RLA,84
FV5011WG4,161
FV5011WG4A,161
FV5013WC4,159
FV5013WC4A,159
FV50VNS3E,159
FV54VNS1A,162
FV5S90W2,114
FV5SE90V2,144
FV5SE90W2,144
FV70TNS1,161
FV70VNS1,162
FV74JNS2QA,159
FV74VNS2WEB,162
FV776BKG,44
FV7S90V2,114
FV7V11W4,102
FV90BNS2BE,150
FV90JNS2Q,162
FV90JNS2QE,162
FV90VNS2Q,162
FV90VNS2QE,159
FV94BNS2BA,150
FV94ENS2BA,159
FV94ENS2QA,159
FV94ENS2QN,159
FV94ENS2WA,162
FV94ENS2WN,159
FV94VNS2QA,159
FV96JNS2AE,159
FV96JNS2QA,159
FV96JNS2QE,159
FV96JNS2WA,159
FV96VNS2QA,159
FV96VNS2QE,162
FV9A90W2,114
FV9AE90B2,144
FV9AE90W2,144
FV9M11W4,102
FV9S13G4,102
FV9S90W2,114
FVB17NS2QE,90
FVBA70GW2G,144
FVBA70M2G,144
FVBA80GW4G,102
FVBA90M4G,102
FVBS70M2,144
FVBS70M2G,144
FVBS70W2,144
FVBS70W2B,144
FVBS70W2C,144
FVBS70W2G,144
FVBS90M2G,102
FVBS90W2G,102
FVD3060,1359
FVXA90EB2,144
FVXS90EB2,144
FW16FCAU,171
FW17D9DWAN,120
FW18EUAU,186
FW19ENAU,186
FW22FCAU,171
FW23DDAU,186
FW249DBU,186
FW25ENAU,186
FW26DNAU,186
FW26ENAU,186
FW26V2WN3,225
FW30ASAU,110
FW60J5WN3,225
FW60J6WN0,225
FW62J6WY1,225
FW82J6TY1,159
FW84J6TY0,159
FW84J6TY1,159
FW94J7VY1,159
FWD1106PSRD,150
FWD1106TLRD,150
FWD1106TSRD,150
FWD1308SRD,90
FWD1809VRD,90
FWD2000VRD,90
FWJ685SS,161
FWJ685WN,161
FWJ685WS,161
FWMT85WE,161
FWT1310BGP,51
FWT1310BS,51
FWT1310GB,51
FWT1310PB1,51
FWT1310PS,51
FWV1117BTSA,161
FWV1117WTSA,161
FWV1128BTSA,150
FWV1128WTSA,150
FWV585WS,159
FWV585WSE,159
FWV595WS,159
FWV595WSE,159
FWV685SSE,159
FWV685WSE,159
FWV696SSE,161
FWV696WSE,161
FWV796STS,161
FWV796STSE,161
FWV796WTS,161
FWV796WTSE,161
FWV917BTSE,161
FWV917WTS,161
FWV917WTSE,161
FWV996WTS,161
FWY385WWLN1,211
FWY606GBLN1,161
FWY606WWLN1,161
FWY696GBLN1,161
FWY696WWLN1,161
FWY706GBTN1,161
FWY706WWTN1,161
FWY916BBTN1,161
FWY916WBTN1,161
FWY937BCTA1,150
FWY937WCTA1,150
FWY996BCTN4,161
FWY996WCTN4,161
FX1410N5W,161
FX1410S3GA,161
FX1410S3WA,161
FX1411N5G,161
FX1411S2KA,162
FX1411S3WA,161
FX1412N5G,161
FX1412S2KA,162
FX1412S3G,162
FX1412S3K,162
FX1412S3KA,162
FX1413S3KA,161
FX1413S5G,161
FX1414S2K,161
FX1414S3KA,161
FX23ENE,84
FX23ENER,84
FX23GNG,84
FX23GNGR,84
FX23KN,84
FX23KNR,84
FX23VN,84
FX23VNR,84
FX23WNA,84
FX23WNAR,84
FX24ENE,84
FX24ENER,84
FX24GNG,84
FX24GNGR,84
FX24KNT,84
FX24KNTR,84
FX24VS,84
FX24VSR,84
FX24WN,84
FX24WNR,84
FX24WS,84
FX24WSR,84
FX25WSQ,84
FX25WSQR,84
FX478RLA,84
FX479PGV,84
FX4EC,252
FX4GC,252
FX4KC,252
FX4KCQ,252
FX4VC,252
FX4VCQ,252
FX4WC,252
FX62515B9E,108
FX634SS,24
FX634WS,24
FY9WT,162
FY9WTB,162
FZ474PGV,84
FZ474PLD,84
FZ771BKX,44
FZ771BKZ,44
FZ776BKG,44
G-CS1612W,102
G-M02W,240
G07LHK,1111
G07SK,900
G091CB,860
G092CA,860
G092HA,860
G09AHS,1091
G09HHT,300
G09LH,1044
G09LHK,1000
G09MHC,1044
G09NHC,1092
G09PK,612
G09WL,671
G104SW,150
G10LS-N,312
G121CA,750
G121CB,750
G121HB,750
G122CA,750
G122CB,750
G122HA,750
G12AHS,1091
G12LH,1044
G12LHC,312
G12LHK,1000
G12MHC,1044
G12NHC,1092
G12PK,612
G12ST,240
G12WL,671
G182CA,500
G182HA,500
G18AHS,620
G18HHT,140
G18LH,682
G18LHC,500
G18MHC,500
G18NHC,620
G242CA,500
G242HA,500
G24AHS,620
G24HHT,140
G24LHC,500
G24MHC,500
G24NHC,620
G840SS,161
G840SW,161
G940SW,161
GA-419UVCA,73
GA-449BCA,72
GA-449BLA,72
GA-449BQA,72
GA-449UBA,72
GA-449UPA,72
GA-449UVBA,72
GA-449UVPA,72
GA-479BCA,54
GA-479BLA,54
GA-479BQA,54
GA-B359BQ,72
GA-B379SLCA,73
GA-B379SLQA,73
GA-B379SLUL,73
GA-B379SMCA,73
GA-B379SMQA,73
GA-B379SQQL,73
GA-B379SQUL,73
GA-B379SVCA,73
GA-B379SVQA,73
GA-B379SYUL,73
GA-B389SECL,73
GA-B389SECZ,73
GA-B389SEQL,73
GA-B389SEQZ,73
GA-B389SLBZ,73
GA-B389SLQV,73
GA-B389SMCL,73
GA-B389SMCZ,73
GA-B389SMQL,73
GA-B389SMQZ,73
GA-B389SQBZ,73
GA-B389SQCL,71
GA-B389SQCZ,73
GA-B389SQQL,73
GA-B389SQQZ,73
GA-B399BVQ,71
GA-B399BVSE,71
GA-B399PQ,71
GA-B399TGAT,71
GA-B399TGAW,71
GA-B399TGMR,71
GA-B409BLQA,71
GA-B409BTQA,71
GA-B409BVQA,71
GA-B409PQA,71
GA-B409SAQA,71
GA-B409SECA,71
GA-B409SEQA,71
GA-B409SLCA,71
GA-B409SLQA,71
GA-B409SMCA,71
GA-B409SMCL,71
GA-B409SMQA,71
GA-B409SQCL,71
GA-B409SVCA,71
GA-B409SVQA,71
GA-B409TGAT,71
GA-B409TGAW,71
GA-B409TGMR,71
GA-B409UACA,71
GA-B409UAQA,71
GA-B409UEQA,71
GA-B409ULCA,71
GA-B409ULQA,71
GA-B409UMQA,71
GA-B409UTQA,71
GA-B409UVQA,71
GA-B419SDJL,71
GA-B419SECL,71
GA-B419SEHL,71
GA-B419SEJL,71
GA-B419SEQL,71
GA-B419SEUL,71
GA-B419SGQL,71
GA-B419SLJL,71
GA-B419SLUL,71
GA-B419SMCL,71
GA-B419SMHL,71
GA-B419SMQL,71
GA-B419SMQZ,71
GA-B419SQCL,71
GA-B419SQJL,71
GA-B419SQQL,71
GA-B419SWJL,71
GA-B419SYJL,71
GA-B419TGAW,71
GA-B419TGMR,71
GA-B429BLQA,72
GA-B429SAQZ,71
GA-B429SBCZ,71
GA-B429SBQZ,71
GA-B429SECZ,71
GA-B429SEQZ,71
GA-B429SMCZ,71
GA-B429SMQZ,71
GA-B429SQBZ,71
GA-B429SQCZ,71
GA-B429SQQZ,71
GA-B429SSPZ,71
GA-B439BAQA,71
GA-B439BMCA,71
GA-B439TGDF,71
GA-B439TGKW,71
GA-B439TGMR,71
GA-B439ZEQA,71
GA-B439ZEQZ,71
GA-B439ZLCA,71
GA-B439ZLCZ,71
GA-B439ZLQA,71
GA-B439ZLQZ,71
GA-B439ZMCZ,71
GA-B439ZMQZ,71
GA-B439ZVQA,71
GA-B439ZVQZ,71
GA-B459BECL,54
GA-B459BEQZ,54
GA-B459BLKL,54
GA-B459BMDZ,54
GA-B459BQCL,54
GA-B459BQHZ,54
GA-B459BQQZ,54
GA-B459CECL,54
GA-B459CLCL,54
GA-B459CQCL,54
GA-B459MEWL,54
GA-B459MLWL,54
GA-B459MMDZ,54
GA-B459MMQM,54
GA-B459MQQM,54
GA-B459MQWL,54
GA-B459SBDZ,54
GA-B459SBUM,54
GA-B459SECL,54
GA-B459SECM,54
GA-B459SEDZ,54
GA-B459SEHZ,54
GA-B459SEJZ,54
GA-B459SEKL,54
GA-B459SEQZ,54
GA-B459SERZ,54
GA-B459SLCL,54
GA-B459SLCM,54
GA-B459SMDZ,54
GA-B459SMHZ,54
GA-B459SMJZ,54
GA-B459SMQZ,54
GA-B459SMRZ,54
GA-B459SQCL,54
GA-B459SQHZ,54
GA-B459SQJZ,54
GA-B459SQKL,54
GA-B459SQQZ,54
GA-B459SQRZ,54
GA-B459SQUM,54
GA-B489BAKZ,54
GA-B489BAQA,54
GA-B489BMCA,54
GA-B489TGBM,54
GA-B489TGDF,54
GA-B489TGKR,54
GA-B489TGLB,54
GA-B489TGLC,54
GA-B489TGMR,54
GA-B489TGRF,54
GA-B489TGRM,54
GA-B489YECZ,54
GA-B489YEQZ,54
GA-B489YMCZ,54
GA-B489YMQZ,54
GA-B489YVCZ,54
GA-B489YVQZ,54
GA-B489ZAKZ,54
GA-B489ZECA,54
GA-B489ZECZ,54
GA-B489ZEQA,54
GA-B489ZEQZ,54
GA-B489ZLCA,54
GA-B489ZLCZ,54
GA-B489ZLQA,54
GA-B489ZLQZ,54
GA-B489ZMCA,54
GA-B489ZMCZ,54
GA-B489ZMKZ,54
GA-B489ZMQZ,54
GA-B489ZVCA,54
GA-B489ZVQA,54
GA-B489ZVSP,54
GA-B489ZVTP,54
GA-B489ZVVM,54
GA-B499SEKZ,54
GA-B499SMKZ,54
GA-B499SVKZ,54
GA-B499TEKZ,54
GA-B499TGBM,54
GA-B499TGDF,54
GA-B499TGKZ,54
GA-B499TGRF,54
GA-B499TVKZ,54
GA-B499YECZ,54
GA-B499YEQZ,54
GA-B499YLCZ,54
GA-B499YLJL,54
GA-B499YLUZ,54
GA-B499YMQZ,54
GA-B499YQJL,54
GA-B499YVCZ,54
GA-B499YVQZ,54
GA-B499YYJL,54
GA-B499YYUZ,54
GA-B499ZMCZ,54
GA-B499ZVCZ,54
GA-B509BMDZ,54
GA-B509CAZL,54
GA-B509CBTM,54
GA-B509CECL,54
GA-B509CEDZ,54
GA-B509CEZM,54
GA-B509CLCL,54
GA-B509CLZM,54
GA-B509CMDZ,54
GA-B509CMUM,54
GA-B509CQCL,54
GA-B509CVQM,54
GA-B509CVQZ,54
GA-B509MAWL,54
GA-B509MBUM,54
GA-B509MCQM,54
GA-B509MCUM,54
GA-B509MCZL,54
GA-B509MEDZ,54
GA-B509MEQZ,54
GA-B509MMDZ,54
GA-B509MMQZ,54
GA-B509MMZL,54
GA-B509MVQM,54
GA-B509MVQZ,54
GA-B509PBAZ,54
GA-B509PSAZ,54
GA-B509SBDZ,54
GA-B509SBUM,54
GA-B509SECL,54
GA-B509SEDZ,54
GA-B509SEHZ,54
GA-B509SEJZ,54
GA-B509SEKM,54
GA-B509SEQZ,54
GA-B509SEUM,54
GA-B509SLCL,54
GA-B509SLKM,54
GA-B509SMDZ,54
GA-B509SMHZ,54
GA-B509SMJZ,54
GA-B509SMQZ,54
GA-B509SMUM,54
GA-B509SQCL,54
GA-B509SQJZ,54
GA-B509SVDZ,54
GA-B509SVUM,54
GA-F399BVSE,71
GA080PBC,1380
GA092MMA,1180
GA102DAC,1180
GA102DBA,1180
GA102DBC,1180
GAT156MAD,1160
GB-306NP,73
GB-306NPL,73
GB-306NWL,73
GB-310NPL,73
GB-310NPLX,73
GB-310NWL,73
GB-310NWLX,73
GB-310RPL,73
GB-310RWL,73
GB-335MBL,73
GB-335PL,73
GB-335WL,73
GB-450UBLX,67
GB-450UBTLX,67
GB-450UMBLX,67
GB-450UPL,67
GB-450UPL5,67
GB-450UPLE,67
GB-450UPLX,67
GB-450UWLX,67
GB-455BLE,67
GB-455BTL,67
GB-455MBL,67
GB-455PL,67
GB-455UPLE,67
GB-455WL,67
GB-668QSL,40
GB-B2731PZ,73
GB-B300MBL,73
GB-B300MWH,73
GB-B300PL,73
GB-B306PZ,73
GB-B3121PZ,71
GB-B3242SV,71
GB-B3243BE,71
GB-B3354PY,73
GB-B3442BE,71
GB-B3442MC,71
GB-B3443EP,71
GB-B3443PY,71
GB-B3445BE,71
GB-B3449PZ,71
GB-B3862SG,71
GB-B3863MN,71
GB-B3864BE,71
GB-B4059MT,67
GB-B4059PZ,67
GB-B4215MC,67
GB-B4215PY,67
GB-B4451GV,62
GB-B4452GV,62
GB-B4452PZ,62
GB-B4452SE,62
GB-B4453MC,62
GB-B4458PZ,67
GB-B4459GV,62
GB-B4624PY,62
GB-B4624SE,62
GB-B5191PZ,67
GB-B5192PZ,67
GB-V300MBL,73
GB-W300MBL,73
GB-W335MBL,73
GB-W449UPLX,67
GB-W450UPLX,67
GB-W450USLX,67
GB-W455MBL,67
GB2129BLCW,73
GB22BGS,39
GB24BGS,26
GB2922PVQA,73
GB3022PVCA,71
GB3022PVQA,71
GB3033AVRW,71
GB3033PVNK,71
GB3033PVNW,71
GB3033PVQK,71
GB3033PVQW,71
GB3033PVRW,71
GB3033SHQK,71
GB3033SHQW,71
GB3033SHRW,71
GB3033SWNW,71
GB3033TINK,71
GB30BPP1,73
GB30BVP,73
GB30MPP,73
GB30MPP1,73
GB30MPPS,73
GB3129PVJW,73
GB3129TIKK,73
GB3133AEJW,71
GB3133AVJW,71
GB3133PIJW,71
GB3133PVGK,71
GB3133PVGW,71
GB3133PVJK,71
GB3133PVJW,71
GB3133PVKK,71
GB3133PVKW,71
GB3133SEJW,71
GB3133SHJK,71
GB3133SHJW,71
GB3133SHKK,71
GB3133SVGK,71
GB3133SVJW,71
GB3133SVKW,71
GB3133SWGK,71
GB3133SWGW,71
GB3133SWJW,71
GB3133TIGK,71
GB3133TIGW,71
GB3133TIJK,71
GB3133TIJW,71
GB3133WBGK,71
GB3133WBGW,71
GB3133WBJK,71
GB32MPP,71
GB32MVN,54
GB32MVP,54
GB32SPP,71
GB32SPP1,71
GB32SVN,54
GB32WVN,71
GB33BPT,73
GB33MVP,54
GB33SPP,71
GB33SVN,54
GB33WPT,73
GB34BPM,73
GB34BPY,73
GB34SGP2,54
GB34SPP2,54
GB34WPM,73
GB35BVB,71
GB35SGP2,54
GB37BPP,71
GB37BPT,71
GB37MPD,71
GB37MPP,71
GB37SPP,71
GB37SPT,71
GB37SPV,71
GB37SPY,71
GB37WGT,71
GB38MPP,54
GB3933PVKK,71
GB3933SWKK,71
GB40BPG,67
GB40BPP,42
GB40BVN,67
GB40BVP,67
GB40EVB,67
GB40MDP,42
GB40WVN,67
GB41BPP,67
GB41EVN,67
GB41WGT,67
GB41WPP,67
GB41WPT,67
GB44SGP,62
GB44SVN,62
GB44SVP,62
GB45EVD,62
GB45EVN,62
GB45MPG,62
GB45SGP,62
GB45SPP,62
GB45SPT,62
GB45WPT,62
GB46TGT,62
GB4816SDS,71
GB4816SWH,71
GB5133AEBW,71
GB5133AECW,71
GB5133AVAW,71
GB5133AVBW,71
GB5133AVCW,71
GB5133PWCW,71
GB5133SVAW,71
GB5133SWCW,71
GB5133TIAW,71
GB5133TICW,71
GB5133TLCW,71
GB5133WBBW,71
GB5133WBCW,71
GB5133WBDW,71
GB5135AVAW,54
GB5135AVCW,71
GB5135PVAW,54
GB5135PVCW,54
GB5135PVDW,54
GB5135SVAW,54
GB5135SWAW,54
GB5135SWCW,54
GB5135TICW,54
GB5135WBCW,54
GB5219PVEZ,60
GB5219PVFZ,60
GB5234PVHW,60
GB5234PVHZ,60
GB5237AEFZ,60
GB5237AVEW,60
GB5237AVEZ,60
GB5237AVFW,60
GB5237AVFZ,60
GB5237PMG,60
GB5237PVEW,60
GB5237PVEZ,60
GB5237PVFW,60
GB5237PVFZ,60
GB5237PVGW,60
GB5237SEFW,60
GB5237SHFW,60
GB5237SHFZ,60
GB5237SHGW,60
GB5237SVEZ,60
GB5237SWEW,60
GB5237SWFW,60
GB5237SWFZ,60
GB5237SWGW,60
GB5237SWGZ,60
GB5237TIEW,60
GB5237TIEZ,60
GB5237TIFW,60
GB5237TIFZ,60
GB5237TIGW,60
GB5237WBFZ,60
GB5240AEAZ,60
GB5240AECZ,60
GB5240AVAW,60
GB5240AVAZ,60
GB5240AVCW,60
GB5240AVCZ,60
GB5240PVAW,60
GB5240PVCZ,60
GB5240SWCW,60
GB5240SWCZ,60
GB5240TICW,60
GB5240TICZ,60
GB5240TIDW,60
GB5240WBCW,60
GB5241TICW,60
GB5533AWSW,71
GB5533BHTW,71
GB5533BMTW,71
GB5533MHTW,71
GB5533WHTW,71
GB6101SPS,60
GB6101SWH,60
GB6106SPS,60
GB6106SWH,60
GB6140PZQV,42
GB6211BPS,60
GB6211BWH,60
GB6216BPS,60
GB6216BWH,60
GB6216SDS,60
GB6216SPS,60
GB6226SBL,60
GB6238SPS,60
GB62BGS,39
GB6318SDS,60
GB6338SPS,60
GB6346SPS,60
GB6348BPS,60
GB6348SPS,60
GB6348SWH,60
GB6388SSA,60
GB7038AVTZ,60
GB7038PVTW,60
GB7038SWTW,60
GB7038SWTZ,60
GB7038TITW,60
GB7038TITZ,60
GB7043PVTZ,60
GB7043TITW,60
GB7043TITZ,60
GB7120A2RW,60
GB7120PVRZ,60
GB7138A2VW,60
GB7138A2VW1,60
GB7138A2VZ1,60
GB7138A2XW,60
GB7138A2XZ,71
GB7138AEVW1,60
GB7138AEXZ,60
GB7138AVXW,60
GB7138AVXZ,60
GB7138PVXZ,60
GB7138SWXW,60
GB7138SWXZ,71
GB7143A2BZ,60
GB7143A2HW,60
GB7143A2HZ,60
GB7143A2PW1,60
GB7143A2PZ1,60
GB7143A2RW,60
GB7143A2RZ,60
GB7143A2SF,60
GB7143AERZ,60
GB7143AESF,60
GB7143AVBZ,60
GB7143AVHW,60
GB7143AVHZ,60
GB7143AVPZ,60
GB7143AVRW,60
GB7143AVRZ,60
GB7143PVRW,54
GB7143PVRZ,60
GB7143SERW,60
GB7143SERZ,54
GB7143SWRW,60
GB7143SWRZ,60
GB7143TIRW,60
GBB327PZQW,73
GBB328PVCW,73
GBB329AVQW,71
GBB329DSDZ,71
GBB329DSJZ,71
GBB329PVQK,71
GBB329PVQW,71
GBB329SWDZ,71
GBB329SWJZ,71
GBB339DSDZ,71
GBB339DSJZ,71
GBB339SWDZ,71
GBB339SWJZ,71
GBB39DSDZ,71
GBB39DSJZ,71
GBB39SWDZ,71
GBB39SWJZ,71
GBB530BLCFS,60
GBB530BLQFS,60
GBB530NSCFE,60
GBB530NSCPB,60
GBB530NSCQE,60
GBB530NSCXE,60
GBB530NSQFB,60
GBB530NSQFE,60
GBB530NSQFS,60
GBB530NSQPB,60
GBB530NSQWB,60
GBB530NSQXE,60
GBB530NSQZB,60
GBB530PSIPS,60
GBB530PVCFE,60
GBB530PVCPB,60
GBB530PVQPB,60
GBB530PVQWB,60
GBB530PZCFB,60
GBB530PZCFE,60
GBB530PZCFS,60
GBB530PZCPS,60
GBB530PZQFB,60
GBB530PZQFE,60
GBB530PZQZS,60
GBB530SEQWS,60
GBB530SEQZS,60
GBB530SWCFB,60
GBB530SWCFE,60
GBB530SWCFS,60
GBB530SWCPB,60
GBB530SWCPS,60
GBB530SWITS,60
GBB530SWQFB,60
GBB530SWQFE,60
GBB530SWQPB,60
GBB530SWQWB,60
GBB530SWQZS,60
GBB530VMCQE,60
GBB530VMQXE,60
GBB530WBQWB,60
GBB531PVCPB,60
GBB532NSCFE,60
GBB539NSCFE,67
GBB539NSCFS,60
GBB539NSCPB,60
GBB539NSCPS,60
GBB539NSCWS,60
GBB539NSHWB,60
GBB539NSQFE,60
GBB539NSQPB,60
GBB539NSQWB,60
GBB539NSQWS,60
GBB539NSQZB,60
GBB539PVCFB,60
GBB539PVCFE,60
GBB539PVCPB,60
GBB539PVHPB,60
GBB539PVHWB,60
GBB539PVQPB,60
GBB539PVQWB,60
GBB539PZCFE,60
GBB539PZCFS,60
GBB539PZCPS,60
GBB539PZCWS,60
GBB539PZCZB,60
GBB539PZCZS,60
GBB539PZHPB,60
GBB539PZHWB,60
GBB539PZPZN,60
GBB539PZQFB,60
GBB539PZQWS,60
GBB539PZQZB,60
GBB539PZQZS,67
GBB539SWCFB,60
GBB539SWCFE,60
GBB539SWCPB,60
GBB539SWCPS,60
GBB539SWCWS,60
GBB539SWCZB,60
GBB539SWHPB,60
GBB539SWHWB,60
GBB539SWITS,60
GBB539SWQPB,60
GBB539SWQWB,60
GBB539SWQWS,60
GBB539SWQZB,60
GBB539SWQZS,60
GBB539SWSIS,60
GBB539WBQWB,60
GBB539WBQZB,60
GBB547PZYZH,67
GBB548BLCZH,62
GBB548GVQZE,62
GBB548NSQFE,62
GBB548NSQZB,62
GBB548PZCZH,62
GBB548PZQZB,62
GBB548SEQZB,62
GBB566PZHMN,62
GBB566PZHZN,62
GBB567PZCMB,62
GBB567PZCZB,62
GBB567SECMN,62
GBB567SECZN,62
GBB567SWCZB,62
GBB569MCAMB,62
GBB569MCAMN,62
GBB569MCAZB,62
GBB569MCAZN,62
GBB569NSAFB,62
GBB569NSAGB,62
GBB569NSAZB,62
GBB59DSJZS,60
GBB59MCEFS,60
GBB59NSFFE,60
GBB59NSGFB,60
GBB59NSGFS,60
GBB59PZDZS,60
GBB59PZEFS,60
GBB59PZFFB,60
GBB59PZFZB,60
GBB59PZFZS,60
GBB59PZGFS,60
GBB59PZJVB,60
GBB59PZJZB,60
GBB59PZJZS,60
GBB59PZKVB,60
GBB59PZKVS,60
GBB59PZMZS,60
GBB59PZPFS,60
GBB59PZRVS,60
GBB59PZRZS,60
GBB59SAFFB,60
GBB59SAMZS,60
GBB59SAPFS,60
GBB59SWEFS,60
GBB59SWFZB,60
GBB59SWGFB,60
GBB59SWHFS,60
GBB59SWJVB,60
GBB59SWJZB,60
GBB59SWJZS,60
GBB59SWPFS,60
GBB59SWRVS,60
GBB59SWRZS,60
GBB59WBJZS,60
GBB59WBMZS,60
GBB60BLFXS,60
GBB60BLGFS,60
GBB60DSDZS,60
GBB60DSGFS,60
GBB60DSMFS,60
GBB60MCFFS,60
GBB60MCGFS,60
GBB60MCPFS,60
GBB60MCSFB,60
GBB60MCYXS,60
GBB60NSFFB,60
GBB60NSFFS,60
GBB60NSFZB,60
GBB60NSGFE,60
GBB60NSYFE,60
GBB60NSYQE,60
GBB60NSYXE,60
GBB60NSZHE,60
GBB60PZDFS,60
GBB60PZDZS,60
GBB60PZEFS,60
GBB60PZEFS2,60
GBB60PZFZB,60
GBB60PZFZS,60
GBB60PZGFB,60
GBB60PZGFS,60
GBB60PZGXS,60
GBB60PZGZS,60
GBB60PZJZS,60
GBB60PZKVS,60
GBB60PZMFS,60
GBB60PZPFS,60
GBB60PZSFB,60
GBB60SAFFB,60
GBB60SAFZS,60
GBB60SAGFB,60
GBB60SAGFS,60
GBB60SAPXS,60
GBB60SAYFE,60
GBB60SAYQE,60
GBB60SAYXE,60
GBB60SEFFS,60
GBB60SEFZS,60
GBB60SEPFS,60
GBB60SWFFB,60
GBB60SWFFS,60
GBB60SWFZB,60
GBB60SWFZS,60
GBB60SWGFE,60
GBB60SWGFS,60
GBB60SWMFS,60
GBB60SWPFS,60
GBB60SWSFB,60
GBB61BLHEC,60
GBB61BLHMN,60
GBB61BLHZN,60
GBB61BLJEC,60
GBB61BLJEN,60
GBB61BLJMN,60
GBB61BLJZN,60
GBB61DSHMN,60
GBB61DSHZN,60
GBB61DSJEC,60
GBB61DSJEN,60
GBB61DSJMN,60
GBB61DSJZN,71
GBB61MCGCN1,60
GBB61MCGDN,60
GBB61MCGGN,60
GBB61PZFFN,60
GBB61PZFGN,60
GBB61PZGCN,60
GBB61PZGCN1,71
GBB61PZGFN,71
GBB61PZGGN,71
GBB61PZHMN,71
GBB61PZHZN,71
GBB61PZJEC,71
GBB61PZJEN,60
GBB61PZJMN,71
GBB61PZJZN,71
GBB61SWFGN,60
GBB61SWGCN,60
GBB61SWGCN1,71
GBB61SWGFN,71
GBB61SWGGC,60
GBB61SWGGN,71
GBB61SWHMN,71
GBB61SWHZN,71
GBB61SWJEC,60
GBB61SWJMN,71
GBB61SWJZN,71
GBB62BLFGC,60
GBB62BLGGC,60
GBB62DSHEC,60
GBB62DSHMN,60
GBB62DSHZN,60
GBB62DSJEC,60
GBB62DSJZN,60
GBB62MCFCN1,60
GBB62MCGCC1,60
GBB62MCGCN1,60
GBB62MCGFN,60
GBB62MCGGN,60
GBB62MCJMN,60
GBB62PZ5CN1,60
GBB62PZFDN,60
GBB62PZFFN,60
GBB62PZFGC,60
GBB62PZFGN,60
GBB62PZGCC,60
GBB62PZGCC1,60
GBB62PZGDN,60
GBB62PZGFN,60
GBB62PZGGC,60
GBB62PZGGN,60
GBB62PZHMN,60
GBB62PZHZN,60
GBB62PZJEC,60
GBB62PZJEN,60
GBB62PZJMN,60
GBB62PZJZN,60
GBB62SEHMN,60
GBB62SEHZN,60
GBB62SWFFN,60
GBB62SWFGN,60
GBB62SWGCC,60
GBB62SWGCC1,60
GBB62SWGFN,60
GBB62SWGGC,60
GBB62SWGGN,60
GBB62SWHMN,60
GBB62SWHZN,60
GBB71MCDMN,60
GBB71MCDZN,60
GBB71MCEFN,60
GBB71MCEGN,60
GBB71MCEZN,60
GBB71MCVFN,60
GBB71MCVGN,71
GBB71NSDFN,71
GBB71NSDMN,60
GBB71NSDZN,60
GBB71NSEFN,71
GBB71NSUGN,71
GBB71PZDFN,71
GBB71PZDGN,60
GBB71PZDMN,71
GBB71PZDZN,71
GBB71PZEEN,60
GBB71PZEFN,71
GBB71PZEGN,60
GBB71PZEMN,60
GBB71PZEZN,71
GBB71PZUFN,60
GBB71PZUGN,71
GBB71PZVCN,60
GBB71PZVCN1,71
GBB71PZVFN,60
GBB71PZVGN,71
GBB71SWDGN,60
GBB71SWDMN,71
GBB71SWDZN,71
GBB71SWEFN,71
GBB71SWEGN,60
GBB71SWEMN,60
GBB71SWEZN,60
GBB71SWUGN,60
GBB71SWVCN,60
GBB71SWVCN1,71
GBB71SWVFN,60
GBB71SWVGN,71
GBB72BM9CQ,54
GBB72BM9CQ1,54
GBB72BM9DQ,54
GBB72MBECN,60
GBB72MBUBN,60
GBB72MBUGN,60
GBB72MBVCN,60
GBB72MBVCN1,60
GBB72MBVGN,60
GBB72MCCCN,60
GBB72MCCXN,60
GBB72MCDDN,60
GBB72MCDEN,60
GBB72MCDFN,60
GBB72MCDGN,60
GBB72MCDMN,60
GBB72MCDZN,60
GBB72MCEFN,60
GBB72MCEGN,60
GBB72MCQCN,60
GBB72MCUDN,60
GBB72MCUFN,60
GBB72MCUGN,60
GBB72MCVBN,60
GBB72MCVCN1,60
GBB72MCVFN,60
GBB72MCVGN,60
GBB72NSCCN,60
GBB72NSCXN,60
GBB72NSDCN,60
GBB72NSDFN,60
GBB72NSDMN,60
GBB72NSDXN,60
GBB72NSDZN,60
GBB72NSECN,60
GBB72NSEFN,60
GBB72NSEXN,60
GBB72NSQCN,60
GBB72NSUCN,60
GBB72NSUCN1,60
GBB72NSUFN,60
GBB72NSUGN,60
GBB72NSVBN,60
GBB72NSVCN,60
GBB72NSVCN1,60
GBB72NSVFN,60
GBB72NSVGN,60
GBB72PZ7CN1,60
GBB72PZDFN,60
GBB72PZDGN,60
GBB72PZDMN,60
GBB72PZDZN,60
GBB72PZECN,60
GBB72PZECN1,60
GBB72PZEFN,60
GBB72PZEGN,60
GBB72PZEMN,60
GBB72PZEXN,60
GBB72PZEZN,60
GBB72PZUDN,60
GBB72PZUEN,60
GBB72PZUFN,60
GBB72PZUGN,60
GBB72PZUZN,60
GBB72PZVCN,60
GBB72PZVCN1,60
GBB72PZVFN,60
GBB72PZVGN,60
GBB72SACXN,60
GBB72SADCN,60
GBB72SADFN,60
GBB72SADXN,60
GBB72SAECN,60
GBB72SAEFN,60
GBB72SAEXN,60
GBB72SAUCN,60
GBB72SAUCN1,60
GBB72SAUGN,60
GBB72SAVCN,60
GBB72SAVCN1,60
GBB72SAVGN,60
GBB72SAVXN,60
GBB72STCXN,60
GBB72SWDFN,60
GBB72SWDGN,60
GBB72SWDMN,60
GBB72SWDZN,60
GBB72SWEFN,60
GBB72SWEGN,60
GBB72SWEZN,60
GBB72SWUCN,60
GBB72SWUCN1,60
GBB72SWUGN,60
GBB72SWVCN,60
GBB72SWVCN1,60
GBB72SWVDN,60
GBB72SWVEN,60
GBB72SWVFN,60
GBB72SWVGN,60
GBB72TW9CQ,54
GBB72TW9CQ1,54
GBB72TW9DQ,54
GBB92MBACP,60
GBB92MBB3P,60
GBB92MBBSP,60
GBB92MCABP,60
GBB92MCACP,60
GBB92MCACP1,60
GBB92MCAQP,60
GBB92MCAXP,60
GBB92MCB1P,60
GBB92MCB2P,60
GBB92MCBAP,60
GBB92MCBBP,60
GBB92MCBKP,60
GBB92MCBQP,60
GBB92STABP,60
GBB92STACP,60
GBB92STACP1,60
GBB92STAQP,60
GBB92STAXP,60
GBB92STBAP,60
GBB92STBBP,60
GBB92STBKP,60
GBB92STBQP,60
GBB92SWBAN,60
GBB930DNQZN,54
GBB930LBQZT,54
GBB930MRQZT,54
GBB930SWQZT,54
GBB940BMQZT,54
GBB940DFQZT,54
GBB940DNQZN,54
GBB940LBQZT,54
GBB940MTQZN,54
GBB940MTQZT,54
GBB940SWQZT,54
GBBS312AEV,71
GBBS312APY,71
GBBS312ASW,71
GBBS312BEV,71
GBBS312BPY,71
GBBS312CEV,71
GBBS312CPY,71
GBBS312CSW,71
GBBS313CPY,71
GBBS322AEV,54
GBBS322APY,54
GBBS322ASW,54
GBBS322BEV,54
GBBS322BPY,54
GBBS322BSW,54
GBBS322CEV,54
GBBS322CPY,54
GBBS322CSW,54
GBBS323BPY,54
GBBS323CEV,54
GBBS323CPY,54
GBBS514AMB,71
GBBS514CPY,71
GBBS514CSW,71
GBBS524AEV,54
GBBS524APY,54
GBBS524CEV,54
GBBS524CPY,54
GBBS524CSW,54
GBBS525APY,54
GBBS525CEV,54
GBBS525CPY,54
GBBS525CSW,54
GBBS716AEV,71
GBBS716AMB,71
GBBS716ASW,71
GBBS716CMB,71
GBBS716CPY,71
GBBS716CSW,71
GBBS726AEV,54
GBBS726AMB,54
GBBS726ASW,54
GBBS726BEV,54
GBBS726BPY,54
GBBS726CEV,54
GBBS726CMB,54
GBBS726CPY,54
GBBS726CSW,54
GBBS727AEV,54
GBBS727BMB,54
GBBS727CEV,54
GBBS727CMB,54
GBBS727CPY,54
GBBSJ10DEP,71
GBBSJ10DPY,71
GBBSJ10DSW,71
GBBSJ10EEP,71
GBBSJ10EPY,71
GBBSJ10ESW,71
GBBSJ11DEP,71
GBBSJ11DPY,71
GBBSJ11DSW,71
GBBSJ11EPY,71
GBBSJ11ESW,71
GBBSJ1CCEP,71
GBBSJ1CCPY,71
GBBSJ1CCSW,71
GBBSJ20DEP,54
GBBSJ20DPY,54
GBBSJ20DSW,54
GBBSJ20EEP,54
GBBSJ20EPY,54
GBBSJ20ESW,54
GBBSJ21DEP,54
GBBSJ21DPY,54
GBBSJ21EPY,54
GBBSJ21ESW,54
GBBSJ2CCEP,54
GBBSJ2CCPY,54
GBBSJ2CCSW,54
GBBW312CEV,62
GBBW322AEV,48
GBBW322CEV,48
GBBW322CPY,48
GBBW322DPY,48
GBBW726AEV,48
GBBW726AMB,48
GBBW726CEV,48
GBBW726CMB,48
GBBW726CPY,48
GBBW726DEV,48
GBD4826SDS,71
GBD4826SWH,71
GBD61PZGGN,60
GBD6221BPS,60
GBD6221SPS,60
GBD6226BPS,60
GBD6226SPS,60
GBD6256SPS,60
GBD62PZYFN,60
GBD6321BPS,60
GBD6326BPS,60
GBD6336SPS,60
GBD6356BPS,60
GBD6356BSC,60
GBD6356SPS,60
GBD6388ESC,60
GBD638GESC,60
GBD638HESC,60
GBE31PZLZN,60
GBE61MCHMN,60
GBF3102DPY,71
GBF3102EEP,71
GBF3102EEV,71
GBF3202DPY,54
GBF530NSQPB,60
GBF530NSQWB,60
GBF530PVQPB,60
GBF530PZQWB,60
GBF539NSQWB,60
GBF539PVQWB,60
GBF539WBQWB,60
GBF548GVDZH,62
GBF548NSDZB,62
GBF548PZDZH,62
GBF567PZCMB,62
GBF567PZCZB,62
GBF569NSAZB,62
GBF59NSKZB,60
GBF59PZDZB,60
GBF59PZFZB,60
GBF59PZKZB,60
GBF59SWDZB,60
GBF59WBDZB,60
GBF59WBKZB,60
GBF60NSFZB,60
GBF60PZFZS,60
GBF61BLHEN,60
GBF61BLHMN,60
GBF61BLHZN,60
GBF61DSJEN,60
GBF61PZJEN,60
GBF61PZJMN,71
GBF61PZJZN,71
GBF6221BPS,60
GBF6226BPS,60
GBF62PZGGN,60
GBF62PZHEN,60
GBF62PZHMN,60
GBF62PZHZN,60
GBF62PZJMN,60
GBF7172DPY,71
GBF71PZDMN,71
GBF71PZDZN,71
GBF7272DPY,54
GBF72NSDMN,60
GBF72NSDZN,60
GBF72PZDMN,60
GBF72PZDZN,60
GBG5160CEV,71
GBG5160CPY,71
GBG7190CEV,71
GBG719MDNN,71
GBH6211BPS,60
GBM21HSADH,76
GBM22HSADH,57
GBNC362GSA0,223
GBNC482RSA0,120
GBNH186HSS0,294
GBNH246HSS0,294
GBNH306GSS0,223
GBNH368GSS0,223
GBNH428GSS0,223
GBNH488RSS0,120
GBNH608RSS0,120
GBP20DSCFS,60
GBP20DSCZS,60
GBP20DSQFS,60
GBP20PZCFS,60
GBP20PZCZS,60
GBP20PZQFS,60
GBP20SACFS,60
GBP20SWQFS,60
GBP30DSLZN,71
GBP31DSLEC,60
GBP31DSLZN,71
GBP31DSTZR,60
GBP31SWLZN,71
GBP31SWTZS,60
GBP32DSKZN,60
GBP32DSLZN,60
GBP32DSTZR,60
GBP32SWLZN,60
GBP52PYNBN,54
GBP52PZNCN1,54
GBP59DSIDP,60
GBP61DSPDN,60
GBP61DSPFN,71
GBP61DSPGC,60
GBP61DSPGN,71
GBP61DSSFR,60
GBP61DSSGR,60
GBP61DSXGC,60
GBP61SWPFN,71
GBP61SWPGN,71
GBP62DSNCC,60
GBP62DSNCC1,60
GBP62DSNCN,60
GBP62DSNCN1,60
GBP62DSNFN,60
GBP62DSNGC,60
GBP62DSNGN,60
GBP62DSNXN,60
GBP62DSSDR,60
GBP62DSSFR,60
GBP62DSSGC,60
GBP62DSSGR,60
GBP62DSXCC,60
GBP62DSXCC1,60
GBP62DSXGC,60
GBP62DSXXN,60
GBP62MCNAC,60
GBP62MCNBC,60
GBP62MCNCC1,60
GBP62MCTBC,60
GBP62PZNAC,60
GBP62PZNBC,60
GBP62PZNCC,60
GBP62PZNCC1,60
GBP62PZNCN,60
GBP62PZNCN1,60
GBP62PZTBC,60
GBP62PZXCC1,60
GBP62SWNAC,60
GBP62SWNBC,60
GBP62SWNCN1,54
GBP62SWNFN,60
GBP62SWNGN,60
GBP62SWXCC,60
GBP62SWXCC1,60
GBS22HCPCC,26
GBS22HCPWW,26
GBS6226BPS,60
GBU20KBXWW,26
GBUC362GSA0,171
GBUC482RSA0,110
GBUH186HSS0,171
GBUH246HSS0,171
GBUH306GSS0,171
GBUH368GSS0,110
GBUH428GSS0,110
GBUH488RSS0,110
GBUH608RSS0,110
GBV21L0EEP,71
GBV21L0EPY,71
GBV21L0ESW,71
GBV21NCDEP,71
GBV21NCDPY,71
GBV21NCDSW,71
GBV22L0AEP,60
GBV22L0EPY,60
GBV22L0ESW,54
GBV22NCAEP,54
GBV22NCAPY,54
GBV22NCASW,54
GBV22NCBEP,54
GBV22NCBPY,54
GBV22NCBSW,54
GBV22NCCEP,54
GBV22NCCPY,54
GBV22NCCSW,54
GBV22NCDEP,54
GBV22NCDPY,54
GBV22NCDSW,54
GBV3100AEP,60
GBV3100APY,60
GBV3100ASW,60
GBV3100BPY,60
GBV3100CEP,71
GBV3100CPY,71
GBV3100CSW,71
GBV3100DEP,71
GBV3100DPY,71
GBV3100DSW,71
GBV3100EEP,71
GBV3100EPY,71
GBV3100ESW,71
GBV310TBPY,71
GBV3110EPY,71
GBV31E0CPY,60
GBV31E0CSW,60
GBV31P0DPY,60
GBV31Q0EEP,60
GBV31Q0EPY,60
GBV31Q0ESW,60
GBV3200CEP,60
GBV3200CPY,60
GBV3200CSW,60
GBV3200DEP,60
GBV3200DPY,60
GBV3200DSW,60
GBV3210DPY,60
GBV3210DSW,54
GBV3210EEP,60
GBV3220BEV,60
GBV5140AMB,60
GBV5140APY,60
GBV5140CPY,71
GBV5140CSW,71
GBV5140DPY,71
GBV5140DSW,71
GBV5150DEP,71
GBV5150DPY,71
GBV5150DSW,71
GBV5240APY,60
GBV5240BPY,54
GBV5240CEP,60
GBV5240CPY,60
GBV5240CSW,60
GBV5240DEP,60
GBV5240DPY,60
GBV5240DSW,60
GBV5250CEP,60
GBV5250CPY,60
GBV5250CSW,60
GBV5250DEP,60
GBV5250DPY,60
GBV5250DSW,60
GBV5250EEP,60
GBV5250EPY,60
GBV7170EEV,71
GBV7170EPY,71
GBV7170ESW,71
GBV7180CEV,71
GBV7180CPY,71
GBV7180CSW,71
GBV7180DEV,71
GBV7180DPY,71
GBV7180DSW,71
GBV7270ASW,60
GBV7270BEV,60
GBV7270BPY,60
GBV7270CEV,60
GBV7270CMB,60
GBV7270CPY,60
GBV7270DEV,60
GBV7270DPY,60
GBV7270EEV,60
GBV7270EPY,60
GBV7270ESW,60
GBV7280AEV,60
GBV7280AMB,60
GBV7280BEV,60
GBV7280BMB,60
GBV7280BPY,60
GBV7280CEH,54
GBV7280CEV,60
GBV7280CMB,60
GBV7280CPY,60
GBV7280CSW,60
GBV7280DEV,60
GBV7280DMB,60
GBV7280DPY,60
GBV7280DSW,54
GBVE2801EV,60
GBW6226SPS,60
GBW6318SDS,60
GBW6326BPS,60
GBW6346SBL,60
GBW6356BPS,60
GBW6356SPS,60
GBW6388ESC,60
GBW6388SMC,60
GC-049SW,580
GC-051S,580
GC-051SA,580
GC-051SNA,580
GC-051SNB,580
GC-051SNS,580
GC-051SQ,580
GC-051SS,580
GC-051SW,580
GC-081SA,286
GC-118SW,266
GC-131S,286
GC-131SL,286
GC-131SLQ,286
GC-131SQ,286
GC-131SV2,286
GC-132S,286
GC-151S,266
GC-151SA,266
GC-151SFB,266
GC-151SLQ,266
GC-151SNA,266
GC-151SQ,266
GC-151SVNA,266
GC-151SW,266
GC-1541SQW,180
GC-154GQW,180
GC-154SQ,180
GC-154SQW,180
GC-155GLQW,180
GC-155SQW,180
GC-161GW,162
GC-161SW,164
GC-164SQW,180
GC-181SA,180
GC-181WH,180
GC-204SQK,75
GC-204SQW,75
GC-249S,84
GC-249SA,84
GC-249SL,84
GC-249SVS,84
GC-249V,84
GC-249VL,84
GC-249VLE,84
GC-249VP,84
GC-249VPE,84
GC-259S,84
GC-269S,81
GC-269SA,81
GC-269SL,81
GC-269V,81
GC-269VL,81
GC-269VL3,81
GC-269VLE,81
GC-269VP,81
GC-269VPE,81
GC-279S,81
GC-279SA,80
GC-299B,74
GC-304SQ,75
GC-305NFB,73
GC-305PS,73
GC-305SW,73
GC-305WFB,73
GC-306NP,73
GC-306NW,73
GC-309B,74
GC-309BA,74
GC-309BLW,74
GC-309BV,74
GC-309BVA,74
GC-309BVS,74
GC-309BVW,74
GC-339NGLS,70
GC-349SQ,73
GC-3501NS,73
GC-359SQ,73
GC-359SVQ,73
GC-373TGL,70
GC-379B,71
GC-379BLQK,73
GC-379BLW,71
GC-379BV,71
GC-379BVA,71
GC-379BVQK,73
GC-389SNQF,71
GC-389SQF,71
GC-389STQ,71
GC-3900WH,71
GC-3901WH,71
GC-3913NS,71
GC-3913WH,71
GC-3914NS,71
GC-3914WH,71
GC-3920NS,71
GC-3986SLQA,71
GC-398SQA,71
GC-3990SQA,71
GC-3991SL,71
GC-3992SL,71
GC-3992SW,71
GC-399SLQ,71
GC-399SLQK,71
GC-399SLQW,71
GC-399SQ,71
GC-399SQA,71
GC-399SQW,71
GC-399STQW,71
GC-399SVQW,71
GC-409GLP,71
GC-409GLPA,71
GC-409GPA,71
GC-409GQA,71
GC-409GTQA,71
GC-409GVQA,71
GC-409SQA,72
GC-937S,84
GC-938S,84
GC-A207BPJ,36
GC-A207CTBA,36
GC-A207CUBK,36
GC-A207GPQV,36
GC-A217LGQ,36
GC-A432HLHU,67
GC-A502HLHU,66
GC-A502HMHU,66
GC-A502HQHU,66
GC-A502HXHU,66
GC-A562HLHU,67
GC-A602HLHU,67
GC-B106ELNZ,54
GC-B155BQCF,215
GC-B157PGAV,48
GC-B157PMAV,48
GC-B187JBAM,48
GC-B187JQAM,48
GC-B187PQAL,48
GC-B187PQAM,48
GC-B197CST,36
GC-B197CSW,36
GC-B197DWL,36
GC-B197HPL,36
GC-B197HWL,36
GC-B197STF,36
GC-B197WFF,36
GC-B202MQBR,134
GC-B205BQCF,167
GC-B207BLQ,36
GC-B207BLQA,36
GC-B207BLQV,36
GC-B207BLRV,36
GC-B207BPJ,36
GC-B207BPJ1,36
GC-B207BPJV,36
GC-B207BPQ,36
GC-B207BSJ,36
GC-B207BSJ1,36
GC-B207BTQ,36
GC-B207BTQA,36
GC-B207BVJ,36
GC-B207BVQ,36
GC-B207BVQA,36
GC-B207BVQV,36
GC-B207CLC,36
GC-B207CLC1,36
GC-B207CPB,36
GC-B207CPC,36
GC-B207CPC1,36
GC-B207CVC,36
GC-B207FECA,36
GC-B207FLB,36
GC-B207FLC,36
GC-B207FLCA,36
GC-B207FTC,36
GC-B207FTCE,36
GC-B207FVC,36
GC-B207FVCA,36
GC-B207FVCE,36
GC-B207GAQA,36
GC-B207GAQV,36
GC-B207GEQA,36
GC-B207GEQV,36
GC-B207GLJV,36
GC-B207GLQA,36
GC-B207GLQC,36
GC-B207GLQN,36
GC-B207GLQS,36
GC-B207GLQV,36
GC-B207GMQV,36
GC-B207GPJV,36
GC-B207GPQV,36
GC-B207GSJV,36
GC-B207GSQV,36
GC-B207GVQA,36
GC-B207GVQN,36
GC-B207GVQS,36
GC-B207GVQV,36
GC-B207TVQA,36
GC-B207WLQ,36
GC-B207WLQF,36
GC-B207WPJ,36
GC-B207WTJ,36
GC-B207WTQ,36
GC-B207WVQ,36
GC-B207WVQF,36
GC-B212SLK,75
GC-B212SLQK,75
GC-B212SVK,50
GC-B217BLJ,36
GC-B217BLJ2,36
GC-B217BPJ,36
GC-B217BPJV,36
GC-B217BSJV,36
GC-B217BSQX,36
GC-B217BTJ,36
GC-B217BTJV,36
GC-B217CVC,36
GC-B217LGJ,36
GC-B217LGQ,36
GC-B217LGQK,36
GC-B217WVQ,36
GC-B227FVC,36
GC-B227GSQN,36
GC-B229LPS,36
GC-B22FFLZB,51
GC-B22FHEGM,39
GC-B22FTLFL,39
GC-B22FTLPL,39
GC-B22FTLVB,39
GC-B22FTMPL,39
GC-B22FTQPL,39
GC-B22FTQVB,39
GC-B22GQGJT,39
GC-B22GTLJL,39
GC-B22GTQQL,39
GC-B22GTUQL,39
GC-B237AGKR,36
GC-B237AGNN,36
GC-B237AVNN,36
GC-B237JENV,36
GC-B237JMNV,36
GC-B237JSNN,36
GC-B23SLUV,36
GC-B247ESL,36
GC-B247GLQV,36
GC-B247JEDV,36
GC-B247JEUV,36
GC-B247JLDV,36
GC-B247JMUV,36
GC-B247JVUV,36
GC-B247KQBK,36
GC-B247KQDV,36
GC-B247SBDC,36
GC-B247SCUV,36
GC-B247SEDC,36
GC-B247SEUV,36
GC-B247SLUV,36
GC-B247SLUW,36
GC-B247SLUZ,36
GC-B247SMDC,36
GC-B247SMUV,36
GC-B247SQUV,36
GC-B247SVDC,36
GC-B247SVUV,36
GC-B247SVZV,36
GC-B24FFCPB,47
GC-B253SLQK,73
GC-B253SVQK,50
GC-B257JEYV,47
GC-B257JLYL,47
GC-B257JLYV,47
GC-B257JQBK,47
GC-B257JQYL,47
GC-B257KBHW,36
GC-B257KEHW,47
GC-B257KGHW,36
GC-B257KLJ2,47
GC-B257KLJW,47
GC-B257KLJY,47
GC-B257KMHW,36
GC-B257KNHW,47
GC-B257KQBV,36
GC-B257KQDV,36
GC-B257KQJW,47
GC-B257SBVV,36
GC-B257SBZV,47
GC-B257SEZV,47
GC-B257SFZL,47
GC-B257SGVL,36
GC-B257SGWL,36
GC-B257SLUV,36
GC-B257SLVL,47
GC-B257SLW2,47
GC-B257SLWL,47
GC-B257SMVV,36
GC-B257SMZV,47
GC-B257SQUV,36
GC-B257SQVL,47
GC-B257SQVV,36
GC-B257SQYL,47
GC-B257SQZL,47
GC-B257SQZV,47
GC-B257SSZV,47
GC-B257UGBM,36
GC-B257UGLW,36
GC-B258USNV,26
GC-B277BGUM,36
GC-B277BPUM,36
GC-B288NQUM,24
GC-B288NSJV,24
GC-B288ULNV,26
GC-B293SGMH,51
GC-B293SGMY,51
GC-B293SGQK,51
GC-B293SLQK,51
GC-B293STQK,51
GC-B303SEHV,51
GC-B303SLHZ,51
GC-B303SMHV,51
GC-B303SPHL,51
GC-B305BQCF,112
GC-B307SLVL,24
GC-B307SSVL,24
GC-B31FDGHE,24
GC-B31FFQZQ,24
GC-B3593BQA,73
GC-B3596BLQ,73
GC-B359BLQ,73
GC-B359BLQA,73
GC-B359BQA,73
GC-B359BVC,73
GC-B359BVQA,73
GC-B359PLCK,73
GC-B359PLQA,73
GC-B359PQA,73
GC-B359PVCK,73
GC-B359PVQA,73
GC-B369NLJM,73
GC-B369NLRF,73
GC-B369NLRM,73
GC-B369NQRM,73
GC-B379BLQ,73
GC-B379PLQK,73
GC-B379PVCK,72
GC-B379SEQW,73
GC-B379SLCA,73
GC-B379SLCK,73
GC-B379SLCN,73
GC-B379SLCZ,73
GC-B379SLQ,73
GC-B379SLQA,73
GC-B379SLQK,73
GC-B379SLQL,73
GC-B379SLQW,73
GC-B379SMCA,73
GC-B379SMQA,73
GC-B379SMQZ,73
GC-B379SVCA,73
GC-B379SVCK,73
GC-B379SVCN,73
GC-B379SVQA,73
GC-B379SVQK,73
GC-B379SVQW,73
GC-B379SVQZ,73
GC-B37BSSQ,45
GC-B389SLCZ,73
GC-B389SLQU,73
GC-B389SLQZ,73
GC-B3909WHT,71
GC-B3910WHT,71
GC-B3919SIL,71
GC-B3920ACM,71
GC-B3940ACM,71
GC-B394TGH,71
GC-B395TGH,71
GC-B397MR,71
GC-B397TGH,71
GC-B398MW,71
GC-B398TGH,71
GC-B3993BQA,71
GC-B3995BLQ,71
GC-B3996BLQ,71
GC-B399BBCW,71
GC-B399BBQW,71
GC-B399BCA,71
GC-B399BCW,71
GC-B399BLCW,71
GC-B399BLQ,71
GC-B399BLQA,71
GC-B399BLQW,71
GC-B399BNCW,71
GC-B399BNQV,71
GC-B399BPCA,71
GC-B399BQA,71
GC-B399BQV,71
GC-B399BSQW,71
GC-B399BTQA,71
GC-B399BTQW,71
GC-B399BUQV,71
GC-B399BVQ,71
GC-B399BVQA,71
GC-B399BVQV,71
GC-B399BVQW,71
GC-B399NLJM,73
GC-B399PCA,71
GC-B399PCW,71
GC-B399PLCA,71
GC-B399PLCK,71
GC-B399PLCW,71
GC-B399PLQ,71
GC-B399PLQA,71
GC-B399PLQK,71
GC-B399PNCW,71
GC-B399PQ,71
GC-B399PQA,71
GC-B399PTQ,71
GC-B399PVCK,71
GC-B399PVQK,71
GC-B399SEQZ,73
GC-B399SMCL,73
GC-B399SMCM,73
GC-B399SMQZ,73
GC-B399SQCL,73
GC-B399SQCM,73
GC-B399SQQZ,73
GC-B399SVQZ,73
GC-B39BSSQ,45
GC-B401ELDZ,54
GC-B401EMDV,54
GC-B401FAPM,71
GC-B401FEPM,71
GC-B401MMDV,54
GC-B404ELRZ,54
GC-B404EMRV,54
GC-B404EQRZ,54
GC-B404EVDZ,54
GC-B404EVRZ,54
GC-B404FAQM,71
GC-B404FEQM,71
GC-B404MMRV,54
GC-B405BQCF,81
GC-B4091WHT,71
GC-B4093ACM,71
GC-B409BLQK,71
GC-B409BLQW,71
GC-B409BMQW,71
GC-B409BSAV,71
GC-B409BSGV,71
GC-B409BSQW,71
GC-B409BTQW,71
GC-B409BVQK,71
GC-B409BVQW,71
GC-B409NT,71
GC-B409SAQA,71
GC-B409SECA,71
GC-B409SECZ,71
GC-B409SEQA,71
GC-B409SEQZ,71
GC-B409SLCA,71
GC-B409SLCK,71
GC-B409SLQA,71
GC-B409SLQK,71
GC-B409SLQL,71
GC-B409SLQV,71
GC-B409SLQZ,71
GC-B409SMCA,71
GC-B409SMCZ,71
GC-B409SMQA,71
GC-B409SMQZ,71
GC-B409SSQK,71
GC-B409SVCA,71
GC-B409SVCK,71
GC-B409SVCW,71
GC-B409SVCZ,71
GC-B409SVQA,71
GC-B409SVQK,71
GC-B409SVQZ,71
GC-B409TDHK,71
GC-B409TDHV,71
GC-B409TDHW,71
GC-B409TGHW,71
GC-B409TWHW,71
GC-B40BSAQJ,42
GC-B40BSGMD,42
GC-B40BSGRJ,42
GC-B40BSLQV,42
GC-B40BSMQJ,42
GC-B40BSMQV,42
GC-B40BSPRJ,42
GC-B40BSSQJ,42
GC-B40BSSRJ,42
GC-B411ELCM,71
GC-B411FGPB,71
GC-B411FGPF,71
GC-B411FGPM,71
GC-B411GGPM,71
GC-B414BI,71
GC-B414ECFM,71
GC-B414ELCM,71
GC-B414ELFM,71
GC-B414EQFM,71
GC-B414EVFM,71
GC-B414FGQF,71
GC-B414FGQM,71
GC-B414FGQP,71
GC-B414GGQM,71
GC-B415FGRM,71
GC-B415GGRM,71
GC-B415HGL1,71
GC-B415HGN1,71
GC-B415JGL1,71
GC-B419BLQ,71
GC-B419BLQK,71
GC-B419BTQ,71
GC-B419BVQK,71
GC-B419NDAW,71
GC-B419NDMY,71
GC-B419NGHK,71
GC-B419NGMH,71
GC-B419NGMR,71
GC-B419NGMY,71
GC-B419PLCK,71
GC-B419PLQK,71
GC-B419PVCK,71
GC-B419PVQK,71
GC-B419SLQK,71
GC-B419SLQU,71
GC-B419SLQZ,71
GC-B419SQJZ,71
GC-B419SQQZ,71
GC-B419WAQK,71
GC-B419WEQK,71
GC-B419WLQA,71
GC-B419WLQK,71
GC-B419WNQK,71
GC-B419WSQK,71
GC-B419WTQK,71
GC-B419WVQK,71
GC-B422MBBM,67
GC-B422MQBM,67
GC-B429SEQZ,71
GC-B429SMCZ,71
GC-B429SMQZ,71
GC-B429SQQZ,71
GC-B429SVCZ,71
GC-B429SVQZ,71
GC-B432HLCL,67
GC-B432HQCL,67
GC-B439PECW,71
GC-B439PLCW,71
GC-B439PVCW,71
GC-B439SLQK,71
GC-B439WAQK,54
GC-B439WEQK,54
GC-B439WLQK,54
GC-B439WVQK,54
GC-B449SAQW,71
GC-B449SECW,71
GC-B449SEQW,71
GC-B449SLCW,71
GC-B449SLQW,71
GC-B449SVCW,71
GC-B449SVQW,71
GC-B459AEMW,71
GC-B459ANMW,71
GC-B459AQQW,71
GC-B459EELM,71
GC-B459EETM,71
GC-B459EEYM,71
GC-B459EMKM,71
GC-B459EMLM,71
GC-B459EMTM,71
GC-B459EMTW,71
GC-B459EMYM,71
GC-B459EPTM,71
GC-B459EQLM,71
GC-B459EQPD,71
GC-B459EQYM,71
GC-B459ETKM,71
GC-B459FEPW,71
GC-B459FM8W,71
GC-B459FMFW,71
GC-B459FMLW,71
GC-B459FNPW,71
GC-B459FTPW,71
GC-B459MEWM,71
GC-B459MLWM,71
GC-B459MQWM,71
GC-B459NLFF,71
GC-B459NLHM,71
GC-B459NLHZ,71
GC-B459NLXM,71
GC-B459NQDZ,71
GC-B459NVFF,71
GC-B459QG9D,71
GC-B459QGPB,71
GC-B459SBDZ,71
GC-B459SBUM,71
GC-B459SECL,71
GC-B459SEDZ,71
GC-B459SESM,71
GC-B459SEUM,71
GC-B459SLCL,71
GC-B459SMDZ,71
GC-B459SMSM,71
GC-B459SMUM,71
GC-B459SQCL,71
GC-B459SQDZ,71
GC-B459SQSM,71
GC-B459SQUM,71
GC-B47FFQAB,39
GC-B47FMGAH,55
GC-B47FMGBB,55
GC-B48FMGAH,55
GC-B502HQCL,66
GC-B504ELRZ,54
GC-B504EVRZ,54
GC-B507PGAM,48
GC-B507PQAM,48
GC-B509AEMW,54
GC-B509AEPW,54
GC-B509ANMW,54
GC-B509ANPW,54
GC-B509AQQW,54
GC-B509EEKM,54
GC-B509EELM,54
GC-B509EESM,54
GC-B509EETM,54
GC-B509EMKM,54
GC-B509EMLM,54
GC-B509EMSM,54
GC-B509EMTM,54
GC-B509EPTM,54
GC-B509EQLM,54
GC-B509EQTM,54
GC-B509ETKM,54
GC-B509ETLM,54
GC-B509ETSM,54
GC-B509ETTM,54
GC-B509FAPW,54
GC-B509FEMW,54
GC-B509FEPW,54
GC-B509FNMW,54
GC-B509FNPW,54
GC-B509FNZW,54
GC-B509FQQW,54
GC-B509FTZW,54
GC-B509MEWM,54
GC-B509MLWM,54
GC-B509MQWM,54
GC-B509QG9M,54
GC-B509QK9M,54
GC-B509SASM,54
GC-B509SBDZ,54
GC-B509SBSM,54
GC-B509SBUM,54
GC-B509SCSM,54
GC-B509SECL,54
GC-B509SEDZ,54
GC-B509SESM,54
GC-B509SEUM,54
GC-B509SLCL,54
GC-B509SMDZ,54
GC-B509SMSM,54
GC-B509SMUM,54
GC-B509SQCL,54
GC-B509SQSM,54
GC-B511EADM,71
GC-B512HLCL,67
GC-B514EAFM,54
GC-B514ELFM,71
GC-B514EQFM,71
GC-B519ESQF,67
GC-B519ESQZ,67
GC-B519EXQZ,67
GC-B519PLAZ,67
GC-B519PLCZ,67
GC-B519PMCZ,67
GC-B519PVCZ,67
GC-B529BLHZ,67
GC-B529NLCF,67
GC-B529NLCZ,67
GC-B529NLHM,62
GC-B529NLHZ,67
GC-B529NQCM,67
GC-B529NQCZ,67
GC-B559BLQU,62
GC-B559BLQZ,62
GC-B559BSB,62
GC-B559BSB1,62
GC-B559EABZ,62
GC-B559EGBZ,62
GC-B559ELQZ,62
GC-B559EMBZ,62
GC-B559EQQZ,62
GC-B559ESB,62
GC-B559ESB1,62
GC-B559ESQZ,62
GC-B559EVQZ,62
GC-B559EXQZ,62
GC-B559PABZ,62
GC-B559PBCZ,62
GC-B559PLCZ,62
GC-B559PMBZ,62
GC-B559PQCZ,62
GC-B559PSB,62
GC-B559PSB1,62
GC-B559PVQZ,62
GC-B562HLCL,67
GC-B569BLCF,62
GC-B569BLCM,62
GC-B569BLCZ,62
GC-B569BQCZ,62
GC-B569BSCM,62
GC-B569BXCF,62
GC-B569NLHZ,62
GC-B569NLL2,62
GC-B569NLLM,62
GC-B569NQCM,62
GC-B569NQHZ,62
GC-B569NQL2,62
GC-B569NQLC,62
GC-B569NQLM,62
GC-B569PBCM,62
GC-B569PBCZ,62
GC-B569PECM,62
GC-B569PECZ,62
GC-B569PMCM,62
GC-B569PMCZ,62
GC-B572HLCL,66
GC-B602HLCL,66
GC-B640FMBM,48
GC-B640FTBM,48
GC-B640FTKM,48
GC-B659BSB,62
GC-B659BSB1,62
GC-B659NSM,62
GC-B659NSM1,62
GC-C207BVQ,36
GC-C207GEQV,36
GC-C207GLQV,36
GC-C207GMQV,36
GC-C217LGJ,36
GC-C237ALNN,36
GC-C237JGGV,36
GC-C247UGBM,36
GC-C247UGLW,36
GC-C247UGUV,36
GC-C432HLCU,67
GC-C432HQCU,67
GC-C502HLCC,66
GC-C502HLCN,66
GC-C502HQCL,66
GC-C502HQCN,66
GC-C502HQCU,66
GC-C50HQCU,66
GC-C562HLCU,67
GC-C602HLCL,66
GC-C602HLCU,66
GC-D237SL,36
GC-D247JS1,36
GC-D247NSL,36
GC-D247SL,36
GC-D432HLAL,67
GC-D432HLAM,67
GC-D432HLHU,67
GC-D432HQAM,50
GC-D502HLAL,66
GC-D502HLAM,66
GC-D502HQAM,66
GC-D512HLAL,67
GC-D513HLAL,67
GC-D562HLAL,67
GC-D572HLAL,66
GC-D602HLAL,66
GC-F106ELNZ,54
GC-F200W,144
GC-F20FFBFB,39
GC-F297CLAL,24
GC-F369NLJM,73
GC-F391BLQ,71
GC-F3942VCM,71
GC-F3994BQA,71
GC-F3997ACM,71
GC-F3998BLQ,71
GC-F3998BTQ,71
GC-F3999ACM,71
GC-F399BLCA,71
GC-F399BLCW,71
GC-F399BLQ,71
GC-F399BLQA,71
GC-F399BLQW,71
GC-F399BTQ,71
GC-F399BTQA,71
GC-F399BUQV,71
GC-F399BVQ,71
GC-F399JP,71
GC-F401ELDZ,54
GC-F401EVDZ,54
GC-F4090BCK,71
GC-F4092WHT,71
GC-F4094ACM,71
GC-F409BLQ,71
GC-F409SLQW,71
GC-F409SMQK,71
GC-F409SMQZ,71
GC-F409SVQW,71
GC-F411BI,71
GC-F411ECDM,71
GC-F411ELDM,71
GC-F411EQDM,71
GC-F411EVDM,71
GC-F419BLQ,71
GC-F419BLQK,71
GC-F419BVQK,71
GC-F419SLCZ,71
GC-F419WLQ,71
GC-F429SMQZ,71
GC-F432HLHU,67
GC-F439WAQK,54
GC-F439WLQ,54
GC-F439WLQK,54
GC-F439WVQK,54
GC-F442HMHU,67
GC-F459FSUW,71
GC-F459NLHZ,71
GC-F459NLJM,71
GC-F459NLJZ,71
GC-F459NLXM,71
GC-F459NQDM,71
GC-F459NQDZ,71
GC-F459SMDZ,71
GC-F459SMUM,71
GC-F501ELDZ,54
GC-F501EVDZ,54
GC-F502HLHN,66
GC-F502HLHU,66
GC-F502HMHU,66
GC-F50HLHU,66
GC-F511ELDM,71
GC-F511EQDM,71
GC-F519BLDZ,67
GC-F529NQCM,62
GC-F529NQCZ,67
GC-F559BLDN,62
GC-F559BLDZ,62
GC-F559BQDZ,62
GC-F559PLDN,62
GC-F559PVDN,62
GC-F569BLCM,62
GC-F569BLCZ,62
GC-F569NQHM,62
GC-F569PBAM,67
GC-F569PBAZ,62
GC-F582HLHU,66
GC-F602HLHN,67
GC-F662BLDU,62
GC-F662BLDZ,62
GC-F682HLHU,66
GC-F689BLCM,62
GC-F689BLCZ,62
GC-F689BLDN,62
GC-FL40BE,71
GC-G227STBA,28
GC-G22FFQAB,51
GC-G22FFQYJ,51
GC-G24FFQKB,47
GC-H432HEHZ,67
GC-H432HLHU,67
GC-H432HMHZ,67
GC-H432HQHU,67
GC-H432HQHZ,67
GC-H492HLHU,67
GC-H502HBHZ,66
GC-H502HEHZ,66
GC-H502HLHU,66
GC-H502HMHZ,66
GC-H502HQHU,66
GC-H50HLHU,66
GC-H562HLHU,67
GC-H682HLHU,66
GC-J22FTLPL,39
GC-J237AGNN,36
GC-J237AGNV,36
GC-J237AGPB,36
GC-J237AGPN,36
GC-J237AGXN,36
GC-J237AGXV,36
GC-J237AGYN,36
GC-J237BGNN,36
GC-J237JAPN,36
GC-J237JAXV,36
GC-J237JSNN,36
GC-J237JSNV,36
GC-J237JSP,36
GC-J237JSP1,36
GC-J237JSPN,36
GC-J237JSRV,36
GC-J237JSXN,36
GC-J237JSXV,36
GC-J237JSYN,36
GC-J237SLQV,36
GC-J237SLYV,36
GC-J23CLAV,36
GC-J247CAAV,36
GC-J247CKAV,36
GC-J247CKBV,36
GC-J247CKBZ,36
GC-J247CLAV,36
GC-J247CQBV,36
GC-J247CSBV,36
GC-J247JABV,36
GC-J247SLLV,36
GC-J247SLLZ,36
GC-J247SLUV,36
GC-J247SQUV,36
GC-J247SQXV,36
GC-J247SVUV,36
GC-J248JSN,36
GC-J249DID,36
GC-J24FFCBB,47
GC-J257AGXN,36
GC-J257BLJW,47
GC-J257CAEC,36
GC-J257CAEV,36
GC-J257CQES,47
GC-J257CQFS,47
GC-J257CQFW,47
GC-J257CSF1,47
GC-J257CSFS,47
GC-J257FQKW,47
GC-J257FQMW,47
GC-J257JSXN,47
GC-J257KLKW,47
GC-J257SL2S,47
GC-J257SLRS,47
GC-J257SLRW,47
GC-J257SLSS,47
GC-J257SMKC,36
GC-J257SMKV,36
GC-J257SMSC,36
GC-J257SMSV,36
GC-J257SQ2W,47
GC-J257SQKC,36
GC-J257SQKS,47
GC-J257SQKV,36
GC-J257SQNW,47
GC-J257SQRS,47
GC-J257SQSC,36
GC-J257SQSV,36
GC-J257SQZW,47
GC-J258VQXV,26
GC-J258VSXV,26
GC-J267FLJW,47
GC-J267FQJW,47
GC-J267SLSS,47
GC-J267SLSW,47
GC-J267SQSS,47
GC-J267SQSW,47
GC-J277FMHV,36
GC-J287SLUV,36
GC-J287SQUV,36
GC-J287SVUV,36
GC-J288GSXM,24
GC-J297CQAL,24
GC-J307CQFS,24
GC-J337CSAL,24
GC-J337CVAL,24
GC-J348CQFL,24
GC-J348CQFS,24
GC-J348CSFL,24
GC-J348CSFS,24
GC-L197DNL,36
GC-L197DPNL,36
GC-L197DSL,36
GC-L197DWNL,36
GC-L197HFS,36
GC-L197HPNL,36
GC-L197NFS,36
GC-L197STF,36
GC-L197STS,36
GC-L197WFS,36
GC-L207BLK,36
GC-L207BLKV,36
GC-L207BLQ,36
GC-L207BLQV,36
GC-L207BLX,36
GC-L207BLXV,36
GC-L207BLY,36
GC-L207BSK,36
GC-L207BSKV,36
GC-L207BSRV,36
GC-L207BTQV,36
GC-L207BVKV,36
GC-L207BVQ,36
GC-L207BVQV,36
GC-L207FLQ,36
GC-L207FTQ,36
GC-L207FVQ,36
GC-L207GAQV,36
GC-L207GLQN,36
GC-L207GLQV,36
GC-L207GLRV,36
GC-L207GLXV,36
GC-L207GPQV,36
GC-L207GPXV,36
GC-L207GPYV,36
GC-L207GSRV,36
GC-L207GSXV,36
GC-L207GSYV,36
GC-L207GVCV,36
GC-L207GVQN,36
GC-L207TVQK,36
GC-L207WLQ,36
GC-L207WTK,36
GC-L207WTQ,36
GC-L207WTRA,36
GC-L207WVQ,36
GC-L211FLQ,36
GC-L213BVK,36
GC-L213BVK1,36
GC-L214LGR,36
GC-L214MK,36
GC-L215LGR,36
GC-L216BSK,36
GC-L216BSK1,36
GC-L217BPJ,36
GC-L217BPJV,36
GC-L217BPXV,36
GC-L217BSJV,36
GC-L217BSKV,36
GC-L217BSXV,36
GC-L217BTJV,36
GC-L217BVQV,36
GC-L217FTQ,36
GC-L217FVQ,36
GC-L217LDAJ,36
GC-L217LGAJ,36
GC-L217LGJ,36
GC-L217LGQV,36
GC-L217LGR,36
GC-L217LGRV,36
GC-L217MK,36
GC-L217WTK,36
GC-L217WTQ,36
GC-L217WVK,36
GC-L217WVQ,36
GC-L218LGR,36
GC-L218MK,36
GC-L227ALYV,36
GC-L227FNSL,36
GC-L227LDB,36
GC-L227LGCB,36
GC-L227LGZ,36
GC-L228FTL1,39
GC-L228FTLK,39
GC-L228LDB1,36
GC-L22FFLQB,51
GC-L22FFQPB,51
GC-L22FFQUJ,51
GC-L22FTQBL,39
GC-L22FTQDB,39
GC-L22FTQLB,39
GC-L22FTQUB,39
GC-L234LD,36
GC-L237ALNV,36
GC-L237ALYN,36
GC-L237GLYN,36
GC-L237GLYV,36
GC-L237JLYN,36
GC-L237JSPN,36
GC-L238LD,36
GC-L247CBDC,36
GC-L247CLAV,36
GC-L247CLCV,36
GC-L247CLLV,36
GC-L247CQAV,36
GC-L247ENSL,36
GC-L247KQDV,36
GC-L247SLJV,36
GC-L247SLKV,36
GC-L247SLLV,36
GC-L247SLU1,36
GC-L247SLUV,36
GC-L247SMUV,36
GC-L247SVUV,36
GC-L24FFCBB,47
GC-L24FFCFB,47
GC-L24FFCNJ,47
GC-L257CBEC,47
GC-L257CBEV,47
GC-L257CQEL,47
GC-L257CSEC,36
GC-L257JLXL,47
GC-L257JLYL,47
GC-L257KLKW,47
GC-L257KLKX,47
GC-L257KQKR,47
GC-L257KQKW,47
GC-L257SFZL,47
GC-L257SFZW,47
GC-L257SL4L,36
GC-L257SLNL,47
GC-L257SLP1,47
GC-L257SLPL,47
GC-L257SLRL,47
GC-L257SLSL,47
GC-L257SLXL,47
GC-L257SQSL,47
GC-L258VSXV,26
GC-L267KLQX,47
GC-L268NSXM,24
GC-L287SLUV,36
GC-L288GSJF,24
GC-L288NSJV,24
GC-L28AGKXM,24
GC-L28ANSHP,24
GC-L307SM8T,24
GC-M22FAGPL,39
GC-M230LDW,36
GC-M232LD,36
GC-M234LD,36
GC-M237AGKR,36
GC-M237AGKS,36
GC-M237AGMH,36
GC-M237AGNN,36
GC-M237AGNV,36
GC-M237AGQV,36
GC-M237JANV,36
GC-M237JAPV,36
GC-M237JENV,36
GC-M237JGBM,36
GC-M237JGKR,36
GC-M237JGNN,36
GC-M237JGQN,36
GC-M237JGQV,36
GC-M237JLNN,36
GC-M237JLNV,36
GC-M237JLPV,36
GC-M237JLQV,36
GC-M237JMNV,36
GC-M237JSNN,36
GC-M237JSNV,36
GC-M237JSQN,36
GC-M237JVNV,36
GC-M238LD,36
GC-M247CABF,36
GC-M247CABV,36
GC-M247CADC,36
GC-M247CLBV,36
GC-M247CMBV,36
GC-M247JEUV,36
GC-M247JMBV,36
GC-M247SLUV,36
GC-M247UGBM,36
GC-M247UGBV,36
GC-M247UGBW,36
GC-M247UGBZ,36
GC-M247UGLB,36
GC-M247UGLN,36
GC-M247UGUV,36
GC-M247UGUW,36
GC-M257CGFL,36
GC-M257CQFL,47
GC-M257SQVS,47
GC-M257UGAW,36
GC-M257UGBM,36
GC-M257UGLB,36
GC-M257UGLW,36
GC-M258USNV,26
GC-M28SLGT,24
GC-M297SLGL,24
GC-M297SLGT,24
GC-M297SQGT,24
GC-M31FDGQE,39
GC-M40BSCVM,42
GC-M40BSLQV,42
GC-M432HEHL,67
GC-M432HLHL,67
GC-M432HLHM,67
GC-M432HMHL,67
GC-M432HQHL,67
GC-M432HQHM,67
GC-M502HEHL,66
GC-M502HEHM,66
GC-M502HLHL,66
GC-M502HLHM,66
GC-M502HMHL,66
GC-M502HMHM,66
GC-M502HQHL,66
GC-M502HQHM,66
GC-M512HLHL,67
GC-M512HPHL,67
GC-M562HLHL,67
GC-M572HPHL,66
GC-M602HLHL,66
GC-P197ACFL,36
GC-P197DPL,36
GC-P197DPNL,36
GC-P197DPSL,36
GC-P197HPL,36
GC-P197NFS,36
GC-P197STL,36
GC-P197WFS,36
GC-P207BAKV,36
GC-P207BLF,36
GC-P207BLKV,36
GC-P207BLQ,36
GC-P207BLQV,36
GC-P207BLRV,36
GC-P207BLX,36
GC-P207BLXV,36
GC-P207BLYV,36
GC-P207BPF,36
GC-P207BPF1,36
GC-P207BPFV,36
GC-P207BPK,36
GC-P207BPXV,36
GC-P207BSF,36
GC-P207BSF1,36
GC-P207BSKV,36
GC-P207BSQV,36
GC-P207BSR,36
GC-P207BSRV,36
GC-P207BTKV,36
GC-P207BTQ,36
GC-P207BTQV,36
GC-P207BVKV,36
GC-P207BVQ,36
GC-P207FLQ,36
GC-P207GARV,36
GC-P207GLQN,36
GC-P207GLQV,36
GC-P207GLRV,36
GC-P207GLYV,36
GC-P207GPXV,36
GC-P207GPYV,36
GC-P207GSRV,36
GC-P207GSYV,36
GC-P207GVQV,36
GC-P207TLQA,36
GC-P207WLQ,36
GC-P207WPF,36
GC-P207WTQ,36
GC-P207WTR,36
GC-P207WVQ,36
GC-P207WVR,36
GC-P213BVK,36
GC-P213BVK1,36
GC-P216BSK,36
GC-P216BSK1,36
GC-P217BPF,36
GC-P217BSJ,36
GC-P217BSJV,36
GC-P217BSKV,36
GC-P217LBRV,36
GC-P217LCAJ,36
GC-P217LCAT,36
GC-P217LCAW,36
GC-P217LCBJ,36
GC-P217LCGV,36
GC-P217LCLJ,36
GC-P217LDB,36
GC-P217LDMJ,36
GC-P217LDMV,36
GC-P217LDUV,36
GC-P217LGBJ,36
GC-P217LGHV,36
GC-P217LGJV,36
GC-P217LGMH,36
GC-P217LGMR,36
GC-P217LGMY,36
GC-P217LGNJ,36
GC-P217LGRV,36
GC-P217LGUV,36
GC-P217LGZV,36
GC-P217LMAV,36
GC-P217LMRV,36
GC-P217LVAJ,36
GC-P217LWMV,36
GC-P217LWUV,36
GC-P217WTK,36
GC-P217WTQ,36
GC-P217WVQ,36
GC-P227ALYV,36
GC-P227ASYV,36
GC-P227FSL,36
GC-P227LGBB,36
GC-P227LGBW,36
GC-P227LGCB,36
GC-P227LGCM,36
GC-P227LGCW,36
GC-P227LGFB,36
GC-P227LGFW,36
GC-P227LGH,36
GC-P227SSDA,28
GC-P227STJA,28
GC-P237ALPN,36
GC-P237ASNV,36
GC-P237ASXN,36
GC-P237GSQV,36
GC-P237LGJ,36
GC-P247ESL,36
GC-Q22FTAKL,39
GC-Q22FTBKL,39
GC-Q22FTQEB,39
GC-Q22FTQEL,39
GC-Q22FTQKL,39
GC-Q247CABV,36
GC-Q247CADC,36
GC-Q247CAMT,36
GC-Q247CBDC,36
GC-Q247CSBV,36
GC-Q257CAFC,47
GC-Q257CAFV,47
GC-Q257CBFC,47
GC-Q257CBFV,47
GC-Q257CLFS,47
GC-Q257CMFW,47
GC-Q257CQFL,47
GC-Q257CQFS,47
GC-Q257CSFC,36
GC-Q257CSFS,47
GC-Q257CSFW,47
GC-Q257SGVL,36
GC-Q307CQFS,24
GC-R207BLJ,36
GC-R207BLKV,36
GC-R207BPJ,36
GC-R207BPJ1,36
GC-R207GLJV,36
GC-R207WTC,36
GC-S135GV,116
GC-S135SVF,140
GC-S175GV,147
GC-S202SL,152
GC-S225GV,84
GC-S225SVC,144
GC-S225SVF,102
GC-S235GV,116
GC-S325GV,84
GC-S502HLHL,66
GC-S502HLHU,66
GC-S682HLHN,66
GC-V22FFBMB,39
GC-V22FFMMB,39
GC-V22FFQDB,51
GC-V22FFQMB,51
GC-V22FHBBM,39
GC-V24FFCHB,36
GC-V24FFLHB,47
GC-V24FGGHB,36
GC-V257CQFW,47
GC-V257SFZW,47
GC-V257SQV2,47
GC-V257SQVW,47
GC-V257SQZW,47
GC-V31FFCHJ,24
GC-V459FB6W,71
GC-V459FSKW,71
GC-V459QG6W,54
GC-W061BXG,138
GC-W061BXH,138
GC-W061FTH,138
GC-W101BXG,101
GC-W141BXG,72
GC-W141FTH,72
GC-WZ61HXG,102
GC-X22FFQAB,51
GC-X22FFQRB,51
GC-X22FFQWS,51
GC-X22FFQYB,51
GC-X22FTALL,39
GC-X22FTQBL,39
GC-X22FTQEL,39
GC-X22FTQKL,39
GC-X22FTQLL,39
GC-X22FTQNS,39
GC-X23CSAV,36
GC-X247CAAV,36
GC-X247CADC,36
GC-X247CKAV,36
GC-X247CKBV,36
GC-X247CMBV,36
GC-X247CQAV,36
GC-X247CQB1,36
GC-X247CQBV,36
GC-X247CSA1,36
GC-X247CSAV,36
GC-X247CSB1,36
GC-X247CSBV,36
GC-X247CSGL,36
GC-X24FFC7R,47
GC-X24FFCAB,47
GC-X24FFCBB,36
GC-X24FFCRB,47
GC-X24FFKAB,47
GC-X24FFKBB,47
GC-X24FRCRL,47
GC-X257CAEC,36
GC-X257CAEV,36
GC-X257CMEW,47
GC-X257CMHW,47
GC-X257CQAW,47
GC-X257CQES,47
GC-X257CQEW,47
GC-X257CQFS,47
GC-X257CQHS,47
GC-X257CQHW,47
GC-X257CQVV,47
GC-X257CSBV,47
GC-X257CSES,47
GC-X257CSEW,47
GC-X257CSH1,47
GC-X257CSHS,47
GC-X257CVVV,47
GC-X257ELEP,47
GC-X257EQBP,47
GC-X257SFZW,47
GC-X257SQZW,47
GC-X267CQHS,47
GC-X267CQHW,47
GC-X267CSHS,47
GC-X267CSHW,47
GC-X267GL5P,47
GC-X267MSEW,47
GC-X267SQCS,47
GC-X267SSCS,47
GC-X268NQSM,26
GC-X29FTQKL,39
GC-X29FTQML,39
GC-X307CQ5T,24
GC-X31FFCRB,24
GC-X31FFCRL,24
GC-X31FFQAL,24
GC-X31FFQRL,24
GC-X31FRCRB,24
GC-X31FRCRL,24
GC-X31FRLRL,24
GC-X31FRQRL,24
GC-X337CQAL,24
GC-X347CQFS,24
GC-Z31FFXZZ,24
GC23BPW,144
GC30BGW,112
GC34BPW,90
GC3992SL,71
GC3M108N3,161
GC3R309S3,161
GC3R509S0,161
GC3R709S1,161
GC3R709S1A,161
GC3V208N3,159
GC3V308N3,161
GC3V309N4,161
GC3V508S0,161
GC3V508S1,161
GC3V708S2,161
GC3V709S1A,161
GC40MGP,54
GC5000PS,60
GC5000WH,60
GC5400WH,60
GC5410NS,60
GC5410PS,60
GC5420SC,60
GC5428NS,60
GC5611PS,60
GC5618NS,60
GC5619WH,60
GC5627PS,60
GC5629NS,60
GC5629PS,60
GC5727PS,60
GC5729PS,60
GC5739SC,60
GC5758DX,60
GC5799SC,60
GC5939SC,60
GC7221PS,62
GCB-217AXL,36
GCB-217AXW,36
GCB-244DFPL,51
GCB-244PN,39
GCB-263AS,24
GCB-267AXL,36
GCB-267PDL,36
GCB-267VDL,36
GCB-287DVE,47
GCB-287DVL,47
GCB-287GNWB,36
GCB-287GNWC,36
GCB-334DFPL,51
GCB-334DVL,39
GCB-404ELDZ,54
GCB-555HL,67
GCB-555HW,67
GCB-599PL,62
GCB-599PW,62
GCB-599PY,62
GCB1000L1M,2880
GCB399BVCA,71
GCB399BVQA,71
GCB409BLQA,71
GCD-3902WH,71
GCD-3911NS,71
GCD-3912NS,71
GCD-3913AC,71
GCD-3920WH,71
GCD-3921AC,71
GCD-3922NS,71
GCD-4224NS,54
GCD-5120TK,71
GCD-5125PG,60
GCD-5225NS,60
GCD-5228WH,60
GCD-6100WH,60
GCD-6103AC,60
GCD-6113AC,60
GCD-6115TI,60
GCD-6117TA,60
GCD-6126TI,60
GCD-6203AC,54
GCD-6225TI,60
GCD-6226TI,60
GCD-665HL,66
GCD-7013AC,42
GCD4115NS,71
GCD4620NS,71
GCD4620WH,71
GCD5125NS,60
GCD5610PS,60
GCD5611BK,60
GCD5611NS,60
GCD5611PS,60
GCD5628PS,60
GCD5628WH,60
GCD5711NS,60
GCD5711PS,60
GCD5718NS,60
GCD5718PS,60
GCD5739SC,60
GCD7238SC,62
GCF-3902WH,71
GCF-3912NS,71
GCF-3923AC,71
GCF-4120WH,71
GCF-4123AC,71
GCF-4125BK,71
GCF-5136WH,60
GCF-5137TI,60
GCF-5238TI,60
GCF-5621NS,60
GCF-5621PS,60
GCF-599BL,62
GCF-6226TA,60
GCF-6236AC,60
GCF335MQBD,57
GCF399BBQA,71
GCF409BSQW,71
GCF5136WH,77
GCF5228AC,60
GCF5622SC,60
GCF5628PS,60
GCF5628SC,60
GCF5728SC,60
GCF7228SC,62
GCFB145BQCF,192
GCFB155BQCF,215
GCFB200BQCF,149
GCFB202MQBR,134
GCFB205BQCF,167
GCFB251BQCF,125
GCFB255BQCF,132
GCFB292PLBM,78
GCFB305BQCF,112
GCFB305BQCM,112
GCFB305MQBD,76
GCFB316BQCF,92
GCFB322PLBM,77
GCFB335MQBD,57
GCFB405BQCF,81
GCFB41FPGAM,59
GCFB41FPLAM,60
GCFB422MLBM,67
GCFB422MQBM,67
GCFB47FFQAB,39
GCFB47FMGAE,55
GCFB47FMGAH,55
GCFB47FMGBB,55
GCFB47FMLAE,55
GCFB47FMLAH,55
GCFB48FPGAM,51
GCFB48FPLAM,51
GCFB507PGAM,48
GCFB507PLAM,48
GCFB507PQAM,48
GCFB50FPGAM,39
GCFB50FPLAM,51
GCFB552PLBM,63
GCFB60FHLAE,36
GCFL567PQAE,48
GCH-3914AC,71
GCH3910NS,71
GCJ-257PDL,36
GCJ-257PXS,36
GCJ-267PHL,36
GCJ-267PXW,36
GCJ-287GNW,47
GCJ-287GVW,47
GCJ-287TNL,47
GCJ-287TVL,47
GCJ7396SCBQ,75
GCL-267AXW,36
GCL-267PXL,36
GCL-267PXW,36
GCL-287DVL,47
GCL-287DVLN,47
GCL-287DVWN,47
GCL-287GVL,47
GCL-287GVW,47
GCL-334DCB,39
GCL-334DFPD,51
GCL217LGNA,36
GCLB50FPGAM,43
GCLB52APGAM,43
GCM-522LL,67
GCM-522WL,67
GCM-555HLL,67
GCM-555HWL,67
GCM-592DHLL,66
GCM-592LI,66
GCM-592LL,66
GCM-592WI,66
GCM-592WL,66
GCM-615LL,66
GCM-615WL,66
GCM-616HLI,66
GCM-616HLL,66
GCM-616HWI,66
GCM-616HWL,66
GCM-655HL,66
GCM-655HLL,66
GCM-655HW,66
GCM-655HWL,66
GCM-656LL,66
GCS-225SVC,144
GCS-270SV,106
GCS-335SVC,90
GCS-350SV,73
GCS105SVF,192
GCS115GV,171
GCS115SVF,228
GCS155SV,175
GCS155SVC,175
GCS155SVF,175
GCS165SV,147
GCS165SVB,147
GCS172SL,148
GCS172SV,152
GCS175GV,147
GCS175SV,180
GCS175SVDK,175
GCS175SVF,175
GCS185GV,147
GCS192SL,152
GCS192SV,152
GCS215SQFG,140
GCS215SVC,140
GCS215SVF,140
GCS225SV,144
GCS225SVB,144
GCS225SVBK,144
GCS225SVC,144
GCS22MSLA,36
GCS235GV,116
GCS245GV,116
GCS245SVBK,144
GCS245SVC,144
GCS245SVF,144
GCS262SV,106
GCS270SV,106
GCS315SQFG,102
GCS315SV,102
GCS315SVC,102
GCS315SVF,102
GCS320SV,106
GCS325GV,84
GCS335SV,90
GCS335SVC,90
GCS335SVF,90
GCS350SV,73
GCS352SV,73
GCS390SV,73
GCS415GQFG,54
GCS42DGV,72
GCST14S1WBB,597
GCST14S1WWW,597
GCST20S1WBB,438
GCST20S1WSS,438
GCST20S1WWW,438
GCW1069CD,90
GCW1069LD,90
GCW1069QS,90
GCWF1069CD1,90
GCWF1069CD3,90
GCWF1069CS1,90
GCWF1069CS3,90
GCWF1069QD1,90
GCWF1069QD3,90
GCWF1069QS1,90
GCWF1069QS3,90
GCWL1069CD3,90
GCWL1069CD5,90
GCWL1069CS1,90
GCWL1069CS3,90
GCWL1069CS4,90
GCWL1069CS5,90
GCWL1069QD3,90
GCWL1069QD5,90
GCWL1069QS1,90
GCWL1069QS3,90
GCWL1069QS4,90
GCWL1069QS5,90
GCWM1069CA7,90
GCWM1069CA8,90
GCWM1069QD7,90
GCWM1069QS7,90
GCWM1069QS8,90
GCWP1069CD,90
GCWP1069CD1,90
GCWP1069CD2,90
GCWP1069CD3,90
GCWP1069CS,90
GCWP1069CS1,90
GCWP1069CS2,90
GCWP1069CS3,90
GCWP1069LD,90
GCWP1069LD2,90
GCWP1069LS,90
GCWP1069LS2,90
GCWP1069QD,90
GCWP1069QD1,90
GCWP1069QD2,90
GCWP1069QD3,90
GCWP1069QS,90
GCWP1069QS1,90
GCWP1069QS2,90
GCWP1069QS3,90
GCWW1069CD7,90
GCWW1069CS7,90
GCX-214DREC,24
GCX-267PHB,36
GCX-267PHS,36
GCX-267PXHN,36
GCX-274DFBC,47
GCX-274DREC,47
GCX-287TNB,47
GCX-287TNS,47
GCX-287TNSI,47
GCX-287TNW,47
GCX-287TVAN,47
GCX-287TVB,47
GCX-287TVS,47
GCX-287TVSI,47
GCX-287TVW,47
GCX-334DFBB,24
GD1329CED,90
GD1329CED2,90
GD1329CES,90
GD1329CES2,90
GD1329CEW,90
GD1329CEW2,90
GD1329CGD2,90
GD1329CGS,90
GD1329CGS2,90
GD1329CGW2,90
GD1329LED2,90
GD1329LES2,90
GD1329LEW,90
GD1329LEW2,90
GD1329LGD,90
GD1329LGD2,90
GD1329LGS2,90
GD1329LGW2,90
GD1329QED,90
GD1329QED2,90
GD1329QES,90
GD1329QES2,90
GD1329QEW,90
GD1329QEW2,90
GD1329QGD2,90
GD1329QGS,90
GD1329QGS2,90
GD1329QGU,90
GD1329QGW,90
GD1329QGW2,90
GD3M108N3,162
GD3R509S0,161
GD3V409S0,159
GD3V509S1,161
GDC0014V1M,7200
GDL1329CED3,90
GDL1329CED7,90
GDL1329CED9,90
GDL1329CES3,90
GDL1329CEW3,90
GDL1329CEW7,90
GDL1329CGD3,90
GDL1329CGS3,90
GDL1329CGW3,90
GDL1329QED3,90
GDL1329QED7,90
GDL1329QES3,90
GDL1329QES7,90
GDL1329QES8,90
GDL1329QEW3,90
GDL1329QEW7,90
GDL1329QGD3,90
GDL1329QGD7,90
GDL1329QGS3,90
GDL1329QGS7,90
GDL1329QGW3,90
GDL1329QGW7,90
GDL22KCWSS,26
GDP1329CED,90
GDP1329CED2,90
GDP1329CES,90
GDP1329CES2,90
GDP1329CEW,90
GDP1329CEW2,90
GDP1329CGD,90
GDP1329CGD2,90
GDP1329CGS,90
GDP1329CGS2,90
GDP1329CGW,90
GDP1329CGW2,90
GDP1329QED,90
GDP1329QED2,90
GDP1329QES,90
GDP1329QES2,90
GDP1329QEW,90
GDP1329QEW2,90
GDP1329QGD,90
GDP1329QGD2,90
GDP1329QGS,90
GDP1329QGS2,90
GDP1329QGW,90
GDP1329QGW2,90
GDS20KCSBB,26
GDS20KCSWW,26
GDS22KCWWW,26
GF-161FFS,205
GF-161HFS,205
GF-161S,205
GF-161SF,205
GF-184R,124
GF-201RL,130
GF-4L601PL,28
GF-5D712BSL,28
GF-5D712SL,28
GF-5D906SL,24
GF-5L712PL,28
GF-6231AC,69
GF-6D725BGL,28
GF-AD701BSL,28
GF-AD701SL,28
GF-AD910SL,22
GF-B400P,55
GF-B4532MC,39
GF-B4533PZ,39
GF-B4534EP,51
GF-B4539PZ,39
GF-B4544EP,51
GF-B4814BM,55
GF-B505BB,51
GF-B505BL,51
GF-B505MBL,51
GF-B505PL,51
GF-B5305EP,51
GF-B530BL,39
GF-B589PLE,41
GF-B590BLE,39
GF-B590MBL,39
GF-B590PL,39
GF-B6012MC,28
GF-B6014EV,36
GF-B6174TW,30
GF-B620BSL,28
GF-B620PL,28
GF-B620PL5,28
GF-B620SL,28
GF-B700MBL,47
GF-B700PL,47
GF-B705MBL,47
GF-B730MBL,28
GF-B730PL,28
GF-B900MBL,24
GF-D6011LB,28
GF-D613PL,28
GF-D613SL,28
GF-D700BSLC,47
GF-D700MBLC,47
GF-D706BSL,28
GF-D706MBL,28
GF-D708BSL,28
GF-D708MBSL,28
GF-D725BML,28
GF-F5885EP,30
GF-G4534EP,51
GF-J8381SB,24
GF-K6465EE,47
GF-L4534EP,51
GF-L500MBL,51
GF-L500MWH,51
GF-L500PL,51
GF-L570MBL,39
GF-L570MBNL,39
GF-L570PL,39
GF-L570PNL,39
GF-L613PL,28
GF-L613PL5,28
GF-L615SL,28
GF-L650RSL,39
GF-L650SL,40
GF-L677PL,28
GF-L677SL,30
GF-L700MBL,47
GF-L700MWH,47
GF-L700PL,47
GF-L706MBL,28
GF-L706PL,28
GF-L708PL,28
GF-LN500MBL,51
GF-LN500MWH,51
GF-LN500PL,51
GF-LN700MBL,47
GF-LN700PL,47
GF-M6017BM,28
GF-M6211TS,28
GF-MV600,36
GF-Q4919MT,39
GF-Q5143GE,36
GF-Q527MU,36
GF-Q6011MC,28
GF-Q6012GE,36
GF-Q6018MT,28
GF-SD730SL,28
GF-SL730SL,28
GF-U4D,2484
GF-U4D1,89424
GF-U4D2,44712
GF-V500MBLC,51
GF-V570MBL,39
GF-V570MBLC,39
GF-V570PNL,39
GF-V700BSLC,47
GF-V700MBLC,47
GF-V706BSL,28
GF-V706BSLC,28
GF-V706MBL,28
GF-V706MBLC,28
GF-V708BSL,28
GF-V708MBSL,28
GF-V900MBLC,24
GF-V910MBL,24
GF-V910MBLC,24
GF-V910MBSL,24
GF-VB590MBL,39
GF-VN500PL,51
GF-VN600BM,30
GF-VN700MBL,47
GF-X9052GR,24
GF21BPP,129
GF22BGS,39
GF22BGSK,39
GF22BGSK1,40
GF22WGS,40
GF24BGS,26
GF24BGSK,26
GF5137AEHZ,54
GF5137AVHW1,69
GF5137PZJZ,69
GF5137SWHW1,69
GF5137WBHW1,54
GF5237AVHZ,54
GF5237AVMW1,69
GF5237MCJZ1,48
GF5237PZJZ,69
GF5237PZJZ1,54
GF5237PZJZ2,54
GF5237SHMW1,69
GF5237SWHZ,54
GF5237SWJZ,69
GF5237SWJZ1,54
GF5237SWJZ2,54
GF5237WBHZ,54
GF6222PS,54
GF6842PS,54
GFE41PZGSZ,54
GFE41SWGSZ,54
GFE61PZCSZ,54
GFE61SWCSZ,54
GFM61MBCSF,54
GFM61MCCSD,54
GFM61MCCSF,54
GFT41MCGSF,71
GFT41PZGSF,54
GFT41PZGSZ,54
GFT41SWGSF,54
GFT41SWGSZ,54
GFT61MBCSF,54
GFT61MBCSZ,54
GFT61MCCSF,54
GFT61MCCSZ,54
GFT61PZCSE,54
GFT61PZCSF,54
GFT61SWCSE,54
GFT61SWCSF,54
GFT61SWCSZ,54
GG-A722HLHU,42
GG-C462SLCN,73
GG-C462SQCN,73
GG-C562HLCU,67
GG-C622HLCU,60
GG-C722HLCU,42
GG-F722HLHU,42
GG-H562HLHU,67
GG-H622HLHU,60
GG-H722HLHU,42
GH96N,21600
GHA3N,21600
GHB-247DVE,48
GIB-493DB,72
GIB-493DR,72
GIB-656DB,66
GIB-656DL,66
GIB-656DW,66
GJ-B452PFFK,65
GJ151KAA,1060
GJ176KAA,1060
GJ208PAB,920
GJ222PAA,980
GJ230KAB,940
GJ230PBA,980
GJD240MAA,940
GJS151KAA,940
GJS151QAA,940
GJS151QAB,940
GJS176KAA,940
GJS176QAA,940
GJS189PAA,940
GJS208KAA,940
GJT196KAA,1000
GJT240DBA,940
GK-B405PL,45
GK-C0728H00,36
GK-C0908C00,28
GK-C1208C00,16
GK-C1508C00,16
GK-C1808C00,14
GK-C2108C00,14
GK-C219PL,60
GK-C2408C00,8
GK-C3008C00,8
GK-C3608H00,4
GK080CAA,1350
GK080KAA,1160
GK080QAA,1350
GK086CAB,1350
GK086CAC,1350
GK094PAA,1350
GK102CAB,1160
GK102KAA,1350
GK102PBD,1350
GK102QAA,1350
GK113CAB,1350
GK113KAC,1269
GK120KAA,1160
GK120KAB,1160
GK120KAC,1160
GK120PAD,1160
GK120PAE,1160
GK120QAA,1160
GK134KAA,1160
GK141CAA,1350
GK141CAC,1350
GK141CAD,1180
GK141KAA,1160
GK141KAB,1160
GK141KAC,1160
GK141PAA,1160
GK141PAH,1180
GK141QAA,1160
GK151KAA,1160
GK151PAD,1160
GK151PAG,1180
GK151QAA,1160
GKIM08121V,60
GKS086CAB,1180
GKS086KAA,1180
GKS086QAB,1180
GKS094CAB,1180
GKS108PAD,1380
GKS113CAA,1160
GKS113KAB,1180
GKS113KAE,1160
GKS113PAB,1180
GKS113PAC,1180
GKS120KAA,1180
GKS120KAB,1180
GKS120KAC,1180
GKS120QAA,1180
GKS120QAB,1180
GKS134CAA,1180
GKS134KAB,1180
GKS141KAE,1160
GKS141QAC,1160
GKT141DAA,1180
GKT141NAA,1160
GKT141NAB,1160
GL-031SQQ,576
GL-051SQ,576
GL-051SQQ,576
GL-051SQQP,576
GL-051SQW,576
GL-081SQQ,288
GL-131SLQ,288
GL-131SLQP,288
GL-131SQQ,288
GL-131SQQA,288
GL-131SQQP,288
GL-131SQW,288
GL-141SQQ,288
GL-151SQQP,576
GL-171BLL,79
GL-171BML,79
GL-171DML,83
GL-171OML,83
GL-173CAD,83
GL-181PP4,144
GL-181TM,144
GL-185RP4,152
GL-185TP4,152
GL-191PME4,114
GL-195NM4,144
GL-195NP4,144
GL-195SA4,144
GL-195SM4,144
GL-201ALE,142
GL-201ALL,142
GL-201GPPX,144
GL-201PP,124
GL-201RPSXC,124
GL-201RPSXP,124
GL-201SLL,122
GL-205KALC5,144
GL-205KME,142
GL-205KMGE,142
GL-205NP,144
GL-211ALL,108
GL-211APL,108
GL-211DM,152
GL-211NM4,114
GL-211NT4,114
GL-211SA4,114
GL-211SM4,114
GL-211TMRX,114
GL-211TMTX,114
GL-221ALE,108
GL-221ALL,108
GL-221APE,108
GL-221APL,108
GL-225OM,152
GL-231PME,109
GL-231SLQP,288
GL-231SQQP,288
GL-231TME,109
GL-231TTE4,109
GL-235GMRC,114
GL-239DM,114
GL-239GMRX,114
GL-242GP,115
GL-242GPB,112
GL-242QP,115
GL-242RM,115
GL-244GP4,115
GL-245LM5,112
GL-245TM,115
GL-245TTG4,115
GL-248LMG4,115
GL-250OMA,152
GL-250OML,152
GL-251ALE,80
GL-251ALL,80
GL-251BML,80
GL-251DML,140
GL-251TM,152
GL-251TMRX,109
GL-260OM,152
GL-265TM,92
GL-265TMG4,92
GL-265TMK,92
GL-266LM,92
GL-268LMG4,92
GL-272QP,92
GL-275TMRX,109
GL-279DM,109
GL-281DM,83
GL-281OM,83
GL-281TME,83
GL-281TME4,83
GL-302QM,80
GL-309DM,83
GL-320BML,83
GL-332JM,76
GL-365YMQG4,71
GL-405YMQG,69
GL-406DMXG,69
GL-6731AC,69
GL-B183CAD,73
GL-B195ONIQ,144
GL-B204GPRC,142
GL-B204OBTC,142
GL-B204OSTC,142
GL-B205ABHB,142
GL-B205ABMB,142
GL-B205AELB,142
GL-B205ASLB,142
GL-B205ASMB,142
GL-B205KGHQ,142
GL-B205KGLR,142
GL-B242PQGB,81
GL-B242PQKB,81
GL-B242QM,112
GL-B242RLHL,72
GL-B242RLMC,70
GL-B242RPHL,72
GL-B242RPMC,70
GL-B242RQHL,72
GL-B242RQMC,70
GL-B242SLHL,80
GL-B244VAL,108
GL-B244VML,108
GL-B252VL,108
GL-B252VLGY,108
GL-B252VM,108
GL-B252VMGY,108
GL-B252VML,108
GL-B252VPGY,108
GL-B257DBMX,36
GL-B257DLNX,36
GL-B257DLWX,36
GL-B257EESX,36
GL-B257EMC3,36
GL-B257EMCX,36
GL-B257EPZX,36
GL-B257HDSY,36
GL-B257HMCY,36
GL-B257HWBY,36
GL-B262PLTM,79
GL-B262PPMB,79
GL-B262PQGB,79
GL-B262PQKB,79
GL-B272QM,92
GL-B272QP,92
GL-B274VML,83
GL-B282PMKB,79
GL-B282RLHL,80
GL-B282RPHG,91
GL-B282SLCK,91
GL-B282SLHG,91
GL-B282SLHL,80
GL-B282SLTG,91
GL-B282SMHG,91
GL-B282SPHG,91
GL-B282SQHG,91
GL-B282SQHL,80
GL-B282SQTG,91
GL-B282VL,83
GL-B282VML,83
GL-B292RLM,77
GL-B292RLMC,77
GL-B292RLTL,77
GL-B292RQM,77
GL-B302QE,78
GL-B302QL,78
GL-B302QM,78
GL-B302RLMC,75
GL-B302RLNL,75
GL-B302RPHG,91
GL-B302RPHL,80
GL-B302RQM,75
GL-B302SLHL,80
GL-B302SLTG,91
GL-B302SQHL,80
GL-B302SQTG,91
GL-B304VML,78
GL-B312PLGB,74
GL-B312PLLB,74
GL-B312PQKB,74
GL-B312RLML,77
GL-B312RQML,77
GL-B312VM,78
GL-B312VML,78
GL-B312WHGB,74
GL-B322RQM,73
GL-B330QM,78
GL-B332JM,76
GL-B332JMA,76
GL-B332PLGB,73
GL-B332PLTB,73
GL-B332PXLB,73
GL-B332QE,76
GL-B332QL,76
GL-B332QM,76
GL-B332RLMC,75
GL-B342VL,76
GL-B342VM,76
GL-B342VML,76
GL-B356RPSG,75
GL-B356RPWG,75
GL-B362RLMC,73
GL-B362RQML,73
GL-B366RPMP,75
GL-B366RPSG,75
GL-B366RPSP,75
GL-B366RPWG,75
GL-B372RLHL,73
GL-B372RPHR,73
GL-B372RQHL,73
GL-B372RQV,72
GL-B386RPSG,73
GL-B386RPWG,73
GL-B390VP,76
GL-B392DM,70
GL-B392PLCK,66
GL-B392PXBB,66
GL-B392PXCK,66
GL-B392RLVC,73
GL-B392RQVC,73
GL-B392YM,70
GL-B396RPMP,73
GL-B396RPSG,73
GL-B396RPSO,73
GL-B396RPSP,73
GL-B396RPVG,73
GL-B396RPWG,73
GL-B400RQHL,73
GL-B402RLHL,72
GL-B402RLHR,72
GL-B402RLV,72
GL-B402RPHR,72
GL-B402RQHC,72
GL-B402RQHL,72
GL-B402RQV,72
GL-B422RLVC,72
GL-B422RQVC,72
GL-B432DM,69
GL-B432PQKB,73
GL-B432PZ,67
GL-B432RLHL,72
GL-B432RQHL,72
GL-B432YM,69
GL-B433PZI,67
GL-B442RLVC,72
GL-B452PLCK,65
GL-B452PXCK,65
GL-B452PXUK,65
GL-B460DM,69
GL-B470DM,69
GL-B492GLH,67
GL-B492GLHL,67
GL-B492GLPL,67
GL-B492GLPR,67
GL-B492GQH,67
GL-B492GQHL,67
GL-B492GQPL,67
GL-B492YC,67
GL-B492YLC,67
GL-B503PZI,66
GL-B542GLHL,67
GL-B542GLPL,67
GL-B542GQHL,67
GL-B552GLHL,67
GL-B552GLPL,67
GL-B562GLH,61
GL-B562GLHL,61
GL-B562GLPL,61
GL-B562GQH,61
GL-B562GQHL,61
GL-B562YC,61
GL-B562YLC,61
GL-B562YVC,61
GL-B602GLHL,61
GL-B602GLPL,61
GL-B602PFWQ,65
GL-B602YC,60
GL-B602YVC,60
GL-B612GLH,60
GL-B612GLHL,60
GL-B612GLP,60
GL-B612GLPL,60
GL-B612GQH,60
GL-B612GQP,60
GL-B622GLHL,61
GL-B622GLPL,61
GL-B622YVC,61
GL-B675GLPL,61
GL-BL62SV,36
GL-BL62WM,36
GL-C252RLBN,77
GL-C252RPBB,77
GL-C252SLBB,80
GL-C292RPBB,77
GL-C302RPBB,75
GL-C312RLBN,77
GL-C312RQBN,77
GL-C312SLBN,77
GL-C322RLBN,73
GL-C322RQBN,73
GL-C322RVBB,73
GL-C322SLBB,80
GL-C332RLBN,75
GL-C332RQBN,75
GL-C362RLBN,73
GL-C362RQBN,73
GL-C372RLBN,73
GL-C372RQBN,73
GL-C400RQCN,73
GL-C402RLCN,72
GL-C402RQCN,72
GL-C412RLCN,73
GL-C432HLCM,67
GL-C432HLCN,67
GL-C432HXCL,67
GL-C432HXCN,67
GL-C442RLCN,72
GL-C492HLCL,67
GL-C492HLCN,67
GL-C502HLCL,66
GL-C652HLCM,80
GL-C682HLCL,66
GL-D205ABKB,142
GL-D205APBB,142
GL-D205ARKB,142
GL-D205ASBB,142
GL-D205KSOR,142
GL-D282RLHG,91
GL-D282RPHG,91
GL-E162RQVC,77
GL-E180RPVC,73
GL-E292RLVC,77
GL-E292RLVL,77
GL-E292RPTL,77
GL-E292RQVC,77
GL-E292RQVL,77
GL-E302RLVC,75
GL-E302RLVL,75
GL-E322RLVC,73
GL-E322RLVL,73
GL-E332RLVC,75
GL-E332RLVL,75
GL-E332RQVC,75
GL-E332RQVL,75
GL-E362RLVC,73
GL-E362RLVL,73
GL-E362RQVC,73
GL-E362RQVL,73
GL-E372RLVC,72
GL-E372RLVL,72
GL-E402RLVC,72
GL-E402RLVL,72
GL-E402RPVC,72
GL-E402RQVC,72
GL-E412RLVL,72
GL-E442RLV,72
GL-E442RLVC,72
GL-E442RLVL,72
GL-F309TMTX,83
GL-F442HMHU,67
GL-F502HLHL,66
GL-F652HQHL,66
GL-F682HLHL,66
GL-F682HQHL,66
GL-G151JM,89
GL-G172JM,76
GL-G242JM,112
GL-G252RPAB,77
GL-G252RXAB,77
GL-G302JM,78
GL-G322RQBB,73
GL-G332JM,76
GL-G332SLBB,75
GL-G362SLBB,73
GL-G372RLCB,73
GL-G372RQBB,73
GL-G372RXCB,73
GL-G392DM,71
GL-G392YM,70
GL-G402RLCB,72
GL-G402RXCB,72
GL-G432DB,69
GL-G432DL,69
GL-G432DM,69
GL-G432YM,69
GL-G442RLCM,72
GL-G460DM,69
GL-H432HLHL,67
GL-H432HLHN,67
GL-H502HLHL,66
GL-H682HLHL,66
GL-K292SLTL,80
GL-L257CMCX,36
GL-L257CPZX,36
GL-M162RLMC,77
GL-M181RLMC,73
GL-M181RQMC,73
GL-M242YM,70
GL-M245VA,108
GL-M245VM,108
GL-M252SVML,108
GL-M252VA,108
GL-M252VM,108
GL-M275VA,83
GL-M275VM,83
GL-M282VA,83
GL-M282VM,83
GL-M292RLLN,77
GL-M292RLML,77
GL-M292RQML,77
GL-M302RLMC,75
GL-M302RPMC,75
GL-M305VM,78
GL-M312RLML,75
GL-M312SVML,78
GL-M312VM,78
GL-M312VML,78
GL-M322RLMC,73
GL-M322RPMC,73
GL-M332RLBN,73
GL-M332RLML,75
GL-M332RQML,73
GL-M342VM,76
GL-M342VML,76
GL-M362RLML,73
GL-M362RQML,73
GL-M380BPZI,74
GL-M400RLQR,73
GL-M402RLDR,72
GL-M412RLB,72
GL-M412RLDL,73
GL-M412RPB,72
GL-M413RLCI,72
GL-M432BS,67
GL-M432RLQL,72
GL-M432RQQL,72
GL-M432YM,69
GL-M442RLDL,72
GL-M472RLPL,72
GL-M492GGLJ,67
GL-M492GGLR,67
GL-M492GLD,67
GL-M492GLDL,67
GL-M492GLQL,67
GL-M492GPD,67
GL-M492GPDL,67
GL-M492GQDL,67
GL-M492GQQL,67
GL-M512GGLJ,67
GL-M542GLQL,67
GL-M542GQQL,67
GL-M562GLD,61
GL-M562GLDL,61
GL-M562GPD,61
GL-M562GQD,61
GL-M562GQDL,61
GL-M562YLQ,61
GL-M602GLQL,61
GL-M602GQDL,61
GL-M602GQQL,61
GL-M602YLQ,60
GL-M602YVQ,60
GL-M612GLD,60
GL-M612GLDL,60
GL-M612GPD,60
GL-M612GPDL,60
GL-M612GQD,60
GL-M612GQDL,60
GL-M692GLHL,60
GL-M692GLQL,60
GL-M692GQHL,60
GL-M692GQQL,60
GL-N312RLBN,77
GL-N332RLBN,75
GL-N362RLBN,73
GL-Q257BBSX,36
GL-Q257BMCX,36
GL-QL62MB,36
GL-R322RLBN,73
GL-R322RPBN,73
GL-R372RPCN,73
GL-R402RPCN,72
GL-S151JM,78
GL-S172JM,77
GL-S232DM,70
GL-S292RLHL,77
GL-S302QE,81
GL-S302QM,81
GL-S322RLHL,73
GL-S322RPHL,73
GL-S372RLHJ,73
GL-S392DM,71
GL-S412RLHJ,73
GL-S420DM,70
GL-S432DM,69
GL-S442RLHJ,72
GL-S460DM,69
GL-T242JL,112
GL-T242JM,115
GL-T242QL,115
GL-T242QLB,115
GL-T242QM,115
GL-T242QP,115
GL-T272JL,89
GL-T272JM,92
GL-T272QL,92
GL-T272QLB,89
GL-T272QM,92
GL-T302JL,80
GL-T302JM,80
GL-T302QL,81
GL-T302QM,81
GL-T322QM,76
GL-T330QM,78
GL-T332JL,77
GL-T332JM,76
GL-T332JMA,76
GL-T332QL,77
GL-T332QM,76
GL-T336QM,78
GL-T360QM,77
GL-T392DM,71
GL-T432DM,69
GL-T652HLCM,80
GL-T682HLCL,66
GL-X257ABSX,36
GL-X257AMCX,36
GL40SGP,54
GL5141AEAZ,54
GL5141AEHZ,54
GL5141AVAW1,60
GL5141AVHW1,54
GL5141PZBZ,69
GL5141SWHW1,54
GL5241AVAZ,54
GL5241AVEW1,69
GL5241AVHZ,54
GL5241AVMW1,69
GL5241MCJZ1,48
GL5241PZJZ,69
GL5241PZJZ1,54
GL5241PZJZ2,54
GL5241SHEW1,69
GL5241SHMW1,69
GL5241SWAZ,54
GL5241SWHZ,60
GL5241SWJZ,69
GL5241SWJZ1,54
GL5241SWJZ2,54
GL5241WBAZ,54
GL6222PS,54
GL6722PS,54
GL6842PS,54
GL71BJB,71
GL71BJM,71
GL71BJP,71
GLB-272L,108
GLB-422L,91
GLB-422W,91
GLB-482GVLP,74
GLB-522L,67
GLB-522W,67
GLB-542GVLP,73
GLB-592DHL,61
GLB-592L,61
GLB-592W,61
GLB-615L,60
GLB-615W,61
GLB-642L,60
GLB-642W,60
GLB-665DHL,60
GLB-665DQL,60
GLC7121PS,42
GLC8021PS,28
GLC8839SC,28
GLD8859BX,28
GLE51PZGSZ,54
GLE51SWGSZ,54
GLE71PZCSZ,54
GLE71SWCSZ,54
GLHA-404BT1,80
GLHA-404BT2,80
GLHA-404BTE,80
GLHA-415BWE,72
GLM-522BG,67
GLM-555BG,67
GLM-592L,61
GLM-592T,61
GLM-592W,61
GLM-615DHL,61
GLM-615HL,61
GLM-615HW,61
GLM-616L,61
GLM-616W,61
GLM-642L,60
GLM-642T,60
GLM-642W,60
GLM-665DHL,60
GLM-665HL,60
GLM-665HW,60
GLM612GQDLN,60
GLM71MBCSF,54
GLM71MBCSX,54
GLM71MCCSD,54
GLM71MCCSF,54
GLM71MCCSX,54
GLS8848SC,28
GLT51MCGSF,54
GLT51PZGSF,54
GLT51PZGSX,54
GLT51PZGSZ,54
GLT51SWGSF,54
GLT51SWGSX,54
GLT51SWGSZ,54
GLT71MBCSF,54
GLT71MBCSZ,54
GLT71MCCSF,54
GLT71MCCSZ,54
GLT71PZCSE,54
GLT71PZCSF,54
GLT71SWCSE,54
GLT71SWCSF,54
GLT71SWCSX,54
GLT71SWCSZ,54
GM-282SC,69
GM-292SC,69
GM-302GC,69
GM-302SC,69
GM-302SH,69
GM-308SC,69
GM-311SCA,89
GM-312SC,89
GM-312SCA,92
GM-313SC,89
GM-313SCA,89
GM-314SCA,92
GM-317SC,89
GM-317SCA,89
GM-318SC,89
GM-318SCA,92
GM-321QC,89
GM-321QCA,89
GM-322QC,89
GM-323QC,89
GM-323QCA,89
GM-324QC,89
GM-327QC,89
GM-327QCA,89
GM-328QC,89
GM-328QCA,89
GM-332SC,89
GM-338SC,89
GM-341SC,74
GM-342SC,74
GM-343SC,74
GM-347SC,74
GM-351QC,74
GM-352QC,74
GM-353QC,74
GM-354QC,74
GM-357QC,74
GM-358QC,74
GM-382SC,48
GM-382SH,48
GM-391SC,71
GM-393SC,71
GM-397SC,48
GM-398SC,48
GM-461SC,48
GM-463SC,48
GM-468SC,48
GM-501ULS,70
GM-501ULY,67
GM-505UVB,70
GM-601ULV,60
GM-605UVB,60
GM-650RSC,39
GM-650RWC,39
GM-650S,40
GM-650W,28
GM-651RSC,39
GM-651RWC,39
GM-652RSC,40
GM-652RSCE,39
GM-652RWC,40
GM-652RWCE,39
GM-663STA,26
GM-733DAC,40
GM-737DTCA,40
GM-738FTCA,40
GM-739DBCA,40
GM-739DBCD,40
GM-739DQC,40
GM-739DTC,40
GM-739FQC,40
GM-739FTC,40
GM-739VQCA,40
GM-739VTCA,40
GM-743FQCA,40
GM-747FTCA,40
GM-749FTCA,40
GM-749VQCA,40
GM-749VTCA,40
GM-769RSC,40
GM-769RWC,28
GM-819DQC,26
GM-819DSCA,26
GM-819DTC,26
GM-819DTCA,26
GM-819FQC,26
GM-819FTC,26
GM-819VQCA,26
GM-819VTCA,26
GM-829VQCA,26
GM-829VTCA,26
GM-849BLK,26
GM-849FTCA,26
GM-849RSC,26
GM-849RWC,26
GM-859RSC,26
GM-859RSCE,26
GM-859RWC,26
GM-859RWCE,26
GM-B208BVS,40
GM-B208JSAH,40
GM-B208JSCP,40
GM-B208SS,40
GM-B208ST,40
GM-B208STS,40
GM-B208SW,40
GM-B208WVS,40
GM-B209JTAH,40
GM-B226JTCA,26
GM-B227JQCA,26
GM-B228KS,26
GM-B228QTB,40
GM-B228VQHM,40
GM-B228VSHM,40
GM-B233JQAL,24
GM-B238DS,24
GM-B238JSAL,24
GM-B238UQAH,24
GM-B239JQAL,24
GM-B239JSAH,24
GM-B239JTAL,26
GM-B248QTB,26
GM-B258R4S,26
GM-B258RBS,32
GM-B258RS,26
GM-B259RT,26
GM-B268NSNP,32
GM-B272SDPG,88
GM-B298NLN1,24
GM-B298NLNH,24
GM-B3031PZ,51
GM-B312SC,89
GM-B321QC,89
GM-B321QVC,89
GM-B321SC,89
GM-B322GLQF,89
GM-B322GSQF,89
GM-B322QC,89
GM-B322QVC,89
GM-B322QVCF,89
GM-B322SCF,89
GM-B323QC,89
GM-B323SC,89
GM-B471UVA,70
GM-B471UVAA,70
GM-B471UVB,70
GM-B471UVBC,70
GM-B473UQA,70
GM-B473UQB,70
GM-B561UVA,60
GM-B561UVAA,42
GM-B561UVB,60
GM-B561UVBC,60
GM-B563UQA,60
GM-B563UQB,42
GM-C312SC,92
GM-C314SC,92
GM-C322GQC,92
GM-C322GVC,92
GM-C322HQC,92
GM-C322HVC,92
GM-C322QC,92
GM-C322QCV,92
GM-C322QLC,92
GM-C322QLCA,92
GM-C322QLDC,92
GM-C322QQC,92
GM-C322QQCA,92
GM-C322SC,92
GM-C322SCV,92
GM-C322SLC,92
GM-C322SLCA,92
GM-C322SLDC,92
GM-C322SQC,92
GM-C322SQCA,92
GM-C324QC,92
GM-C324QQC,92
GM-C324SC,92
GM-C324SLC,92
GM-C372SLCN,73
GM-C372SQCN,73
GM-C401SLC,71
GM-C402QC,71
GM-C402QCV,71
GM-C402QLC,71
GM-C402QLCA,71
GM-C402QLCC,71
GM-C402QLDC,71
GM-C402QQC,71
GM-C402QQCA,71
GM-C402SC,71
GM-C402SCV,71
GM-C402SLC,71
GM-C402SLCA,71
GM-C402SLDC,71
GM-C402SQC,71
GM-C402SQCA,71
GM-C404QC,71
GM-C404SC,71
GM-F208JSNM,40
GM-F208JSNP,40
GM-F208ST,40
GM-F223DLXQ,39
GM-F223RSXM,40
GM-F228JQKA,26
GM-F228JTTA,26
GM-F229JTKA,26
GM-F238SS,26
GM-F272SLCN,88
GM-F372SLCN,73
GM-F372SQCN,73
GM-F413SCA,89
GM-F417SCA,89
GM-F432HLHN,67
GM-F432HLHU,67
GM-F541SCA,54
GM-F543SCA,54
GM-F547SCA,54
GM-F693SCA,48
GM-F697SCA,48
GM-H501ULH,70
GM-L233MQHL,26
GM-L233MVHL,26
GM-L233SQXH,24
GM-L236MSFL,26
GM-L236MSGL,26
GM-L237MSFL,26
GM-L237MTGL,26
GM-L237MVGP,26
GM-L237MVHL,26
GM-L238MSGL,26
GM-L238SSXL,26
GM-L239MTFL,26
GM-L239MTGL,26
GM-L239MTHL,26
GM-L239SSXH,24
GM-L239STXL,26
GM-L248STXL,24
GM-L261BNRY,24
GM-L267BTRA,24
GM-L268FSXP,26
GM-L26ANSJP,32
GM-L273UQGM,24
GM-L273UQRH,24
GM-L273UQRL,24
GM-L273UQRM,24
GM-L273UQRY,24
GM-L276UTRL,24
GM-L277BBRA,24
GM-L277BQRA,24
GM-L277BTRY,24
GM-L277JBHP,24
GM-L277JSHP,24
GM-L277JTHP,24
GM-L277MSHP,24
GM-L277USQH,24
GM-L277UTRL,24
GM-L278DS,24
GM-L278USGM,24
GM-L278USQL,24
GM-L278USRH,24
GM-L278USRL,24
GM-L278USRM,24
GM-L278USRY,24
GM-L278USUH,24
GM-L278USUL,24
GM-L279UTGM,24
GM-L279UTQL,24
GM-L279UTRH,24
GM-L279UTRL,24
GM-L279UTRM,24
GM-L279UTRY,24
GM-L287UTRM,24
GM-R421YC,48
GM-R423YC,48
GM-R425YVC,48
GM-R426YC,48
GM-R426YVC,48
GM-R429YVC,48
GM-R431YQ,48
GM-R432YVQ,48
GM-R433YQ,48
GM-R436YVQ,48
GM-R439YVQ,48
GM-R493YC,48
GM-R496YVC,48
GM-R499YVC,48
GM-R501YQ,48
GM-R503YQ,48
GM-R509YVQ,48
GM-R519YVP,48
GM-R603YQ,42
GM-R609YVQ,42
GM-R613YP,42
GM-R615YVP,42
GM-R619YVP,42
GM-S432HXHN,67
GM-S482ULS,67
GM-S482ULSA,67
GM-S482ULV,67
GM-S482UQS,67
GM-S482UQSA,67
GM-S482UQV,67
GM-S482UWS,67
GM-S504ULS,67
GM-S504ULV,67
GM-S582ULS,60
GM-S582ULV,60
GM-S582ULVA,60
GM-S582UQS,60
GM-S582UQV,60
GM-S582UQVA,60
GM-S582UWS,60
GM-S582XC,42
GM-S592XN,42
GM-S592XVN,42
GM-S604ULS,60
GM-S604ULV,60
GM-S652DBCA,40
GM-S652DBFA,40
GM-S652DSCA,40
GM-S652DSFA,40
GM-S652DTCA,40
GM-S652DTFA,40
GM-S652DVCA,40
GM-S792DBCA,26
GM-S792DBFA,26
GM-S792DSCA,26
GM-S792DSFA,26
GM-S792DTCA,38
GM-S792DTFA,26
GM-S792DVCA,38
GM-T248QS,24
GM-T392GC,48
GM-T392GH,48
GM-T392GVH,48
GM-T401QC,48
GM-T401UQT,48
GM-T402QC,48
GM-T403QC,67
GM-T404QC,48
GM-T408QC,67
GM-T412XC,48
GM-T422XQ,48
GM-T422XVQ,48
GM-T462GH,48
GM-T462GQ,48
GM-T462GVQ,48
GM-T471QC,48
GM-T471UVT,48
GM-T471UVY,48
GM-T472UQT,70
GM-T472UQY,70
GM-T472UVT,70
GM-T472UVY,70
GM-T473QC,48
GM-T473UQT,48
GM-T473UQY,48
GM-T478QC,48
GM-T482XC,48
GM-T492XQ,48
GM-T492XVQ,48
GM-T552GH,42
GM-T561QC,42
GM-T561QVC,42
GM-T561UVT,42
GM-T561UVY,42
GM-T562GVQ,42
GM-T562UQT,60
GM-T562UQY,60
GM-T562UVT,60
GM-T562UVY,60
GM-T563QC,42
GM-T563UQT,42
GM-T563UQTC,60
GM-T563UQY,42
GM-T563UVTC,60
GM-T652DBCA,40
GM-T652DBCD,40
GM-T652DBFA,40
GM-T652DCD,40
GM-T652DSCA,40
GM-T652DSFD,40
GM-T652DTCA,40
GM-T652DTCD,40
GM-T652DVCA,40
GM-T652DVCD,40
GM-T792DBCA,38
GM-T792DBCD,38
GM-T792DBFA,38
GM-T792DCA,38
GM-T792DCD,38
GM-T792DSCA,38
GM-T792DTCA,38
GM-T792DTCD,38
GM-T792DVCA,38
GM-T792DVCD,38
GM-U552SSDP,40
GM-U600RSC,39
GM-U600RWC,39
GM-U652SSDP,24
GM-U700RSC,26
GM-U700RWC,26
GM-U701RSC,32
GM-U792SSXM,39
GM-X267NSTM,24
GM-X288NQX2,24
GM-X288NQXH,24
GM22BGPK,39
GM22BIP,39
GM22SGPK,39
GM22SGT,39
GM23BBP,39
GM25BPT,26
GM25BQS,26
GM28LIP,24
GM28XID,24
GM29BIP,26
GM29BP,26
GM29BVT,26
GM39BIT,24
GM39BT,24
GM39BVP,24
GM39BVT,24
GM39FVP,24
GM39FVT,24
GM402BPL,67
GM42BMPM,51
GM47MPZ,55
GM5148AEQV,42
GM5148AERJ,42
GM5148AERV,42
GM5148MDRJ,42
GM5548MDRV,42
GM57SPM,51
GM57SPY,51
GM57SXM,51
GM57WXM,51
GM6140PZQV,42
GM63BGS,26
GM63SDS,26
GM63SGS,26
GM65BGSK,26
GM65BPP,26
GM65BPT,26
GM65BQP,26
GM65FPP,26
GM65FQP,26
GM78BGP,24
GM78BGS,24
GM78BVT,24
GM78SGP,24
GM78SGT,24
GM78SXS,24
GM78SXT,24
GM78WGT,24
GM80SGS,24
GM84SDDB,22
GM84SDS,22
GM84SDSB,22
GM84SXD,22
GM84SXDB,22
GM85SXD,26
GM86PDD,24
GM86SDB,24
GM86SDD,24
GM86SDDB,24
GM86SDDB1,24
GM86SDN,24
GM86SDS,24
GM86SDSB,24
GM87SXD,24
GM88SXM,24
GM89SXP,24
GM90BIP,26
GM90BP,26
GM90FIP,24
GM90FQP,24
GM90FQT,24
GM90HIP,24
GM90KIP,24
GM90KP,24
GM92BVM,36
GM92SPV,47
GM92SXV,47
GM92SXY,47
GM92WXV,47
GM95SXV,24
GM99BWL,24
GMB714PZXV,28
GMB844MC4E,39
GMB844PZ4E,39
GMB844PZFG,39
GMB844PZKV,39
GMB860PYDD,51
GMB860PYDE,51
GMD916SBHZ,25
GMF960EV2E,47
GMF960EV4E,47
GMF960PY2E,47
GMF961EV5E,47
GMF961EV6C,47
GMF961PY3E,47
GMG761EPAE,51
GMG761MBAE,51
GMG860EPBE,51
GMG860MBBE,51
GMG860MBRE,51
GMG861EPAE,51
GMG861MBAE,51
GMG960EVEE,47
GMG960EVJE,47
GMG960MBEE,47
GMG960MBJE,47
GMG960MMEE,47
GMG960MMSD,47
GMG961EVKE,47
GMG961MBKE,47
GMG961NPKE,47
GMG96CRAFT,47
GMINI,240
GMJ844MCKV,39
GMJ844PZKV,39
GMJ916NSHV,28
GMJ936NSHV,28
GMJ945NS9F,28
GMJ960MBJE,47
GMK9331MT,28
GMK960EV2E,47
GMK960PY2E,47
GMK961EV3E,47
GMK961PY3E,47
GMK961PY5E,47
GML236MSFL1,26
GML643PZ6F,39
GML8031MT,30
GML8031ST,30
GML844MC7E,39
GML844MCAE,39
GML844MCKV,39
GML844PZ6F,39
GML844PZAE,39
GML844PZKV,39
GML844PZKZ,39
GML844PZUF,39
GML860EPFE,51
GML860PYFE,51
GML861EPPE,51
GML861PYPE,51
GML916NSHV,28
GML916NSHZ,28
GML9331SC,28
GML936NSHV,28
GML945NS9E,28
GML945PZ8F,28
GML960EVBE,47
GML960MBBE,47
GML960PYBE,47
GML960PYFE,47
GMM41MSBEM,55
GMM42ABBEH,36
GMM42PYBEH,36
GMM916NSHV,28
GMM916NSHZ,28
GMQ844MC5E,39
GMQ844MCKV,39
GMS9331SB,28
GMV860EPDE,51
GMV860PYDE,51
GMV960EVDE,47
GMV960MBDD,47
GMV960MBDE,36
GMV960NNME,36
GMW765STGJ,26
GMX844BS6F,39
GMX844BSBF,39
GMX844MC6F,39
GMX844MCBF,39
GMX844MCKV,39
GMX936SBHV,28
GMX945MC9F,28
GMX945MCCF,28
GMX946NS9F,47
GMZ765SBHJ,30
GMZ765STHJ,30
GN-155PG,146
GN-155PP,146
GN-155TK,146
GN-171QL,152
GN-185MG,129
GN-185PG,129
GN-185PP,129
GN-185PS3,129
GN-185SS,129
GN-185TK,129
GN-185VB,129
GN-185VG,129
GN-185VS,129
GN-191RK,160
GN-191RL,160
GN-191RLK,160
GN-191SL,160
GN-201CK,160
GN-201QLSK,130
GN-205MG,127
GN-205PG,127
GN-205SQA,126
GN-205SS,127
GN-205TK,127
GN-205VB,127
GN-205VG,127
GN-205VS,127
GN-205VW,127
GN-234VW,97
GN-235NS,97
GN-235PG,97
GN-235PP,97
GN-235S,97
GN-235SS,97
GN-235TK,97
GN-235VB,97
GN-235VS,97
GN-241RL,111
GN-241RLS,111
GN-253CW,93
GN-253VP,93
GN-253VW,93
GN-255MG,93
GN-255PG,93
GN-255PP,93
GN-255S,93
GN-255SS,93
GN-255TK,93
GN-255VB,93
GN-255VS,93
GN-304SGBT,129
GN-304SHBR,129
GN-304SHBT,129
GN-304SL,129
GN-304SLBR,130
GN-304SLBT,129
GN-304SLGT,129
GN-304SLS,129
GN-304SQ,129
GN-304SQBR,130
GN-304SQBT,129
GN-304SQGT,129
GN-304SQS,124
GN-315FW,75
GN-345HPL,73
GN-345HWL,73
GN-346FS,73
GN-346FW,73
GN-392PW,73
GN-407GSL,67
GN-407GWL,67
GN-422FS,67
GN-422FW,67
GN-450USL,45
GN-450UWL,67
GN-466FW,62
GN-492PW,67
GN-515GS,60
GN-515GSL,60
GN-515GW,60
GN-515GWL,60
GN-562ST,62
GN-602PW,63
GN-A702HLHU,42
GN-A702HMHU,42
GN-A702HMHZ,42
GN-A71HLHU,42
GN-A722HLHU,42
GN-A782HLHU,42
GN-B195SQBN,127
GN-B201SH,160
GN-B201SL,160
GN-B201SLZ,159
GN-B201SQ,160
GN-B202BF,122
GN-B202BS,122
GN-B202PS,122
GN-B202SFIR,127
GN-B202SLBB,127
GN-B202SLC,122
GN-B202SLCC,122
GN-B202SLCG,122
GN-B202SLCL,122
GN-B202SLCR,122
GN-B202SLCT,122
GN-B202SQBB,127
GN-B202SQC,122
GN-B202SQCC,122
GN-B202SQCL,122
GN-B202SQIB,127
GN-B202SQIF,127
GN-B202SQIR,127
GN-B204SL,129
GN-B212PFNF,121
GN-B212PFNR,121
GN-B212PQNF,121
GN-B212PQNR,121
GN-B215SQBN,101
GN-B222SBBB,101
GN-B222SLBB,101
GN-B222SLC,122
GN-B222SLCC,122
GN-B222SLCG,96
GN-B222SLCL,96
GN-B222SLCR,96
GN-B222SLCT,96
GN-B222SQBB,127
GN-B222SQCL,96
GN-B222SQCR,96
GN-B222SQIB,101
GN-B222SQWB,101
GN-B222SWCN,101
GN-B222WB,101
GN-B232RLCG,122
GN-B232SLCC,122
GN-B232SQCC,122
GN-B232SQCG,122
GN-B242PFSF,97
GN-B242PQSF,97
GN-B242RLC,122
GN-B242SLCC,122
GN-B242SLCL,96
GN-B242SQBB,127
GN-B242SQIF,127
GN-B252PQSF,92
GN-B252RLCR,122
GN-B252SQCR,122
GN-B255S,90
GN-B262PFSF,92
GN-B262PFSJ,92
GN-B262PQSF,92
GN-B262RLCL,96
GN-B262SLCL,96
GN-B262SQCL,96
GN-B272RLCG,87
GN-B272RPNL,87
GN-B272SLCB,90
GN-B272SLCG,87
GN-B272SLCL,87
GN-B272SLCR,87
GN-B272SLCT,87
GN-B272SQCB,90
GN-B272SQCL,87
GN-B272SQCR,87
GN-B302RPNG,87
GN-B312PFFB,74
GN-B312PFGB,74
GN-B312PFJB,74
GN-B312PLGB,74
GN-B312PLGK,74
GN-B312PQBN,74
GN-B312PQCM,74
GN-B312PQFB,74
GN-B312PQGB,74
GN-B312PQGM,74
GN-B312PQGP,74
GN-B312PQMB,74
GN-B312PXGB,74
GN-B312WHGB,74
GN-B315S,73
GN-B331L,136
GN-B331SH,136
GN-B331SL,136
GN-B331SLZ,136
GN-B331SQ,136
GN-B332BG,73
GN-B332PBGB,73
GN-B332PGFB,73
GN-B332PLGB,73
GN-B332PLGK,73
GN-B332PMGB,73
GN-B332PPGB,73
GN-B332PQGB,73
GN-B332PQGM,73
GN-B332PQGP,73
GN-B332PQMB,73
GN-B332PXGB,73
GN-B332SBGB,73
GN-B332SLCL,87
GN-B332SMGB,73
GN-B332SQGB,73
GN-B342CLC,75
GN-B3520WHT,75
GN-B352CC,75
GN-B352CCA,75
GN-B352CLC,75
GN-B352CPCA,75
GN-B352CQC,75
GN-B352CVCA,75
GN-B352RLCC,75
GN-B352RLCL,75
GN-B352RQCC,75
GN-B352RQCL,75
GN-B352RQQA,75
GN-B352RQQL,75
GN-B352YC,75
GN-B352YLC,75
GN-B352YLCA,75
GN-B352YLCK,75
GN-B352YLCS,75
GN-B352YTC,75
GN-B352YTCA,75
GN-B352YUCA,75
GN-B352YVC,75
GN-B352YVCA,75
GN-B352YVCS,75
GN-B362CLC,75
GN-B372PFM2,67
GN-B372PFMB,67
GN-B372PLBB,67
GN-B372PLBK,67
GN-B372PLGB,67
GN-B372PQBK,67
GN-B372PQFB,67
GN-B372PQGB,67
GN-B372PQGM,67
GN-B372PQGP,67
GN-B372PQMB,67
GN-B372PQW2,67
GN-B372PQWB,67
GN-B372PXBK,67
GN-B372PXGB,67
GN-B372RLCC,75
GN-B372RLCG,73
GN-B372RLCL,73
GN-B372RLCR,73
GN-B372RLCT,73
GN-B372RQCC,75
GN-B372RQCG,73
GN-B372RQCL,73
GN-B372RQCR,73
GN-B372RQCT,73
GN-B372SLCG,73
GN-B372SLCR,73
GN-B372SLNR,73
GN-B372SQCB,73
GN-B372SQCG,73
GN-B372SQCR,73
GN-B372SQWB,73
GN-B372SWCL,73
GN-B372WHCB,73
GN-B372WHGB,67
GN-B382SLCL,73
GN-B389FLDM,73
GN-B389FQDM,73
GN-B392BG,67
GN-B392CC,73
GN-B392CECA,73
GN-B392CLC,73
GN-B392CLCA,73
GN-B392CLQA,73
GN-B392CPCA,73
GN-B392CVC,73
GN-B392CVCA,73
GN-B392DS,67
GN-B392PFFB,67
GN-B392PFFK,67
GN-B392PGFB,67
GN-B392PLBB,67
GN-B392PLBK,67
GN-B392PLGB,67
GN-B392PLGK,67
GN-B392PLM2,67
GN-B392PLMB,67
GN-B392PQBK,67
GN-B392PQBN,67
GN-B392PQCM,67
GN-B392PQD2,67
GN-B392PQDB,67
GN-B392PQFB,67
GN-B392PQGB,67
GN-B392PQGM,67
GN-B392PQGP,67
GN-B392PQMB,67
GN-B392PQW2,66
GN-B392PQWB,66
GN-B392PXBK,67
GN-B392PXG2,67
GN-B392PXGB,67
GN-B392RECW,73
GN-B392RLC,73
GN-B392RLCC,73
GN-B392RLCG,73
GN-B392RLCL,73
GN-B392RLCW,73
GN-B392RLQA,73
GN-B392RLQL,73
GN-B392RQCC,73
GN-B392RQCL,73
GN-B392RQCW,73
GN-B392RQQA,73
GN-B392RQQL,73
GN-B392RVQA,73
GN-B392SBBB,67
GN-B392SEBB,67
GN-B392SMBB,67
GN-B392SQBB,67
GN-B392SQCG,73
GN-B392YC,73
GN-B392YLC,73
GN-B392YLCA,73
GN-B392YLCK,73
GN-B392YLCS,73
GN-B392YSCA,73
GN-B392YTC,73
GN-B392YTCA,73
GN-B392YVC,73
GN-B392YVCA,73
GN-B392YVCS,73
GN-B392YVCV,73
GN-B396RLC,75
GN-B402GLCT,67
GN-B402SLCB,73
GN-B402SQCB,73
GN-B412RLCC,73
GN-B412RLCL,73
GN-B412RQCC,73
GN-B412RQCL,73
GN-B422PLGB,74
GN-B422PQGB,74
GN-B422SECL,67
GN-B422SLCB,73
GN-B422SLCL,67
GN-B422SMCL,67
GN-B422SQCB,76
GN-B422SQCL,67
GN-B422SQWB,67
GN-B422SWCL,67
GN-B422WB,67
GN-B422WHCL,67
GN-B432PQGB,74
GN-B442PLGB,74
GN-B452PBFK,65
GN-B452PFB2,65
GN-B452PFBK,65
GN-B452PFBQ,65
GN-B452PFF2,65
GN-B452PFFK,65
GN-B452PFFQ,65
GN-B452PGFK,65
GN-B452PGFQ,65
GN-B452PMFK,65
GN-B452PPFK,65
GN-B452PQBK,65
GN-B452PQWQ,65
GN-B452SEBK,65
GN-B452SKBK,65
GN-B452SMBK,65
GN-B452SMBQ,65
GN-B462RLCR,73
GN-B462RLNR,73
GN-B462SLCR,73
GN-B462SQCB,73
GN-B462SQCR,73
GN-B472PLGB,74
GN-B472PLMB,67
GN-B472PQMB,67
GN-B480SV,60
GN-B482PLGB,67
GN-B482PQMB,67
GN-B490SV,60
GN-B492CC,67
GN-B492CLC,67
GN-B492CLP,67
GN-B492CLQA,67
GN-B492CP,67
GN-B492CPC,67
GN-B492CPCA,67
GN-B492CVC,67
GN-B492CVQA,67
GN-B492GGC,67
GN-B492GGCC,67
GN-B492GGCH,67
GN-B492GGK,67
GN-B492GLC,67
GN-B492GLCH,67
GN-B492GLCL,67
GN-B492GLP,67
GN-B492GPL,67
GN-B492GQCC,67
GN-B492GQCH,67
GN-B492GQCW,67
GN-B492GQP,48
GN-B492GQQA,67
GN-B492GQQW,67
GN-B492SLCL,67
GN-B492SQCL,67
GN-B492YC,67
GN-B492YLC,67
GN-B492YLCA,67
GN-B492YLQA,67
GN-B492YPC,67
GN-B492YTQA,67
GN-B492YVC,67
GN-B492YVCA,67
GN-B492YVCS,67
GN-B492YVCV,67
GN-B492YY,67
GN-B496GLC,67
GN-B496GLP,67
GN-B498GLC,67
GN-B498GLP,67
GN-B502CC,67
GN-B502GLQH,67
GN-B502GQQH,67
GN-B502GVTH,67
GN-B502PQGB,67
GN-B502SLCL,67
GN-B502SQCL,67
GN-B512GGCH,67
GN-B512GGCK,67
GN-B519ESQZ,45
GN-B519PLCZ,67
GN-B519PSAZ,45
GN-B522PLGB,67
GN-B550SV,42
GN-B559BLQU,45
GN-B559PLCZ,45
GN-B559PQCZ,45
GN-B560SV,42
GN-B562GLCC,62
GN-B562GQCC,62
GN-B562GQCH,62
GN-B562SQCL,67
GN-B562YBCS,62
GN-B562YC,62
GN-B562YCA,62
GN-B562YLC,62
GN-B562YLCS,62
GN-B562YLQA,62
GN-B562YMQS,62
GN-B562YTC,62
GN-B562YTYA,62
GN-B562YVC,62
GN-B562YVYA,62
GN-B562YY,62
GN-B563YC,62
GN-B572PLGB,67
GN-B579PLCV,45
GN-B592PFBQ,65
GN-B592PFFQ,65
GN-B602GBCC,60
GN-B602GLT,60
GN-B602GPP,60
GN-B602GQCC,60
GN-B602GQTC,60
GN-B602GSC,60
GN-B602GSCC,60
GN-B602GSP,60
GN-B602GVC,60
GN-B602HLCL,60
GN-B602HLPL,60
GN-B602PFBQ,65
GN-B602PFFQ,65
GN-B602YC,63
GN-B602YLC,63
GN-B602YTC,63
GN-B602YVC,63
GN-B622HLCL,60
GN-B652GQCC,60
GN-B652YVC,63
GN-B653AV,67
GN-B702GBCC,55
GN-B702GLPC,55
GN-B702GQC,55
GN-B702GQCC,55
GN-B702GSCC,55
GN-B702GSPH,55
GN-B702GSPW,55
GN-B702GVC,55
GN-B702HLCL,42
GN-B702HLPL,42
GN-B702HLPM,42
GN-B702HSPM,42
GN-B722GBCC,55
GN-B722GSCC,55
GN-B722HBCL,42
GN-B722HBPL,42
GN-B722HLCL,42
GN-B722HLPL,42
GN-B722HSPL,42
GN-BF330BE,73
GN-BF330WV,73
GN-BL418SV,67
GN-BL430GB,67
GN-BL497GV,61
GN-BL497SV,61
GN-C222SLCN,101
GN-C222SMCB,101
GN-C222SQCB,101
GN-C222SQCC,101
GN-C222SQCN,101
GN-C232SLCN,101
GN-C262SLBN,101
GN-C272SBCB,90
GN-C272SBCN,90
GN-C272SLCN,90
GN-C272SMCB,90
GN-C272SQCB,90
GN-C272SQCN,90
GN-C272SXCN,90
GN-C372RLCN,73
GN-C372SBCB,73
GN-C372SBCN,73
GN-C372SLCN,73
GN-C372SMCB,73
GN-C372SQCB,73
GN-C372SQCN,73
GN-C372SXCC,73
GN-C372SXCN,73
GN-C382SLCN,73
GN-C382SLCU,73
GN-C41SLCL,67
GN-C422SGBM,67
GN-C422SGCC,67
GN-C422SGCL,67
GN-C422SGCN,67
GN-C422SGCU,67
GN-C422SLCL,67
GN-C422SLCN,67
GN-C422SLCU,67
GN-C422SMCZ,67
GN-C422STCM,67
GN-C432HLCN,67
GN-C432HLCU,67
GN-C432HQCU,67
GN-C432HXCL,67
GN-C432HXCN,67
GN-C462SLCN,73
GN-C462SQCN,73
GN-C492SGCL,67
GN-C492SGCN,67
GN-C492SGCU,67
GN-C492SQCN,67
GN-C552SGCN,67
GN-C552SLCN,67
GN-C562HLCL,67
GN-C562HLCU,67
GN-C562SGCL,67
GN-C562SGCU,67
GN-C562SLCU,67
GN-C572SLCN,67
GN-C602HFCL,61
GN-C602HLCC,61
GN-C602HLCM,61
GN-C602HLCU,61
GN-C602HQCM,61
GN-C602HVCU,61
GN-C602HXCM,61
GN-C602HXCU,61
GN-C622HLCU,61
GN-C622HQCL,61
GN-C660HLCU,61
GN-C660HQCU,61
GN-C680HLCL,61
GN-C680HLCU,61
GN-C680HQCU,61
GN-C702HBCM,55
GN-C702HFCL,55
GN-C702HFCM,55
GN-C702HLCC,55
GN-C702HLCL,55
GN-C702HLCM,55
GN-C702HLCU,55
GN-C702HQCC,42
GN-C702HQCM,55
GN-C702HQCU,55
GN-C702HXCM,55
GN-C702SGBM,42
GN-C702SGGC,42
GN-C702SGGL,42
GN-C702SGGM,42
GN-C702SGGU,42
GN-C71HLCL,55
GN-C71HLCU,55
GN-C71SGGL,42
GN-C71SGGU,42
GN-C722HGGU,42
GN-C722HLCL,55
GN-C722HLCU,55
GN-C722SGGL,42
GN-C72HLCL,55
GN-C72SGGL,42
GN-C732HBCU,55
GN-C732HLCU,55
GN-C732HLHU,55
GN-C732SGGM,42
GN-C732SGGU,42
GN-C752HLCU,55
GN-C752HQCL,55
GN-C752HQCM,55
GN-C752HQCU,55
GN-C752HVCM,55
GN-C752HWCL,55
GN-C752SGGL,42
GN-C752SGGU,42
GN-C782HLCL,55
GN-C782HLCU,55
GN-C782HQCL,55
GN-C782HQCU,55
GN-C782SGGL,42
GN-D255BL,90
GN-D255PS,90
GN-D312BL,74
GN-D312PS,74
GN-D315BL,73
GN-D315PS,73
GN-D315S,73
GN-D322PBMB,73
GN-D322PQMB,73
GN-D332BL,73
GN-D332PS,73
GN-D372BL,67
GN-D372BLA,67
GN-D372PS,67
GN-D372PSA,67
GN-D382PQMB,67
GN-D392BLA,67
GN-D392PSA,67
GN-D422BL,67
GN-D422CBLZ,67
GN-D422CBSZ,67
GN-D422PS,67
GN-D440BLA,66
GN-D440PSA,66
GN-D602BL,61
GN-D602BLI,61
GN-D700HLAL,42
GN-D702HLAL,42
GN-D702HLAM,42
GN-D702HSAL,42
GN-D702HSAM,42
GN-D722HLAL,42
GN-D722HSAL,42
GN-D732HLHU,42
GN-D752HLHU,42
GN-DA550SV,42
GN-DA560SV,42
GN-DA561SV,42
GN-DA562SV,42
GN-DL567SV,42
GN-E202SH,160
GN-E202SL,160
GN-E202SQ,160
GN-E272SLCL,87
GN-E272SQCL,87
GN-E333SL,136
GN-E333SQ,136
GN-F272SBCB,90
GN-F272SBCN,87
GN-F304PS,129
GN-F304WB,129
GN-F332SBGB,73
GN-F372PQAK,67
GN-F372PXAK,67
GN-F372SBCB,73
GN-F372SBCN,73
GN-F389FQDM,73
GN-F392PFAK,67
GN-F392PLAK,67
GN-F392PQAK,67
GN-F392PXAB,67
GN-F392PXAK,67
GN-F392SMBB,67
GN-F422SMCL,67
GN-F422SMCZ,67
GN-F452PFAQ,65
GN-F452PFBK,65
GN-F452PFBQ,65
GN-F452PQAK,65
GN-F452PQBQ,65
GN-F452PXAK,65
GN-F559BLDU,45
GN-F559BSDU,62
GN-F579ESDV,45
GN-F592PQBQ,65
GN-F602HLHL,61
GN-F602HLHU,61
GN-F602PFBQ,65
GN-F602PQBQ,65
GN-F660HBHU,61
GN-F660HLHM,61
GN-F660HLHU,61
GN-F662BLDU,45
GN-F682PFBQ,65
GN-F692HLHU,61
GN-F692HQHU,61
GN-F702HEHL,55
GN-F702HEHZ,55
GN-F702HLHL,55
GN-F702HLHU,55
GN-F702HMHL,55
GN-F702HMHU,55
GN-F702HMHZ,55
GN-F702HXHU,55
GN-F70HLHU,55
GN-F71HLHL,55
GN-F71HLHU,55
GN-F71HXHU,55
GN-F722HLHL,55
GN-F722HLHU,55
GN-F722HXHL,55
GN-F722HXHU,55
GN-F72HLHL,55
GN-F732HBHU,55
GN-F782HFHL,55
GN-F782HQHL,42
GN-G222SLCB,101
GN-G222SQCB,101
GN-G222SXCB,101
GN-G232SLCB,101
GN-G272SLCB,90
GN-G272SXCB,90
GN-G372SLCB,73
GN-G372STCM,73
GN-G372SXCB,73
GN-G382SLCB,73
GN-G462SLCB,73
GN-H392BL,67
GN-H432HEHZ,67
GN-H432HLHU,67
GN-H432HMHZ,67
GN-H432HQHZ,67
GN-H432HXHC,67
GN-H432HXHU,67
GN-H43HLHU,67
GN-H492HLHU,67
GN-H562HLHL,67
GN-H562HLHU,67
GN-H602HLHL,61
GN-H602HLHM,61
GN-H602HLHQ,61
GN-H602HLHU,61
GN-H602HQHU,61
GN-H602HXHC,61
GN-H602HXHL,61
GN-H602HXHM,61
GN-H602HXHU,61
GN-H622HLHL,61
GN-H622HLHU,61
GN-H622HQHL,61
GN-H692HLHU,61
GN-H702HEHL,55
GN-H702HEHU,55
GN-H702HEHZ,55
GN-H702HLHL,55
GN-H702HLHM,55
GN-H702HLHQ,55
GN-H702HLHU,55
GN-H702HMHL,55
GN-H702HMHU,55
GN-H702HMHZ,55
GN-H702HQHM,55
GN-H702HQHU,55
GN-H702HQHZ,55
GN-H702HXHC,55
GN-H702HXHU,55
GN-H722HFHL,55
GN-H722HLHL,61
GN-H722HLHM,61
GN-H722HLHU,61
GN-H732HLHU,55
GN-H782HLHU,55
GN-HL392BG,67
GN-HL392BS,67
GN-HL392BSN,67
GN-HL427SV,67
GN-HL460EB,65
GN-HL460PS,65
GN-HL567GB,42
GN-HL567GBN,42
GN-HL567SV,55
GN-HL567SVN,55
GN-I235DS,127
GN-IN304SL,129
GN-INV201DL,160
GN-INV304SL,129
GN-INV304SW,129
GN-INV331BK,159
GN-INV331SL,159
GN-L185PS,129
GN-L202BS,122
GN-L202PS,122
GN-L205BS,122
GN-L205PS,122
GN-L205S,127
GN-L205WB,127
GN-L208PN,101
GN-L208PS,101
GN-L208S,101
GN-L217SVN,121
GN-L222BF,96
GN-L222BS,96
GN-L222PS,96
GN-L225BF,96
GN-L225BS,96
GN-L225PS,96
GN-L225S,101
GN-L235SV,122
GN-L243SVN,97
GN-L255PN,90
GN-L255PS,90
GN-L255S,90
GN-L266SVN,92
GN-L272BF,87
GN-L272BS,87
GN-L275BF,87
GN-L275BS,87
GN-L275PS,87
GN-L295SV,96
GN-L297SV,101
GN-L304FPS,129
GN-L305SV,87
GN-L305W,87
GN-L307C,90
GN-L307SV,90
GN-L312SV,74
GN-L315PN,73
GN-L315PS,73
GN-L315S,73
GN-L332BS,73
GN-L372BE,67
GN-L372BEN,67
GN-L372CM,67
GN-L372PK,67
GN-L372PKN,67
GN-L372SV,67
GN-L392B,73
GN-L392NP,73
GN-L392SV,73
GN-L392W,73
GN-L397BS,73
GN-L397C,73
GN-L397SV,73
GN-L422GB,67
GN-L422PS,67
GN-L432BS,67
GN-L492NP,67
GN-L492SV,67
GN-L502SD,66
GN-L562NP,62
GN-L562ST,62
GN-L602BL,61
GN-L602NP,63
GN-L602PW,63
GN-L602S,61
GN-L702GB,42
GN-L702GBI,42
GN-L702S,55
GN-L702SD,42
GN-M204SAD,73
GN-M204WAD,73
GN-M208BL,101
GN-M208PS,101
GN-M255BL,90
GN-M255PS,90
GN-M312BL,74
GN-M312PS,74
GN-M315BL,73
GN-M315PS,73
GN-M332BL,73
GN-M332PS,73
GN-M347CLC,75
GN-M352CLC,75
GN-M352CLN,75
GN-M352CLQ,75
GN-M352CPC,75
GN-M352CPGN,75
GN-M352GPH,75
GN-M352GSC,75
GN-M352QVC,75
GN-M352RLCC,75
GN-M352RLCL,75
GN-M352RPHL,75
GN-M352RQQC,75
GN-M352RSC,75
GN-M352YLQK,75
GN-M352YPC,75
GN-M352YVQ,75
GN-M352YVQK,75
GN-M372RLCL,75
GN-M372RLQC,75
GN-M387CLC,73
GN-M392CLC,73
GN-M392CLN,73
GN-M392CLQ,73
GN-M392CQ,73
GN-M392CVQ,73
GN-M392GP,73
GN-M392GSC,73
GN-M392QVC,73
GN-M392QVCA,73
GN-M392RLCC,73
GN-M392RLCL,73
GN-M392RLH,73
GN-M392RLHL,73
GN-M392RLQC,73
GN-M392RLQL,73
GN-M392RQHL,73
GN-M392RQQC,73
GN-M392RSHH,73
GN-M392YLQ,73
GN-M392YLQK,73
GN-M392YPQ,73
GN-M392YQ,73
GN-M392YVQ,73
GN-M392YVQK,73
GN-M412RLCL,73
GN-M412RLHC,73
GN-M422CLC,73
GN-M422CLQ,73
GN-M422PS,67
GN-M426RLC,73
GN-M426RLQ,73
GN-M487CLC,67
GN-M492CLN,67
GN-M492CLQ,67
GN-M492CLQA,67
GN-M492CPC,67
GN-M492CPCA,67
GN-M492CPN,67
GN-M492CPQA,67
GN-M492CQ,67
GN-M492CVQA,67
GN-M492GLCC,67
GN-M492GLH,67
GN-M492GLHC,67
GN-M492GLHH,67
GN-M492GLHW,67
GN-M492GLQA,67
GN-M492GP,67
GN-M492GPCC,67
GN-M492GPH,67
GN-M492GQH,48
GN-M492GQHC,48
GN-M492GQHH,67
GN-M492GQHW,67
GN-M492GQQA,67
GN-M492GSC,67
GN-M492GSHH,67
GN-M492GVQA,67
GN-M492YC,67
GN-M492YLQ,67
GN-M492YLQA,67
GN-M492YLQK,67
GN-M492YLY,67
GN-M492YLYA,67
GN-M492YPC,67
GN-M492YPY,67
GN-M492YQ,67
GN-M492YUQS,67
GN-M492YVQ,67
GN-M496GLH,67
GN-M498GLH,67
GN-M522GPHC,67
GN-M557YPC,62
GN-M562GLHC,62
GN-M562GLHH,62
GN-M562GLHW,62
GN-M562GP,62
GN-M562GPH,62
GN-M562GPHC,62
GN-M562GQHW,62
GN-M562GQQA,62
GN-M562YLQ,62
GN-M562YLQA,62
GN-M562YLQK,62
GN-M562YLX,62
GN-M562YLYA,62
GN-M562YMQS,62
GN-M562YPQ,62
GN-M562YPY,62
GN-M562YQ,62
GN-M562YUQS,62
GN-M562YVQ,62
GN-M562YVQS,62
GN-M562YVY,62
GN-M562YX,62
GN-M602GHW,60
GN-M602GLH,60
GN-M602GLHC,60
GN-M602GPH,60
GN-M602GSH,60
GN-M602HEHM,60
GN-M602HLHL,60
GN-M602HLHM,60
GN-M602HMHM,60
GN-M602HPHL,60
GN-M602HQHM,60
GN-M602YBVS,63
GN-M602YLQ,63
GN-M602YLQK,63
GN-M602YLX,63
GN-M602YMVS,63
GN-M602YNVS,63
GN-M602YPC,63
GN-M602YPQ,63
GN-M602YQ,63
GN-M602YSX,63
GN-M602YTQ,63
GN-M602YTX,63
GN-M602YVQ,63
GN-M602YVX,63
GN-M602YX,63
GN-M607YPC,63
GN-M612YPQ,63
GN-M622HLHL,60
GN-M622HSHL,60
GN-M650GPHC,60
GN-M652GLHC,60
GN-M652GQHC,60
GN-M652YTQ,63
GN-M702GAHW,55
GN-M702GEHW,55
GN-M702GHW,55
GN-M702GLH,55
GN-M702GLHC,55
GN-M702GLHW,55
GN-M702GPH,55
GN-M702GQHC,55
GN-M702GSH,55
GN-M702GSHB,55
GN-M702GSHH,55
GN-M702HEHM,42
GN-M702HLHD,42
GN-M702HLHL,42
GN-M702HLHM,42
GN-M702HLHZ,42
GN-M702HLPL,42
GN-M702HMHM,42
GN-M702HPHM,42
GN-M702HQHL,42
GN-M702HQHM,42
GN-M702HSHM,42
GN-M722GLHB,42
GN-M722GPH,55
GN-M722HLHL,42
GN-M722HPHL,42
GN-M722HSHL,42
GN-R315FW,75
GN-R346FS,73
GN-R346FW,73
GN-R422FS,67
GN-R422FW,67
GN-R466FS,62
GN-R466FT,62
GN-R466FW,62
GN-R491FW,63
GN-R702SFAH,52
GN-S352ZVC,75
GN-S352ZVCK,75
GN-S392ZVC,73
GN-S502GSRH,67
GN-U171CLS,148
GN-U192B,146
GN-U192S,146
GN-U192SLK,146
GN-U201CLS,130
GN-U202SL,146
GN-U212RL,124
GN-U212RLK,124
GN-U212RV,124
GN-U212RVB,124
GN-U212S,128
GN-U212SL,128
GN-U222RL,124
GN-U222SL,128
GN-U232B,122
GN-U232R,122
GN-U232RL,122
GN-U232RV,122
GN-U232RVB,122
GN-U232SL,126
GN-U242RL,98
GN-U242SL,102
GN-U262RC,97
GN-U262RVC,97
GN-U262SC,97
GN-U271RL,122
GN-U291SC,93
GN-U292RC,93
GN-U292RLC,93
GN-U292RVC,93
GN-U292SC,93
GN-U292SLC,93
GN-U292SLCK,93
GN-V104RL,124
GN-V16S,146
GN-V188SL,146
GN-V191R,160
GN-V191RL,160
GN-V191RLZ,160
GN-V191SL,160
GN-V191SLK,160
GN-V191SZ,160
GN-V192SL,146
GN-V201R,159
GN-V201SL,160
GN-V202S,146
GN-V203S,160
GN-V204PP,124
GN-V204PS,129
GN-V204R,124
GN-V204RL,124
GN-V204RL2,124
GN-V204RL3,124
GN-V204RN,124
GN-V204RP,124
GN-V204RS,124
GN-V207RL,129
GN-V207RV,129
GN-V208SL,129
GN-V20S,127
GN-V212RL,129
GN-V212RLK,129
GN-V212RP,129
GN-V212SL,129
GN-V212SLB,129
GN-V212SLK,129
GN-V224RL,124
GN-V227RL,127
GN-V227RV,127
GN-V228SL,127
GN-V231R,159
GN-V231RL,159
GN-V231RLZ,136
GN-V232R,127
GN-V232RL,127
GN-V232RP,127
GN-V232S,127
GN-V232SA,127
GN-V232SL,127
GN-V232SLC,127
GN-V262RC,97
GN-V262RCA,97
GN-V262RCS,97
GN-V262RCW,97
GN-V262RLC,97
GN-V262RLCA,97
GN-V262RLCW,97
GN-V262RPC,97
GN-V262SC,97
GN-V262SCA,97
GN-V262SCA1,97
GN-V262SCW,97
GN-V271RL,127
GN-V271SL,127
GN-V272RLC,97
GN-V273S,127
GN-V275SL,127
GN-V292RC,93
GN-V292RLC,93
GN-V292RLCA,93
GN-V292RLCK,93
GN-V292RLCW,93
GN-V292RPC,93
GN-V292S,93
GN-V292SC,93
GN-V292SCA,93
GN-V292SCA1,93
GN-V292SCS,93
GN-V292SCW,93
GN-V301RLC,93
GN-V301SC,93
GN-V301SLC,126
GN-V302RLC,93
GN-V304SL,129
GN-V306SLC,93
GN-V312RCA,93
GN-V312RLCA,93
GN-V389FQEF,73
GN-W407GSL,67
GN-W422FW,67
GN-W450UPL,67
GN-W450USL,67
GN-W515GS,60
GN-W515GSL,60
GN-W515GW,60
GN-X332PPGB,73
GN-X392PBGB,67
GN-X392PMGB,67
GN-Y200L,136
GN-Y200PS,159
GN-Y200SV,159
GN-Y201CH,160
GN-Y201CL,160
GN-Y201CLBB,160
GN-Y201CLD,160
GN-Y201CLDR,160
GN-Y201CLS,160
GN-Y201CLSR,160
GN-Y201CQS,160
GN-Y201SH,160
GN-Y201SL,160
GN-Y201SLBB,160
GN-Y201SLC,160
GN-Y201SLP,160
GN-Y201SLS,160
GN-Y201SLSR,160
GN-Y201SLZ,159
GN-Y201SP,160
GN-Y201SQ,160
GN-Y201SQBB,160
GN-Y221SL,160
GN-Y221SLC,160
GN-Y331BK,159
GN-Y331CL,159
GN-Y331CLBB,159
GN-Y331CQS,159
GN-Y331SH,136
GN-Y331SHR,136
GN-Y331SL,136
GN-Y331SLB,159
GN-Y331SLBB,159
GN-Y331SLC,136
GN-Y331SLP,136
GN-Y331SLS,159
GN-Y331SLSR,159
GN-Y331SLZ,136
GN-Y331SP,136
GN-Y331SQ,136
GN-Y331SQBB,159
GNB-462PL,73
GNB-462WL,73
GNB-463D,73
GNB-463W,73
GNB-482GVEP,74
GNB-482GVWP,74
GNB-482L,73
GNB-482W,73
GNB-532D,67
GNB-532W,67
GNB-542GVLP,79
GNB-542GVWP,73
GNB-555GL,67
GNB-556D,67
GNB-556W,67
GNB-562GVEP,67
GNB-562GVWP,67
GNB-582GVBP,67
GNB-582GVLP,67
GNB-582GVWP,67
GNB-582GVZP,67
GNB-682FVFP,65
GNB-682FVWP,65
GNB-682WVFP,65
GNB-705HW,60
GNB-705LL,60
GNB-732HGI,42
GNB-732HGL,42
GNB-732L,42
GNB-732W,42
GNB-762HGI,42
GNB-762HGL,42
GNB562YLCS1,62
GNB562YTYA1,62
GNB562YVYA1,62
GND-755HL,42
GND-755HLL,42
GNM-482LL,73
GNM-482WL,73
GNM-522LI,67
GNM-522LL,67
GNM-522WI,67
GNM-522WL,67
GNM-555HLL,67
GNM-555HWL,67
GNM-642LI,61
GNM-642LL,61
GNM-642WI,61
GNM-642WL,61
GNM-655HLCU,61
GNM-655HQCU,61
GNM-705DHL,60
GNM-705DHLL,61
GNM-705HLI,61
GNM-705HLL,61
GNM-705HWI,61
GNM-705HWL,61
GNM-732HL,42
GNM-732HLI,55
GNM-732HLL,55
GNM-732HW,42
GNM-732HWI,55
GNM-732HWL,55
GNM-755HL,42
GNM-755HW,42
GNM602YBVS1,63
GNM602YNVS1,63
GNNC090BT00,25
GNUC090BT00,51
GNV-234RL,124
GNV-234RW,124
GNY-231SLP,160
GNY-231ST,160
GNY-361SLP,136
GNY-361ST,136
GP-5D906BSL,24
GP-F324MBL,71
GP-F324PL,71
GP-R386MBL,71
GP-R386PL,71
GP20BPP,129
GP21BPP,129
GP230KAA,640
GP270PAA,640
GP280PAB,640
GP290KAA,720
GP290KAB,720
GP290PAC,640
GPS230KAA,688
GPS270PAA,640
GPS280PAA,640
GPS290PAB,688
GPT290KAA,688
GPUW160C2R,11
GPUW160C2RM,11
GPUW160CGR,11
GPUW160CGRM,11
GPUW161B2C,11
GPUW161B2CM,11
GPUW161B6C,11
GPUW161B6CM,11
GPUW161C2S,11
GPUW161C2SM,11
GPUW200C2R,11
GPUW200C2RM,11
GPUW200CGR,11
GPUW200CGRM,11
GPUW201B2C,11
GPUW201B2CM,11
GPUW201B6C,11
GPUW201B6CM,11
GPUW201C2S,11
GPUW201C2SM,11
GPUW250C2R,11
GPUW250C2RM,11
GPUW250CGR,11
GPUW250CGRM,11
GPUW251B2C,11
GPUW251B2CM,11
GPUW251B6C,11
GPUW251B6CM,11
GPUW251C2S,11
GPUW251C2SM,11
GPUW280C2R,11
GPUW280C2RM,11
GPUW280C2S,11
GPUW280C2SM,11
GPUW280CGR,11
GPUW280CGRM,11
GPUW300C2R,11
GPUW300C2RM,11
GPUW300C2S,11
GPUW300C2SM,11
GPUW300CGR,11
GPUW300CGRM,11
GPUW301B2C,11
GPUW301B2CM,11
GPUW320C2R,11
GPUW320C2RM,11
GPUW320C2S,11
GPUW320C2SM,11
GPUW320CGR,11
GPUW320CGRM,11
GR-051SA,580
GR-051SF,580
GR-051SFF,580
GR-051SNF,576
GR-051SNS,580
GR-051SSF,580
GR-051SUM,580
GR-051SW,580
GR-1094GPQF,39
GR-1094GPQM,69
GR-1094GPQV,69
GR-1137GPNF,69
GR-1137GPNM,69
GR-1137GPNV,69
GR-122SJ,217
GR-131SF,286
GR-131SFF,286
GR-131SL,286
GR-131SSF,286
GR-141SFQ,286
GR-141SLQ,286
GR-141SLW,286
GR-151SF,266
GR-151SL,266
GR-151SU,266
GR-151SUF,266
GR-151SW,266
GR-161SFQ,266
GR-161SLQ,266
GR-164SQS,180
GR-164SQW,180
GR-165SQS,180
GR-171GTU,164
GR-171GU,164
GR-181CA,180
GR-181LA,164
GR-181SA,180
GR-181SLW,180
GR-181STA,180
GR-181STW,180
GR-191TLK,160
GR-201TPPX,124
GR-204SQ,78
GR-204SQA,78
GR-205KMLG,142
GR-211DM,152
GR-211TMRX,114
GR-212DL,103
GR-212SL,128
GR-212SV,128
GR-215NPG,144
GR-220KM,144
GR-221ALL,142
GR-221KMLG,142
GR-221TMMX,124
GR-221XSG,144
GR-224SQ,78
GR-225OMC,152
GR-225OMW,152
GR-231ALLB,142
GR-232GVSP,102
GR-242MF,115
GR-242MVF,97
GR-242QP,115
GR-251BML,80
GR-251INS,36
GR-252QP,97
GR-2621W,97
GR-2622W,97
GR-262QC,97
GR-262SQ,97
GR-267EHF,24
GR-267THF,24
GR-271ALL,80
GR-272QP,92
GR-281BML,83
GR-282MF,97
GR-282SF,97
GR-289PG,81
GR-289PW,81
GR-2900WH,93
GR-2920W,93
GR-292QC,93
GR-292QLC,93
GR-292QVC,93
GR-292SLQ,93
GR-292SQ,93
GR-292SVQ,93
GR-299B,74
GR-3021W,93
GR-3022W,93
GR-302QM,81
GR-302SH,69
GR-303SVH,78
GR-304SL,129
GR-307SVH,69
GR-312MF,77
GR-3131GPNF,54
GR-3131GPNM,54
GR-3131GPNV,54
GR-3134GPNF,54
GR-3134GPNM,54
GR-3134GPNV,54
GR-3137GPNF,54
GR-3137GPNM,54
GR-3137GPNV,54
GR-322W,73
GR-322WV,73
GR-329PG,74
GR-3320W,76
GR-332SF,75
GR-332SVF,75
GR-341UFGCF,108
GR-3421W,76
GR-3423X,76
GR-344SD,71
GR-3491EW,73
GR-349SNQF,73
GR-349SQF,73
GR-349STQ,72
GR-349SVQF,73
GR-352XC,74
GR-356XC,74
GR-359SQ,72
GR-369GLQA,72
GR-369GQ,73
GR-369GQA,72
GR-372SF,73
GR-372SH,73
GR-372SL,73
GR-372SVF,73
GR-379BCA,72
GR-379BTCA,72
GR-379PG,71
GR-379TGL,70
GR-382R,48
GR-382R2,67
GR-382SH,67
GR-386SH,67
GR-3891SQA,71
GR-3893SXQ,71
GR-3894SXQ,71
GR-3899SQW,71
GR-389SLQ,72
GR-389SNQF,71
GR-389SQA,71
GR-389SQF,71
GR-389STQ,72
GR-390DFPCF,108
GR-3990W,71
GR-3991EW,71
GR-3992EW,71
GR-3993EW,71
GR-3996EX,71
GR-3998EX,71
GR-399SLQF,71
GR-399SQ,72
GR-399STQ,72
GR-399SVQ,71
GR-409GLPA,71
GR-409GPA,72
GR-409GQ,71
GR-409GQA,72
GR-409GTPA,71
GR-409GTQ,71
GR-409GTQA,72
GR-409GUPA,71
GR-409GVPA,71
GR-409GVQA,74
GR-4171GPQF,42
GR-4171GPQM,42
GR-4171GPQV,42
GR-4174GPNM,42
GR-4194LN,71
GR-419BLQA,72
GR-419BSCA,72
GR-419BVCA,72
GR-419GLCA,72
GR-419GTCA,72
GR-419GVCA,72
GR-419QQA,72
GR-419QTQA,72
GR-419QUQA,72
GR-419QVQA,72
GR-4294LN,54
GR-429GCA,71
GR-429GLR,71
GR-429GTCA,71
GR-429GTK,71
GR-429GTKA,71
GR-429GTRA,71
GR-429GVCA,71
GR-429QLQV,71
GR-429QQV,71
GR-429QTJA,71
GR-429QUJA,71
GR-429QUQA,71
GR-429QUQV,71
GR-429QVJA,71
GR-429QVQV,71
GR-432SF,67
GR-432SVF,67
GR-439BLQA,71
GR-439BLQV,71
GR-439BLQW,71
GR-439BLRV,71
GR-439BTRA,71
GR-439BUQV,71
GR-439BUQW,71
GR-439BVQA,71
GR-439BVQV,71
GR-439BVQW,71
GR-439BVRA,71
GR-456SH,67
GR-459BCA,54
GR-459BTCA,54
GR-459BTQW,54
GR-459BTRW,54
GR-459BVJV,54
GR-459BVQW,54
GR-459BVRW,54
GR-459GCA,54
GR-459GLCA,54
GR-459GLR,54
GR-459GTCA,54
GR-459GTKA,54
GR-459GUKA,54
GR-459GUKV,54
GR-459GVCA,54
GR-459GVRA,54
GR-459QLQA,54
GR-459QQA,54
GR-459QTJA,54
GR-459QTQW,54
GR-459QUJA,54
GR-459QVCA,54
GR-459QVJA,54
GR-459QVQV,54
GR-469BCA,54
GR-469BLCA,54
GR-469BLJA,54
GR-469BLQA,54
GR-469BLRA,54
GR-469BSCA,54
GR-469BSJA,54
GR-469BSQA,54
GR-469BSQV,54
GR-469BSRA,54
GR-469BTJA,54
GR-469BTKA,54
GR-469BVCA,54
GR-472G,67
GR-472QV,67
GR-482BEF,67
GR-482SF,67
GR-4D635BG,39
GR-522GV,62
GR-522Q,62
GR-526GH,42
GR-532SF,43
GR-532TF,61
GR-5510WH,75
GR-559FSDR,39
GR-562QL,61
GR-562QV,61
GR-572TF,60
GR-572TVF,42
GR-5D725SL,28
GR-5D951L,24
GR-602GV,60
GR-602QV,60
GR-608BEDID,39
GR-608WEDID,39
GR-617AGPPF,36
GR-617AGPPM,36
GR-617AGPPV,36
GR-628BINS,39
GR-628BINSE,39
GR-628INS,39
GR-628INSE,39
GR-642ALP,39
GR-642ALPK,39
GR-642AVP,39
GR-642BVC,39
GR-642BVP,39
GR-642QVP,39
GR-642TVPF,30
GR-6520YKA,39
GR-652FUPW,39
GR-652JBP,39
GR-652JLP,39
GR-652JLPK,39
GR-652JTPK,39
GR-652JVP,39
GR-652JVPK,39
GR-652QTC,39
GR-652QVPW,39
GR-702AVP,30
GR-702BVC,30
GR-712DVQF,28
GR-712JBP,30
GR-712ZLC,30
GR-726SGSCM,30
GR-728B,47
GR-728S,47
GR-729BINS,36
GR-729SINS,36
GR-730BDIS,47
GR-730BINS,47
GR-739DTC,40
GR-739GR,40
GR-762DEQF,36
GR-777GB,42
GR-777GBE,42
GR-777GBU,42
GR-819GP,26
GR-825FGPRM,27
GR-825FGSRM,27
GR-825FGTRM,27
GR-8611NS,39
GR-892DEPF,28
GR-892DEQF,28
GR-929B,24
GR-929MBINS,24
GR-930BDIS,24
GR-930BINS,24
GR-A2074FNA,50
GR-A2074FVA,50
GR-A2075FHJ,50
GR-A2075FNJ,50
GR-A2075FYA,50
GR-A2075FYJ,50
GR-A2078DSF,50
GR-A207BLQ,36
GR-A207CTB,36
GR-A207CTBA,36
GR-A207CUB,36
GR-A207CUBA,36
GR-A207CVBA,36
GR-A207WLB,36
GR-A207WPJ,36
GR-A217LGJ,36
GR-A24FDMMB,36
GR-A24FDMMJ,36
GR-A24FDMML,36
GR-A24FQAKM,36
GR-A24FQGHL,36
GR-A24FQGKL,36
GR-A24FQGMB,36
GR-A24FQSHL,36
GR-A24FQSKL,36
GR-A24FQSML,36
GR-A33FDMMJ,36
GR-A34FDMKB,36
GR-A34FDMKJ,36
GR-A408ANAZ,45
GR-A408ANBZ,45
GR-A408GNAZ,45
GR-A432HLHU,67
GR-A432HSHU,50
GR-A502HLHU,66
GR-A502HSHU,50
GR-A702HLHU,42
GR-AQC82BS,26
GR-B041SWBY,176
GR-B041SWRY,176
GR-B106ELNZ,54
GR-B197DBC,28
GR-B197DTCA,36
GR-B197DVC,36
GR-B197DVCA,36
GR-B197GBC,36
GR-B197GLC,36
GR-B197GLCA,36
GR-B197GUCK,36
GR-B197GVC,36
GR-B197GVCA,36
GR-B197GVQ,36
GR-B197QTQ,36
GR-B197QVQ,36
GR-B197RLQ,36
GR-B197WVQ,36
GR-B202RLCL,122
GR-B202SLC,122
GR-B202SLCL,122
GR-B202SQBB,127
GR-B206CVC,36
GR-B206FLQA,42
GR-B2074FBC,50
GR-B2075FBQ,50
GR-B2078DKD,50
GR-B2078DNA,50
GR-B2078DND,50
GR-B2078DNH,50
GR-B207BLJV,36
GR-B207BLQ,36
GR-B207BPJ,36
GR-B207BPQ,36
GR-B207BPQV,36
GR-B207BPQW,36
GR-B207BSJV,36
GR-B207BTQ,36
GR-B207CLC,36
GR-B207DBC,28
GR-B207DTZA,28
GR-B207DVZ,28
GR-B207DVZA,28
GR-B207EC,28
GR-B207FLC,36
GR-B207FLC3,36
GR-B207FLCA,36
GR-B207FLQA,42
GR-B207FSC,36
GR-B207FTGA,28
GR-B207FTQA,42
GR-B207FVC,36
GR-B207FVCA,36
GR-B207GLJV,36
GR-B207GLQC,36
GR-B207GLQS,36
GR-B207GLQV,36
GR-B207GPQV,36
GR-B207GSQV,36
GR-B207MGG,28
GR-B207NGG,28
GR-B207NGZ,36
GR-B207NGZA,28
GR-B207PGG,28
GR-B207RDQ,36
GR-B207RDQA,36
GR-B207RGQ,36
GR-B207TBQ,36
GR-B207TLC,36
GR-B207TLJ,36
GR-B207TLQ,36
GR-B207TLQA,42
GR-B207TTJ,36
GR-B207TTQ,36
GR-B207TUJA,36
GR-B207TVQ,36
GR-B207TVQA,36
GR-B207WBQA,36
GR-B207WLQ,36
GR-B207WLQA,36
GR-B207WLQS,36
GR-B207WPQ,36
GR-B207WTQ,36
GR-B207WVQ,36
GR-B207WVQA,36
GR-B208BLQ,36
GR-B208BVQ,36
GR-B208JQA,40
GR-B208JTA,40
GR-B209GLQV,36
GR-B209GVQV,36
GR-B214EPQC,57
GR-B2172EW,42
GR-B2173EL,42
GR-B217BPJ,36
GR-B217BSJ,36
GR-B217BUG,28
GR-B217CLC,36
GR-B217CPC,36
GR-B217LDJ,36
GR-B217LGJ,36
GR-B217LGJV,36
GR-B217LGMR,36
GR-B217LGQ,36
GR-B217WPJ,36
GR-B218JLAA,28
GR-B218JSAA,28
GR-B218JSDA,28
GR-B218JSFA,28
GR-B218JTA,28
GR-B218JTAA,28
GR-B218JTF,28
GR-B218JUDA,28
GR-B218JVAA,28
GR-B218STS,28
GR-B218USAA,28
GR-B218USAH,28
GR-B218USNZ,28
GR-B218UTA,28
GR-B218UUAV,28
GR-B21AUBAV,28
GR-B21AUNAV,28
GR-B21AUVAV,28
GR-B222RLCL,96
GR-B222SLCL,96
GR-B222SQBB,101
GR-B224EPQC,57
GR-B226ACF,28
GR-B2272EW,42
GR-B2273EL,42
GR-B2275EX,42
GR-B227BPJ,36
GR-B227BSJ,36
GR-B227BTQ,36
GR-B227FLC,36
GR-B227GF,36
GR-B227GLQS,36
GR-B227GLQV,36
GR-B227GP,36
GR-B227GS,36
GR-B227GVQS,36
GR-B227HLQV,42
GR-B227HTQA,42
GR-B227LGQ,36
GR-B227SBQ,28
GR-B227SSCA,28
GR-B227SVQ,28
GR-B227WTQ,36
GR-B227YLQA,42
GR-B228STA,28
GR-B229RNA,39
GR-B22FFLZB,51
GR-B22FTQVB,39
GR-B22MC,39
GR-B22PS,39
GR-B230RNA,40
GR-B232QM,112
GR-B2376ATW,50
GR-B2376AZT,50
GR-B238JQA,24
GR-B238JTA,26
GR-B238NKNM,28
GR-B238NSNM,30
GR-B238NSSH,30
GR-B238NSXH,30
GR-B239RSA,26
GR-B239RWA,26
GR-B240RSA,26
GR-B240RWA,26
GR-B242QL,115
GR-B242QM,115
GR-B242RSA,39
GR-B242RSAE,39
GR-B2471PAA,50
GR-B2471PKA,50
GR-B2471PSA,50
GR-B2471PTA,50
GR-B247JDS,36
GR-B247JG,36
GR-B247JP,36
GR-B247JS,36
GR-B247KQDV,36
GR-B247KWDV,36
GR-B247SLUV,36
GR-B247SLUW,36
GR-B247SQUW,36
GR-B247TLJ,26
GR-B247UPN,28
GR-B247WB,36
GR-B24FMLPL,28
GR-B24FMMPL,28
GR-B24FMQPL,28
GR-B24FMSDL,28
GR-B24FMSPL,28
GR-B24FQGJB,36
GR-B24FQGNL,36
GR-B24FQQNL,36
GR-B24FQSJB,36
GR-B24FTLDL,28
GR-B24FTLDV,28
GR-B24FTSDL,28
GR-B24FTSHL,28
GR-B24FWAHL,28
GR-B24FWCHL,28
GR-B24FWLDL,28
GR-B24FWSHL,28
GR-B24FWVFC,28
GR-B252VM,108
GR-B252VML,108
GR-B253MAJ,28
GR-B256BL,48
GR-B256JDS,48
GR-B257JDS,47
GR-B257KLJW,47
GR-B257KQDV,36
GR-B257SLLV,36
GR-B257SLUV,36
GR-B257SLWL,47
GR-B257SSQ,24
GR-B257STQ,24
GR-B257SVQ,24
GR-B257WB,47
GR-B257XPD,28
GR-B257XPN,28
GR-B258JBA,26
GR-B258JBC,26
GR-B258JTA,26
GR-B258JTC,26
GR-B258UQAH,26
GR-B258UQNP,26
GR-B258UQNZ,26
GR-B258USAH,26
GR-B258USNP,26
GR-B258USNZ,26
GR-B258UTA,26
GR-B258UTAH,26
GR-B258UTNP,26
GR-B258UTNZ,26
GR-B258UVAH,26
GR-B258UVNZ,26
GR-B259STA,26
GR-B25ASTJ,24
GR-B25AUQA,26
GR-B25AUQAH,26
GR-B25AUQNP,26
GR-B25AUSA,26
GR-B25AUSAH,26
GR-B25AUSNP,26
GR-B25AUTJ,24
GR-B25AUVAH,26
GR-B25AUVNP,26
GR-B261MAJ,26
GR-B261MAW,26
GR-B262QM,89
GR-B264MAJ,26
GR-B264MAW,26
GR-B265MAJ,24
GR-B265MM,24
GR-B267DBQ,24
GR-B267FBN,24
GR-B267FBQ,24
GR-B267FPJ,24
GR-B267FSN,24
GR-B267FTN,24
GR-B267JQYL,47
GR-B267KLJW,47
GR-B267SLWL,47
GR-B267SQYL,47
GR-B268NSJY,26
GR-B26GFSJH,28
GR-B271W,90
GR-B272RLNL,87
GR-B272SLCG,87
GR-B272SQCB,90
GR-B274SLCL,96
GR-B2757PZ,90
GR-B276VPX,108
GR-B277SSQ,24
GR-B279SLA,24
GR-B279STA,26
GR-B279SVA,24
GR-B27BGSRH,40
GR-B280QM,92
GR-B282SLCL,96
GR-B282VML,83
GR-B288KQAP,24
GR-B288NQUM,24
GR-B288NSUM,24
GR-B28ANSPP,24
GR-B292RLMC,77
GR-B292RLTL,77
GR-B292SLHG,91
GR-B292SLHR,91
GR-B297FBN,24
GR-B297FBQ,24
GR-B297XLD,24
GR-B297XPN,24
GR-B298NLGH,26
GR-B298NLNH,26
GR-B298NSSH,26
GR-B29FFLZB,51
GR-B29FTLPL,39
GR-B29FTLVB,39
GR-B29FTQFL,39
GR-B302JM,78
GR-B302QM,78
GR-B302SLHL,80
GR-B302SLTG,91
GR-B302SPHL,80
GR-B302SQHL,80
GR-B302SQTG,91
GR-B305PS,73
GR-B30FFGPB,30
GR-B30GFKJH,26
GR-B310SLHL,80
GR-B310SQHL,80
GR-B312PLGB,74
GR-B312RLMC,77
GR-B312RLML,77
GR-B312RQMC,77
GR-B312RQML,77
GR-B312SLCL,87
GR-B312VML,83
GR-B315RLHL,91
GR-B315RLTG,91
GR-B315RQHL,91
GR-B315RQTG,91
GR-B318LQTM,24
GR-B318LSJM,24
GR-B318LSTM,24
GR-B318SS,24
GR-B31FMLDL,24
GR-B31FMLPL,24
GR-B31FTLHL,24
GR-B328KLRH,26
GR-B328KLTH,26
GR-B32PGLRH,26
GR-B32PGLTH,26
GR-B32PGSTH,26
GR-B330S,73
GR-B332JM,78
GR-B332PLGB,73
GR-B332RLMC,75
GR-B332RLML,75
GR-B332RQMC,75
GR-B332RQML,75
GR-B333TLRU,45
GR-B333WLRL,44
GR-B333WLRU,45
GR-B334TSRU,45
GR-B335FFCH,45
GR-B336VMX,78
GR-B340INVS,73
GR-B340VL,78
GR-B3421W,76
GR-B342PLGB,79
GR-B342VML,76
GR-B342VMX,76
GR-B34FFCDB,47
GR-B34FTLHL,24
GR-B350QM,78
GR-B352CLQA,75
GR-B352CSC,75
GR-B352QB,77
GR-B352QM,76
GR-B352RLCC,75
GR-B352RLMC,73
GR-B352RLML,73
GR-B352RPCI,73
GR-B352RPVI,73
GR-B352RQCC,75
GR-B352RQMC,73
GR-B352RQML,73
GR-B352VT,76
GR-B352YC,75
GR-B352YCK,75
GR-B352YLC,75
GR-B352YVC,75
GR-B354SLCL,87
GR-B354SLCR,87
GR-B354SQCB,90
GR-B355PLMB,81
GR-B359BLQA,73
GR-B359BQA,73
GR-B359PLQ,73
GR-B359PLQA,73
GR-B359PQA,73
GR-B359PTQA,73
GR-B359PVQA,73
GR-B362C,75
GR-B362CC,75
GR-B362CLC,75
GR-B362CLCA,75
GR-B362VL,76
GR-B362YLC,75
GR-B369NLRM,73
GR-B369NQRM,73
GR-B369PLQA,73
GR-B369PQA,73
GR-B370INVS,72
GR-B370RLML,73
GR-B370VMX,76
GR-B370VP,76
GR-B372PLGB,67
GR-B372RLCG,73
GR-B372SLCG,73
GR-B372SQCB,73
GR-B372VM,76
GR-B374BG,71
GR-B374WG,71
GR-B379PLQ,73
GR-B379SLQK,73
GR-B379SLQL,73
GR-B379SLQZ,73
GR-B380PLGB,74
GR-B382RLGC,73
GR-B382RLTL,73
GR-B382RQGC,73
GR-B386VMX,76
GR-B389SLCK,73
GR-B389SLCW,73
GR-B389SLCZ,73
GR-B389SVQK,73
GR-B389SVQZ,73
GR-B3920W,73
GR-B3925T,73
GR-B392CC,73
GR-B392CLC,73
GR-B392CLQA,73
GR-B392CQC,73
GR-B392DM,71
GR-B392PLGB,67
GR-B392RLCC,73
GR-B392RLHL,73
GR-B392RLVC,72
GR-B392RQCC,73
GR-B392RQHL,73
GR-B392RQVC,72
GR-B392YC,73
GR-B392YCF,73
GR-B392YCK,73
GR-B392YLC,73
GR-B392YLCA,73
GR-B392YVC,73
GR-B392YVCA,73
GR-B395PLGB,92
GR-B399BLQ,71
GR-B399BLQA,71
GR-B399BLQK,73
GR-B399BTQ,71
GR-B399BVQ,71
GR-B399BVQA,71
GR-B399PLCA,71
GR-B399PLQ,71
GR-B399PLQA,71
GR-B399PQA,71
GR-B399PTQA,71
GR-B399PVQA,71
GR-B399SLQZ,73
GR-B399SQQZ,73
GR-B400S,67
GR-B401ELDZ,54
GR-B401ELMZ,54
GR-B401ELNL,54
GR-B401ELNZ,54
GR-B401ELSZ,69
GR-B401EVDZ,54
GR-B401EVSZ,54
GR-B401MLNL,54
GR-B401MLNZ,54
GR-B401MSNU,54
GR-B401MSNX,54
GR-B401MVSZ,60
GR-B402CC,73
GR-B402CLC,73
GR-B402CLCA,73
GR-B402PLGB,73
GR-B402RLCJ,73
GR-B402RLCL,73
GR-B402RQCL,73
GR-B402SQCB,73
GR-B402YLC,73
GR-B403RLCH,73
GR-B404ELDZ,54
GR-B404ELNL,54
GR-B404ELNZ,69
GR-B404ELSZ,69
GR-B404ESNN,69
GR-B404ESNV,69
GR-B404EVDZ,54
GR-B404EVNN,54
GR-B404EVNZ,54
GR-B404EVSZ,54
GR-B404MASV,54
GR-B404MLNZ,54
GR-B404MSNU,54
GR-B404MSSV,54
GR-B404MVSV,54
GR-B404MVSZ,54
GR-B404RLCC,54
GR-B404SQCL,73
GR-B405PLGB,92
GR-B405PS,67
GR-B409BLQ,71
GR-B409BTQA,71
GR-B409PLQA,71
GR-B409PTQW,71
GR-B409PVQA,71
GR-B409SLQK,71
GR-B40CSGRJ,42
GR-B40CSSRJ,42
GR-B410JM,76
GR-B410QM,76
GR-B410RLHL,73
GR-B410RQHL,73
GR-B412SQCL,67
GR-B413PSJ1,28
GR-B413PSJM,28
GR-B413PSJU,28
GR-B414ELFM,71
GR-B414EQFM,71
GR-B414MSNX,54
GR-B414TSFL,28
GR-B414TSFU,28
GR-B415FFCH,28
GR-B419BLQK,71
GR-B419BSQ,71
GR-B419BVQ,71
GR-B419BVQK,71
GR-B419SLQK,71
GR-B419WLQK,71
GR-B422PLBM,77
GR-B422RLHL,72
GR-B422RLVC,72
GR-B422RQHL,72
GR-B422RQVC,72
GR-B4298LB,71
GR-B429BLQ,71
GR-B429BLQA,71
GR-B429BLQK,71
GR-B429BLQN,71
GR-B429BLQW,71
GR-B429BNRW,71
GR-B429BPQA,71
GR-B429BQA,71
GR-B429BQN,71
GR-B429BSCA,71
GR-B429BSQ,71
GR-B429BSQZ,54
GR-B429BTCA,71
GR-B429BTJA,71
GR-B429BTQA,71
GR-B429BTQV,71
GR-B429BTQW,71
GR-B429BTRA,71
GR-B429BUCA,71
GR-B429BVCA,71
GR-B429BVGA,71
GR-B429BVJA,71
GR-B429BVQ,71
GR-B429BVQA,71
GR-B429BVQN,71
GR-B429BVRA,71
GR-B429LZ,54
GR-B42BSGRJ,42
GR-B432HLCL,67
GR-B432RLCC,73
GR-B432RLCL,73
GR-B432RLCN,72
GR-B432RQCC,73
GR-B439BGA,71
GR-B439BQA,71
GR-B439BVFW,71
GR-B439BVRW,71
GR-B439SLCK,73
GR-B439SLQZ,71
GR-B439SVQK,71
GR-B440INVS,67
GR-B440INVW,67
GR-B444XL,67
GR-B445XE,48
GR-B449BSQW,71
GR-B449SLCZ,73
GR-B449SLQZ,71
GR-B450RLHL,72
GR-B450RQHL,72
GR-B450YL,69
GR-B452PGFK,65
GR-B454RLCC,72
GR-B4591WHT,54
GR-B4595ACM,54
GR-B459BAGZ,54
GR-B459BLCA,54
GR-B459BLJV,54
GR-B459BLQA,71
GR-B459BLQV,54
GR-B459BNFW,54
GR-B459BNGZ,54
GR-B459BSCA,54
GR-B459BSGW,54
GR-B459BSGZ,54
GR-B459BSJA,54
GR-B459BSJV,54
GR-B459BSKA,54
GR-B459BSQA,54
GR-B459BSQV,54
GR-B459BSQW,54
GR-B459BTJA,54
GR-B459BTJW,54
GR-B459BTKA,54
GR-B459BTQA,54
GR-B459BTRA,54
GR-B459BUJA,54
GR-B459BUJV,54
GR-B459BUQW,54
GR-B459BVCA,54
GR-B459BVCW,54
GR-B459BVGZ,54
GR-B459BVJA,54
GR-B459BVJV,54
GR-B459BVJW,54
GR-B459BVQA,54
GR-B459BVQW,54
GR-B459BVSP,54
GR-B459BVTP,54
GR-B459FMFW,71
GR-B459FQFW,71
GR-B459FVFW,71
GR-B469BBQW,54
GR-B469BKGZ,54
GR-B469BKQW,54
GR-B469BLGV,54
GR-B469BLGZ,54
GR-B469BLQW,54
GR-B469BLRW,54
GR-B469BNFW,54
GR-B469BNGZ,54
GR-B469BNRW,54
GR-B469BSGA,54
GR-B469BSGW,54
GR-B469BSGZ,54
GR-B469BSKA,54
GR-B469BSQA,54
GR-B469BSQW,54
GR-B469BTGA,54
GR-B469BTJA,54
GR-B469BTKA,54
GR-B469BTQA,54
GR-B469BVGW,54
GR-B469BVGZ,54
GR-B469BVKA,54
GR-B469BVQA,54
GR-B469BVQW,54
GR-B469BVRW,54
GR-B469BVSP,54
GR-B469BVTP,54
GR-B470BE,55
GR-B470BF,62
GR-B470DM,69
GR-B471BF,62
GR-B472Q,67
GR-B479BF,62
GR-B479BLCZ,60
GR-B479BLQA,71
GR-B479BNCW,60
GR-B479BNCZ,71
GR-B479BSCW,60
GR-B479BSCZ,60
GR-B479BVCW,60
GR-B479BVCZ,71
GR-B479FMFW,71
GR-B479FMNW,71
GR-B479NLDZ,60
GR-B479NLJM,71
GR-B479NLJZ,71
GR-B479NQDM,60
GR-B479NQLM,60
GR-B47FMLAE,55
GR-B480YM,70
GR-B482YC,67
GR-B485INVS,61
GR-B485INVW,61
GR-B486INVS,66
GR-B486IVSU,66
GR-B489FMGW,71
GR-B489FS7W,71
GR-B48FPLAM,51
GR-B492CC,67
GR-B492CLC,67
GR-B492CLCA,67
GR-B492CLPA,67
GR-B492GGC,67
GR-B492GGCA,67
GR-B492GGCC,67
GR-B492GLCA,67
GR-B492GLCC,67
GR-B492GLCL,67
GR-B492GLHX,67
GR-B492GLPA,48
GR-B492SQCL,67
GR-B492YC,67
GR-B492YCA,67
GR-B492YCF,67
GR-B492YLC,67
GR-B492YLCA,67
GR-B492YLQA,67
GR-B492YPCW,67
GR-B492YQA,67
GR-B492YVC,67
GR-B492YVCA,67
GR-B492YVQA,67
GR-B493GGCH,67
GR-B493GLCH,67
GR-B493MS,42
GR-B498GGC,67
GR-B499BAQZ,54
GR-B499BLQW,54
GR-B499BLQZ,60
GR-B499BNQW,60
GR-B499BNQZ,60
GR-B499BSQW,60
GR-B499BSQZ,60
GR-B499BTQW,60
GR-B499BVQW,60
GR-B499BVQZ,60
GR-B499FMGW,60
GR-B499FS6W,60
GR-B499NQDM,71
GR-B499NQLA,71
GR-B499NQLM,71
GR-B500YVC,67
GR-B501GLQ,67
GR-B501GLQ1,67
GR-B502C,67
GR-B502CLC,67
GR-B502CPC,67
GR-B502GLQ,67
GR-B502GLQW,67
GR-B502GQQW,67
GR-B502GSQ,67
GR-B502GVQW,67
GR-B502GVTW,67
GR-B505ELRZ,54
GR-B507GSQ,67
GR-B507GSQ1,67
GR-B507PQAM,48
GR-B509FMFW,54
GR-B509FMVW,54
GR-B509FQFW,54
GR-B509FVFW,54
GR-B50BL,39
GR-B510YM,69
GR-B519ELQZ,67
GR-B519ESQZ,67
GR-B519NLCZ,67
GR-B519UZ,67
GR-B522GBHL,67
GR-B522GBPL,67
GR-B522GLH,67
GR-B522GLHL,67
GR-B522GLPL,67
GR-B522GQH,67
GR-B522GQHL,67
GR-B522MQBM,67
GR-B522Q,62
GR-B528YC,67
GR-B528YLC,67
GR-B528YVC,67
GR-B529NLCM,67
GR-B53MB,39
GR-B53PS,39
GR-B542HLCL,67
GR-B550YC,67
GR-B550YLC,67
GR-B555PS,67
GR-B555SW,67
GR-B559EVQZ,62
GR-B562GLCL,61
GR-B562GLCX,62
GR-B562GLHX,61
GR-B562Q,61
GR-B562QL,61
GR-B562QV,61
GR-B562YC,61
GR-B562YCA,62
GR-B562YLC,62
GR-B562YLCA,62
GR-B562YPCW,62
GR-B562YQA,62
GR-B562YVC,62
GR-B562YVCA,62
GR-B562YVQA,62
GR-B562YVSW,62
GR-B565DG,67
GR-B572YC,61
GR-B572YPC,62
GR-B579PLCV,62
GR-B582YC,61
GR-B589BLCZ,62
GR-B589BQAM,62
GR-B589BQAZ,62
GR-B589BQCM,62
GR-B589BQCZ,62
GR-B58S,36
GR-B592GCC,67
GR-B592GGC,67
GR-B592GLCC,67
GR-B598YC,62
GR-B598YLC,62
GR-B598YTC,62
GR-B598YVC,62
GR-B600GLH,61
GR-B600GLHL,61
GR-B600GQH,61
GR-B600GQHL,61
GR-B602GLC,60
GR-B602GLCA,60
GR-B602GLCC,60
GR-B602GLPW,60
GR-B602GSPC,60
GR-B602HLCL,60
GR-B602Q,60
GR-B602QV,60
GR-B602YC,63
GR-B602YLC,63
GR-B602YLCA,63
GR-B602YVC,60
GR-B602YVCA,63
GR-B608BDID,39
GR-B608S,39
GR-B608WDID,39
GR-B612YC,60
GR-B612YLC,60
GR-B613GLCC,60
GR-B613GLCL,60
GR-B618S,39
GR-B618SE,39
GR-B620YC,62
GR-B620YLC,62
GR-B622GCC,62
GR-B622HLCL,66
GR-B622HPCL,66
GR-B625PS,61
GR-B625SW,61
GR-B627GLCX,67
GR-B627GQCX,67
GR-B628BE,51
GR-B628YC,63
GR-B628YLC,63
GR-B628YTC,63
GR-B628YVC,63
GR-B629ELQN,62
GR-B631GLQ,65
GR-B631GLQ1,65
GR-B632GLQ,65
GR-B632GLQW,65
GR-B632GQQW,65
GR-B632GSQ,65
GR-B632GSQW,65
GR-B632GSTW,65
GR-B632GVQW,65
GR-B632GVTW,65
GR-B637GLCX,62
GR-B637GQCX,62
GR-B637GSQ,65
GR-B637GSQ1,65
GR-B639NLCM,62
GR-B642PFFQ,65
GR-B642PGFK,65
GR-B6470S,60
GR-B6470W,60
GR-B647GLCX,60
GR-B647GQCX,60
GR-B650GBHL,60
GR-B650GBP,60
GR-B650GBPL,60
GR-B650GLH,60
GR-B650GLHL,60
GR-B650GLP,60
GR-B650GLPL,60
GR-B650GQH,60
GR-B650GQHL,60
GR-B650GSP,60
GR-B650YC,61
GR-B650YLC,60
GR-B6521VCM,51
GR-B652AV,65
GR-B652GCC,60
GR-B652JBP,39
GR-B652JLP,39
GR-B652JLPK,39
GR-B652JTP,39
GR-B652JUPW,39
GR-B652JVP,39
GR-B652JVPW,39
GR-B652PGFK,65
GR-B652QC,39
GR-B652QVC,39
GR-B652YBBW,51
GR-B652YBPK,39
GR-B652YBQW,39
GR-B652YBS,51
GR-B652YBSW,39
GR-B652YBVW,39
GR-B652YC,39
GR-B652YCF,39
GR-B652YCQW,39
GR-B652YLB,39
GR-B652YLBK,39
GR-B652YLC,39
GR-B652YLCK,39
GR-B652YLPK,39
GR-B652YLPW,39
GR-B652YLQ,39
GR-B652YLS,51
GR-B652YLSA,39
GR-B652YLSK,39
GR-B652YLSW,39
GR-B652YNBW,39
GR-B652YNSW,39
GR-B652YPSV,39
GR-B652YPW,39
GR-B652YPXW,39
GR-B652YSB,39
GR-B652YSCK,51
GR-B652YSK,39
GR-B652YSP,39
GR-B652YSPK,39
GR-B652YSSV,51
GR-B652YSSW,51
GR-B652YSV,39
GR-B652YSW,39
GR-B652YSYW,39
GR-B652YTSK,39
GR-B652YTSV,51
GR-B652YTSW,51
GR-B652YTYK,39
GR-B652YUSW,39
GR-B652YVBK,39
GR-B652YVBW,51
GR-B652YVC,39
GR-B652YVPK,39
GR-B652YVQK,39
GR-B652YVQW,39
GR-B652YVS,39
GR-B652YVSA,39
GR-B652YVSK,39
GR-B652YVSW,51
GR-B652YVVW,39
GR-B655PS,60
GR-B655SW,60
GR-B660LP,67
GR-B660LW,67
GR-B662YBS,39
GR-B662YVC,39
GR-B6681SE,65
GR-B672GBPR,60
GR-B672GLPL,60
GR-B6770S,42
GR-B6770W,42
GR-B677GLCX,55
GR-B68S,26
GR-B690LP,66
GR-B690LW,66
GR-B702GCC,55
GR-B702GLCA,55
GR-B702GLCC,55
GR-B702GLPC,55
GR-B702GLPW,55
GR-B702GQC,55
GR-B702GSPC,55
GR-B702HLCL,42
GR-B702HLPL,42
GR-B708S,28
GR-B708XL,28
GR-B709DID,28
GR-B709GDID,28
GR-B709XDID,28
GR-B712ACM,38
GR-B712JVP,30
GR-B712QC,30
GR-B712YC,38
GR-B712YLB,30
GR-B712YLC,30
GR-B712YLP,30
GR-B712YLS,30
GR-B712YNSW,30
GR-B712YSSW,38
GR-B712YTB,30
GR-B712YTS,30
GR-B712YVB,30
GR-B712YVS,30
GR-B712YVSA,30
GR-B717SU,66
GR-B718MB,28
GR-B718XL,28
GR-B734SV,26
GR-B742YLC,30
GR-B750YC,55
GR-B750YLC,55
GR-B752PLBM,63
GR-B755PS,42
GR-B755SW,42
GR-B762AV,51
GR-B762GBC,51
GR-B762GBCC,51
GR-B762GBPX,51
GR-B762GLCC,51
GR-B762GLPC,51
GR-B762GLPW,51
GR-B762GLPX,51
GR-B762GLTW,51
GR-B762GSC,51
GR-B762GSCC,51
GR-B762GSP,51
GR-B762GSPC,51
GR-B762GSPH,51
GR-B762GSPN,51
GR-B762GSPX,51
GR-B762GSTH,51
GR-B762GSTK,51
GR-B762GSTW,51
GR-B762GVC,51
GR-B762GVCC,51
GR-B762GVTW,51
GR-B762HBPM,51
GR-B762HLCL,51
GR-B762HLCM,51
GR-B762HLPC,51
GR-B762HLPL,51
GR-B762HLPM,51
GR-B762HQCM,51
GR-B762HQPM,51
GR-B762HSPM,51
GR-B762HVPM,51
GR-B763AV,51
GR-B765AV,51
GR-B767LP,55
GR-B767LW,55
GR-B772GSPH,51
GR-B772GSPN,51
GR-B782GBC,51
GR-B782GBCC,51
GR-B782GSC,51
GR-B782GSCC,51
GR-B782GSPC,51
GR-B782HLCL,51
GR-B782HLCM,51
GR-B802AV,51
GR-B802GBC,51
GR-B802GBCC,51
GR-B802GBPB,51
GR-B802GBPX,51
GR-B802GLP,51
GR-B802GLPC,51
GR-B802GLPX,51
GR-B802GNTW,51
GR-B802GSC,51
GR-B802GSCC,51
GR-B802GSP,51
GR-B802GSPB,51
GR-B802GSPC,51
GR-B802GSPH,51
GR-B802GSPN,51
GR-B802GSPW,51
GR-B802GSPX,51
GR-B802GSTW,51
GR-B802GVC,51
GR-B802GVCC,51
GR-B802GVP,51
GR-B802HBCL,51
GR-B802HBCM,51
GR-B802HBPL,51
GR-B802HBPM,51
GR-B802HLCL,51
GR-B802HLCM,51
GR-B802HLPL,51
GR-B802HLPM,51
GR-B802HMPM,51
GR-B802HQCL,51
GR-B802HQCM,51
GR-B802HQPM,51
GR-B802HSPL,51
GR-B802HSPM,51
GR-B802HVPM,51
GR-B803AV,51
GR-B803GSP,51
GR-B805AV,51
GR-B812GSPH,51
GR-B812GSPN,51
GR-B822GBC,51
GR-B822GBCC,51
GR-B822GBPB,51
GR-B822GSC,51
GR-B822GSCC,51
GR-B822GSPB,51
GR-B822GSPC,51
GR-B822HBCL,51
GR-B822HBCM,51
GR-B822HBPL,51
GR-B822HBPM,51
GR-B822HLCM,51
GR-B822HLPL,51
GR-B822HLPM,51
GR-B822HSPL,51
GR-B822HSPM,51
GR-B822HSPR,51
GR-B842HLPL,51
GR-B852GSPC,51
GR-B872HBPL,51
GR-B872HLPL,51
GR-B903SQCC,24
GR-B903SSCC,24
GR-B909DID,24
GR-B909S,24
GR-B919S,24
GR-BL65M,28
GR-BL65S,28
GR-BL68M,28
GR-BL78M,24
GR-BL78SV,24
GR-BL84M,24
GR-BLF61BE,36
GR-C201SLZB,159
GR-C2075TBQ,50
GR-C2075THE,50
GR-C2075THJ,50
GR-C2075TNJ,50
GR-C2075TTE,50
GR-C2075TYE,50
GR-C2075TYJ,50
GR-C2078DSF,50
GR-C207BLJ,36
GR-C207FLC,36
GR-C207FLQ,36
GR-C207FTQA,42
GR-C207GSQV,36
GR-C207TLQ,36
GR-C207TVQA,36
GR-C207WLJ,36
GR-C207WLQA,36
GR-C207WTQA,36
GR-C207WVQA,36
GR-C217BUG,28
GR-C217LGJ,36
GR-C218UGL,28
GR-C222SLCN,101
GR-C222SQCN,101
GR-C222SWCN,101
GR-C222SXCN,101
GR-C2274NFG,50
GR-C2274NRG,50
GR-C2275NFK,50
GR-C2275NRK,50
GR-C227FLQ,36
GR-C227SSD,28
GR-C227STJ,28
GR-C227ZDG,28
GR-C2376ATT,50
GR-C2378NUY,50
GR-C247ALQN,36
GR-C247DGN,26
GR-C247JYL,26
GR-C247TLJ,26
GR-C247UPN,28
GR-C257ALQN,36
GR-C257SPJ,24
GR-C257STJ,24
GR-C257SUJ,24
GR-C257XPN,28
GR-C267FPJ,24
GR-C267FSN,24
GR-C267FTN,24
GR-C272SLCN,90
GR-C272SQCN,90
GR-C272SWCN,90
GR-C272SXCN,90
GR-C297XPN,24
GR-C312SLBN,77
GR-C331SLZB,136
GR-C342SLBB,80
GR-C354SLCN,90
GR-C362MG,75
GR-C362RLBN,73
GR-C362RQBN,73
GR-C362S,75
GR-C372SLCN,73
GR-C372SQCN,73
GR-C372SWCN,73
GR-C372SXCN,73
GR-C380RLBN,73
GR-C382RLBN,73
GR-C382RQBN,73
GR-C402MG,73
GR-C402RLCN,73
GR-C402RQCN,73
GR-C402S,73
GR-C402SLCN,73
GR-C420RLCN,73
GR-C420RQCN,73
GR-C422SGCN,67
GR-C422SLCN,67
GR-C432HLCN,67
GR-C432HLCU,67
GR-C432RLCN,72
GR-C432RQCN,72
GR-C460RLCN,72
GR-C460RQCN,72
GR-C502HLCM,67
GR-C502HLCU,67
GR-C502MG,67
GR-C502S,67
GR-C532HLCN,67
GR-C532HQCN,67
GR-C539HLCN,67
GR-C539HQCN,67
GR-C552HLCU,67
GR-C559HLCL,67
GR-C559HQCL,67
GR-C572MG,62
GR-C619HLCL,66
GR-C639HLCL,66
GR-C639HWCL,66
GR-C802HBCM,51
GR-C802HBCU,51
GR-C802HLCL,51
GR-C802HLCM,51
GR-C802HLCU,51
GR-C802HLGM,39
GR-C802HQCL,51
GR-C802HQCM,51
GR-C802HQCU,51
GR-C812HLGM,39
GR-C832HBCU,51
GR-C842HBCM,51
GR-C842HBCU,51
GR-D1002DID,24
GR-D22MB,39
GR-D22MBI,39
GR-D247JDS,36
GR-D247JS,36
GR-D247MC,36
GR-D24FBGHL,28
GR-D24FBGLB,28
GR-D24FBGZL,28
GR-D24FWAHZ,28
GR-D24FWCHL,28
GR-D257JS,47
GR-D257MC,47
GR-D257SL,28
GR-D257WB,47
GR-D267DTU,24
GR-D267FTU,24
GR-D27AFKB,50
GR-D27NFZB,50
GR-D29AFKB,50
GR-D29NFZB,50
GR-D305MC,73
GR-D305PS,73
GR-D30PJUH,50
GR-D30PJYN,50
GR-D30PJYS,50
GR-D30PLPM,50
GR-D30PLVM,50
GR-D31FBGHL,24
GR-D31FTKHL,24
GR-D31FWCHL,24
GR-D32AFKB,50
GR-D34FBGCL,24
GR-D34FBGHL,24
GR-D34FBGHM,24
GR-D34FBGJM,24
GR-D35FBGHL,24
GR-D36FBGHL,24
GR-D37FBGHL,24
GR-D400BL,67
GR-D400S,67
GR-D405MC,67
GR-D405PS,67
GR-D429BTZA,71
GR-D429BVZA,71
GR-D432HLAL,67
GR-D439BSGW,71
GR-D459BNGW,54
GR-D459BSGW,54
GR-D502HLAL,66
GR-D502TK,67
GR-D542HLAL,67
GR-D552HLHU,67
GR-D602HLAL,66
GR-D612HLHU,66
GR-D702HLAL,42
GR-D702HLAM,42
GR-D702HSAL,42
GR-D730SL,28
GR-D82B,24
GR-D82R,24
GR-D907SL,24
GR-DB78G,24
GR-DB78N,24
GR-DB78W,24
GR-DBF70W,28
GR-DBF80G,24
GR-DBF80N,24
GR-DBF85S,24
GR-DBFL88ST,24
GR-DL62SV,30
GR-DL80SV,24
GR-DL80W,24
GR-DL81SV,24
GR-DL88SV,24
GR-DL88W,24
GR-DP73S,24
GR-DP78N,24
GR-DP78S,24
GR-DPL80N,24
GR-E306RLVC,77
GR-E306RQVC,77
GR-E316RLVL,77
GR-E316RQVL,77
GR-E346RLVC,75
GR-E346RQVC,75
GR-E356RLVL,75
GR-E356RQVL,75
GR-E376RLVC,73
GR-E376RQVC,73
GR-E386RLVL,73
GR-E386RQVL,73
GR-E406RLVC,72
GR-E406RQVC,72
GR-E446RLVC,72
GR-E446RQVC,72
GR-F217NS,36
GR-F218JLKA,28
GR-F218JLTA,28
GR-F218JSKA,28
GR-F218JSTA,28
GR-F218JTKA,28
GR-F218JTT,28
GR-F218JTTA,28
GR-F218JUKA,28
GR-F218JUTA,28
GR-F218JVTA,28
GR-F218ULJA,36
GR-F218USKH,28
GR-F218UTJA,28
GR-F229RNK,40
GR-F230RNK,40
GR-F258JTK,26
GR-F258JTT,26
GR-F258JVK,26
GR-F258JVT,26
GR-F258JVTA,26
GR-F258USKH,26
GR-F258UTK,26
GR-F258UVK,26
GR-F259XTK,26
GR-F288NKSM,26
GR-F288NSSM,26
GR-F298NKSH,26
GR-F298NKSM,26
GR-F298NLSH,26
GR-F298NLSM,26
GR-F298NSSH,26
GR-F298NSSM,26
GR-F29ANKSH,26
GR-F29ANSSH,26
GR-F29ANSSM,26
GR-F399BLQA,71
GR-F399BTQ,71
GR-F399BTQA,71
GR-F399BVQ,71
GR-F399BVQA,71
GR-F401ELDZ,54
GR-F401ELMZ,54
GR-F401ELNL,69
GR-F401ELNZ,54
GR-F401ELSZ,54
GR-F401ESNW,69
GR-F401ESNX,69
GR-F401EVDZ,54
GR-F401EVNL,54
GR-F401EVNX,54
GR-F401EVNZ,54
GR-F401MASZ,54
GR-F401MSNU,54
GR-F401MSSW,54
GR-F401MSSZ,54
GR-F401MVSW,54
GR-F411ELDM,71
GR-F411EQDM,71
GR-F419BSQ,71
GR-F419BTQA,71
GR-F419BVQ,71
GR-F419SLQK,71
GR-F419SVQK,71
GR-F4290BQA,71
GR-F429BLC,71
GR-F429BLCK,71
GR-F429BLQ,71
GR-F429BLQA,71
GR-F429BLQK,71
GR-F429BLQN,71
GR-F429BSQ,71
GR-F429BTJA,71
GR-F429BTQA,71
GR-F429BVJA,71
GR-F429BVQ,71
GR-F429BVQA,71
GR-F429BVQK,71
GR-F429BVQN,71
GR-F429BVRA,71
GR-F429SLQZ,71
GR-F439BSFW,71
GR-F439BTQA,71
GR-F439BVQA,71
GR-F449BSQW,71
GR-F459BLQA,54
GR-F459BLQW,54
GR-F459BSKA,54
GR-F459BTJA,54
GR-F459BTKA,54
GR-F459BTRA,54
GR-F459BUCA,54
GR-F459BUJA,54
GR-F459BUJV,54
GR-F459BUJW,54
GR-F459BVQA,54
GR-F469BKRW,54
GR-F469BLGV,54
GR-F469BLQW,54
GR-F469BNFW,54
GR-F469BSCA,54
GR-F469BSFW,54
GR-F469BSJA,54
GR-F469BSJV,54
GR-F469BSJW,54
GR-F469BSRW,54
GR-F469BTFA,54
GR-F479BKRW,54
GR-F479BNCW,60
GR-F479BNQW,60
GR-F479BSRW,54
GR-F499BNKW,60
GR-F499BNKZ,60
GR-F499BNQW,60
GR-F499BSKW,60
GR-F501ELDZ,54
GR-F532HLHN,67
GR-F559PLDZ,62
GR-F579ESDV,62
GR-F579ESDZ,62
GR-F589BLCM,62
GR-F589BLCZ,62
GR-F589BQAM,62
GR-F589BQAZ,62
GR-F589BQCM,62
GR-F679HLHL,66
GR-F762HBHU,51
GR-F762HLHU,51
GR-F762HVHU,51
GR-F802HBHM,51
GR-F802HBHU,51
GR-F802HLHJ,51
GR-F802HLHM,51
GR-F802HLHU,51
GR-F802HMHU,51
GR-F802HMHZ,51
GR-F802HQHU,51
GR-F802HSHU,51
GR-F802HVHJ,51
GR-F802HVHM,51
GR-F80HLHU,51
GR-F822HLHM,51
GR-F822HLHU,51
GR-F832HBHU,51
GR-F832HLHM,51
GR-F832HLHU,51
GR-F842HBHU,51
GR-F842HLHU,51
GR-F872HLHU,51
GR-F872HQHU,51
GR-F882HBHM,51
GR-F882HBHU,51
GR-F882HLHM,51
GR-F882HLHU,51
GR-F882HQHU,51
GR-FL40MS,71
GR-FL40SV,54
GR-G217BTHV,28
GR-G217PGAA,28
GR-G217PGB,28
GR-G227STB,28
GR-G227STBA,28
GR-G23ANSNM,30
GR-G257BL,47
GR-G257SV,47
GR-G267ATB,24
GR-G267ATBA,24
GR-G267AUB,24
GR-G267CQEW,47
GR-G268FSRH,40
GR-G268FSUM,40
GR-G268HSRH,40
GR-G26HBSNH,30
GR-G26HBWNH,30
GR-G277STW,24
GR-G27ANSNM,26
GR-G29GFSWH,26
GR-G302JM,78
GR-G307STW,24
GR-G332JM,76
GR-G382RLBB,73
GR-G392DB,70
GR-G392DL,70
GR-G392DM,71
GR-G392YM,70
GR-G432DL,69
GR-G432DM,69
GR-G452RLCB,72
GR-G460RLCB,72
GR-G472JLC,67
GR-G472JUCA,67
GR-G472JVC,67
GR-G472JVCA,67
GR-G522JLC,62
GR-G522JVC,62
GR-G562JLC,61
GR-G562JUQW,61
GR-G562JVC,61
GR-G602G,60
GR-G602JLC,60
GR-G602JLQ,60
GR-G602JVC,60
GR-G602P,60
GR-G652JBQ,39
GR-G652JLQ,39
GR-G652JVQ,39
GR-G702G,55
GR-G702W,55
GR-G712JBQ,30
GR-G712JLQ,30
GR-G712JTQ,30
GR-G712JUQ,30
GR-G712JVQ,30
GR-H2275KHG,50
GR-H247LGW,36
GR-H267LGW,36
GR-H432HLHN,67
GR-H502HLHU,66
GR-H52C,28
GR-H572HLHU,66
GR-H602HLHU,61
GR-H602HXHU,61
GR-H68S,26
GR-H69PW,24
GR-H702HLHU,55
GR-H762HEHZ,51
GR-H762HLHU,51
GR-H762HQHU,51
GR-H762HVHU,51
GR-H762HXHU,39
GR-H772HXHU,39
GR-H792HLHU,51
GR-H802HAHU,51
GR-H802HEHL,51
GR-H802HEHZ,51
GR-H802HLHJ,51
GR-H802HLHL,51
GR-H802HLHM,51
GR-H802HLHQ,51
GR-H802HLHU,51
GR-H802HMHL,51
GR-H802HMHZ,51
GR-H802HQHJ,51
GR-H802HQHM,51
GR-H802HQHU,51
GR-H802HSHU,51
GR-H802HVHJ,51
GR-H802HVHM,51
GR-H802HVHU,51
GR-H802HXHM,51
GR-H802HXHU,51
GR-H812HLHM,51
GR-H812HLHQ,51
GR-H812HLHU,51
GR-H822HLHM,51
GR-H822HLHU,51
GR-H832HLHL,51
GR-H832HLHU,51
GR-H842HLHL,51
GR-H842HLHU,51
GR-H872HLHU,51
GR-H872HQHU,51
GR-H922HMBQ,51
GR-H922PEBQ,51
GR-HL600MB,51
GR-HL65M,28
GR-HL68B,28
GR-HL68M,28
GR-HL78M,24
GR-HL84M,24
GR-I485S,61
GR-I592S,51
GR-I777S,55
GR-I787SU,55
GR-J20FEG,50
GR-J21EHUC,50
GR-J227WSCL,28
GR-J237AGXN,36
GR-J237AGXV,36
GR-J237JSNN,36
GR-J237JSXN,36
GR-J23GMKRM,30
GR-J23GMKYM,30
GR-J23GMSRM,30
GR-J23GMSYM,30
GR-J247CKAZ,36
GR-J248FSYM,28
GR-J248MKYM,30
GR-J248MSYM,30
GR-J24FMKAL,28
GR-J24FMQAL,28
GR-J24FMSAS,28
GR-J24FMSBL,28
GR-J24FMSBS,28
GR-J24FMSCL,28
GR-J24FTKHL,28
GR-J24FTKHM,28
GR-J24FTKHV,28
GR-J24FTMHL,28
GR-J24FTSHL,28
GR-J24FTSHV,28
GR-J24FTUHL,28
GR-J24FWCHL,28
GR-J24FWKHL,28
GR-J24FWRHL,28
GR-J24FWSHL,28
GR-J24FWSHV,28
GR-J24FWVHL,28
GR-J24GHSJM,28
GR-J257AGXN,36
GR-J257CLAV,36
GR-J257CLCV,36
GR-J257JSXN,36
GR-J257SLLV,36
GR-J257SVLV,36
GR-J257WBBN,28
GR-J257WLBN,28
GR-J257WSBN,28
GR-J257WSBU,28
GR-J257WSBV,28
GR-J257WSBZ,28
GR-J259CLBV,36
GR-J259CQBV,36
GR-J266DSJM,28
GR-J266DSMM,28
GR-J266LSJM,28
GR-J267SLSS,47
GR-J268LSJM,28
GR-J268LSJP,28
GR-J268LSJV,28
GR-J268LSTM,28
GR-J268LSTP,28
GR-J268WSTM,28
GR-J277WBBN,24
GR-J277WLB,24
GR-J277WLBN,24
GR-J277WSBN,24
GR-J278VQXV,26
GR-J278VSXV,26
GR-J287PGHV,24
GR-J287PGNN,24
GR-J287WBBN,24
GR-J287WLBN,24
GR-J287WSD,24
GR-J288NKXM,24
GR-J288NMXM,24
GR-J288NSJM,24
GR-J288NSXM,24
GR-J297CSAL,24
GR-J297CSBL,24
GR-J297CVAL,24
GR-J297CVBL,24
GR-J297SLUV,36
GR-J297SVUV,36
GR-J297WBBN,24
GR-J297WBBU,24
GR-J297WLB,24
GR-J297WLBN,24
GR-J297WSB,24
GR-J297WSBN,24
GR-J297WSBU,24
GR-J297WSBV,24
GR-J298LKXM,24
GR-J298LQTP,24
GR-J298LSJM,24
GR-J298LSRP,24
GR-J298LSTP,24
GR-J298LSXM,24
GR-J29WSBN,24
GR-J307SQPV,24
GR-J308LSJM,24
GR-J308MKRM,24
GR-J308MKYM,24
GR-J308MMYM,24
GR-J308MSRM,24
GR-J308MSYM,24
GR-J309DID,24
GR-J309DIDS,24
GR-J30GMKRM,24
GR-J30GMKYM,24
GR-J30GMSRM,24
GR-J30GMSYM,24
GR-J310DID,24
GR-J311DID,24
GR-J317WBBN,24
GR-J317WBBU,24
GR-J317WSBN,24
GR-J317WSBU,24
GR-J318LQJV,24
GR-J318LQTM,24
GR-J318LQTP,24
GR-J318LSBM,24
GR-J318LSJ,24
GR-J318LSJM,24
GR-J318LSJP,24
GR-J318LSJV,24
GR-J318LSJX,24
GR-J318LSTM,24
GR-J318LSTP,24
GR-J31ALSJP,24
GR-J31DID,24
GR-J31FMKBL,24
GR-J31FMSBL,24
GR-J31FMSCL,24
GR-J31FMUBL,24
GR-J31FTKHL,24
GR-J31FTKJM,24
GR-J31FTSHL,24
GR-J31FTUHL,24
GR-J31FWAHL,24
GR-J31FWAJM,24
GR-J31FWCHL,24
GR-J31FWKHL,24
GR-J31FWKZL,24
GR-J31FWKZM,24
GR-J31FWRHM,24
GR-J31FWSHL,24
GR-J31FWVHL,24
GR-J31GHSBM,22
GR-J31GHSJM,24
GR-J327CSBL,24
GR-J327CVBL,24
GR-J327WBBU,24
GR-J327WSBU,24
GR-J337CSAL,24
GR-J337CSBL,24
GR-J337CVAL,24
GR-J337CVBL,24
GR-J338CSAL,24
GR-J338HSJM,24
GR-J338HSJP,24
GR-J338HSTP,24
GR-J338LSJM,24
GR-J338LSJV,24
GR-J33FWCHL,24
GR-J33FWKZL,24
GR-J347CSBL,24
GR-J347CVBL,24
GR-J348CSFS,24
GR-J34FMUBL,24
GR-J34FMUHL,24
GR-J34FTKHL,24
GR-J34FTUHL,24
GR-J35FMKBL,24
GR-J35FTKHL,24
GR-J387CSBL,24
GR-J387CVBL,24
GR-J39FFCRL,24
GR-J710DID,28
GR-J710XDID,28
GR-J720XDID,28
GR-J910DID,24
GR-J910SDID,24
GR-J920SDID,24
GR-K134BSKQ,84
GR-K192TF,56
GR-K202TF,56
GR-K222BVWQ,60
GR-K222GVWQ,60
GR-K25DSL,96
GR-K25DSLB,96
GR-K25DSLBC,96
GR-K25DSLC,96
GR-K25DSQB,96
GR-K25DSQC,96
GR-K310DSLB,96
GR-K35DSL,74
GR-K35DSLB,74
GR-K35DSLBC,74
GR-K35DSLVC,74
GR-K35DSQB,74
GR-K35DSQVC,74
GR-K40DFML,50
GR-K40PJML,50
GR-K40PJNL,50
GR-K40PJYL,50
GR-K40PNDQ,50
GR-K40PNVQ,50
GR-K410DSLB,74
GR-K45DSL,64
GR-K45DSLB,62
GR-K45DSLBC,64
GR-K45DSLVC,64
GR-K46DSLBC,74
GR-K510DSLB,64
GR-K55DSLB,62
GR-K55DSLBC,64
GR-L196TLQA,42
GR-L197CLQK,36
GR-L197CVQ,36
GR-L197CVQA,36
GR-L197QLQA,36
GR-L197QTQ,36
GR-L197QUQA,36
GR-L197QUQK,36
GR-L197QVQ,36
GR-L207BLJV,36
GR-L207BLQ,36
GR-L207BPK,36
GR-L207BPKV,36
GR-L207BPXV,36
GR-L207BSK,36
GR-L207BSKV,36
GR-L207DBQ,28
GR-L207DBQA,28
GR-L207DBR,28
GR-L207DBZ,28
GR-L207DTQ,28
GR-L207DTU,28
GR-L207DTUA,28
GR-L207DTZ,28
GR-L207DTZA,28
GR-L207DUZA,28
GR-L207DVQ,28
GR-L207DVUA,28
GR-L207DVZA,28
GR-L207EQ,28
GR-L207ER,28
GR-L207FLQ,36
GR-L207FLQA,42
GR-L207FTQA,42
GR-L207GLQV,36
GR-L207GLRK,28
GR-L207GLXV,36
GR-L207GUGA,28
GR-L207GVZA,28
GR-L207NAUA,28
GR-L207NAZA,28
GR-L207NGUA,28
GR-L207NGZA,28
GR-L207NSUA,28
GR-L207NSZA,28
GR-L207PGG,28
GR-L207TLJV,36
GR-L207TLQ,36
GR-L207TLQA,42
GR-L207TTQ,36
GR-L207TUJV,36
GR-L207TUQ,36
GR-L207TVJA,36
GR-L207TVQ,36
GR-L207WTQ,36
GR-L208BLK,36
GR-L208BSW,36
GR-L209GSYV,36
GR-L2170EW,42
GR-L2173EL,42
GR-L2177LCX,28
GR-L2178EX,42
GR-L217ATBA,28
GR-L217ATKA,28
GR-L217AVKA,28
GR-L217BBK,28
GR-L217BSGA,28
GR-L217BTA,28
GR-L217BTBA,28
GR-L217BTG,28
GR-L217BTK,28
GR-L217BUG,28
GR-L217BVK,28
GR-L217LGH,36
GR-L217PGH,28
GR-L217PSBV,28
GR-L218ASL,28
GR-L218CSL,28
GR-L218DSVH,28
GR-L218NSP,28
GR-L218STKA,28
GR-L218STLA,28
GR-L218STSL,28
GR-L218SUKA,28
GR-L218US,28
GR-L218USGH,28
GR-L218USJA,28
GR-L218USJH,28
GR-L218USJP,28
GR-L218USJV,28
GR-L218USKJ,28
GR-L218USP,28
GR-L218UUJV,28
GR-L218VSXD,28
GR-L218VSXV,28
GR-L218VSXZ,28
GR-L219ACM,28
GR-L219BSTL,28
GR-L219CPL,28
GR-L219CSL,28
GR-L219STS,28
GR-L219STSL,28
GR-L21AUKJV,28
GR-L21AUNJJ,28
GR-L21AUSJA,28
GR-L21AUSJH,28
GR-L21AUSJJ,28
GR-L21AUSJV,28
GR-L21AUSP,28
GR-L21AUSXP,26
GR-L21AVNXJ,28
GR-L21AVSP,28
GR-L21AVSXD,28
GR-L21AVSXJ,28
GR-L21AVSXP,28
GR-L21AVSXV,28
GR-L220AC,28
GR-L2270EW,42
GR-L2271EWR,42
GR-L2276LXR,42
GR-L2277EX,42
GR-L2278EB,42
GR-L227BTQ,36
GR-L227FLQ,36
GR-L227GLYV,36
GR-L227GPYV,36
GR-L227HLQV,42
GR-L227KGA,28
GR-L227KGG,28
GR-L227LGJ,36
GR-L227LGQ,36
GR-L227LGQV,36
GR-L227SSJA,28
GR-L227SSPH,28
GR-L227STB,28
GR-L227STJ,28
GR-L227STK,28
GR-L227SUJ,28
GR-L227SVK,28
GR-L227WTQ,36
GR-L227YLQA,42
GR-L227YTQA,42
GR-L227YVQA,42
GR-L227ZGAK,28
GR-L227ZGHA,28
GR-L227ZSAK,28
GR-L228NKJM,28
GR-L228NKSM,30
GR-L228NLSM,28
GR-L228NMXV,30
GR-L228NSJM,28
GR-L228NSSM,30
GR-L228NSXV,30
GR-L22ANKXM,30
GR-L22ANKYM,30
GR-L22ANSXM,30
GR-L22ANSYM,30
GR-L230AC,28
GR-L2375ECV,42
GR-L237ASXN,36
GR-L237JSNN,36
GR-L238SQX,24
GR-L238STX,24
GR-L247ATYN,36
GR-L247CKPV,28
GR-L247CNNV,28
GR-L247CSP,28
GR-L247CSPV,28
GR-L247CSPZ,28
GR-L247DBQ,26
GR-L247DPSL,28
GR-L247DTQ,28
GR-L247DTUA,26
GR-L247DVZA,26
GR-L247SLKV,36
GR-L247STSL,28
GR-L247TLJ,26
GR-L247TLQ,26
GR-L247TUJ,26
GR-L247ULNV,28
GR-L248KKRM,28
GR-L248KSRM,28
GR-L248MKRM,28
GR-L248MKYM,30
GR-L248MSRM,28
GR-L248MSYM,30
GR-L24FMLCS,28
GR-L24FMLHL,28
GR-L24FMQHL,28
GR-L24FMSAJ,28
GR-L24FMSBJ,28
GR-L24FTSHL,28
GR-L24FTSHV,28
GR-L24FTSJM,28
GR-L24FWLHL,28
GR-L24FWSHL,28
GR-L24FWSHV,28
GR-L24FWSHZ,28
GR-L24GHSJM,28
GR-L24MFSCH,42
GR-L24MFSRH,42
GR-L24MFSRM,42
GR-L24PGLTM,42
GR-L24PKLTH,42
GR-L24YFSCH,42
GR-L257ATYN,36
GR-L257JLYN,36
GR-L257KLJW,47
GR-L257KLKW,47
GR-L257SPJ,24
GR-L257SSB,24
GR-L257SSKA,24
GR-L257STF,24
GR-L257STH,24
GR-L257STS,24
GR-L258AUQ,26
GR-L258AUS,26
GR-L258AUV,26
GR-L258DS,26
GR-L258DSVH,26
GR-L258FLXA,26
GR-L258LSJM,28
GR-L258NQJP,26
GR-L258NSJP,26
GR-L258NVJP,26
GR-L258SQWQ,26
GR-L258SQXH,26
GR-L258SSWQ,26
GR-L258SSXH,26
GR-L258STKA,26
GR-L258STL,26
GR-L258SVWQ,26
GR-L258SVXH,26
GR-L258UQ,26
GR-L258UQGH,26
GR-L258UQJH,26
GR-L258UQJP,26
GR-L258US,26
GR-L258USGH,26
GR-L258USJH,26
GR-L258USJP,26
GR-L258UTJ,26
GR-L258UTK,26
GR-L258UV,26
GR-L258UVGH,26
GR-L258UVJH,26
GR-L258UVJP,26
GR-L258VQSD,26
GR-L258VQXD,26
GR-L258VQXP,26
GR-L258VQXZ,26
GR-L258VSSD,26
GR-L258VSXD,26
GR-L258VSXP,26
GR-L258VSXZ,26
GR-L258VTXP,26
GR-L258VVXD,26
GR-L258VVXZ,26
GR-L25AFSXP,26
GR-L25ANQJP,26
GR-L25ANSJP,26
GR-L25ANVJP,26
GR-L25AUQJH,26
GR-L25AUQJP,26
GR-L25AUQXP,26
GR-L25AUSJ,26
GR-L25AUSJH,26
GR-L25AUSJP,26
GR-L25AUSXP,26
GR-L25AUTJ,26
GR-L25AUVJH,26
GR-L25AUVJP,26
GR-L25AUVXP,26
GR-L25AVQXP,26
GR-L25AVSXP,26
GR-L25AVSXV,24
GR-L25AVVXP,26
GR-L25BFSRH,28
GR-L260MAJ,24
GR-L262MAJ,26
GR-L267ATJA,24
GR-L267AVJA,24
GR-L267DBQ,24
GR-L267FLN,24
GR-L267FSN,24
GR-L267JLYL,47
GR-L267KLKW,47
GR-L267SLRL,47
GR-L268BKNH,40
GR-L268BSNH,40
GR-L268FKNM,40
GR-L268FSBH,40
GR-L268FSNH,40
GR-L268FSNM,40
GR-L268FSRH,40
GR-L268FSTH,40
GR-L268LMJM,28
GR-L268LQTM,28
GR-L268LQUM,28
GR-L268LQXP,28
GR-L268LSJM,28
GR-L268LSJP,28
GR-L268LSJV,28
GR-L268LSTM,28
GR-L268LSUM,28
GR-L268LSXP,28
GR-L268LSZM,28
GR-L268NKSM,26
GR-L268NKXH,26
GR-L268NQJP,26
GR-L268NSJP,26
GR-L268NSSM,26
GR-L268NSXH,26
GR-L268NTJP,26
GR-L268NVJP,26
GR-L26ANQJP,26
GR-L26ANSJP,26
GR-L26ANVJP,26
GR-L26AVSXV,24
GR-L26HBSNH,40
GR-L26MKSCH,40
GR-L26PKSTH,40
GR-L26YFSCH,40
GR-L276DSBM,30
GR-L276DSDM,26
GR-L276DSMM,30
GR-L276GSMM,30
GR-L276SSDM,30
GR-L276SSDP,30
GR-L276SSTP,30
GR-L277SSB,24
GR-L27AUTJ,26
GR-L288GQXP,24
GR-L288GSXP,24
GR-L288KQ,24
GR-L288KQJP,24
GR-L288KS,24
GR-L288KSJP,24
GR-L288KV,24
GR-L288KVJP,24
GR-L288NKJM,24
GR-L288NKXH,26
GR-L288NKXM,26
GR-L288NKYH,26
GR-L288NQJM,24
GR-L288NQJP,24
GR-L288NQRP,24
GR-L288NQXP,24
GR-L288NSJF,24
GR-L288NSJM,24
GR-L288NSJP,24
GR-L288NSRP,24
GR-L288NSXH,26
GR-L288NSXM,26
GR-L288NSXP,28
GR-L288NSYH,26
GR-L288NSYP,24
GR-L288NTJU,24
GR-L288NVJP,24
GR-L288UTR,24
GR-L28AKSJ,24
GR-L28AKSP,24
GR-L28ANKJM,24
GR-L28ANKXM,26
GR-L28ANKYM,24
GR-L28ANKYX,26
GR-L28ANQPP,24
GR-L28ANSHP,24
GR-L28ANSJM,24
GR-L28ANSPP,24
GR-L28ANSXM,26
GR-L28ANSYM,24
GR-L28ANSYX,26
GR-L28ANTKU,24
GR-L28ANVPP,24
GR-L28AUSJ,26
GR-L28EMP,24
GR-L298LKXM,24
GR-L298LQJM,24
GR-L298LQRP,24
GR-L298LSJF,24
GR-L298LSJM,24
GR-L298LSRP,24
GR-L298LSXM,24
GR-L298NSSH,26
GR-L29BFKRH,26
GR-L29BFSRH,26
GR-L29EMP,24
GR-L29GBSYH,26
GR-L29GFKRH,26
GR-L29GFSRH,26
GR-L29GFSVH,26
GR-L29GFSWH,26
GR-L29GGSWH,26
GR-L29GKSTH,26
GR-L308KKRM,24
GR-L308KSRM,24
GR-L30GMSRM,24
GR-L30GMSYM,24
GR-L318BKNH,26
GR-L318BSNH,26
GR-L318FKNM,26
GR-L318FSNM,26
GR-L318FSRH,26
GR-L318FSTH,26
GR-L318GQXP,24
GR-L318GSXP,24
GR-L318LKTM,24
GR-L318LKUM,24
GR-L318LMJM,24
GR-L318LQJM,24
GR-L318LQJP,24
GR-L318LQTM,24
GR-L318LQTP,24
GR-L318LQUM,24
GR-L318LSGM,24
GR-L318LSGP,24
GR-L318LSJM,24
GR-L318LSJP,24
GR-L318LSTM,24
GR-L318LSTP,24
GR-L318LSUM,24
GR-L318LSYP,24
GR-L318LSZM,24
GR-L318LVJP,24
GR-L31ALQXP,24
GR-L31ALSJP,24
GR-L31ALSXP,24
GR-L31BFSTH,26
GR-L31BFSYH,26
GR-L31GHQXM,22
GR-L31GHSJF,22
GR-L31GHSJM,22
GR-L31GHSXM,22
GR-L31GUSJM,22
GR-L31YFSCH,26
GR-L328HSUM,24
GR-L333BF,73
GR-L333BS,73
GR-L333PF,73
GR-L333PS,73
GR-L338HKJF,24
GR-L338HQTM,24
GR-L338HQTP,24
GR-L338HSJM,24
GR-L338HSJP,24
GR-L338HSTM,24
GR-L338HSTP,24
GR-L352MG,75
GR-L352S,75
GR-L392MG,73
GR-L392S,73
GR-L402BS,67
GR-L432S,67
GR-L502S,66
GR-L502SD,66
GR-L602S,60
GR-L66S,26
GR-L67PW,24
GR-L702D,42
GR-L702S,42
GR-L702SD,42
GR-L730SL,28
GR-L814FBI,30
GR-LL84S,24
GR-M22FTLKL,39
GR-M236JSQN,36
GR-M2378NUY,50
GR-M237AGNN,36
GR-M237AGQV,36
GR-M237JGNN,36
GR-M237JLNN,36
GR-M237JSQN,36
GR-M23HBGHL,28
GR-M23HWCHL,28
GR-M23HWSHL,28
GR-M242YQ,73
GR-M2471NQA,50
GR-M2471PSA,50
GR-M2471PTA,50
GR-M2471PVA,50
GR-M247CLBV,36
GR-M247CLMV,36
GR-M247CSBW,36
GR-M247CVBV,36
GR-M247JLNV,36
GR-M247QGL,28
GR-M247QGMH,28
GR-M247QGMN,28
GR-M247QGMY,28
GR-M247QGNV,28
GR-M247UGBV,36
GR-M247UGBW,36
GR-M24FBGFL,28
GR-M24FBGHC,28
GR-M24FBGHL,28
GR-M24FBGKR,28
GR-M24FBGZL,28
GR-M24FBHFL,28
GR-M24FBHHL,28
GR-M24FBHKR,28
GR-M24FMQHC,28
GR-M24FMSHL,28
GR-M24FTBFC,28
GR-M24FTLHL,28
GR-M24FTMFC,28
GR-M24FTQFC,28
GR-M24FTSHL,28
GR-M24FWAFL,28
GR-M24FWAHL,28
GR-M24FWCFL,28
GR-M24FWCHL,28
GR-M24FWCHN,28
GR-M24FWCHV,28
GR-M24FWCVM,28
GR-M24FWGZL,28
GR-M24FWSCL,28
GR-M24FWSFL,28
GR-M24FWSHL,28
GR-M24FWSHV,28
GR-M24FWSHZ,28
GR-M24FWUFL,28
GR-M24FWVFL,28
GR-M24FWVZL,28
GR-M252VML,108
GR-M257JGQV,36
GR-M257SGKR,28
GR-M257SGKW,28
GR-M257SGTV,28
GR-M257WPBN,28
GR-M257WWBN,28
GR-M267QGL,24
GR-M26FWSHL,28
GR-M282VML,83
GR-M287QGN,24
GR-M292RLMC,77
GR-M292RQMC,77
GR-M297SGB,24
GR-M297SGH,24
GR-M297SLGL,24
GR-M297SLUL,24
GR-M297SVGL,24
GR-M297SVUL,24
GR-M297WSB,24
GR-M297WWB,24
GR-M29PNDQ,50
GR-M29PNPQ,50
GR-M29PNVQ,50
GR-M307QGN,24
GR-M307QGS,24
GR-M308GLDL,67
GR-M308GQDL,67
GR-M308YQ,67
GR-M30BEA,50
GR-M317SGHN,24
GR-M317SGHZ,24
GR-M317SGKR,24
GR-M31FBGFL,24
GR-M31FBXCL,24
GR-M31FTKHL,24
GR-M31FWCHL,24
GR-M31FWKZL,24
GR-M31FWSFL,24
GR-M31FWSHL,24
GR-M31HWUHL,24
GR-M31PKUN,50
GR-M328FBHC,24
GR-M32FBHCL,24
GR-M32FWAHL,24
GR-M32PNDQ,50
GR-M32PNVQ,50
GR-M332GLDL,61
GR-M332GQDL,61
GR-M332RLMC,75
GR-M332RQMC,75
GR-M332YQ,61
GR-M337SGHN,24
GR-M33FWCHL,24
GR-M34FBGHL,24
GR-M34FWAHL,24
GR-M352QVC,75
GR-M352RLC,75
GR-M352RSC,75
GR-M352RSCH,75
GR-M352YLQ,75
GR-M352YVQ,75
GR-M362CLNA,75
GR-M362P,75
GR-M362RLMC,73
GR-M362RQMC,73
GR-M362W,75
GR-M363RLCA,75
GR-M3923WHT,73
GR-M3927VCM,73
GR-M392CLQ,73
GR-M392CPN,73
GR-M392CPNA,73
GR-M392CSC,73
GR-M392CSQB,73
GR-M392QVC,73
GR-M392QVSW,73
GR-M392RLC,73
GR-M392RLQC,73
GR-M392RSC,73
GR-M392RSCH,73
GR-M392YLQ,73
GR-M392YQ,73
GR-M392YTQ,73
GR-M392YVQ,73
GR-M400YL,70
GR-M400YM,70
GR-M402CLC,73
GR-M402CLN,73
GR-M402CLNA,73
GR-M402CLQ,73
GR-M402W,73
GR-M402YQ,73
GR-M403RLCA,73
GR-M403RLHH,73
GR-M410RQDL,73
GR-M432HLHL,67
GR-M432RLHC,73
GR-M432RLHL,73
GR-M442YPQ,69
GR-M450RLDL,72
GR-M450RLPL,72
GR-M450RQPL,72
GR-M450YM,69
GR-M45PJYH,50
GR-M45PKYM,50
GR-M482CLQ,67
GR-M482YSQ,67
GR-M4923CSN,67
GR-M4923YCA,67
GR-M4924WHT,67
GR-M4925CGN,67
GR-M4927VCM,67
GR-M492CLQ,67
GR-M492CPN,67
GR-M492CPNA,67
GR-M492CSC,67
GR-M492CSN,67
GR-M492CSNA,67
GR-M492GLD,67
GR-M492GLHC,67
GR-M492GLHL,67
GR-M492GQD,67
GR-M492GQDX,67
GR-M492GQHC,67
GR-M492GSCH,67
GR-M492GSH,67
GR-M492GSHA,67
GR-M492YLCA,67
GR-M492YLQ,67
GR-M492YLQA,67
GR-M492YLY,67
GR-M492YPC,67
GR-M492YQ,67
GR-M492YSC,67
GR-M492YSQ,67
GR-M492YVQ,67
GR-M492YVQA,67
GR-M492YVYA,67
GR-M493GPH,67
GR-M493GSHH,67
GR-M495GLC,67
GR-M500YLQ,67
GR-M502CLQ,67
GR-M502HLHL,66
GR-M502YPQ,67
GR-M510YSQ,67
GR-M522GLD,67
GR-M522GLDL,67
GR-M522GSD,67
GR-M5623YQA,62
GR-M562GLD,61
GR-M562GLDX,61
GR-M562GLHL,61
GR-M562GLHX,62
GR-M562GQD,61
GR-M562GQDX,61
GR-M562GQHX,62
GR-M562GSCH,62
GR-M562GSH,62
GR-M562YCA,61
GR-M562YLQ,62
GR-M562YLY,62
GR-M562YPC,62
GR-M562YPCA,62
GR-M562YQ,61
GR-M562YSC,62
GR-M562YSQ,62
GR-M562YSQA,62
GR-M562YTQA,62
GR-M562YVQ,61
GR-M562YVQA,62
GR-M562YVY,62
GR-M562YVYA,62
GR-M563GPH,62
GR-M572NW,62
GR-M572W,62
GR-M572YLQ,61
GR-M572YPQ,62
GR-M572YVQ,61
GR-M582YSQ,62
GR-M592GLHC,62
GR-M592YGQ,62
GR-M600GLD,61
GR-M600GLDL,61
GR-M600GQDL,61
GR-M600GSD,61
GR-M600YLQ,60
GR-M602GHC,60
GR-M602GLC,60
GR-M602GLH,60
GR-M602GLHC,60
GR-M602GLHX,60
GR-M602GPHA,60
GR-M602GSH,60
GR-M602GSHA,60
GR-M602GSHH,60
GR-M602HLHL,60
GR-M602HSHL,60
GR-M602YLQ,63
GR-M602YLQF,63
GR-M602YLY,63
GR-M602YQ,63
GR-M602YQF,63
GR-M602YSQ,60
GR-M602YVQ,63
GR-M602YVY,60
GR-M603GPH,60
GR-M603GSHH,60
GR-M612GLD,60
GR-M612NW,63
GR-M612P,63
GR-M612YLQ,60
GR-M612YSQ,63
GR-M613GLHL,60
GR-M622GLHC,62
GR-M638YLQ,63
GR-M638YQ,63
GR-M638YTQ,63
GR-M638YVQ,63
GR-M6480S,60
GR-M6480W,60
GR-M6481S,61
GR-M6481W,61
GR-M648GQHX,60
GR-M648GSHX,60
GR-M650GLD,60
GR-M650GLDL,60
GR-M650GPD,60
GR-M650GPDL,60
GR-M650GSD,60
GR-M650YQ,60
GR-M650YVQ,60
GR-M652YLA,39
GR-M652YLQ,39
GR-M652YNQW,39
GR-M652YNVW,39
GR-M652YPC,39
GR-M652YPQ,39
GR-M652YPQK,39
GR-M652YSQ,39
GR-M652YSX,39
GR-M652YTAK,39
GR-M652YTQ,39
GR-M652YTX,39
GR-M652YUYW,39
GR-M652YVQ,39
GR-M652YVX,39
GR-M662YPQ,39
GR-M662YTQ,39
GR-M6682SE,65
GR-M6780DID,42
GR-M6780S,42
GR-M6780W,42
GR-M6781B,42
GR-M6781BE,42
GR-M6781BU,42
GR-M6781S,55
GR-M6781SE,55
GR-M6781SU,55
GR-M6781W,55
GR-M6781WE,55
GR-M6781WU,55
GR-M678GQHX,55
GR-M678GSHX,55
GR-M680YQ,60
GR-M682GSHC,60
GR-M6880S,51
GR-M6880W,51
GR-M688GSHX,51
GR-M688GVHX,51
GR-M690YAQ,60
GR-M690YQ,60
GR-M6980S,51
GR-M6980W,51
GR-M6981S,51
GR-M6981SE,51
GR-M6981W,51
GR-M6981WE,51
GR-M698GSHX,51
GR-M698GVHX,51
GR-M699HPS,60
GR-M699HSW,60
GR-M702GHC,55
GR-M702GLC,55
GR-M702GLH,55
GR-M702GLHC,55
GR-M702GLHX,55
GR-M702GPHA,55
GR-M702GQCX,55
GR-M702GSH,55
GR-M702GSHA,55
GR-M702GSHC,55
GR-M702HLHL,42
GR-M703GPH,55
GR-M703GSHH,55
GR-M712ST,30
GR-M712YA,30
GR-M712YLA,30
GR-M712YLQ,30
GR-M712YLY,30
GR-M712YPC,30
GR-M712YSA,30
GR-M712YSQ,30
GR-M712YSQK,30
GR-M712YTA,30
GR-M712YTQ,30
GR-M712YTX,30
GR-M712YVQ,30
GR-M712YVX,30
GR-M722YSQ,30
GR-M727LS,61
GR-M727LSE,61
GR-M742YVX,30
GR-M752GSH,51
GR-M752GSHH,51
GR-M760YAQ,55
GR-M760YQ,55
GR-M762GLH,51
GR-M762GLHB,51
GR-M762GLHC,51
GR-M762GLHW,51
GR-M762GLHX,51
GR-M762GSH,51
GR-M762GSHC,51
GR-M762GSHH,51
GR-M762GSHW,51
GR-M762GSHX,51
GR-M762GVH,51
GR-M762GVHW,51
GR-M762GVHX,51
GR-M762HLHL,51
GR-M762HLHM,51
GR-M762HLHZ,39
GR-M762HQHM,51
GR-M762HSHL,51
GR-M762HSHM,51
GR-M762HSHZ,51
GR-M763GSH,51
GR-M769HPS,42
GR-M769HSW,42
GR-M772GSHH,51
GR-M772HLHM,51
GR-M772HLHZ,39
GR-M772HSHM,39
GR-M777LS,55
GR-M777LSE,55
GR-M777LSU,55
GR-M779DID,42
GR-M782GLHB,51
GR-M782GSH,51
GR-M782GSHC,51
GR-M782HLHL,51
GR-M782HLHM,51
GR-M782HSHL,51
GR-M787DID,42
GR-M799HN,51
GR-M802GAHW,51
GR-M802GBHC,51
GR-M802GEHW,51
GR-M802GLH,51
GR-M802GLHC,51
GR-M802GLHW,51
GR-M802GSH,51
GR-M802GSHC,51
GR-M802GSHH,51
GR-M802GSHW,51
GR-M802GSHX,51
GR-M802GSPW,51
GR-M802GVH,51
GR-M802GVHC,51
GR-M802GVHW,51
GR-M802GVHX,51
GR-M802HAHM,51
GR-M802HEHM,51
GR-M802HLHL,51
GR-M802HLHM,51
GR-M802HMHM,51
GR-M802HQHL,51
GR-M802HQHM,51
GR-M802HSHL,51
GR-M802HSHM,51
GR-M802HVHM,51
GR-M812HSHM,51
GR-M820HLHL,51
GR-M820LS,51
GR-M822GBHC,51
GR-M822GSH,51
GR-M822GSHC,51
GR-M822HLHL,51
GR-M822HLHM,51
GR-M822HQHL,51
GR-M822HSHL,51
GR-M822HSHM,51
GR-M899HN,51
GR-M920LS,51
GR-M920LSE,51
GR-N222SQCN,101
GR-N254BLQ,57
GR-N266LLD,57
GR-N266LLDP,57
GR-N266LLP,57
GR-N266LLR,57
GR-N266LLS,57
GR-N268BLQ,57
GR-N281HLQ,57
GR-N309LLA,57
GR-N309LLB,57
GR-N309LQA,57
GR-N319LLA,57
GR-N319LLB,57
GR-N319LLC,57
GR-N319LLW,57
GR-N329LLW,57
GR-N389SQF,71
GR-N3921YCA,73
GR-N3925YLC,73
GR-N3928YLC,73
GR-N3929ACM,73
GR-P197QLQA,36
GR-P197QLQK,36
GR-P197QTQA,36
GR-P197QTRA,36
GR-P197QVKA,36
GR-P197QVQA,36
GR-P206FBQA,42
GR-P2075THN,50
GR-P2075TNS,50
GR-P2075TTN,50
GR-P2075TYN,50
GR-P207BLJV,36
GR-P207BLQ,36
GR-P207BLXV,36
GR-P207BSJV,36
GR-P207BSK,36
GR-P207BSKV,36
GR-P207BSXV,36
GR-P207BTXV,36
GR-P207BVQ,36
GR-P207BVXV,36
GR-P207DLQ,28
GR-P207DTQ,28
GR-P207DTU,28
GR-P207DTZ,28
GR-P207DTZA,28
GR-P207DUZA,28
GR-P207DVZ,28
GR-P207EQ,28
GR-P207ER,28
GR-P207FLQ,36
GR-P207FLQA,42
GR-P207FTB,28
GR-P207FTQA,42
GR-P207FTQV,42
GR-P207FVQA,42
GR-P207GBRA,28
GR-P207GLRK,28
GR-P207GLYV,36
GR-P207GTGA,28
GR-P207GTQ,28
GR-P207GUGA,28
GR-P207GUGK,28
GR-P207HLA,28
GR-P207MAGK,28
GR-P207MGHA,28
GR-P207NAUA,28
GR-P207NAZA,28
GR-P207NGU,28
GR-P207NGUA,28
GR-P207NGZ,36
GR-P207NGZA,28
GR-P207NSU,28
GR-P207NSZ,28
GR-P207PGB,28
GR-P207PGG,28
GR-P207TR,36
GR-P207TTK,36
GR-P207TTKA,36
GR-P207TTQ,36
GR-P207WLKA,36
GR-P207WTFS,36
GR-P207WTKA,36
GR-P207WTQ,36
GR-P207WVKA,36
GR-P208BPF,36
GR-P208BSW,36
GR-P209GSYV,36
GR-P2178ETR,28
GR-P2179ES,42
GR-P217ABB,28
GR-P217ATB,26
GR-P217BPF,36
GR-P217BPN,36
GR-P217BSF,36
GR-P217BSN,36
GR-P217BTBA,28
GR-P217BTHA,28
GR-P217BVKA,28
GR-P217LBB,36
GR-P217LCAJ,36
GR-P217LDBJ,36
GR-P217LGB,36
GR-P217LGK,36
GR-P217LGKV,36
GR-P217LGL,36
GR-P217PGB,28
GR-P217PGG,28
GR-P217PGKA,28
GR-P217PSBA,28
GR-P217SS,36
GR-P2270EW,42
GR-P2274LNR,42
GR-P2274NFB,50
GR-P2274NRB,50
GR-P2275EX,42
GR-P2275NFL,50
GR-P2275NRL,50
GR-P227BLQ,36
GR-P227BPN,36
GR-P227BSN,36
GR-P227BTQ,36
GR-P227GF,36
GR-P227GKPJ,42
GR-P227GLYV,36
GR-P227GP,36
GR-P227GS,36
GR-P227GSYV,36
GR-P227GVQV,36
GR-P227HSXA,42
GR-P227HSXV,42
GR-P227HTPV,42
GR-P227HTQA,42
GR-P227HTQV,42
GR-P227HVQA,42
GR-P227HVQV,42
GR-P227KGB,28
GR-P227KGG,28
GR-P227KGKA,28
GR-P227KSBA,28
GR-P227KSKA,28
GR-P227LDBJ,36
GR-P227LGQV,36
GR-P227SBB,28
GR-P227SSH,28
GR-P227STA,28
GR-P227STB,28
GR-P227STBA,28
GR-P227STG,28
GR-P227STJA,28
GR-P227STK,28
GR-P227SUBV,28
GR-P227SUJA,28
GR-P227SVJ,28
GR-P227WTQ,36
GR-P227YLQA,42
GR-P227YTQA,42
GR-P227YVQA,42
GR-P227ZCAW,28
GR-P227ZCB,28
GR-P227ZCBA,28
GR-P227ZCK,28
GR-P227ZDAA,28
GR-P227ZDAT,28
GR-P227ZDAW,28
GR-P227ZDB,28
GR-P227ZDBA,28
GR-P227ZGAA,28
GR-P227ZGAT,28
GR-P227ZGAW,28
GR-P227ZGB,28
GR-P227ZGBA,28
GR-P227ZGDA,28
GR-P227ZGK,28
GR-P227ZGKA,28
GR-P227ZSBA,28
GR-P237ATXN,36
GR-P237AVXN,36
GR-P246CSP,28
GR-P246CSP1,28
GR-P247ATYN,36
GR-P247CKPV,28
GR-P247CNNV,28
GR-P247CNPV,28
GR-P247CSP,28
GR-P247CSPV,28
GR-P247DBQ,26
GR-P247DTQ,26
GR-P247EQ,26
GR-P247FTA,24
GR-P247FVG,24
GR-P247JCMA,28
GR-P247JGLV,28
GR-P247JGMV,28
GR-P247JGPA,28
GR-P247JHL,28
GR-P247JHLE,28
GR-P247JHM,28
GR-P247JHMV,28
GR-P247JS,36
GR-P247JYLW,28
GR-P247JYMV,28
GR-P247MGH,24
GR-P247NGZ,26
GR-P247PDLT,28
GR-P247PDPV,28
GR-P247PGMH,28
GR-P247PGMK,28
GR-P247PGMY,28
GR-P247PGPV,28
GR-P247SBB,28
GR-P247SSH,28
GR-P247STG,28
GR-P247STL,28
GR-P247STSL,28
GR-P247TTJ,26
GR-P247TTR,26
GR-P247ULN,28
GR-P247USPV,28
GR-P257ATYN,36
GR-P257BTA,24
GR-P257BTBA,24
GR-P257BTH,24
GR-P257BUG,24
GR-P257BVK,24
GR-P257JHM,28
GR-P257KGB,24
GR-P257PGG,24
GR-P257SSKA,24
GR-P257STA,24
GR-P257STB,24
GR-P257STH,24
GR-P257STJ,24
GR-P257STS,24
GR-P257SVB,24
GR-P257XBNN,28
GR-P257XLNN,28
GR-P257ZCB,24
GR-P257ZDB,24
GR-P257ZGB,24
GR-P257ZGG,24
GR-P267DBQ,24
GR-P267DTZ,24
GR-P267FBN,24
GR-P267FBQ,24
GR-P267FLN,24
GR-P267FLQ,24
GR-P267FSN,24
GR-P267FTG,24
GR-P267JS,36
GR-P267LGN,36
GR-P267LGS,36
GR-P267LSN,36
GR-P267NGA,24
GR-P267NGB,24
GR-P267NVB,24
GR-P267PGN,24
GR-P267PGQ,24
GR-P269STJ,24
GR-P277ATB,24
GR-P277AUB,24
GR-P277AVB,24
GR-P277BTB,24
GR-P277BVK,24
GR-P277JHM,28
GR-P277SSB,24
GR-P277STB,24
GR-P277SVJ,24
GR-P277ZCBR,24
GR-P277ZCBS,24
GR-P287FBN,24
GR-P287FBQ,24
GR-P287FLN,24
GR-P287FLQ,24
GR-P287FSN,24
GR-P287FSNK,24
GR-P287PGN,24
GR-P287PGQ,24
GR-P287ZCR,24
GR-P287ZCW,24
GR-P287ZGR,24
GR-P287ZGW,24
GR-P288STJ,28
GR-P289STJ,24
GR-P289SVJ,24
GR-P297FLQ,24
GR-P297XBNN,24
GR-P297XSNN,24
GR-P299PNR,24
GR-P307FBN,24
GR-P307FLN,24
GR-P307FSN,24
GR-P307PGN,24
GR-P307SSB,24
GR-P317FSN,24
GR-P62S,28
GR-P67TS,24
GR-PL65S,28
GR-PL84S,24
GR-Q18SEG,50
GR-Q20DDH,50
GR-Q20DDY,50
GR-Q20DEH,50
GR-Q20FDG,50
GR-Q20SEG,50
GR-Q21DDH,50
GR-Q21DDY,50
GR-Q21DEH,50
GR-Q21EHUC,50
GR-Q21EHYD,50
GR-Q238LSSM,28
GR-Q238NSNM,28
GR-Q23FGNGL,28
GR-Q23FGNGM,28
GR-Q23FGNGR,28
GR-Q2473PSA,50
GR-Q2474PZA,50
GR-Q247CSBV,36
GR-Q247JS,36
GR-Q24FMKHL,28
GR-Q24FMQHL,28
GR-Q24FTKFL,28
GR-Q24FTKHL,28
GR-Q24FTMHL,28
GR-Q24NDF,50
GR-Q24NDP,50
GR-Q257MC,47
GR-Q25FED,50
GR-Q278LSSM,26
GR-Q278NSNM,26
GR-Q28NDF,50
GR-Q28NDP,50
GR-Q297CSAL,24
GR-Q29FTQKL,39
GR-Q31FGNGL,24
GR-Q31FGNML,24
GR-Q31FMKHL,24
GR-Q31FMQHL,24
GR-Q31FQSHL,24
GR-Q31FQSLL,24
GR-Q31FTKHL,24
GR-Q31FTMHL,24
GR-Q408GNAZ,45
GR-Q408GNBZ,45
GR-Q429BTZA,71
GR-Q429BUCA,71
GR-Q459BSYA,54
GR-Q459BTYA,54
GR-Q459BTZA,54
GR-Q459BUCA,54
GR-Q459BUZA,54
GR-Q459BVZA,54
GR-Q469BSFA,54
GR-Q469BSGV,54
GR-Q469BSGW,54
GR-Q469BSYA,54
GR-QBF87MB,24
GR-QBFL87BS,24
GR-QL62MB,30
GR-QL62ST,30
GR-QL66MB,36
GR-QL88N,24
GR-QLF87GSP,24
GR-QLFC87GS,24
GR-QPL88BS,24
GR-QPL88SV,24
GR-QPLC82BS,26
GR-QPLC82SS,26
GR-R207BLJV,36
GR-R207GLJV,36
GR-R207WLQ,36
GR-R207WPQ,36
GR-R207WTC,36
GR-R207WTCS,36
GR-R217BPJ,36
GR-R217LGJ,36
GR-R227BPJ,36
GR-R227GF,36
GR-R227GP,36
GR-R247GB,36
GR-R247JS,36
GR-R247LGB,36
GR-R24FGK,28
GR-R24FSM,28
GR-R267JS,36
GR-R267LGK,36
GR-R267LGW,36
GR-R267LS,36
GR-R40PJAL,50
GR-R40PJGL,50
GR-R40PJML,50
GR-R40SV,54
GR-R472JLQ,67
GR-R472JLQA,67
GR-R472JVQ,67
GR-R493MS,42
GR-R522JVQ,62
GR-R562JLQA,61
GR-R562JTQA,61
GR-R562JVQ,61
GR-R602JLQ,60
GR-R602JVQ,60
GR-R602JVQA,60
GR-R652JBQ,39
GR-R652JLQ,39
GR-R652JUQ,39
GR-R65WSF,266
GR-R712JBQ,30
GR-R712JUQ,30
GR-R712JVQ,30
GR-RL40SV,54
GR-S175GV,147
GR-S185GV,147
GR-S195SVF,175
GR-S235GV,116
GR-S245GV,116
GR-S255SVF,140
GR-S25DDH,50
GR-S25DDY,50
GR-S25EHUD,50
GR-S25EHYB,50
GR-S25EHYD,50
GR-S25NDF,50
GR-S25NDP,50
GR-S28NDF,50
GR-S28NDP,50
GR-S302JM,80
GR-S302QE,81
GR-S302QL,81
GR-S302QM,81
GR-S31FTKJM,24
GR-S325GV,84
GR-S32NDP,50
GR-S332JM,76
GR-S332QE,77
GR-S332QM,76
GR-S335GV,84
GR-S335SVF,102
GR-S345SVF,102
GR-S352GC,75
GR-S352QLC,75
GR-S352QVC,75
GR-S362NW,75
GR-S362PG,75
GR-S362S,75
GR-S362SS,75
GR-S392DL,70
GR-S392DM,71
GR-S392GC,73
GR-S392QC,73
GR-S392QLC,73
GR-S392QVC,73
GR-S402NW,73
GR-S402PG,73
GR-S402S,73
GR-S402SS,73
GR-S404RLHJ,73
GR-S404RQHJ,73
GR-S432DL,69
GR-S432DM,69
GR-S462GC,67
GR-S462GCA,67
GR-S462QLC,67
GR-S462QTC,67
GR-S462QVC,67
GR-S472DM,67
GR-S472JTCA,67
GR-S472JVCA,67
GR-S472QLC,67
GR-S472QVC,67
GR-S472QVCA,67
GR-S472ZLC,67
GR-S472ZTC,67
GR-S472ZVC,67
GR-S472ZVCA,67
GR-S501GLP,67
GR-S501GLP1,67
GR-S502GLP,67
GR-S502GSM,67
GR-S502GSP,67
GR-S502GSR,67
GR-S502GSRA,67
GR-S502GSRX,67
GR-S502GSU,67
GR-S502NW,67
GR-S502PG,67
GR-S502S,67
GR-S507GSM,67
GR-S507GSM1,67
GR-S507GSP,67
GR-S507GSP1,67
GR-S512QC,62
GR-S512QLC,62
GR-S512QUC,62
GR-S512QVC,62
GR-S522JLC,62
GR-S522JUCA,62
GR-S522QLC,62
GR-S522ZLC,62
GR-S522ZVC,62
GR-S522ZVCA,62
GR-S552GC,61
GR-S552QC,61
GR-S552QLC,61
GR-S552QTCW,61
GR-S552QUCW,61
GR-S552QVC,61
GR-S562JC,60
GR-S562JTC,60
GR-S562QTCW,60
GR-S562QVC,60
GR-S562ZLC,60
GR-S562ZVCA,60
GR-S572PG,62
GR-S592QLC,60
GR-S592QVC,60
GR-S602JLC,60
GR-S602JTCA,60
GR-S602JVCA,60
GR-S602QVC,60
GR-S602ZLC,60
GR-S602ZVC,60
GR-S602ZVCA,60
GR-S632GLRB,65
GR-S632GLRC,65
GR-S632GSM,65
GR-S632GSN,65
GR-S632GSNW,65
GR-S632GSP,65
GR-S632GSR,65
GR-S632GSRA,65
GR-S632GSRB,65
GR-S632GSRH,65
GR-S632GSRX,65
GR-S632GSU,65
GR-S632GSZ,65
GR-S634GSR,65
GR-S637GSM,65
GR-S637GSM1,65
GR-S637GSP,65
GR-S637GSP1,65
GR-S642ALQ,39
GR-S642ATQ,39
GR-S642AVQ,39
GR-S642QLQ,39
GR-S642QVQ,39
GR-S652ALQ,39
GR-S652ALQA,39
GR-S652ATQA,39
GR-S652AVQ,39
GR-S652DVCA,40
GR-S652GSRA,65
GR-S652JLQ,39
GR-S652QLQ,39
GR-S652QVQ,39
GR-S652QVQA,39
GR-S652ZBQ,39
GR-S652ZLQ,39
GR-S702ABQ,30
GR-S702ALQ,30
GR-S702ATQ,30
GR-S702QVQ,30
GR-S712ALQA,30
GR-S712ATQA,30
GR-S712AVQ,30
GR-S712ZBQ,30
GR-S929JW2,24
GR-T157IVDI,67
GR-T177IVDI,65
GR-T177IVDP,65
GR-T242JM,112
GR-T242QE,115
GR-T242QM,115
GR-T272JM,89
GR-T282QM,82
GR-T290GVF,51
GR-T302JM,80
GR-T302QE,78
GR-T302QM,80
GR-T312QM,77
GR-T326QL,85
GR-T326QM,85
GR-T332JM,76
GR-T332QE,76
GR-T332QM,76
GR-T342GV,75
GR-T342QL,75
GR-T342SV,75
GR-T352QL,77
GR-T352QM,76
GR-T366QM,67
GR-T376QL,76
GR-T376QM,76
GR-T382GV,73
GR-T382S,73
GR-T382SV,73
GR-T383SH,67
GR-T392GH,48
GR-T392GTH,67
GR-T392GVH,67
GR-T392GVHA,67
GR-T393GVHA,68
GR-T396GVH,67
GR-T397GVHA,68
GR-T402QC,48
GR-T402QLC,48
GR-T40YFSL,50
GR-T429XVQ,48
GR-T452G,67
GR-T452GV,67
GR-T452XV,67
GR-T453SH,67
GR-T457SH,67
GR-T462GH,48
GR-T462GTH,67
GR-T462GVH,67
GR-T462GVHA,67
GR-T463GVHA,67
GR-T466GVH,67
GR-T476GVQ,48
GR-T492XQ,48
GR-T499XVQ,48
GR-T502G,62
GR-T502XV,62
GR-T542G,43
GR-T542GV,61
GR-T552GH,42
GR-T552GTH,42
GR-T552GVH,42
GR-T553GVHA,71
GR-T556GH,42
GR-T557GVHA,71
GR-T582G,60
GR-T582GV,60
GR-T622AT,42
GR-T622DE,61
GR-T692BEQ,30
GR-T692BLQ,30
GR-T722AT,41
GR-U171CK,152
GR-U171CLK,152
GR-U171CVK,152
GR-U191CL,152
GR-U192SLK,146
GR-U192SVK,146
GR-U212RL,124
GR-U212RLK,124
GR-U212RVK,124
GR-U222RL,124
GR-U232RK,122
GR-U232RL,98
GR-U232RLK,122
GR-U232SL,126
GR-U242RL,122
GR-U242RVG,98
GR-U252RL,122
GR-U262SC,97
GR-U262SLC,97
GR-U272RLC,97
GR-U272SC,97
GR-U292SC,93
GR-U292SLC,93
GR-U302RLC,93
GR-U302SC,93
GR-U312RLC,93
GR-U312RVG,93
GR-U33DDPMM,108
GR-U41WSPW,108
GR-U519ESZ,45
GR-U932SSDM,26
GR-V191R,160
GR-V191RK,160
GR-V191RL,160
GR-V191RLV,160
GR-V191RV,160
GR-V191SPV,160
GR-V192R,146
GR-V192RL,146
GR-V192RV,146
GR-V192S,146
GR-V192SL,146
GR-V192SPV,146
GR-V201SL,160
GR-V202RLV,146
GR-V202RV,146
GR-V202S,146
GR-V202SPV,146
GR-V204SLBT,129
GR-V2074TNA,50
GR-V212R,129
GR-V212RK,129
GR-V212RL,129
GR-V212RL2,129
GR-V212RLK,129
GR-V212RSK,129
GR-V212RV,129
GR-V212SL,129
GR-V212SL2,129
GR-V212SLB,129
GR-V212SLK,129
GR-V212SPV,129
GR-V215R,160
GR-V215RL,160
GR-V222RL,129
GR-V222RLV,129
GR-V222RV,129
GR-V222SL,129
GR-V222SPV,129
GR-V231R,159
GR-V231RL,159
GR-V231RLV,159
GR-V231RV,159
GR-V231SPV,159
GR-V232R,127
GR-V232RL,127
GR-V232RL2,127
GR-V232RLK,127
GR-V232RPK,127
GR-V232RSK,127
GR-V232RV,127
GR-V232S,127
GR-V232SPV,127
GR-V242RK,127
GR-V242RL,127
GR-V242RLV,127
GR-V242RV,127
GR-V242SL,127
GR-V242SPV,127
GR-V243RL,127
GR-V251RL,159
GR-V2522SL,127
GR-V2523SL,127
GR-V252S,127
GR-V252SL,127
GR-V253SLCH,96
GR-V257BL,47
GR-V262RC,97
GR-V262RL,97
GR-V262RLC,97
GR-V262RSC,97
GR-V262RSCK,97
GR-V262SC,97
GR-V262SCA,97
GR-V262SLC,97
GR-V262SLC2,97
GR-V262SLCA,97
GR-V262SLCB,97
GR-V262SLCK,97
GR-V268HSRJ,30
GR-V272RLC,97
GR-V272SC,97
GR-V272SCA,97
GR-V275RLC,97
GR-V278BSRH,40
GR-V278FSRH,40
GR-V278FSRM,40
GR-V278HKRJ,30
GR-V278HSRH,40
GR-V278HSRJ,30
GR-V27BHKRJ,30
GR-V282SL,97
GR-V292RC,93
GR-V292RLC,93
GR-V292RSCK,93
GR-V292SC,93
GR-V292SCA,93
GR-V292SLC,93
GR-V292SLCB,93
GR-V3022SLC,93
GR-V3024SLC,93
GR-V302RLC,93
GR-V302SC,93
GR-V302SCA,93
GR-V302SLC,93
GR-V305RLC,93
GR-V312RLC,93
GR-V312RLCA,93
GR-V313RLC,93
GR-V323SLCH,87
GR-V336RPC,93
GR-V479QGKW,71
GR-V660,36
GR-V9100,24
GR-W061FTH,138
GR-W081S,560
GR-W081SBOY,560
GR-W25PFSRH,42
GR-W268GSRJ,26
GR-W26BFSRH,28
GR-W26GFSRH,28
GR-W278FKRM,30
GR-W278FSRH,40
GR-W278FSRM,40
GR-W278GKRH,30
GR-W278GKRJ,30
GR-W278GSRH,40
GR-W278GSRJ,26
GR-W27BFKRM,30
GR-W27BGKRH,30
GR-W27HFSRH,40
GR-W27HFWRH,40
GR-W27PFKRM,30
GR-W27PGKRH,30
GR-W27PGSRH,40
GR-W30BFSRH,26
GR-W30BFSWH,26
GR-W30GFSRH,26
GR-W30GFSWH,26
GR-W30GGSRM,26
GR-W30GHSRH,26
GR-W328GSRH,26
GR-W32PGSRH,26
GR-W570ST,45
GR-W600GS,51
GR-W600GSL,51
GR-W711R,101
GR-W711RWUL,101
GR-W88FSK,24
GR-X228NKSM,30
GR-X228NMS1,30
GR-X228NMSM,30
GR-X228NSSM,30
GR-X22FTQLL,39
GR-X22MB,39
GR-X22MBI,39
GR-X22MC,39
GR-X23FGNGL,28
GR-X23FGNGM,28
GR-X23FGNWM,28
GR-X23GHKJM,30
GR-X23GHMJM,30
GR-X23GHSJM,30
GR-X23GMKRM,30
GR-X23GMKYM,30
GR-X23GMSRM,30
GR-X23GMSYM,30
GR-X247CQAV,36
GR-X247CSAV,36
GR-X247JS,36
GR-X247MC,36
GR-X248FSRM,28
GR-X248FSYM,28
GR-X248GSYM,28
GR-X248KKRM,28
GR-X248KSRM,28
GR-X248LKZ1,28
GR-X248LKZM,28
GR-X248LSJM,28
GR-X248MKRM,30
GR-X248MKYM,30
GR-X248MSRM,30
GR-X248MSYM,30
GR-X24FFCAB,47
GR-X24FMKAL,28
GR-X24FMKCL,28
GR-X24FMKHL,28
GR-X24FMKRL,28
GR-X24FMQAL,28
GR-X24FMQAS,28
GR-X24FMQBS,28
GR-X24FMQRL,28
GR-X24FMQRS,28
GR-X24FMSBS,28
GR-X24FTKHL,28
GR-X24FTKHV,28
GR-X24FTKSB,28
GR-X24FTMHL,28
GR-X24FTMHV,28
GR-X257BE,47
GR-X257BG,47
GR-X257BL,47
GR-X257CQVV,36
GR-X257CSAV,36
GR-X257CSES,47
GR-X257CVVV,36
GR-X257JS,47
GR-X257MC,47
GR-X259CSBV,36
GR-X260JQGW,47
GR-X260JSGW,47
GR-X265KR,24
GR-X266DSMM,28
GR-X267CQES,47
GR-X267CQEW,47
GR-X267CQHS,47
GR-X267CQHW,47
GR-X267CSHS,47
GR-X267CSHW,47
GR-X267MQHS,47
GR-X267MSHS,47
GR-X267SQCS,47
GR-X267SSCS,47
GR-X268BKNH,40
GR-X268BKNM,40
GR-X268BSNH,40
GR-X268BSNM,40
GR-X268FKNM,40
GR-X268FSNM,40
GR-X268NKSM,26
GR-X268NMSM,26
GR-X268NSJL,26
GR-X268NSSM,26
GR-X26PFSRH,40
GR-X288NKSM,24
GR-X288NMSM,24
GR-X288NQSM,26
GR-X288NSSM,26
GR-X28ANKXM,26
GR-X28ANKYM,26
GR-X28ANKYX,26
GR-X28ANMXM,24
GR-X28ANSXM,26
GR-X28ANSYM,24
GR-X28ANSYX,26
GR-X297CSHL,24
GR-X297CVHL,24
GR-X29FFBRB,51
GR-X29FFLRB,51
GR-X29FFQAB,51
GR-X29FFQRB,51
GR-X29FRBRB,51
GR-X29FTLML,39
GR-X29FTPML,39
GR-X29FTQEL,39
GR-X29FTQKL,39
GR-X29GHSRH,26
GR-X29GHSYH,26
GR-X29GJKYH,26
GR-X29GRSYH,26
GR-X308LKJM,24
GR-X308LKZM,24
GR-X308LSJM,24
GR-X308MKRM,24
GR-X308MKYM,24
GR-X308MMYM,24
GR-X308MSRM,24
GR-X308MSYM,24
GR-X30FGNGM,24
GR-X30FGNWM,24
GR-X30FRBRB,51
GR-X30FRLRB,51
GR-X30FRQRB,51
GR-X30GHKBM,22
GR-X30GHKJM,24
GR-X30GHSJM,24
GR-X30GMKRL,24
GR-X30GMKRM,24
GR-X30GMKYM,24
GR-X30GMSRM,24
GR-X30GMSYM,24
GR-X318BKNH,26
GR-X318BKNM,26
GR-X318BSNH,26
GR-X318BSNM,26
GR-X318FKNM,26
GR-X318FSNM,26
GR-X318LKTM,24
GR-X318LSTM,24
GR-X31FGNGL,24
GR-X31FMKBL,24
GR-X31FMKCL,24
GR-X31FMKHL,24
GR-X31FMKRL,24
GR-X31FMQAL,24
GR-X31FMQBL,24
GR-X31FMQCL,24
GR-X31FMQHL,24
GR-X31FMQRL,24
GR-X31FTKHL,24
GR-X31FTMHL,24
GR-X31FTQHL,24
GR-X31PBKNH,26
GR-X31PFSRH,26
GR-X337CQAL,24
GR-X33FFCRL,47
GR-X33FFQRL,47
GR-X33FGNGL,24
GR-X33FRCRL,47
GR-X33FRLRL,47
GR-X33FRQRL,47
GR-X347CQFS,24
GR-X348CQFS,24
GR-X348CSFS,24
GR-X34FFCAB,47
GR-X34FRCRL,47
GR-X34FRLRL,47
GR-X34FRQRL,47
GR-X39FFCRB,24
GR-X39FFCRL,24
GR-X39FFKRL,24
GR-X39FFLRL,24
GR-X39FFQRL,24
GR-X39FMKHL,24
GR-X39FRCRL,24
GR-X39FRLRL,24
GR-X39FRQRL,24
GR-X39FTKHL,24
GR-X40FRCRL,24
GR-X40FRLRL,24
GR-X40FRQRL,24
GR-X710INS,28
GR-X720INS,28
GR-X910INS,24
GR-X920INS,24
GR-Y201SL,160
GR-Y201SLZB,159
GR-Y31FTAHL,24
GR-Y31FTAHM,24
GR-Y31FWAHL,24
GR-Y31FWAHM,24
GR-Y31FWASB,24
GR-Y331SLZB,136
GR21WPP,159
GR2622WA,97
GR3022WA,93
GR3022WA1,93
GR3790BWA,72
GR3793BXA,72
GR4191EW,71
GR4193EWD,71
GR4194EN,71
GR4196EX,71
GR4197EXD,71
GR4198LPH,71
GR419BBCA,72
GR419BSGA,72
GR4291EW,54
GR4292EWD,54
GR4293EX,54
GR4294EN,54
GR4296EXD,54
GR4299LPHD,54
GR429SEX,54
GR439BLQV,71
GR439BLRV,71
GR4490BWA,54
GR4493BXA,54
GR4691LCWA,54
GR4693LCP,54
GR4696LCPN,54
GR5201WH,96
GR5211PS,96
GR5301WH,68
GR5311PS,68
GR5501WH,87
GR5511PS,87
GR6017PS,73
GR6521EWDW,51
GR6527EXDW,51
GRB-253AS,26
GRB-253ASS,26
GRB-254PS,28
GRB-274PN,28
GRB-274PNC,28
GRB-535GLHL,67
GRB-535GQHL,67
GRB-605GQHL,61
GRB-665GLHL,60
GRB-665GQHL,60
GRB-792DHL,51
GRB-792DHW,51
GRB-792W,51
GRB-832DHL,51
GRB-832DHS,51
GRB-832DHW,51
GRB-832L,51
GRB-832W,51
GRB2176EP,42
GRB2275HTQA,42
GRB2371ECWR,42
GRB2371EWR,42
GRB2376ECXR,42
GRB2376EXR,42
GRB3420VMQ,76
GRB3423VMQ,76
GRB3920YCS,73
GRB3925YTCS,73
GRB4090BVQW,71
GRB4095BTQW,71
GRB4398BVFW,71
GRB459BLQV,54
GRB4925YTQS,67
GRB6521YVSW,51
GRD-254PL,28
GRD-254PS,28
GRD-264PG,28
GRD-264PS,28
GRD-264PY,28
GRD-274PN,28
GRD-274PNC,28
GRD-324PB,24
GRD-324PS,24
GRD-364PG,24
GRD-364PG2,24
GRD-5500WH,75
GRD-6000WH,73
GRD-6001WH,73
GRD-6002NS,73
GRD-6011NS,73
GRD-6012WH,73
GRD-6013AC,73
GRD-6022NS,73
GRD-6800WH,67
GRD-6802NS,67
GRD-6812WH,67
GRD-6813WH,67
GRD-6822NS,67
GRD-6824NS,67
GRD-7814NS,55
GRD-7824PS,42
GRD6102NS,73
GRD7008WH,66
GRD7018PS,66
GRD7018WH,67
GRD7514NS,62
GREX7850SC,55
GRF-6810WH,67
GRF-6823AC,67
GRF-6825NS,67
GRF-6832NS,67
GRF-7815WH,55
GRF-7825NS,55
GRF-7835AC,55
GRF-7838PS,42
GRF-8612NS,39
GRF-8620WH,39
GRF-8622NS,39
GRF-8636AC,51
GRF429BBGA,71
GRF429BBQA,71
GRF4399BSFW,71
GRF459BBQA,54
GRF459BSGA,54
GRF4699BSFW,54
GRF7838AC,42
GRF7838FS,55
GRF7848SC,42
GRF8648SC,51
GRFB587PQAM,48
GRJ-264DPM,28
GRJ-264PM,28
GRJ-274DPF,28
GRJ-274DPN,28
GRJ-317PBS,24
GRJ-324PB,24
GRJ-324PM,24
GRJ-327PBS,24
GRJ-327PBW,24
GRJ-334DPB,24
GRJ-334DPF,24
GRJ-337PBHN,24
GRJ-337PBHW,24
GRL-217AXL,36
GRL2070FV,42
GRL2187EP,28
GRL2188EP,28
GRL2271GVXA,42
GRL2273GLRA,42
GRL2278HVRA,42
GRL2279GSPA,42
GRL2370ECW,42
GRL2371ECWR,42
GRL2371EWR,42
GRL2373ECX,42
GRL2375ECX,42
GRL2376ECPR,42
GRL2376EXR,42
GRL2378ECP,42
GRL2378ECPF,42
GRL2460ACM,28
GRM-665GLDL,60
GRM-792DHLL,51
GRM-832DHLI,51
GRM-832DHLL,51
GRM-832DHWI,51
GRM-832DHWL,51
GRM-832ILL,51
GRM-832IWL,51
GRM-852DHLI,51
GRM-852DHLL,51
GRM-852DHWI,51
GRM-852DHWL,51
GRM-852HLI,51
GRM-852HLL,51
GRM-852HWI,51
GRM-852HWL,51
GRM-852LL,51
GRM-852WL,51
GRNU15GSJN4,780
GRP-217AXL,36
GRP-217AXW,36
GRP2065TLQA,36
GRP2279GSXJ,42
GRP2279SSJA,28
GRP2285SLQA,28
GRP2287STJA,28
GRP2371EWR,42
GRP2374ENR,42
GRP2376ECPR,42
GRP2376EXR,42
GRP2384KGDA,36
GRP2470ACM,28
GRP2470ECP,28
GRP2476BST,28
GRP2477SWA,28
GRP2479CNPV,28
GRP2479ECPN,28
GRP247JHMV,28
GRS7858SC,42
GRSN266LLR,57
GRTB622PFFQ,51
GRTB622PVBQ,51
GRTF622PQBQ,51
GRTF622PQHQ,51
GRTF622PVBQ,51
GRTF922PFBQ,51
GRV2621SCA,97
GRV2921SCA,93
GRV292SLCA1,93
GRX-274DPB,28
GRX-274DPBC,28
GRX-334DPB,24
GRX-334DPBC,24
GS-B500MB,48
GS-B5281SW,36
GS-B5282PZ,36
GS-B599MBL,47
GS-B599PL,47
GS-B599PLB,47
GS-B600MBL,47
GS-B600MWH,47
GS-B600PL,47
GS-B6181DS,36
GS-B6263PZ,36
GS-B6267GV,36
GS-B6269PZ,36
GS-B6432WB,47
GS-B6472MC,47
GS-B6472PZ,47
GS-B6473BM,36
GS-B6473EP,47
GS-B6473MC,47
GS-B6473PY,47
GS-B6473PZ,47
GS-B6554DS,36
GS-B655MBL,47
GS-B655PL,47
GS-B655WL,47
GS-B679PL,36
GS-B680BLE,36
GS-B680DSLE,36
GS-B680MBL,36
GS-B680PL,36
GS-B680WL,36
GS-D600BML,36
GS-D600MBLC,47
GS-D600PLC,47
GS-D635MBLC,47
GS-D635PLC,47
GS-D665BSL,36
GS-D665PL,36
GS-J5961NS,28
GS-J5982MS,47
GS-J6011SB,36
GS-L5062PZ,36
GS-L600MBL,47
GS-L600PL,47
GS-L6012PZ,36
GS-L6013PZ,36
GS-L6019PZ,36
GS-L6104EV,47
GS-L6104PY,47
GS-L6172PZ,47
GS-L6354MC,36
GS-L635MBL,47
GS-L635PL,47
GS-L635PLF,47
GS-L6473EP,47
GS-L668MBNL,36
GS-L668PL,36
GS-L668PL5,36
GS-L668PNL,36
GS-M6261AW,36
GS-M6261NS,36
GS-M6262KR,36
GS-M6262NS,36
GS-M6267BM,36
GS-M6268GV,36
GS-M678PL,36
GS-M8259PZ,24
GS-N599MBL,47
GS-N599PL,47
GS-N600PL,47
GS-N635MBL,47
GS-N635PL,47
GS-Q6278MT,36
GS-Q6278NS,36
GS-Q6352MS,47
GS-Q6472NS,47
GS-V600MBLC,47
GS-V635MBLC,47
GS-V635PLC,47
GS-V6473EP,47
GS-V665MBL,36
GS-V665PL,36
GS-VB600PL,47
GS-VB655MBL,47
GS-VB655PL,47
GS-VB680PL,36
GS-X5982MC,47
GS-X6010MC,36
GS-X6011NS,36
GS-X6018MT,36
GS-X6104BE,47
GS-X6104EV,47
GS-X6172MC,47
GS-X6172NS,47
GS-X6173NS,47
GS-X6354MC,36
GS0713SB,1187
GS0713ST,1185
GS0713SW,1187
GS20BVP,36
GS22SPP,36
GS3159AEAV,42
GS3159AEAV1,42
GS3159AEEV,42
GS3159AEHZ1,42
GS3159AEJZ,42
GS3159AVAV1,42
GS3159AVBV,42
GS3159AVDV,42
GS3159AVEV,42
GS3159AVHV,42
GS3159AVHZ1,42
GS3159AVJV,42
GS3159PVAV,42
GS3159PVAV1,42
GS3159PVBV,42
GS3159PVBV1,42
GS3159PVDV,42
GS3159PVEV,42
GS3159PVEV1,42
GS3159PVFV,42
GS3159PVHV,42
GS3159PVHV1,42
GS3159PVHZ,42
GS3159PVHZ1,42
GS3159PVJV,42
GS3159PVJV1,42
GS3159PVJZ,42
GS3159PVJZ1,42
GS3159PVPV,42
GS3159SWFV,42
GS3159SWHV,42
GS3159SWJV,42
GS3159TIHV,42
GS3159WBFV,42
GS3159WBFV1,42
GS3159WBHV,42
GS3159WBJV,42
GS40N,30240
GS5162AEEV,42
GS5162AEFV,42
GS5162AELV,42
GS5162AELZ,42
GS5162AENZ,42
GS5162AVEV,42
GS5162AVJV,42
GS5162AVLZ,42
GS5162AVMZ,42
GS5162PVJV,42
GS5162PVLV,42
GS5162PVLV1,42
GS5162PVLZ,42
GS5162PVMV,42
GS5162PVMV1,42
GS5162SVLV,42
GS5162TIJV,42
GS5162TIMZ,42
GS5162WBJV,42
GS5163AEJV,42
GS5163AELZ,42
GS5163AEMV,42
GS5163AEMZ,42
GS5163AVJV,42
GS5163AVLZ,42
GS5163AVMV,42
GS5163NSLV,42
GS5163NSMV,42
GS5163PVJV,42
GS5163PVLV,42
GS5163PVLZ,42
GS5163PVMV,42
GS5163PVMZ,42
GS5163PVQV,42
GS5163SVLV,42
GS5163SWJV,42
GS5163TIMV,42
GS5163WBJV,42
GS5163WBKV,42
GS5163WBLZ,42
GS5163WBMV,42
GS5164AEFZ,42
GS5164AEFZ1,36
GS5164PVJV,42
GS5164TIJV,42
GS51BPP,48
GS51BT,48
GS51MPD,48
GS51MPP,48
GS5262AEGV,42
GS5262AVJV,42
GS5262AVLV,42
GS5262AVMV,42
GS5262WBGV,42
GS5262WBJV,42
GS5263AEGV,42
GS5263AELV,42
GS5263AVGV,42
GS5263PVJV,42
GS5263SWGV,42
GS5263SWLV,42
GS5264AVJZ,42
GS5264SWJV,42
GS5264SWJZ,42
GS5264TIJZ,42
GS57SGP,36
GS63MPGK,36
GS64WDP,36
GS65BPGK,47
GS65MPP1,36
GS65SDN,36
GS65SDN1,36
GS65SDP1,36
GS65SDP2,36
GS65SDPK,36
GS65SDPN,36
GS65SPP1,36
GS65SPPN,36
GS65TPP1,36
GS65WPPK,47
GS66BPM,47
GS66BPP,47
GS66BPY,47
GS66BVM,47
GS66BVP,47
GS66BVT,47
GS66GPY,47
GS66MPP,47
GS66MPPT,47
GS66SDP,47
GS66SGP,47
GS66SPM,47
GS66SPP,30
GS66SPPT,47
GS66SPV,30
GS66SPY,47
GS66SVS,26
GS66SXN,47
GS66SXNC,47
GS66SXSC,47
GS66SXT,47
GS66SXTC,47
GS66WPP,47
GS68SGS,26
GS7161AEAV,32
GS7161AEFV,32
GS7161AELV,28
GS7161AVEV,32
GS7161AVGV,32
GS7161AVHV,32
GS7161AVIV,32
GS7161AVJV,32
GS7161PVGV,32
GS7161STAV,32
GS7161STBV,32
GS73SDD,24
GS73SDS,24
GS73SGG,24
GS73SGS,24
GS73SXS,24
GS74SDS,24
GS74SGS,24
GS74SXS,24
GS75SPP,26
GS76SDN,24
GS77BPT,26
GS77SPP,26
GS77SXTC,26
GS9166AEJZ,36
GS9166AEMZ,36
GS9166AENV,36
GS9166AENV1,36
GS9166AVJV,36
GS9166AVJZ2,36
GS9166AVLZ,36
GS9166AVQZ,36
GS9166KSAV,36
GS9166LKAV,36
GS9166PVJV,36
GS9166SWRZ,36
GS9167AEJZ,36
GS9167AVPV,36
GS9167AVPZ,36
GS9266KBCV,36
GS9266KRCV,36
GS9267AVPV,36
GS9267KSAV,36
GS9366AEAV,36
GS9366NECZ,36
GS9366NEDZ,36
GS9366NEQZ,36
GS9366NESZ,36
GS9366NSAZ,36
GS9366NSDZ,36
GS9366NSFZ,36
GS9366PZQVD,36
GS9366PZQZB,36
GS9366PZQZM,36
GS9366PZYVL,36
GS9366PZYZD,36
GS9366PZYZL,36
GS9366SWQVD,36
GS9367NSBV,36
GS9367NSBZ,36
GS9566MNAV,28
GS9566MNDV,28
GSA0001B1M,57600
GSA0001L1M,57600
GSA0002B1M,57600
GSA0002B2M,57600
GSA0002B3M,57600
GSA0002B4M,57600
GSA0002L1M,57600
GSB321PVQV,42
GSB321PVQZ,42
GSB325NSQV,42
GSB325NSQZ,36
GSB325PVQV,42
GSB325PVQZ,42
GSB325PZQV,36
GSB325PZQZ,36
GSB325SWQV,42
GSB325WBQV,42
GSB360BASZ,36
GSB470BASZ,36
GSB6611PS,36
GSB6616PS,36
GSB760PZXV,36
GSB760PZXZ,36
GSB760PZYZ,36
GSB760SWXV,36
GSB960NEBZ,36
GSBC40EPPE,47
GSBC40PYPE,47
GSBC40SWPE,47
GSBV30DSXM,47
GSBV30PZXM,47
GSBV70DSTF,47
GSBV70DSTM,47
GSBV70PZTE,47
GSBV70PZTF,47
GSBV70PZTL,47
GSBV70PZTM,47
GSBV70SWTM,47
GSBV70WBTM,47
GSC6616PS,36
GSC6676SC,36
GSGB71PYLL,47
GSGE81EVBD,47
GSGE91EVAC,47
GSGV80EPLD,47
GSGV80EPLL,47
GSGV80PYLD,47
GSGV80PYLL,47
GSGV81EPLD,47
GSGV81EPLL,47
GSGV81PYLL,47
GSGV91EVAD,47
GSI960PZAZ,36
GSI960PZVV,36
GSI961NEAZ,36
GSI961PZAZ,36
GSJ360DIDV,36
GSJ361DIDV,36
GSJ460DIDE,36
GSJ461DIDE,36
GSJ461DIDV,36
GSJ461DIDVD,36
GSJ461DIDZ,36
GSJ470DIDV,36
GSJ471DIDE,47
GSJ471DIDZ,36
GSJ560PZXV,36
GSJ561PZUZ,36
GSJ760DSXZ,36
GSJ760PZUZ,36
GSJ760PZXV,36
GSJ760PZXZ,36
GSJ760PZZE,36
GSJ760PZZZ,36
GSJ760WBXV,36
GSJ761MCEE,36
GSJ761MCUZ,36
GSJ761MCZZ,36
GSJ761NSXZ,36
GSJ761PZBG,36
GSJ761PZEE,36
GSJ761PZTZ,36
GSJ761PZUZ,36
GSJ761PZXV,36
GSJ761PZZE,36
GSJ761PZZZ,36
GSJ761SWUV,36
GSJ761SWXZ,36
GSJ761SWZE,36
GSJ761SWZZ,36
GSJ960MCCZ,36
GSJ960MTAZ,36
GSJ960NSBZ,36
GSJ960NSCZ,36
GSJ960NSTZ,36
GSJ960NSVZ,36
GSJ960NSZE,36
GSJ960PZBV,36
GSJ960PZBZ,36
GSJ960PZVZ,36
GSJ961MCCZ,36
GSJ961MCVZ,36
GSJ961MTAZ,36
GSJ961NEAZ,36
GSJ961NEBZ,36
GSJ961NSAZ,36
GSJ961NSBV,36
GSJ961NSBZ,36
GSJ961NSCZ,36
GSJ961NSUZ,36
GSJ961NSVV,36
GSJ961NSVZ,36
GSJ961NSZE,36
GSJ961NSZZ,36
GSJ961PZBV,36
GSJ961PZBZ,36
GSJ961PZCZ,36
GSJ961PZVV,36
GSJ961PZVZ,36
GSJ976NSBZ,28
GSJC40EPEE,47
GSJC40EPPE,47
GSJC40PYEE,47
GSJC40PYPE,47
GSJC41EPPE,47
GSJC41PYPE,47
GSJC50EPEE,47
GSJC50PYEE,47
GSJE81EPBD,47
GSJE81PYBD,47
GSJV30DSXE,47
GSJV30DSXF,47
GSJV31DSXE,47
GSJV31DSXF,47
GSJV31PZXE,47
GSJV31PZXF,47
GSJV31WBXF,47
GSJV50DSXE,47
GSJV50DSXF,47
GSJV51DSXE,47
GSJV51DSXF,47
GSJV51MCXE,36
GSJV51PZTE,47
GSJV70DSLE,47
GSJV70DSTF,47
GSJV70MBLE,47
GSJV70MCLE,47
GSJV70MCTF,47
GSJV70PZLE,47
GSJV70PZLF,47
GSJV70PZTE,47
GSJV70PZTF,47
GSJV70WBTE,47
GSJV70WBTF,47
GSJV71MBLE,47
GSJV71MCLE,47
GSJV71MCTE,47
GSJV71MCTF,47
GSJV71PZLE,47
GSJV71PZTE,47
GSJV71PZTF,47
GSJV71SWTE,47
GSJV80BSLF,47
GSJV80DSLF,47
GSJV80MBLE,47
GSJV80MBLF,47
GSJV80MCLE,47
GSJV80MCLF,47
GSJV90BSAE,47
GSJV90BSAF,47
GSJV90BSDE,47
GSJV90MCAE,47
GSJV90MCDE,47
GSJV90PZAE,47
GSJV90PZAF,47
GSJV91BSAE,47
GSJV91MBAE,47
GSJV91MCAE,47
GSJV91PZAE,47
GSK6676SC,36
GSK6686SC,36
GSK6876SC,36
GSL321PVCV,42
GSL321WBCV,42
GSL325NSCV,42
GSL325NSYV,42
GSL325NSYZ,42
GSL325PVCV,42
GSL325PVCVD,36
GSL325PVQV,36
GSL325PVYV,36
GSL325PVYZ,42
GSL325PZCV,36
GSL325PZCVD,36
GSL325PZYV,36
GSL325PZYVD,36
GSL325PZYZ,36
GSL325SWCV,36
GSL325SWCVD,36
GSL325SWYV,42
GSL325WBCV,42
GSL325WBQV,36
GSL325WBYV,42
GSL360DSEV,36
GSL360ICEV,36
GSL360ICEZ,36
GSL361ICEV,36
GSL361ICEZ,36
GSL460ICEE,36
GSL460ICEV,36
GSL461ICEE,36
GSL461ICEZ,36
GSL461ICEZD,36
GSL471ICEZ,36
GSL480PZXV,36
GSL481PZXZ,36
GSL541NSYZ,42
GSL541PVYV,42
GSL545NSQV,42
GSL545NSQZ,42
GSL545NSYV,42
GSL545NSYZ,42
GSL545PVQV,42
GSL545PVYV,42
GSL545PVYZ,42
GSL545PZQZ,36
GSL545PZYZ,36
GSL545SWQZ,42
GSL545SWYV,42
GSL545SWYZ,42
GSL545WBQV,42
GSL545WBYV,42
GSL560PZXV,36
GSL561PZUV,36
GSL561PZUZ,36
GSL6611BK,36
GSL6611PS,36
GSL6611WH,36
GSL6621PS,36
GSL6626PS,36
GSL6631PS,36
GSL6646PS,36
GSL6661PS,36
GSL6671SC,36
GSL6676PS,36
GSL6681PS,36
GSL6691PS,36
GSL7601PS,36
GSL760MCDV,36
GSL760MCKV,36
GSL760MCXV,36
GSL760MCXZ,36
GSL760MCZV,36
GSL760PZUV,36
GSL760PZUZ,36
GSL760PZXV,36
GSL760SWXV,36
GSL760SWYV,36
GSL760WBXV,36
GSL761MCKV,36
GSL761MCXV,36
GSL761MCZE,36
GSL761MCZZ,36
GSL761PZUV,36
GSL761PZUZ,36
GSL761PZXV,36
GSL761SWYV,36
GSL761WBXV,36
GSL9366APPP,36
GSL960MCCZ,36
GSL960MCZV,36
GSL960PZBV,36
GSL960PZBZ,36
GSL960PZJV,36
GSL960PZUZ,36
GSL960PZVZ,36
GSL960SWBZ,36
GSL961NEAX,36
GSL961NEBF,36
GSL961NSBZ,36
GSL961NSUV,36
GSL961PZBV,36
GSL961PZBZ,36
GSL961PZJV,36
GSL961PZUZ,36
GSL961SWUZ,36
GSLA80PZLD,47
GSLA80PZLF,47
GSLA81PZLD,47
GSLA81PZLF,47
GSLB91EVAB,47
GSLC40EPFE,47
GSLC40EPPE,47
GSLC40EPSE,47
GSLC40PYFE,47
GSLC40PYPE,47
GSLC40PYSE,47
GSLC40SWPE,47
GSLC41EPPE,47
GSLC41PYPE,47
GSLC70EPFE,47
GSLC70PYFE,47
GSLD50DSXM,47
GSLD51DSXM,47
GSLD80PZRD,47
GSLD80PZRF,47
GSLD81PZRD,47
GSLD81PZRF,47
GSLE80EPBD,47
GSLE80PYBC,47
GSLE80PYBD,47
GSLE81BSBC,47
GSLE81EPBC,47
GSLE81EPBD,47
GSLE81PYBC,47
GSLE81PYBD,47
GSLE90EVAC,47
GSLE91EVAB,47
GSLE91EVAC,47
GSLE91MBAB,47
GSLE91MBAC,47
GSLE91PYAC,47
GSLV30DSXF,47
GSLV30DSXM,47
GSLV30PZXM,47
GSLV31DSXE,47
GSLV31DSXM,47
GSLV31MCXM,47
GSLV31PZXM,47
GSLV50DSXE,47
GSLV50DSXF,47
GSLV50DSXM,47
GSLV50PZXE,47
GSLV50PZXF,47
GSLV50PZXL,47
GSLV50PZXM,47
GSLV51MCXE,36
GSLV51MCXM,36
GSLV51PZXE,47
GSLV51PZXL,47
GSLV51PZXM,47
GSLV51WBXM,47
GSLV70DSTF,47
GSLV70EPTC,47
GSLV70MCTD,47
GSLV70MCTE,47
GSLV70MCTF,47
GSLV70MCTM,47
GSLV70PZLE,47
GSLV70PZTD,47
GSLV70PZTE,47
GSLV70PZTF,47
GSLV70PZTM,47
GSLV70SWTE,47
GSLV70SWTF,47
GSLV71MCLE,47
GSLV71MCTD,47
GSLV71MCTE,47
GSLV71MCTF,47
GSLV71PZLE,47
GSLV71PZRC,47
GSLV71PZTD,47
GSLV71PZTE,47
GSLV71PZTF,47
GSLV71PZTM,47
GSLV71SWTE,47
GSLV71SWTM,47
GSLV80DSLF,47
GSLV80MCLF,47
GSLV80PZLF,47
GSLV81PZLE,47
GSLV81PZLF,47
GSLV90MBAD,47
GSLV90MCAE,47
GSLV90PZAD,47
GSLV90PZAE,47
GSLV90PZAM,47
GSLV91BSAC,47
GSLV91EVAC,47
GSLV91MBAC,47
GSLV91MBAD,47
GSLV91MCAC,47
GSLV91MCAD,47
GSLV91PZAE,47
GSM32HSBEH,48
GSM760PZXZ,36
GSM860AWAZ,36
GSM860BMAV,36
GSM860LBAZ,36
GSM960NSBZ,36
GSNC126E0A2,869
GSNC126E0U1,869
GSNC126E1A1,869
GSNC126E5U2,869
GSNC1865DA1,682
GSNC1865NU2,682
GSNC1865SA2,682
GSNC1865SU1,682
GSNC2465DA1,682
GSNC2465NU2,682
GSNC2465SA2,682
GSNC2465SU1,682
GSNH126E0A2,869
GSNH126E0U1,869
GSNH126E5U2,869
GSNH1865NU2,682
GSNH1865SA2,620
GSNH2465NU2,682
GSNH2465SA2,682
GSP321PVCV,42
GSP321WBCV,42
GSP325NSCV,42
GSP325NSYV,36
GSP325PVCV,42
GSP325PZCV,36
GSP325WBCV,42
GSP541NSYZ,42
GSP541PVYV,42
GSP545NSQV,42
GSP545NSQZ,42
GSP545NSYV,42
GSP545NSYZ,42
GSP545PVQV,42
GSP545PVYV,42
GSP545PVYZ,42
GSP545PVYZ8,36
GSP545PZQZ,36
GSP545PZYZ,36
GSP545SWQV,42
GSQV90MCAE,47
GSQV90MCAM,47
GSQV90PZAE,47
GSQV90PZAM,47
GSS6611PS,36
GSS6626PS,36
GSS6631PS,36
GSS6671PS,36
GSS6676MC,36
GSS6676MT,36
GSS6676PS,36
GSS6676SC,36
GSS6681SC,36
GSS6691PS,36
GSS6791SC,36
GSS6871MC,36
GSS6876SC,36
GSSN266SFG,57
GSUC126E0U1,316
GSUC126E1A1,316
GSUC126E5U2,316
GSUC1865DA1,171
GSUC1865NU2,171
GSUC1865SU1,171
GSUC2465DA1,171
GSUC2465NU2,171
GSUC2465SU1,171
GSUH126E0A2,316
GSUH126E0U1,316
GSUH126E5U2,316
GSUH1865NU2,171
GSUH1865SA2,171
GSUH2465NU2,171
GSUH2465SA2,171
GSVV80PYLL,47
GSX960MCAZ,36
GSX960MCCE,36
GSX960MCCZ,36
GSX960MCVZ,36
GSX960MTAZ,36
GSX960NEAZ,36
GSX960NECE,36
GSX960NEVZ,36
GSX960NSAZ,36
GSX960NSCZ,36
GSX960NSVZ,36
GSX961MCCE,36
GSX961MCCZ,36
GSX961MCVZ,36
GSX961MTAZ,36
GSX961NEAZ,36
GSX961NECE,36
GSX961NEVZ,36
GSX961NSAZ,36
GSX961NSCZ,36
GSX961NSVZ,36
GSX961PZVZ,36
GSX970NEAE,36
GSX971NEAE,36
GSX971NEAZ,36
GSXB90EVDD,36
GSXB90MCDE,47
GSXD91MBAE,47
GSXE80PYBD,47
GSXE81EVBD,47
GSXE81PYBD,47
GSXE90BSAD,47
GSXE90BSDD,36
GSXE90EVAD,47
GSXE90EVDD,36
GSXE90MBAD,47
GSXE90MBDD,36
GSXE91BSAD,47
GSXE91EVAD,47
GSXE91MBAD,47
GSXV80MCLE,47
GSXV80PZLE,47
GSXV81MCLE,47
GSXV81PZLE,47
GSXV90BSAE,47
GSXV90BSDE,47
GSXV90MBAE,47
GSXV90MCAE,47
GSXV90MCDE,47
GSXV90PZAE,47
GSXV90PZAF,47
GSXV91BSAE,47
GSXV91BSAF,47
GSXV91MBAE,47
GSXV91MBAF,47
GSXV91MCAE,47
GSXV91MCAF,47
GSXV91MCLE,47
GSXV91NSAE,47
GSXV91PZAE,47
GT-1S,97
GT-1SI,97
GT-223MPL,96
GT-223MWL,96
GT-279BPL,90
GT-279BWL,90
GT-279MPL,87
GT-279MWL,87
GT-279SDC,90
GT-279WDC,90
GT-2S,92
GT-2SI,92
GT-2W,92
GT-2WI,92
GT-332MPL,73
GT-332MPL5,73
GT-332MWL,73
GT-332SDC,73
GT-332WDC,73
GT-3B,74
GT-3MB,74
GT-3S,74
GT-3W,74
GT-427HPLE,67
GT-442BPL,67
GT-442BPL5,67
GT-442BPLE,67
GT-442BTDC,67
GT-442BWL,67
GT-442SDC,67
GT-442WDC,67
GT-4B,73
GT-4MB,73
GT-4S,73
GT-4W,73
GT-515BPL,60
GT-515BTDC,61
GT-515BWL,60
GT-515SDC,61
GT-515WDC,61
GT-5B,67
GT-5MB,67
GT-5S,67
GT-5W,67
GT-600MBDC,51
GT-6MB,67
GT-6NB,67
GT-6S,67
GT-6SB,67
GT-7MB,67
GT-8MB,52
GT-8S,52
GT-B0961PZ,286
GT-B2652DS,92
GT-B2655PY,92
GT-B2757CP,90
GT-B3121PZ,73
GT-B3122WB,73
GT-B3127PZ,73
GT-B3128PZ,73
GT-B3153BN,74
GT-B3302PZ,73
GT-B3303PY,73
GT-B3702PZ,67
GT-B3722PZ,67
GT-B3723PY,67
GT-B386DS,67
GT-B3952BL,67
GT-B3952BN,67
GT-B3953EP,67
GT-B3954BM,67
GT-B4101PZ,67
GT-B4107PZ,67
GT-B4381PZ,66
GT-B4387PZ,66
GT-B4388PZ,66
GT-B4603PY,65
GT-B4604BM,65
GT-B4783EP,61
GT-B4783PZ,61
GT-B4801PZ,60
GT-B4802PZ,60
GT-B4807GV,61
GT-B4807PZ,61
GT-D4111PZ,67
GT-D4117PZ,67
GT-D420BPL,67
GT-D4411PZ,66
GT-D4417BL,66
GT-D4417PZ,66
GT-D5101NS,42
GT-D5102PZ,42
GT-D5107PZ,42
GT-F3953EP,67
GT-F4603EP,65
GT-F4604EP,65
GT-F4781BL,61
GT-L471PDC,66
GT-L5671NS,51
GT-M2881PZ,75
GT-M3181PZ,73
GT-M3781AW,97
GT-M4807PZ,61
GT-M5091PZ,42
GT-M5093BL,55
GT-M5097PZ,55
GT-M5967BL,51
GT-M5967PZ,51
GT-T3867BM,67
GT-T3867PZ,67
GT-T5107BM,42
GT-W515BPL,60
GT-W515BSPL,61
GT-W600BPL,51
GT-W600BPLX,51
GT-W6S,67
GT21BPP,122
GT21BPP1,122
GT21BPPV,122
GT21BPW,122
GT21BPW1,122
GT22BPGP,127
GT22BPPD,127
GT23BPP,96
GT23BPW,96
GT24BPP,97
GT24BS,28
GT25BPP,96
GT26BPG,89
GT26BPP,92
GT27BPG,89
GT28BPP,87
GT28BPPK,88
GT28BPPX,88
GT28BPW,87
GT28WPP,88
GT28WPPX,88
GT29BDC,88
GT29BPK,88
GT29BPP,88
GT29BPPDC,88
GT29BPPK,88
GT29BPPX,88
GT29BPWX,88
GT29WDC,88
GT29WPP,88
GT29WPPDC,88
GT29WPPK,88
GT29WPPKT,88
GT29WPPX,88
GT30BP,92
GT30WP,92
GT31BGP,73
GT31BPP,74
GT31WM,74
GT31WPP,74
GT32BDC,73
GT32BGP,73
GT32BGW,73
GT32BP,88
GT32BPGG,73
GT32BPP,73
GT32BPPDC,73
GT32BPPK,73
GT32BPW,73
GT32BPY,77
GT32BPZ,73
GT32WDC,73
GT32WM,73
GT32WP,88
GT32WPK,73
GT32WPP,73
GT32WPPDC,73
GT32WPPK,73
GT32WPPKT,73
GT32WPW,73
GT32WPZ,73
GT33BP,74
GT33BPP,73
GT33WP,74
GT33WPP,73
GT33WPPK,73
GT35BP,73
GT35WP,73
GT37SGP,67
GT39AGD,67
GT39AGD1,67
GT39BPP,67
GT39BPPDC,67
GT39MDP,67
GT39SGP,67
GT39SGP1,67
GT39WPP,67
GT39WPPDC,67
GT40ADC,67
GT40BDC,67
GT40BGP,67
GT40BGW,67
GT40HGP,67
GT40SGP,67
GT40WDC,67
GT40WGP,67
GT40WGPP,67
GT41AGD,67
GT41AGP,67
GT41AGPX,67
GT41MDP,67
GT41SGP,67
GT41SGPX,67
GT42BGP,67
GT42HGP,67
GT42SGP,67
GT42WGP,67
GT43BGP,66
GT43WGP,67
GT44AGD,66
GT44AGP,66
GT44BGP,67
GT44BPP,66
GT44BPP1,66
GT44EGP,67
GT44MDP,66
GT44SGP,66
GT46BGP,60
GT46HGP,60
GT46HGPP,60
GT46SGP,60
GT46WGP,60
GT47BGP,66
GT47HGP,60
GT47SGP,66
GT47WGP,66
GT50MDN,42
GT50MDP,42
GT50SGP,42
GT5132PVCA,75
GT5132PVEA,75
GT5132PVEA1,75
GT5132PVES1,75
GT5132SHEA,75
GT5132SHEA1,75
GT5132SHES,75
GT5132SWCA,75
GT5132SWCA1,75
GT5132TIES,75
GT5132TIES1,75
GT5135PVES,73
GT5135PVES1,73
GT5135SHES,73
GT5135SWCS,73
GT5135SWCS1,73
GT5135SWES,73
GT5135SWES1,73
GT5135TIES,73
GT5135TIES1,73
GT5142AVAS,67
GT5142AVAS1,67
GT5142AVBS,67
GT5142AVBS1,67
GT5142PVAA,67
GT5142PVAA1,67
GT5142PVAS,67
GT5142PVAS1,67
GT5142PVBS,67
GT5142PVCS,67
GT5142SEAS1,67
GT5142SEBS,67
GT5142SEBS1,67
GT5142SWBS,67
GT5142SWBS1,67
GT5142SWES,67
GT5142SWES1,67
GT5142TIAS,67
GT5142TIAS1,67
GT51BPP,55
GT51BPP1,55
GT51SGD,55
GT51SGP,55
GT5232PVEW,75
GT5232PZCM,75
GT5232SECM,75
GT5232SHCM,75
GT5232SHEW,75
GT5235PVEW,73
GT5235PVHW,73
GT5235PZCM,73
GT5235SHCM,73
GT5235SHCW,73
GT5235SHEW,73
GT5235SHHW,73
GT5240AVBW,67
GT5240AVFW,67
GT5240NSBW,67
GT5240NSFW,67
GT5240PVFW,67
GT5240SEFW,67
GT5240SHHW,67
GT5247AVEW,62
GT5247PVFW,62
GT5521PS,101
GT5521WH,101
GT5525LPS,90
GT5525LWH,90
GT5525PS,90
GT5525WH,90
GT57BPSX,39
GT57BPWK,40
GT58BPP,39
GT6031DS,73
GT6031PS,73
GT66BPS,26
GT7043PS,66
GT7050PVHW,67
GT7063AVFW,65
GT7063NSFW,65
GT7170PVBD,55
GT7170PVBW,55
GT7170PVFW,55
GT7170SEBW,55
GT9176AVBW,51
GT9176PVBW,51
GT9176PVFW,51
GT9176SEBW,51
GT9176SWBW,51
GT9180AEBW,51
GT9180AVBW,51
GT9180AVFW,51
GTA0N,72000
GTB332DSGE,73
GTB332PZGE,73
GTB362PZCL,87
GTB362PZCMD,90
GTB362PZCZD,90
GTB362SHCL,87
GTB362SHCMD,90
GTB362SHCZD,90
GTB372PZCR,68
GTB372SHCR,68
GTB382PZCL,96
GTB382PZCMD,101
GTB382PZCZD,101
GTB382SHCL,96
GTB382SHCMD,101
GTB382SHCZD,101
GTB523PZCJ,73
GTB523PZCZD,73
GTB523SWCJ,73
GTB523SWCZD,73
GTB574NSHM,66
GTB574NSHZD,66
GTB574PZCVD,66
GTB574PZHM,66
GTB574PZHZD,66
GTB574SEHM,66
GTB574SEHZD,66
GTB574SHHM,66
GTB574SHHZD,66
GTB583NSHM,67
GTB583PZCZD,67
GTB583PZHZD,67
GTB583SEHM,67
GTB583SEHZD,67
GTB583SHHM,67
GTB583SHHZD,67
GTB744BMBED,42
GTB744BMBZD,42
GTB744DSCV,42
GTB744PZHED,55
GTB744PZHM,42
GTB744PZHZD,55
GTB744SECV,42
GTB754NSHM,60
GTB754PZHM,60
GTB754SEHM,60
GTB916PZHED,51
GTB916PZHM,51
GTB916PZHYD,51
GTB916SEHYD,51
GTB925PZHM,51
GTBV20PYGKD,92
GTBV20PYZJD,92
GTBV20SWGKD,92
GTBV20SWZJD,92
GTBV22PYGKD,121
GTBV22PYNJ,121
GTBV22SWGKD,121
GTBV22SWNJ,121
GTBV36PZGKD,67
GTBV36SWGKD,67
GTBV38PZGKD,73
GTBV38SWGKD,73
GTBV44EPBKD,65
GTBV44PYBKD,65
GTBV44PYFKD,65
GTBV44SEBKD,65
GTBV44SWBKD,65
GTBV44SWFKD,65
GTD7043MC,66
GTD7043WH,66
GTD7850BL,55
GTD7850PS,55
GTD7850PS1,55
GTD7876DS,55
GTD7876DS1,55
GTF3018DCB,67
GTF3018DCT,67
GTF3018DCW,67
GTF3020CT,62
GTF3020CW,62
GTF3020DCB,61
GTF3020DCT,61
GTF3020DCW,61
GTF3022DCT,60
GTF3022DCW,60
GTF3022GBX,60
GTF3022GLX,60
GTF3022GSX,60
GTF3025GBX,55
GTF3025GLX,55
GTF3027GSX,55
GTF3029GBX,51
GTF3029GSX,51
GTF452SSAM,45
GTF452SSAN,45
GTF452SVAN,45
GTF522PSAN,42
GTF522PVAN,42
GTF522SQAM,42
GTF522SSAM,42
GTF7043PS,66
GTF744BLPED,55
GTF744BLPZD,55
GTF744NSPM,42
GTF744PZHV,42
GTF744PZPED,55
GTF744PZPM,42
GTF744PZPZD,55
GTF744SEHV,42
GTF744SEPED,55
GTF744SEPM,42
GTF744SEPZD,55
GTF7850BL,55
GTF7850BL1,55
GTF7851PS,55
GTF8659PS,51
GTF8659PS1,51
GTF916NSPM,51
GTF916NSPZD,51
GTF916PZPED,51
GTF916PZPM,51
GTF916PZPYD,51
GTF916PZPZD,51
GTF916SEPED,51
GTF916SEPM,51
GTF916SEPYD,51
GTF925NSPM,51
GTF925PZPM,51
GTF925PZPZD,51
GTF925SEPM,51
GTF925SEPZD,51
GTFV44PYBKD,65
GTL569PVAM,39
GTM574PZAM,66
GTM574PZAZD,66
GTM744NSAM,42
GTM744PZAM,42
GTM744PZAZD,42
GTP523DSCL,73
GTP523DSCLD,73
GTP574PZCZD,66
GU-B194PL,159
GU05BPW,580
GU13BPP,286
GU17BPP,160
GU17BPZ,160
GU17WPP,160
GU18BPP,160
GU20BPP,136
GU20BPZ,136
GU20WPP,136
GU20WPZ,136
GU21BPP,159
GU21WPP,159
GU71N,30240
GV-B212BL,121
GV-B212DS,121
GV-B212PGMB,121
GV-B212PLGB,121
GV-B212PQMB,121
GV-B212PS,121
GV-B212WB,121
GV-B23FFGMB,30
GV-B23FFLMB,30
GV-B23FFQPB,30
GV-B242BL,97
GV-B242PFFB,97
GV-B242PLGB,97
GV-B242PQFB,97
GV-B242PS,97
GV-B242PXGB,97
GV-B242WB,97
GV-B25FFGDB,30
GV-B25FFGMB,30
GV-B25FFGPB,30
GV-B25FFLMB,30
GV-B262BL,92
GV-B262PFFB,92
GV-B262PLGB,92
GV-B262PQFB,92
GV-B262PQGB,92
GV-B262PS,92
GV-B262PXGB,92
GV-B262WB,92
GV-D252PQMB,92
GV-D262BL,92
GV-D262PS,92
GV-F25FFGHB,30
GV-F25FFLJB,30
GV-K25FFGEB,30
GV-K25FFGER,30
GV-K25FFGFB,30
GV-L217SV,121
GV-L243BS,97
GV-L266SV,92
GV-NB58PS,30
GV-NB61BG,30
GV-NB61WG,30
GV-V25FFGRB,30
GW-B204FLQA,42
GW-B2071FSV,42
GW-B207FBQA,36
GW-B207FLPA,42
GW-B207FLPV,42
GW-B207FLQA,42
GW-B207FLQK,42
GW-B207FLQV,42
GW-B207FLQZ,42
GW-B207FPQV,42
GW-B207FSQK,42
GW-B207FSQV,42
GW-B207FVQA,42
GW-B207FVQK,42
GW-B207QEQA,36
GW-B207QEQV,42
GW-B207QLQA,42
GW-B207QLQV,42
GW-B207QVQA,42
GW-B207QVQV,42
GW-B207TLQA,42
GW-B207TLQK,42
GW-B207TUJA,42
GW-B217FLQV,42
GW-B217FLQZ,42
GW-B217FNQZ,42
GW-B227HLQV,42
GW-B227WLQA,42
GW-B227WLQK,42
GW-B227WLQV,42
GW-B227WTQV,42
GW-B227WVQK,42
GW-B227XLQA,42
GW-B227XTQA,42
GW-B227XVQA,42
GW-B227YLQA,28
GW-B227YLQK,42
GW-B227YTQA,42
GW-B227YUQV,42
GW-B227YVQA,42
GW-B227YVQK,28
GW-B389BCW,77
GW-B389BLCW,60
GW-B389BVCW,60
GW-B389BVQW,60
GW-B401ESNN,69
GW-B401ESNU,69
GW-B401MVSZ,69
GW-B404ESNU,69
GW-B404MASV,69
GW-B429BAQW,60
GW-B429BCW,77
GW-B429BECW,60
GW-B429BEQW,60
GW-B429BLCW,60
GW-B429BLHW,54
GW-B429BQCP,60
GW-B429BQHW,54
GW-B429BSQZ,54
GW-B429BVCW,60
GW-B429BVQW,60
GW-B439BBQM,54
GW-B439BLFZ,54
GW-B439BLHW,54
GW-B439BQHW,54
GW-B439BQQM,54
GW-B439BQQW,54
GW-B439BSQM,54
GW-B439BSQW,54
GW-B439BVQW,60
GW-B439SBQM,60
GW-B439SLFZ,54
GW-B439SQQM,60
GW-B439SSQM,60
GW-B439YBQW,54
GW-B439YVWB,54
GW-B449BCW,77
GW-B449BECW,77
GW-B449BLCW,77
GW-B449BMFZ,60
GW-B449BMJZ,60
GW-B449BQFZ,60
GW-B449BQJZ,60
GW-B449BSQW,69
GW-B449BVCW,77
GW-B449EAQW,77
GW-B449EEQW,77
GW-B449ELQW,77
GW-B449EVQW,77
GW-B449SLDZ,54
GW-B459FMBD,60
GW-B459FMCW,60
GW-B459FMGW,60
GW-B459FNLW,60
GW-B459FQCW,60
GW-B459FQFW,60
GW-B459FS6W,60
GW-B459FVLW,60
GW-B459NLLM,60
GW-B459NQFM,60
GW-B459SECM,60
GW-B459SEDZ,60
GW-B459SEHZ,60
GW-B459SEJZ,60
GW-B459SLCM,60
GW-B459SMDZ,60
GW-B459SMHZ,60
GW-B459SMJZ,60
GW-B459SQJZ,60
GW-B459SQLM,60
GW-B45NQLM,60
GW-B469BCW,60
GW-B469BECW,60
GW-B469BLCM,60
GW-B469BLCP,60
GW-B469BLCW,60
GW-B469BLCZ,60
GW-B469BLHL,60
GW-B469BLHW,60
GW-B469BLQL,60
GW-B469BLQM,60
GW-B469BLQW,60
GW-B469BMFZ,60
GW-B469BMJZ,60
GW-B469BQCM,60
GW-B469BQCP,60
GW-B469BQCZ,60
GW-B469BQFZ,60
GW-B469BQHL,60
GW-B469BQHW,60
GW-B469BQJZ,60
GW-B469BQQL,60
GW-B469BQQM,60
GW-B469BQQW,60
GW-B469BSCM,60
GW-B469BSCP,60
GW-B469BSCZ,60
GW-B469BSHL,60
GW-B469BSHW,60
GW-B469BSQL,60
GW-B469BSQW,60
GW-B469BSQZ,60
GW-B469BVCW,60
GW-B469BVWB,60
GW-B469ELQM,60
GW-B469ELQP,60
GW-B469ELQW,60
GW-B469ELQZ,60
GW-B469EQQP,60
GW-B469EQQZ,60
GW-B469ESQP,60
GW-B469ESQZ,60
GW-B469EVQW,60
GW-B469SLCL,60
GW-B469SLCW,60
GW-B469SLQL,60
GW-B469SLQW,60
GW-B469SMGZ,60
GW-B469SQCL,60
GW-B469SQCW,60
GW-B469SQQL,60
GW-B469SQQW,60
GW-B469SSCL,60
GW-B469SSCW,60
GW-B469SSQW,60
GW-B469YBWB,60
GW-B479NLLM,69
GW-B489BACW,60
GW-B489BCW,60
GW-B489BECW,60
GW-B489BLCW,60
GW-B489BLSW,54
GW-B489BQW,60
GW-B489BSW,54
GW-B489BVCW,60
GW-B489EAQW,60
GW-B489EEQW,60
GW-B489ELQW,60
GW-B489EVQW,60
GW-B489FM6W,60
GW-B489FMGW,60
GW-B489FS6W,60
GW-B489FSGW,60
GW-B489SECW,54
GW-B489SEFZ,54
GW-B489SEQL,54
GW-B489SEQW,54
GW-B489SLFZ,60
GW-B489SLQW,60
GW-B489SMCL,54
GW-B489SMCW,54
GW-B489SMFZ,54
GW-B489SMGZ,54
GW-B489SMQL,54
GW-B489SMQW,54
GW-B489SQCL,54
GW-B489SQCW,54
GW-B489SQFZ,54
GW-B489SQGZ,54
GW-B489SQQL,54
GW-B489SQQW,54
GW-B489SSCW,54
GW-B489SSQL,54
GW-B489SSQW,54
GW-B489YAQW,54
GW-B489YLQW,54
GW-B489YMQL,54
GW-B489YMQW,54
GW-B489YQQL,54
GW-B489YQQW,54
GW-B499BAQW,54
GW-B499BAQZ,54
GW-B499BLQZ,54
GW-B499BMQW,54
GW-B499BNQW,54
GW-B499BNQZ,60
GW-B499BTQW,54
GW-B499BVQZ,60
GW-B499SEFZ,60
GW-B499SMFZ,60
GW-B499SMGZ,60
GW-B499SQFZ,60
GW-B499SQGZ,54
GW-B509BECM,60
GW-B509BECW,60
GW-B509BECZ,60
GW-B509BEQW,60
GW-B509BLCM,60
GW-B509BLCP,60
GW-B509BLCZ,60
GW-B509BQCM,60
GW-B509BQCP,60
GW-B509BQCZ,60
GW-B509BQQW,60
GW-B509BSCM,60
GW-B509BSCP,60
GW-B509BSCZ,60
GW-B509CLZM,60
GW-B509CQZM,60
GW-B509ECQZ,60
GW-B509EEQM,60
GW-B509EEQZ,60
GW-B509ELQM,60
GW-B509ELQP,60
GW-B509ELQZ,60
GW-B509EQQM,60
GW-B509EQQP,60
GW-B509EQQZ,60
GW-B509ESQF,60
GW-B509ESQM,60
GW-B509ESQP,60
GW-B509ESQZ,60
GW-B509FA7W,60
GW-B509FAFW,60
GW-B509FNUW,60
GW-B509FQAW,60
GW-B509FQVV,60
GW-B509FSAB,60
GW-B509FT7W,60
GW-B509FVFW,60
GW-B509FXFW,60
GW-B509FXUW,60
GW-B509PSAP,60
GW-B509PSAX,60
GW-B509SAUM,60
GW-B509SBDZ,60
GW-B509SBNM,60
GW-B509SBUM,60
GW-B509SECL,60
GW-B509SECM,60
GW-B509SECW,60
GW-B509SECZ,60
GW-B509SEDZ,60
GW-B509SEFZ,60
GW-B509SEHZ,60
GW-B509SEJM,60
GW-B509SEJZ,60
GW-B509SEKM,60
GW-B509SENM,60
GW-B509SEQM,60
GW-B509SEUM,60
GW-B509SEZM,60
GW-B509SLCL,60
GW-B509SLCM,60
GW-B509SLCW,60
GW-B509SLCZ,60
GW-B509SLKM,60
GW-B509SLNM,60
GW-B509SLQM,60
GW-B509SLQZ,60
GW-B509SMDZ,60
GW-B509SMFZ,60
GW-B509SMGZ,60
GW-B509SMHZ,60
GW-B509SMJM,60
GW-B509SMJZ,60
GW-B509SMUM,60
GW-B509SQCL,60
GW-B509SQCM,60
GW-B509SQCW,60
GW-B509SQCZ,60
GW-B509SQFZ,60
GW-B509SQJZ,60
GW-B509SQKM,60
GW-B509SQQM,60
GW-B509SQQZ,60
GW-B509SSCZ,60
GW-B509SSQM,60
GW-B509SSQZ,60
GW-B529BLQW,54
GW-BF380SV,54
GW-BF386SV,54
GW-BF388SV,54
GW-BF389MB,60
GW-BF389SA,60
GW-C205FLQA,42
GW-C207FLQA,42
GW-C207FLQK,42
GW-C207FVQA,42
GW-C207QEQA,36
GW-C217FLQK,42
GW-C217FLQV,42
GW-C227BVQV,42
GW-C227WLQK,42
GW-C227WVQV,42
GW-C6138TK,36
GW-C6428TK,28
GW-F401ESNU,69
GW-F401ESNW,69
GW-F401ESNX,69
GW-F401MASZ,69
GW-F429BLQM,54
GW-F429BLQW,60
GW-F429BLQZ,54
GW-F429BSQP,54
GW-F429BSQW,54
GW-F429BVQM,54
GW-F439BBQM,54
GW-F439BLDZ,60
GW-F439BLFZ,54
GW-F439BSQM,54
GW-F439BSQW,54
GW-F439BVDZ,54
GW-F439BVQM,54
GW-F439BVQW,54
GW-F439SBQM,60
GW-F439SSQM,60
GW-F439SVFZ,54
GW-F439SVQM,60
GW-F449BLFZ,54
GW-F449BSQM,54
GW-F449BSQP,54
GW-F449BVFZ,54
GW-F459BSQW,54
GW-F469ELQW,60
GW-F469SVQZ,60
GW-F489ELQW,60
GW-F499BNKZ,54
GW-F529BLQZ,54
GW-F642BLQM,54
GW-F642BLQZ,54
GW-F652BLFZ,54
GW-L2010SL,42
GW-L2011NS,42
GW-L2071FSV,42
GW-L207FAQA,36
GW-L207FLCV,42
GW-L207FLPA,42
GW-L207FLPV,42
GW-L207FLQ,36
GW-L207FLQA,42
GW-L207FLQK,42
GW-L207FLQV,42
GW-L207FNQV,42
GW-L207FPQA,42
GW-L207FPQV,42
GW-L207FQA,42
GW-L207FSQA,42
GW-L207FSQK,42
GW-L207FSQV,42
GW-L207FTQA,42
GW-L207FVQA,42
GW-L207FVQK,42
GW-L207FVQV,42
GW-L207TLQA,42
GW-L207TLQK,42
GW-L207TQA,42
GW-L207TTHA,42
GW-L207TTJA,42
GW-L207ZSRV,42
GW-L208FLQA,42
GW-L2111SL,42
GW-L2123AC,42
GW-L2224VC,42
GW-L227BLQA,42
GW-L227BLQV,42
GW-L227BMQV,42
GW-L227BTQV,42
GW-L227HAYA,28
GW-L227HKQV,42
GW-L227HLQA,42
GW-L227HLXZ,42
GW-L227HLYV,42
GW-L227HLYZ,42
GW-L227HMQV,42
GW-L227HNNK,42
GW-L227HNQV,42
GW-L227HNXZ,42
GW-L227HNYZ,42
GW-L227HSQA,42
GW-L227HSQV,42
GW-L227HSYA,42
GW-L227HSYV,42
GW-L227HSYZ,42
GW-L227HTYA,28
GW-L227HVNK,42
GW-L227HVQA,42
GW-L227HVQV,42
GW-L227HVYZ,42
GW-L227NAXV,28
GW-L227NLPV,28
GW-L227NLYV,28
GW-L227STS,28
GW-L227WLQA,42
GW-L227WLQK,42
GW-L227WLQV,42
GW-L227WTQV,42
GW-L227WVQK,42
GW-L227XBQK,42
GW-L227XSMA,42
GW-L227XTQA,42
GW-L227XVPA,42
GW-L227YLQA,42
GW-L227YLQK,42
GW-L227YLQV,42
GW-L227YRMV,42
GW-L227YSLV,42
GW-L227YTQA,42
GW-L227YTQV,42
GW-L227YUQV,42
GW-L227YVQA,42
GW-L2301NS,42
GW-L3203AC,32
GW-L6026AC,36
GW-L6114NS,36
GW-P2020SL,42
GW-P2021NS,42
GW-P207FLCV,42
GW-P207FLPA,42
GW-P207FLPV,42
GW-P207FLQA,42
GW-P207FLQK,42
GW-P207FLQV,42
GW-P207FNQV,42
GW-P207FSCV,42
GW-P207FSQV,42
GW-P207FTQA,36
GW-P209FQA,42
GW-P210FLQA,42
GW-P2112NS,42
GW-P2120WH,42
GW-P2123AC,42
GW-P217FLCK,42
GW-P217FLCV,42
GW-P217FLQK,42
GW-P217FLQV,42
GW-P2212NS,42
GW-P225WLQA,28
GW-P227BLQK,42
GW-P227BLQV,42
GW-P227HANV,42
GW-P227HBQV,42
GW-P227HBYV,42
GW-P227HKQV,42
GW-P227HKXV,42
GW-P227HLNV,42
GW-P227HLQA,28
GW-P227HLXA,28
GW-P227HLXV,42
GW-P227HLXZ,42
GW-P227HLYA,42
GW-P227HLYV,42
GW-P227HNNV,42
GW-P227HNXV,42
GW-P227HNXZ,42
GW-P227HPXV,42
GW-P227HSNV,42
GW-P227HSPA,42
GW-P227HSPV,42
GW-P227HSQA,42
GW-P227HSQV,42
GW-P227HSXA,28
GW-P227HSXV,42
GW-P227HSYA,28
GW-P227HTQA,42
GW-P227HTYA,42
GW-P227HTYV,42
GW-P227NAQV,42
GW-P227NAXV,28
GW-P227NLPV,28
GW-P227NLQN,28
GW-P227NLQV,42
GW-P227NLXK,28
GW-P227NLXV,42
GW-P227NSQV,42
GW-P227NSXV,28
GW-P227SLJV,28
GW-P227SSJV,28
GW-P227STQA,28
GW-P227STS,28
GW-P227WLQA,42
GW-P227WLQK,42
GW-P227XSLV,42
GW-P227XSNA,42
GW-P227XSNK,42
GW-P227XSPA,42
GW-P227XSPK,42
GW-P227XTMA,42
GW-P227XTMV,42
GW-P227XTNK,42
GW-P227XTQA,42
GW-P227XTRV,42
GW-P227XVPA,42
GW-P227XVQA,42
GW-P227YLNK,42
GW-P227YLNV,42
GW-P227YLQA,42
GW-P227YLQK,42
GW-P227YLQV,42
GW-P227YRMV,42
GW-P227YSQV,42
GW-P227YTNA,28
GW-P227YTNK,28
GW-P227YTQA,42
GW-P227YTQK,42
GW-P227YTRA,28
GW-P227YUQV,42
GW-P227YVQA,28
GW-P227YVQK,42
GW-P227YVRA,28
GW-P2320WH,42
GW-P2321NS,42
GW-P2322AC,42
GW-P2422NS,42
GW-P2423NS,42
GW-P2424NS,42
GW-P247USXV,28
GW-P3213AC,32
GW-P3221NS,32
GW-P3223AC,32
GW-P4026WM,36
GW-P6112AC,36
GW-P6122NS,36
GW-P6125AC,36
GW-P6127AC,36
GW-S6038AC,36
GW0907B85DA,43200
GWB207FBQA,42
GWB207FLQA,42
GWB207FSQA,42
GWB207FVQA,42
GWB227WBQV,42
GWB227WLQA,42
GWB227WLQV,42
GWC6018NS,36
GWL2027VCM,42
GWL207FBQA,42
GWL207FLQA,42
GWL207FSQA,42
GWL2225ACM,42
GWL2256WTQA,42
GWL2257VCM,42
GWL2265YLQA,42
GWL2274YBQA,42
GWL2275YLQA,42
GWL2278XTQA,42
GWL227ATQA,28
GWL227HBQA,42
GWL227HBYA,42
GWL227HHXV,42
GWL227HSQA,42
GWL227HSYA,42
GWL227HTYA,42
GWL227HXYA,42
GWL227STQA,28
GWL227WLQA,28
GWL227WLQV,42
GWL227YLQA,42
GWL227YSAA,28
GWL2710NS,42
GWL2710PS,36
GWL2710WH,42
GWL2723NS,36
GWL2726PS,36
GWL2733PS,36
GWL3112PS,36
GWL3113NS,42
GWL3113PS,36
GWL3123PS,36
GWL325PZCV,36
GWL545PZQV,36
GWL6004NS,36
GWL6004PS,36
GWL6005NS,36
GWL6026SC,36
GWP211ACM,42
GWP2227ACM,42
GWP2256WLQA,42
GWP2260WTQA,42
GWP2261YQA,42
GWP2266XLQA,42
GWP2269VCM,42
GWP2271YQA,42
GWP2272SSQA,28
GWP2276YLQA,42
GWP2277XTQA,42
GWP227WLQA,28
GWP227YBQV,42
GWP227YLQA,42
GWP2290VCM,28
GWP2720BK,36
GWP2720NS,42
GWP2720PS,36
GWP2723PS,36
GWP2740SC,42
GWP3122SC,42
GWP3126SC,42
GWS6039SC,36
GWS8439SC,28
GXDN20DSS,26
GXDN20DWW,26
H-89HSP,1656
H05TN4,1100
H07TN4,1100
H0840CA1101,2160
H0840CAS101,2160
H0840FA1101,2160
H0850CA1101,2160
H0850CAS101,2160
H0850FA1101,2160
H0940P550S1,1638
H0940P551SE,880
H0940P900S1,1638
H0940P901SE,880
H0940P901SF,880
H0950P901SF,880
H0957P550S1,1638
H0957P550SC,880
H0957P551SE,880
H0957P900S1,1638
H0957P901SE,880
H0957PA10S1,880
H0957PA10SC,880
H0957PA11SC,880
H09AK,592
H09AL,592
H09AP,592
H09AWM-NM17,592
H09AWM-UM17,171
H09AWU,316
H09MW,592
H09S1D,664
H09S1DA,664
H09S1P,664
H09S1PA,664
H09TN4,1100
H10571-0P6,1602
H1057P68N01,1602
H1140P550S1,1638
H1140P551SE,880
H1140P900S1,1638
H1140P901SE,880
H1157P550S1,1638
H1157P551SE,880
H1157P900S1,1638
H1157P901SE,880
H1240P551SA,720
H1240P551SB,720
H1240P68001,1602
H1240P901SA,720
H1240P901SB,880
H1240PA2N0A,704
H1250P550SA,720
H1250P900SA,880
H1250P901SB,880
H1257A-0P0,999
H1257P551SA,880
H1257P68001,1602
H1257P75001,966
H1257P901SA,880
H1257PA1001,1602
H1257PA2N0A,704
H12AK,592
H12AL,592
H12AP,592
H12AWM-NM17,592
H12AWM-UM17,171
H12AWU,316
H12MW,592
H12S1D,664
H12S1DA,664
H12S1P,664
H12S1PA,664
H1340P550S1,1638
H1340P551SE,880
H1340P651SF,880
H1340P900S1,1638
H1340P901SE,880
H1340P901SF,880
H1350P651SF,880
H1350P901SF,880
H13571-0P6,1602
H1357P550S1,1638
H1357P551SE,880
H1357P68N01,1602
H1357P900S1,1638
H1357P901SE,880
H1357PA11SC,880
H1440P551SA,720
H1440P901SA,720
H1457P550SC,720
H1457P551SA,880
H1457P901SA,880
H1457PA10SC,880
H14MHG,52
H14SNE,303
H1540P551SE,880
H1540P68001,1602
H1540P901SE,880
H15571-0P6,1602
H1557A-0P0,999
H1557P551SE,880
H1557P68001,1602
H1557P68N01,900
H1557P75001,1209
H1557P901SE,880
H1557PA1001,1602
H1640CA1101,2160
H1640CAS101,2160
H1640FA1101,2160
H1640P551SA,720
H1640P901SA,720
H1650CA1101,2160
H1650CAS101,2160
H1650FA1101,2160
H1657P551SA,720
H1657P901SA,880
H16SNE,303
H1740P551SE,880
H1740P85N0A,720
H1740P901SE,880
H1757P551SE,880
H1757P901SE,880
H1840P551SA,720
H1840P551SB,880
H1840P68001,1433
H1840P901SA,880
H1840P901SB,880
H1850P550SA,880
H1850P551SB,880
H1850P900SA,720
H1850P901SB,880
H18571-0P6,1539
H1857P550SC,880
H1857P551SA,880
H1857P68001,1433
H1857P900SC,880
H1857P901SA,880
H18AWM-N217,464
H18AWM-U217,171
H18DN1N,682
H18DN1U,186
H18ENAN,432
H18ENAU,171
H18S1D,664
H18S1DA,664
H2040P501SA,720
H2040P551SA,720
H2040P901SA,880
H2057P501SA,880
H2057P551SA,880
H2057P901SA,880
H2440CA1101,1440
H2440CAS101,1440
H2440FA1101,1440
H2440P50N0A,396
H2440P70N01,400
H2440P85N0A,396
H2450CA1101,1440
H2450CAS101,1440
H2450FA1101,1440
H24ENAN,600
H24ENAU,171
H24ENBN,432
H24ENBU,171
H24S1D,664
H24S1DA,664
H2UC186FA0,174
H36A,5880
H36B,5880
H3UC216FA0,174
H3UC246FA0,174
H3UC306FA1,186
H4UC366FA0,186
H4UC488FA0,114
H8040P68001,1602
H8057P60NS1,1536
H8057P68001,1602
H8057P75001,1260
H8057PA1NS1,1536
H873GBB012,24
H873GBB312,24
H873GBC012,24
H873GBP012,24
H873GCB012,24
H873GKB312,24
H873GPB012,24
H873GPB312,24
H873GTB312,24
H873GWW312,24
H873GYW312,24
H873MBG312,24
H873MGB012,24
H873MGB312,24
H873MGW312,24
H873MWW012,24
H873MWW312,24
H874GBB012,39
H874GBB111,39
H874GBB312,39
H874GBC012,39
H874GBC111,39
H874GCB012,39
H874GCB111,39
H874GCB312,39
H874GKB012,39
H874GKB312,39
H874GTB312,39
H874GWW012,39
H874GWW111,39
H874GWW312,39
H874GYW012,39
H874GYW312,39
H875GBB011,24
H875GBB012,36
H875GBB031,24
H875GBB111,39
H875GBB141,39
H875GBB442,24
H875GBC012,36
H875GBC141,39
H875GCB012,36
H875GCB111,39
H875GCB442,24
H875GGA011,24
H875GGA031,24
H875GQQ031,24
H876GAG111,24
H876GAG442,24
H876GBB011,24
H876GBB031,24
H876GBB111,24
H876GBB141,24
H876GBB442,24
H876GGA011,24
H876GGA031,24
H876GGA141,24
H876GQQ031,24
H9057A-0P0,900
H92RS,1386
H92RSW,1386
H95RI,1386
HAAL3W,19200
HB-011E,1512
HB-1001CJ,1200
HB-1002CJ,1200
HB-1003CJ,1200
HB-1051CJ,1300
HB-151JE,1512
HB-155CJ,1400
HB-156JE,1400
HB-157CE,1400
HB-159E,1400
HB-2001BY,1240
HB-201JE,1170
HB-203CJ,1300
HB-2051BCJ,1450
HB-205CJ,1227
HB-206CE,1200
HB-206CJ,1300
HB-207JE,1200
HB-3001BYT,1120
HB-3002BYT,1120
HB-3003BYT,1120
HB622AAN,486
HB622AAP,486
HB622ABN,486
HB622ABP,486
HB622ACN,486
HB622ACP,486
HB622ADN,486
HB622ADP,486
HB623AAN,486
HB623AAP,486
HB633AAN,486
HB633AAP,486
HB6422BGF,1672
HB6422BRU,1672
HB6422BVN,1672
HBA3232AN,2193
HBA3232AP,2193
HBA6331CN,900
HBA6331CP,900
HBA6332CN,756
HBA6332CP,756
HBA6372BN,1212
HBA6372BP,1212
HBA6432CN,756
HBA6432CP,756
HBA7431AN,884
HBA7431AP,884
HBA7431BN,900
HBA7431BP,900
HBH6372AN,304
HBH6372AP,1212
HBNC126WSA0,549
HBNC186WSA0,432
HBNC246WSA0,378
HBUC126WSA0,320
HBUC186WSA0,186
HBUC246WSA0,186
HBW0900A2A,86
HBW1200A2A,43
HBW1600A2A,43
HC627RAN,486
HC637RAN,486
HC7Z2425S,408
HC7Z3625S,288
HCED3015D,209
HCED3015S,209
HCED3019S,209
HCED3615D,181
HCED3615S,181
HCED3619S,181
HCEZ2415S,490
HCEZ2415S2,204
HCEZ2426S,408
HCEZ2427B,379
HCEZ2428B,379
HCEZ3605S,280
HCEZ3605S2,296
HCEZ3615S,280
HCEZ3626S,288
HCEZD2427B,379
HCEZM2427B,379
HDA0187J11M,2880
HDA0250D11M,2880
HDA0250D12M,2880
HDA0250D13M,2880
HDA0250D14M,2880
HDA0250D15M,2880
HDA0250D16M,2880
HDA0250J11M,4800
HDA0250J11T,2880
HDA0250J12M,4800
HDA0250J12T,2880
HDA0250J21T,2880
HDA0250N11M,2880
HDA0250N12M,2880
HDA0375D11A,2880
HDA0375J11A,2880
HDA0375J11T,2880
HDA0375J12T,2880
HDA0375J21T,2880
HDA0375N11A,2880
HDA0375N11T,2880
HDA0560J11T,3600
HDA0560J12T,3600
HDA0750J11A,2880
HDA0750J11T,3600
HDA0750J12T,3600
HDA0750J21A,2880
HDA0750N11A,2880
HDA0750N11T,3600
HDA0750N21T,3600
HDB0250J11M,4800
HE003TMSAN0,51
HE005TMSAN0,51
HE008TMSAN0,51
HE010TMSAN0,51
HE015TFSAN0,51
HE020TFSAN0,51
HEEZ3619S,260
HEEZ4819S,184
HEI1B,3476
HEI1B8,3476
HEI1B9,3476
HEI1V,3476
HEI1V8,3476
HEI1V9,3476
HEI1V9E,3476
HG6DF34G,1767
HG6DF34MT,1767
HG6DH22GT,1767
HG6DH34G,1767
HG6DH34GT,1767
HG6DI34G,1767
HG6DI34GT,1767
HG6DI34GT1,1767
HG6DI34MPT,1767
HG6DI34MT,1767
HG6DY32GT,1767
HG6DY32GU,1767
HG6DY34GPT,1767
HG6DY34GT,1767
HG6DY34GTU,1767
HG6DY34MPT,1767
HG6DY34MT,1767
HG751DBN,440
HG7522CR,440
HG7522KR,440
HG7522PR,440
HG951DBN,360
HG9522KR,360
HG9522PR,360
HGN1,960
HGN1DU,960
HGN2V,1280
HH300BEE,1656
HH300DEL,1656
HH300DEP,1656
HJ747DAP,754
HK321AA,2346
HK321AAN,2346
HK321AAP,2346
HK631AA,663
HK631AAN,663
HK631AAN1,663
HK631AAP,663
HK631AB,663
HK631ABN,663
HK631ABP,663
HK631ACN,663
HK631ADN,663
HK631ADP,663
HK632AA,663
HK632AAN,663
HK632AAP,663
HK641AA,663
HK641AAN,663
HK641AAN1,663
HK641AAP,663
HK742AA,689
HK742AAN,689
HK742AAP,689
HM031M,110
HM035070S02,19200
HM051HFS,82
HM051M,86
HM051MR,86
HM051MRS,82
HM071HF,54
HM071HFS,82
HM071M,86
HM071MR,86
HM071MRS,82
HM073HFS,82
HM0857RMZ00,1337
HM091HF,54
HM091HFS,82
HM091M,86
HM091MR,86
HM091MRS,82
HM093HFS,82
HM093HFX,56
HM093MR,86
HM103M,52
HM1057RMZ00,1337
HM121HF,56
HM121M,52
HM121MR,43
HM121MRS,66
HM121MRX,66
HM123M,43
HM123MR,43
HM123MRS,66
HM123MRX,66
HM1357RMZ00,1337
HM141HF,56
HM141M,43
HM141MR,43
HM141MRS,66
HM141MRX,66
HM143M,52
HM143MR,43
HM143MRS,66
HM143MRX,66
HM161HF,56
HM161M,43
HM161MR,43
HM161MRS,66
HM161MRX,66
HM163M,43
HM163MR,43
HM163MRS,66
HM163MRX,66
HM312PA,2208
HM322PA,2208
HM632RA,640
HM632RB,640
HM753TA,585
HM753TA1,585
HMAK4W,16000
HMMC096D4A0,1056
HMNC096D4A0,1092
HMNC096D4L0,1056
HMNC096D7R0,864
HMNC096D7R1,864
HMNC096DWA0,1089
HMNC096TCA0,420
HMNC126D4A0,1056
HMNC126D7R0,864
HMNC126DBA0,675
HMNC126TCA0,420
HMNC186D3R0,550
HMNC186D5A0,671
HMNC186D8R0,500
HMNC186D8R1,500
HMNC246D3R0,550
HMNC246D8R0,500
HMNH126D7R0,1020
HMNH186D3R0,550
HN0314,303
HN0613M,303
HN0613T,54
HN0913T,54
HN0914,303
HN0916,303
HN0916M,303
HN0916T,43
HN091MR,303
HN0926,303
HN0936,303
HN1600MB,303
HN1610H,264
HN1616,303
HN1616HC,303
HN1616HY,54
HN1616M,303
HN1616T,40
HN1616Y,43
HN1626,303
HN1629,303
HN1636,303
HN1636M,303
HN1639,303
HN1639HY,54
HN16XAHC,259
HN7413AG,506
HN7413CG,506
HN951VA,533
HN951VAE,533
HN951VAS,533
HNNC0808HA0,42
HNNC1008HA0,42
HNNC1258HA0,42
HNNC1508CA0,22
HNNC2008CA0,22
HNNC2508CA0,22
HNNC3008CA0,22
HNT1600B2A,180
HNT1600B2AS,180
HNT1600B9A,180
HNT1600B9AS,180
HNT1601B9AS,180
HNT1602B9AS,180
HNT2500B2A,180
HNT2500B2AS,180
HNT2500B9A,180
HNT2500B9AS,180
HNT2501B2AS,180
HNT2501B9AS,180
HNT2502B2AS,180
HNT2502B9A,180
HNT2502B9AS,180
HNT3500B9A,180
HNUC0808HA0,40
HNUC1008HA0,40
HNUC1258HA0,40
HNUC1508CA0,9
HOMBOTACCY,1828
HOMBOTL77BK,1828
HPNC246SLA0,123
HPNC286SLA0,123
HPNC366TA0,73
HPNH246SLA0,123
HPS-A090BW,6624
HPS-B090BB,1104
HPS-B090BW,6624
HPUC246SLA0,186
HPUC286SLA0,124
HPUC366TA0,124
HPUH246SLA0,186
HPWD096C,161
HPWD116,161
HPWD116A,161
HQ040PBA,564
HR073YAB,420
HR242SH,88
HR262GA,88
HR7513AG,673
HR7513AGE,673
HR7515AG,673
HR7515CG,673
HR7515CGE,673
HR7525PG,673
HR942GA,112
HR9517AG,533
HR9517AGE,533
HR9518AG,533
HR9518CG,533
HR9518CGE,533
HR9528PG,533
HS-C096QDA3,309
HSIP07D3,110
HSIP0904H1,303
HSIP09D,110
HSIP09D1,110
HSIP09D3,110
HSIP09H,303
HSIP12D,52
HSIP12D1,52
HSIP12D3,52
HSIP14D1,52
HSIP14D3,52
HSIP1606H1,303
HSIP1606H3,303
HSIP1608D3,52
HSIP1608H3,303
HSIP16D1,52
HSIP16D3,52
HSM09APC,650
HSM09APD,650
HSM09APX,650
HSM09APX2,650
HSM09IBA,840
HSM09IP,670
HSM09IPA,650
HSM09IPB,720
HSM09IPM,720
HSM09IPX,650
HSM09IPX2,780
HSM09IS,670
HSM09ISA,780
HSM09ISB,780
HSM09ISG,650
HSM09ISG2,780
HSM09ISM,720
HSM09ISP,780
HSM09ISQ,650
HSM09ISS,650
HSM09IST,780
HSM09ISU,650
HSM09ISW,650
HSM09ISY,780
HSM09ISY2,780
HSM09ISY3,780
HSM09IV,675
HSM09SG,1001
HSM09SN,1020
HSM09SV,675
HSM12APX3,664
HSM12APX3O,664
HSM12IBA,702
HSM12IPX3,720
HSM12IPX3O,720
HSM12ISQ,650
HSM12ISS,650
HSM12ISY2,780
HSM18ISP,495
HSMC0924F70,252
HSMC096B4A3,670
HSMC1224F72,252
HSMC122B4W3,670
HSMC1264NA4,1020
HSMC1264NN8,1020
HSMC1264NQ8,1020
HSMC1264SA3,675
HSMC126B4A2,675
HSMC126B5M2,675
HSMC1825F70,682
HSMC1865NA4,500
HSMC1865NN4,500
HSMC1865NQ4,500
HSMC1865SA4,682
HSMC186C5M6,496
HSMC2425F70,682
HSMH1264NA0,1020
HSMH1865NA0,500
HSMP09A0,86
HSMP12A0,43
HSMP16A0,43
HSN09APC,650
HSN09APD,650
HSN09APX,650
HSN09APX2,650
HSN09APX3,664
HSN09EG,675
HSN09GB,880
HSN09IBA,840
HSN09IDT,780
HSN09IP,648
HSN09IPA,780
HSN09IPB,720
HSN09IPC,780
HSN09IPM,720
HSN09IPX,780
HSN09IPX2,780
HSN09IPX3,720
HSN09IS,648
HSN09ISA,780
HSN09ISB,780
HSN09ISE,780
HSN09ISE2,780
HSN09ISE3,780
HSN09ISG,780
HSN09ISG2,780
HSN09ISG3,780
HSN09ISM,720
HSN09ISP,780
HSN09ISQ,780
HSN09ISS,780
HSN09IST,780
HSN09ISU,780
HSN09ISW,780
HSN09ISY,780
HSN09ISY2,780
HSN09IV,675
HSN09IV2,675
HSN09IVP,675
HSN09PSS,840
HSN09SG,1001
HSN09SN,780
HSN09SV,675
HSN12APC,650
HSN12APD,650
HSN12APX,650
HSN12APX2,650
HSN12APX3,664
HSN12EG,675
HSN12GB,880
HSN12IBA,780
HSN12IDT,780
HSN12IP,648
HSN12IPA,780
HSN12IPB,720
HSN12IPC,780
HSN12IPM,720
HSN12IPX,780
HSN12IPX2,780
HSN12IPX3,720
HSN12IS,648
HSN12ISA,780
HSN12ISB,780
HSN12ISE,780
HSN12ISE2,780
HSN12ISE3,780
HSN12ISG,780
HSN12ISG2,780
HSN12ISG3,780
HSN12ISM,720
HSN12ISP,780
HSN12ISQ,780
HSN12ISS,780
HSN12IST,780
HSN12ISU,780
HSN12ISW,780
HSN12ISY,780
HSN12ISY2,780
HSN12IV,675
HSN12IV2,675
HSN12IVP,675
HSN12PSS,780
HSN12SG,1001
HSN12SN,780
HSN12SV,675
HSN18APD,495
HSN18APX,495
HSN18APX2,495
HSN18APX3,592
HSN18EG,496
HSN18GB,610
HSN18IBA,780
HSN18IDT,495
HSN18IP,400
HSN18IPA,495
HSN18IPI,432
HSN18IPM,432
HSN18IPX,495
HSN18IPX2,495
HSN18IPX3,664
HSN18IS,400
HSN18ISA,495
HSN18ISB,495
HSN18ISI,432
HSN18ISM,432
HSN18ISP,495
HSN18ISQ,495
HSN18ISS,495
HSN18IST,495
HSN18ISU,495
HSN18ISW,495
HSN18ISY,495
HSN18ISY2,495
HSN18IV,488
HSN18IV2,496
HSN18IVP,496
HSN18SG,682
HSN18SN,500
HSN24APD,495
HSN24APX,495
HSN24APX2,495
HSN24APX3,592
HSN24EG,496
HSN24GB,610
HSN24IBA,495
HSN24IDT,495
HSN24IP,400
HSN24IPA,495
HSN24IPI,432
HSN24IPM,432
HSN24IPX,495
HSN24IPX2,495
HSN24IPX3,664
HSN24IS,400
HSN24ISA,495
HSN24ISB,495
HSN24ISI,432
HSN24ISM,432
HSN24ISP,495
HSN24ISQ,495
HSN24ISS,495
HSN24IST,495
HSN24ISU,495
HSN24ISW,495
HSN24ISY,495
HSN24ISY2,495
HSN24IV,488
HSN24IV2,496
HSN24IVP,496
HSN24SG,682
HSN24SN,500
HSN24SN2,500
HSN30IPC,322
HSNC0564FF0,880
HSNC056QDA2,858
HSNC0924F70,288
HSNC0964D73,1092
HSNC0964DA3,1092
HSNC0964FF3,288
HSNC0964FM3,880
HSNC0964NA0,1020
HSNC0964NA9,1020
HSNC0964NN0,1020
HSNC0964NN9,1020
HSNC0964NQ9,1020
HSNC0964SA3,1001
HSNC0967R71,864
HSNC096B1M7,675
HSNC096B4A3,675
HSNC096B4A5,675
HSNC096B4A9,648
HSNC096B4N7,670
HSNC096B5M3,670
HSNC096B5M5,675
HSNC096B8E7,670
HSNC096B8M5,675
HSNC096BAE7,670
HSNC096QDA3,309
HSNC096QDA6,1116
HSNC096QPA3,968
HSNC096W4A2,1089
HSNC096W4Q2,840
HSNC1224F72,252
HSNC1264D71,1056
HSNC1264D72,1092
HSNC1264DA2,1092
HSNC1264EA6,312
HSNC1264F74,252
HSNC1264FM4,880
HSNC1264FM6,288
HSNC1264GA3,1092
HSNC1264NA3,1020
HSNC1264NA4,1020
HSNC1264NA5,1020
HSNC1264NA8,1020
HSNC1264NN3,1020
HSNC1264NN4,1020
HSNC1264NN5,1020
HSNC1264NN8,1020
HSNC1264NQ8,1020
HSNC1264SA0,780
HSNC1264SA3,1001
HSNC1264SA4,1001
HSNC1264SA6,312
HSNC1267R73,1020
HSNC1267R76,1020
HSNC126B1M1,675
HSNC126B4A0,675
HSNC126B4A1,670
HSNC126B4A2,675
HSNC126B4A5,670
HSNC126B4A7,672
HSNC126B4N1,670
HSNC126B4Q1,670
HSNC126B5M2,675
HSNC126B5M6,670
HSNC126B8E1,670
HSNC126B8M2,675
HSNC126BAE1,670
HSNC126BUH1,675
HSNC126RPA6,836
HSNC1825F70,224
HSNC1863R70,550
HSNC1865D74,682
HSNC1865DB5,682
HSNC1865F76,150
HSNC1865F78,220
HSNC1865FM4,610
HSNC1865FM6,610
HSNC1865FM8,224
HSNC1865GB5,682
HSNC1865J74,150
HSNC1865NA4,600
HSNC1865NA5,600
HSNC1865NA6,500
HSNC1865NA8,600
HSNC1865NN0,682
HSNC1865NN4,600
HSNC1865NN5,600
HSNC1865NN8,600
HSNC1865NQ4,600
HSNC1865SA0,500
HSNC1865SA4,682
HSNC1865SA6,150
HSNC1865SA8,224
HSNC1868R71,141
HSNC186C4A1,432
HSNC186C4A4,496
HSNC186C4A5,496
HSNC186C4A7,432
HSNC186C4A8,432
HSNC186C4N4,432
HSNC186C5M4,496
HSNC186C5M6,432
HSNC186C8E4,432
HSNC186C8M4,796
HSNC186CAE4,432
HSNC186CUH1,496
HSNC186CUR4,432
HSNC2425F70,147
HSNC2465D71,682
HSNC2465DA1,671
HSNC2465DA3,150
HSNC2465F71,150
HSNC2465FM1,150
HSNC2465NA1,600
HSNC2465NA4,600
HSNC2465NN1,500
HSNC2465NN4,500
HSNC2465NQ1,600
HSNC2465SA0,500
HSNC2465SA1,682
HSNC2468R71,141
HSNC246C4A1,496
HSNC246C4A4,496
HSNC246C5M3,432
HSNC246C8E3,432
HSNC246CUH1,496
HSNC2665F70,682
HSNC2665GA0,682
HSNC2665NA0,500
HSNC2665NN0,500
HSNC2665SA0,150
HSNH076QPA0,968
HSNH0964D71,1056
HSNH0964GA0,1092
HSNH0964SA0,1020
HSNH1227R70,864
HSNH1264D71,1056
HSNH1264GA0,1092
HSNH1264GA1,1092
HSNH1264SA0,1001
HSNH1865D70,671
HSNH1865GA0,682
HSNH1865NA0,500
HSNH1865SA0,682
HSNH2465NA0,500
HSNH2465SA0,682
HSNH2665D70,150
HSNH2665GA0,682
HSU09APC,490
HSU09APD,312
HSU09APX,490
HSU09APX2,490
HSU09APX3,312
HSU09EG,420
HSU09GB,420
HSU09IBA,490
HSU09IDT,490
HSU09IP,490
HSU09IPA,490
HSU09IPB,490
HSU09IPC,490
HSU09IPM,392
HSU09IPX,490
HSU09IPX2,490
HSU09IPX3,490
HSU09IS,490
HSU09ISA,490
HSU09ISB,490
HSU09ISE,490
HSU09ISE2,490
HSU09ISE3,490
HSU09ISG,490
HSU09ISG2,490
HSU09ISG3,490
HSU09ISM,392
HSU09ISP,490
HSU09ISQ,490
HSU09ISS,490
HSU09IST,490
HSU09ISU,490
HSU09ISW,490
HSU09ISY,490
HSU09ISY2,490
HSU09IV,344
HSU09IV2,530
HSU09IVP,344
HSU09PSS,490
HSU09SG,420
HSU09SN,408
HSU09SV,530
HSU12APC,490
HSU12APD,312
HSU12APX,490
HSU12APX2,490
HSU12APX3,312
HSU12EG,344
HSU12GB,344
HSU12IBA,490
HSU12IDT,490
HSU12IP,490
HSU12IPA,490
HSU12IPB,490
HSU12IPC,490
HSU12IPM,392
HSU12IPX,490
HSU12IPX2,490
HSU12IPX3,490
HSU12IS,490
HSU12ISA,392
HSU12ISB,490
HSU12ISE,490
HSU12ISE2,490
HSU12ISE3,490
HSU12ISG,490
HSU12ISG2,490
HSU12ISG3,490
HSU12ISM,392
HSU12ISP,490
HSU12ISQ,490
HSU12ISS,490
HSU12IST,490
HSU12ISU,490
HSU12ISW,490
HSU12ISY,490
HSU12ISY2,490
HSU12IV,344
HSU12IV2,530
HSU12IVP,344
HSU12PSS,490
HSU12SG,344
HSU12SN,288
HSU12SV,530
HSU18APD,171
HSU18APX,171
HSU18APX2,171
HSU18APX3,171
HSU18EG,344
HSU18GB,344
HSU18IBA,312
HSU18IDT,171
HSU18IP,165
HSU18IPA,312
HSU18IPI,171
HSU18IPM,171
HSU18IPX,312
HSU18IPX2,312
HSU18IPX3,312
HSU18IS,165
HSU18ISA,490
HSU18ISB,490
HSU18ISI,171
HSU18ISM,171
HSU18ISP,171
HSU18ISQ,312
HSU18ISS,312
HSU18IST,171
HSU18ISU,312
HSU18ISW,312
HSU18ISY,312
HSU18ISY2,312
HSU18IV,171
HSU18IV2,186
HSU18IVP,186
HSU18SG,344
HSU18SN,288
HSU24APD,171
HSU24APX,171
HSU24APX2,171
HSU24APX3,171
HSU24EG,186
HSU24GB,186
HSU24IBA,171
HSU24IDT,171
HSU24IP,165
HSU24IPA,171
HSU24IPI,171
HSU24IPM,171
HSU24IPX,171
HSU24IPX2,171
HSU24IPX3,171
HSU24IS,165
HSU24ISA,312
HSU24ISB,312
HSU24ISI,171
HSU24ISM,171
HSU24ISP,171
HSU24ISQ,171
HSU24ISS,171
HSU24IST,171
HSU24ISU,171
HSU24ISW,171
HSU24ISY,171
HSU24ISY2,171
HSU24IV,171
HSU24IV2,186
HSU24IVP,124
HSU24SG,186
HSU24SN,165
HSU24SN2,171
HSU30IPC,104
HSUC0564FF0,420
HSUC056QDA2,408
HSUC076ZA63,488
HSUC0924F70,288
HSUC0964D73,420
HSUC0964DA3,420
HSUC0964FM3,420
HSUC0964NA0,408
HSUC0964NA9,408
HSUC0964NN0,408
HSUC0964NN9,408
HSUC0964NQ9,408
HSUC0964SA3,420
HSUC0967R71,288
HSUC096B1M7,420
HSUC096B4A3,344
HSUC096B4A5,344
HSUC096B4A9,288
HSUC096B4N7,408
HSUC096B5M3,312
HSUC096B5M5,344
HSUC096B8E7,408
HSUC096B8M5,344
HSUC096BAE7,408
HSUC096QDA3,309
HSUC096QDA6,420
HSUC096QPA3,488
HSUC096W4A2,420
HSUC096W4Q2,408
HSUC096ZB63,488
HSUC1224F72,252
HSUC1264D72,320
HSUC1264DA2,320
HSUC1264EA6,312
HSUC1264F74,252
HSUC1264FM4,344
HSUC1264FM6,288
HSUC1264GA3,320
HSUC1264NA3,312
HSUC1264NA4,312
HSUC1264NA5,312
HSUC1264NA8,490
HSUC1264NN3,312
HSUC1264NN4,312
HSUC1264NN5,312
HSUC1264NN8,515
HSUC1264NQ8,490
HSUC1264SA0,288
HSUC1264SA2,224
HSUC1264SA3,344
HSUC1264SA4,344
HSUC1264SA6,312
HSUC1267R73,240
HSUC1267R76,240
HSUC126B1M1,344
HSUC126B4A0,344
HSUC126B4A1,312
HSUC126B4A2,344
HSUC126B4A5,312
HSUC126B4A7,344
HSUC126B4N1,312
HSUC126B4Q1,312
HSUC126B5M2,344
HSUC126B5M6,312
HSUC126B8E1,304
HSUC126B8M2,344
HSUC126BAE1,312
HSUC126BUH1,344
HSUC126BUR1,312
HSUC126RPA6,240
HSUC1825F70,224
HSUC1863R70,174
HSUC1865D74,165
HSUC1865DA4,150
HSUC1865DB5,165
HSUC1865F76,150
HSUC1865F78,220
HSUC1865FM4,186
HSUC1865FM6,186
HSUC1865FM8,224
HSUC1865GB5,174
HSUC1865J74,150
HSUC1865NA4,171
HSUC1865NA5,171
HSUC1865NA6,171
HSUC1865NA8,312
HSUC1865NN0,186
HSUC1865NN4,171
HSUC1865NN5,171
HSUC1865NN8,312
HSUC1865NQ4,171
HSUC1865SA0,165
HSUC1865SA4,186
HSUC1865SA6,150
HSUC1865SA8,224
HSUC1868R71,141
HSUC186C4A1,312
HSUC186C4A4,186
HSUC186C4A5,186
HSUC186C4A7,171
HSUC186C4A8,312
HSUC186C4N4,171
HSUC186C5M4,186
HSUC186C5M6,171
HSUC186C8E4,171
HSUC186C8M4,186
HSUC186CAE4,171
HSUC186CUH1,344
HSUC186CUR4,171
HSUC2425F70,147
HSUC2465D71,165
HSUC2465DA3,150
HSUC2465F71,150
HSUC2465FM1,186
HSUC2465NA1,171
HSUC2465NA4,171
HSUC2465NN1,171
HSUC2465NN4,171
HSUC2465NQ1,171
HSUC2465SA0,165
HSUC2465SA1,186
HSUC2468R71,141
HSUC246C4A1,186
HSUC246C4A4,186
HSUC246C5M3,171
HSUC246C8E3,171
HSUC246CUH1,186
HSUC2665F70,165
HSUC2665GA0,165
HSUC2665NA0,171
HSUC2665NN0,171
HSUC2665SA0,150
HSUH076QPA0,488
HSUH0964D71,348
HSUH0964GA0,344
HSUH0964SA0,312
HSUH1264D71,348
HSUH1264GA0,344
HSUH1264GA1,344
HSUH1264SA0,344
HSUH1865D70,174
HSUH1865GA0,165
HSUH1865NA0,171
HSUH1865SA0,165
HSUH2465NA0,171
HSUH2465SA0,165
HSUH246C4A0,171
HSUH2665D70,150
HSUH2665GA0,165
HSUM1264SA3,1001
HSYP1606TO,180
HSYP16T0,52
HTA6261AN,432
HTA6261AP,432
HTA6261BN,432
HTA6261BP,432
HTA6261CN,432
HTA6261CP,432
HTA6281AN,1538
HTA6281AP,1538
HTA6281CN,1538
HTA6281CP,1538
HTA6281DN,1538
HTA6281DP,1538
HTA6281HN,1538
HTA6281HP,1538
HTA6331AN,432
HTA6331AP,432
HTNC186HLA1,234
HTNC246HLA1,208
HTNC306HLA0,208
HTNC306HLA1,83
HTNC368DLA1,168
HTNC488DLA1,182
HTR6235CN,569
HTR6335CN,569
HTR6397CN,569
HTUC186HLA1,186
HTUC246HLA1,174
HTUC246HLA2,186
HTUC306HLA0,189
HTUC306HLA1,83
HTUC368DLA0,114
HTUC368DLA1,124
HTUC488DLA1,112
HU031,171
HU041MR,171
HU051,110
HU051MR,110
HU061MR,171
HU071,110
HU071MR,110
HU091,110
HU091MR,110
HU121,52
HU121MA,52
HU121MRB,52
HU123,52
HU123MA,52
HU123MRB,52
HU123MRX,52
HU141,52
HU141MA,52
HU141MRB,52
HU141MRX,52
HU143,52
HU143MA,52
HU143MRB,52
HU143MRX,52
HU161,52
HU161H,52
HU161HA,52
HU161MA,52
HU161MRB,52
HU163,52
HU163MA,52
HU163MRB,52
HU163MRX,52
HU641BAG,1104
HU641BAG2,429
HU641BBG,1048
HU641DAG,1104
HU641PH,1240
HU642PH,1240
HU642VH,1240
HU642VVH,1240
HU70LAB,2070
HV321PAR,2207
HVNC186BLA0,219
HVNC246BLA0,219
HVNC306KLA0,192
HVNC366LLA0,152
HVNC488LLA0,152
HVNC488WSB0,60
HVNC608WSB0,60
HVNH186BLA0,219
HVNH246BLA0,390
HVUC186BLA0,186
HVUC246BLA0,186
HVUC306KLA0,186
HVUC366LLA0,186
HVUC488LLA0,110
HVUC488WSB0,60
HVUC608WSB0,60
HVUH186BLA0,186
HVUH246BLA0,186
HVW6442AG,1152
HW300BBB,750
HW300BBN,750
HW300DBL,750
HW306LGE0,750
HW306LME0,750
HW350PAG,700
HW500DAS,700
HW500PAV,700
HWC056JWAA0,798
HWC082GBMM0,420
HWC186NBAB0,220
HWC186NBAB1,220
HWC186NBMM0,220
HWC226NBAB0,220
HWC226NBMM0,220
HY703RCAA,360
HY703RGAA,360
HY703RWAA,360
HY704RGUA,360
HY704RSAA,360
HY704RSUA,360
HY704RWUA,360
HY705RSUA,360
HY705RWUA,360
HZ6020AA,975
HZ6020AD,975
HZ6060AA,975
HZ6060AD,975
HZ6085AA,975
HZ6085AD,975
HZ6150AA,975
HZ6150AB,975
HZ6150AD,975
HZ6150BA,975
HZ6150BB,975
HZ7020AA,975
I0227G00N91,512000
I09AWN-NB11,672
I09CGH,780
I09TGC,650
I12AWN-NB11,672
I12CEH,880
I12CFH,880
I12CGH,880
I12TGC,650
I14TCP,702
I18-SCA6MN,496
I18AWN-NC11,488
I18CEH,550
I18CFH,550
I18CGH,550
I18TGC,495
I22KRC,558
I22TCC,495
I22TFC,495
I22TPC,495
I22TPCM,495
I22TQC,495
I22TQCM,495
I23SCP,558
I23TCP,588
I23TNB,550
I23TNC,550
I23TNH,550
I23TTB,495
I23TTC,495
I24-SCA6MN,488
I24AWN-NC11,488
I24CEH,550
I24CFH,550
I24CGH,550
I24TGC,495
I24TTP,495
I27SCP,558
I27TCC,495
I27TCP,588
I27TFC,495
I27TNB,550
I27TNC,550
I27TNH,550
I27TPC,495
I27TQC,495
I27TTB,495
I27TTC,495
I28AWN-NC11,488
I32KEC,367
I32KECM,367
I34TCF,322
I34TKF,322
I36KEC,367
I38TCF,276
I38TKF,322
IA18GN,432
IA18GU,171
IAC18B1M,664
ICE10DT-N,1089
ICE10DT-U,420
ICE10F-U,420
ICE10FB-N,968
ICE10R-N,675
ICE10RH-N,675
ICE12ES-N,675
ICE12RH-N,675
ICE18FB-N,496
ICE18R-N,496
ICE18RH-N,496
ICE18RH-U,344
ICE24DT-N,496
IDC09B2M,720
IDC09B2N,720
IDC09B2U,490
IDC09M1N,720
IDC09M1U,490
IDC09M2M,720
IDC09M2N,720
IDC09M2U,490
IDC09M2WM,720
IDC12B2N,720
IDC12B2U,490
IDC12M1M,720
IDC12M1N,720
IDC12M1U,490
IDC12M2N,720
IDC12M2U,490
IDC18M1N,664
IDC18M1U,312
IDC18M2M,664
IDC18M2N,664
IDC18M2U,312
IDC24M1N,664
IDC24M1U,171
IDC24M2N,664
IDC24M2U,171
IDH09M1N,720
IDH09M1U,490
IDH12M1N,720
IDH12M1U,490
IDH18M1N,664
IDH18M1U,171
IDH24M1N,664
IDH24M1U,171
IE13MB,648
IEC09G1N,780
IEC09G1U,490
IEC09G2M,780
IEC09G2N,780
IEC09G2U,490
IEC09M1N,780
IEC09M1U,490
IEC09M2M,780
IEC09M2N,780
IEC09M2U,490
IEC12G1M,780
IEC12G1N,780
IEC12G1U,490
IEC12M1M,780
IEC12M1N,780
IEC12M1U,490
IEC12M2N,780
IEC12M2U,490
IEC18G1M,495
IEC18G1N,495
IEC18G1U,312
IEC18M1M,495
IEC18M1N,495
IEC18M1U,312
IEC18M2M,495
IEC18M2N,495
IEC18M2U,490
IEC24G1N,495
IEC24G1U,171
IEC24M1N,495
IEC24M1U,171
IEC24M2N,495
IEC24M2U,312
IFR10E2N,780
IFR10E2U,490
IFR13E2N,780
IFR13E2U,490
IFR18E2N,495
IFR18E2U,312
IFR24E2N,495
IFR24E2U,171
IHQ10RN,780
IHQ10RU,312
IHQ13RN,780
IHQ13RU,312
IHQ18RN,495
IHQ18RU,171
IK30R1N,322
IK30R1U,104
IK30RN,322
IK30RU,110
IKQ26EN,364
IL-F70VB,114
IL-F80SB,114
IL-F80SKB,114
IL-F90VB,114
IL-F90VBB,114
ILC60,39312
INV9N09EH,648
INV9N12EH,648
INV9N18EH,488
INV9N24EH,488
INV9U09EH,316
INV9U12EH,316
INV9U18EH,171
INV9U24EH,171
IP10SN,780
IP10SU,490
IP13SN,780
IP13SU,490
IP18SN,495
IP18SU,171
IP24SN,495
IP24SU,171
IPC09M1M,664
IPC09M1N,664
IPC09M1U,312
IPC12M1M,664
IPC12M1N,664
IPC12M1U,312
IR-B1201YC,61
IR-B1221YC,60
ISQ-LFL22X2,560
ISR10E2N,780
ISR10E2U,490
ISR13E2N,780
ISR13E2U,490
ISR18E2N,495
ISR18E2U,312
ISR24E2N,495
ISR24E2U,171
IT13RM,650
IT18RM,495
ITR10E1N,780
ITR10E1U,490
ITR13E1N,780
ITR13E1U,490
ITR18E1N,495
ITR18E1U,312
ITR24E1N,495
ITR24E1U,171
J10304W2T0A,15360
J10304W4T0A,15360
J1030RW2T3A,22680
J1030RW2T3C,19440
J1030RW4T3A,22680
J1030RW4T3C,22680
J1030RW6T3A,19440
J1030RW6T3C,19440
J1030SW2T0A,15360
J1030SW4T0A,15360
J1040RW2T3A,22680
J1040RW2T3C,19440
J1040RW4T3A,22680
J1040RW4T3C,22680
J1040RW6T3A,19440
J1040RW6T3C,19440
J12AW,792
J610SS75,36
J611SS34,36
J611SS75,36
J611SS75R,36
J611SW35,36
J612SS34,36
J612SS75,36
J612SS75R,36
J618SS34,36
J805MEE043,24
J805MHE043,24
J805MHH043,36
J805MNR043,36
J811NS35,24
J811S35,24
J811S35N,24
J812NS35,24
J812S35,24
J813MB35,24
J813MC35,24
J813S35E,24
J813SN35,24
J814BW35,24
J814BW75,24
J814MC35,24
J814MC75,24
J814MEE12,24
J814MEE35,24
J814MEE75,24
J814MHH12,24
J814S32,24
J816MEE062,24
J816MEE172,24
J820MT35,24
J821MT35,24
J821MT75,24
J821SB35,24
J821SN35,24
J822MB35,24
J822MT35,24
J822MT75,24
J822MT75V,24
J823MB35,24
J823MT35,24
J823MT75,24
J823MT75V,24
J823MT77V,24
J823SN35,24
J824MEE003,24
J824MEE012,24
J824MEE112,24
J824MHH003,24
J824MHH012,24
J824MHH112,24
J824MHR003,24
J824MHR012,24
J824MHR112,24
J824MNR112,24
J824MRH112,24
J825GBB142,24
J825GBB442,24
J825GBC142,24
J825GCB442,24
J825MEE042,24
J825MEE142,24
J825MHH042,24
J825MHR042,24
J825P142,24
J826GBB142,24
J826GBB442,24
J826MEE042,24
J826MEE142,24
J829SB35,24
J829SB36,24
J829SN35,24
J841ND79,24
J844ND79,24
J851SN33W,24
J851SN33WJ,24
J859SN33W,24
JEB1860DMWW,438
JES1456DSBB,597
JES1460DSBB,597
JES1460DSWW,597
JES2051DNBB,438
JES2051DNWW,438
JES2051SNSS,438
JK3800DHBB,200
JK3800DHWW,200
JK3800SHSS,200
JLAFF2010,28
JLMWCM006,614
JLMWGR005,623
JLMWSL004,768
JNH09E,252
JNM3151DFBB,330
JNM3151DFWW,330
JNM3151RFSS,330
JNM3163DJBB,350
JNM3163DJWW,350
JNM3163RJSS,350
JNM3184DPBB,350
JNM3184RPSS,350
JNM7196BLTS,328
JNM7196DKBB,328
JNM7196DKWW,328
JNM7196FLDS,328
JNM7196RWSS,350
JNM7196SKSS,350
JP20135CW,71
JP20135DCT,71
JP20135DCW,71
JS-NQ18ZUZD,558
JSNQ126EAP7,488
JSNQ126EAP8,488
JSNQ126ENP7,488
JSNQ1865AP7,450
JSNQ1865NP7,450
JSNQ2465AP7,405
JSNQ2465NP7,405
JSUQ126EAP7,510
JSUQ126EAP8,510
JSUQ126ENP7,510
JSUQ1865AP7,296
JSUQ1865NP7,296
JSUQ2465AP7,183
JSUQ2465NP7,183
JT3800DHBB,180
JT3800DHWW,180
JT3800SHSS,180
JT5800SHSS,176
JTN09MMT,910
JTN12MMT,675
JTN18MMT,488
JTN24MMT,488
JTU09MMT,510
JTU12MMT,510
JTU18MMT,292
JTU24MMT,174
JUC09E,312
JUH09E,252
JUPITERCUT,96
JVM3150DFBB,330
JVM3150DFWW,330
JVM3150RFSS,330
JVM3150SFSS,330
JVM3160DFBB,350
JVM3160DFCC,350
JVM3160DFWW,350
JVM3160EFES,350
JVM3160RFSS,350
JVM3160RTSS,350
JVM3162DJBB,350
JVM3162DJWW,350
JVM3162RJSS,350
JVM6172DKBB,328
JVM6172DKWW,328
JVM6172SKSS,350
JVM6175BLTS,350
JVM6175DKBB,350
JVM6175DKWW,350
JVM6175EKES,350
JVM6175SKSS,350
JVM6175YKFS,350
JVM7195BLTS,328
JVM7195DKBB,350
JVM7195DKWW,350
JVM7195EKES,350
JVM7195EWES,350
JVM7195FLDS,350
JVM7195RWSS,350
JVM7195SKSS,350
JW-Q12WUXA,255
JW-Q18WUXA,192
JW-Q18WUXA1,255
JW-Q18WUZA,192
JW-Q24WUXA,192
JW-Q24WUZA,192
K07EHC,260
K07TS,490
K096SH,260
K09EHC,260
K09TS,490
K0RV908N1W9,150
K126SH,242
K12EHC,242
K12TS,490
K186SH,146
K18TS,312
K246SH,105
K24TS,171
K321SC,71
K322S,71
K322SC,71
K328MBE,54
K328MCE,54
K328S,54
K328SE,54
K328WE,54
K336NS15,44
K410S11H,28
K410S11M,28
K410SS13H,28
K412S11,28
K412SS13,28
K415AW15,28
K415AW35,28
K415DN15,28
K415S11,28
K415SA13,28
K415SB15,28
K415SI15,28
K415SN13,28
K415SS13,28
K415SW11,28
K415TS15,28
K415TS35,28
K415UW15,28
K415UW35,28
K416LW35,28
K416NS13,28
K416S11,28
K416SB15,28
K416SE15,28
K416SN13,28
K416SS13,28
K416SW11,28
K416TS15,28
K416TS35,28
K417LW35,28
K417NS13,28
K417NS13E,28
K417S11,28
K417S11E,28
K417SB15,28
K417SB15E,28
K417SN13,28
K417SN13E,28
K417SS13,28
K417SS13E,28
K417SW11,28
K417SW11E,28
K417TS15,28
K417TS35,28
K417TS37E,28
K417UW15,28
K4DV409S1W,159
K4DV409S1WE,159
K4DV508S1W,159
K4DV709H0W,159
K4DV710H2W,159
K4WV308N1W,159
K4WV408S1W,159
K4WV409S1W,159
K4WV508N1W,159
K4WV710N1W,159
K4WV710S1W,159
K4WV712N1W,150
K510MC18,39
K510S14,39
K510SN18,39
K519MC1S,39
K519S1S,39
K519SN1S,39
K53RGI,1088
K53SG,1088
K66RG,1064
K73BG,1064
K73BGY,1081
K73PGY,1064
K73RGY,1081
K73SG,1081
K73ZG,1064
K82AG,864
K82RG,864
K82RGI,864
K82SGY,864
K83AG,1081
K83BGY,1081
K83IGY,1081
K83PGI,1064
K83RG,1081
K83RGI,1064
K83RGY,1081
K83SG,1064
K83VG,1081
K83WGY,1081
K847TS35,24
K84SGN,1064
K86RRY,798
K86SG,798
K86SRY,798
K94BGN,864
K94RGN,864
K94SGN,864
K95RGN,864
K95SGN,864
K96DRY,798
K96DRYK,798
K96IRYW,798
K96RRY,798
K96SRY,798
KA30010S,3384
KA60010F,640
KA60010S,640
KA60020S,640
KA6002ES,640
KA60230A,640
KA60510F,640
KA60520S,640
KA60530A,640
KA60530F,640
KA65310F,640
KA65320S,640
KA67210FS,1349
KA68010F,640
KA68020S,640
KA68030A,640
KA68030F,640
KA80610F,520
KBDR1,5904
KBDR4,5904
KCAH017LDTC,14
KCAH020LDTC,14
KCAH023LDTC,14
KCAH033LDTC,7
KCAH040LDTC,7
KCAH050LDTC,5
KCHH020LDG3,14
KCHH023LDG3,14
KCHH023LDGC,14
KCHH033LDG3,7
KCHH040LDG3,7
KCHH045LDG3,7
KD-C703ST,159
KD-C703SW,159
KD-C704NW,159
KD-E700NT,159
KD-E700NW,159
KD60NV10NE,63
KDN60V10NE,63
KF182H,558
KF5237PZJZ,48
KF5237SWJZ,48
KK-C1808C00,14
KK-C2108C00,14
KK-C2408C00,8
KK-C3008C00,8
KK-C3608H00,4
KKN118CAC,1500
KL5241PZJZ,48
KL5241SWJZ,48
KM60020S,640
KM60021S,640
KM60520S,640
KME20570KR,44352
KNMAB071A,800
KNMAB151A,800
KNMAB241A,495
KNMDB071A,486
KNMKB091A,300
KNMKB121A,300
KNMKB181A,300
KNMLB121A,73
KNMLB181A,73
KNMLB241A,73
KNMLB301A,57
KNMLB361A,57
KNMQB151A,369
KNSAC091A,780
KNSAC091B,780
KNSAC121A,780
KNSAC121B,780
KNSAC181A,495
KNSAC241A,495
KNSAE091A,780
KNSAE121A,780
KNSAE181A,495
KNSAE241A,495
KNSAH091B,450
KNSAH121A,650
KNSAH121B,650
KNSAH181A,495
KNSAH241A,495
KNSAH361A,322
KNSAL091A,664
KNSAL121A,664
KNSAL151A,364
KNSAL241A,364
KNSAP241A,364
KNSAP301A,322
KNSAP361A,322
KNSAZ091A,780
KNSAZ121A,780
KNSAZ181A,495
KNSAZ241A,495
KNSLA181A,73
KNSLA241A,73
KNSLA301A,57
KNSLA361A,57
KNSLB121A,146
KNSLB181A,146
KNSLB241A,146
KNSLB301A,57
KNSLB361A,57
KNSLB421A,57
KNSLB481A,57
KNSLB601A,51
KNSLE182A,73
KNSLE242A,73
KNSLE302A,57
KNSLE362A,57
KNSLE422A,57
KNSLE482A,57
KNSLE602A,51
KNUAB091A,780
KNUAB121A,780
KNUAB181A,495
KNUAK091A,650
KNUAK121A,650
KNUAK181A,495
KNUDB091A,486
KNUDB121A,486
KNUDB181A,432
KNUJB091A,256
KNUJB121A,256
KNUJB181A,256
KNUJB241A,256
KNUJB301A,192
KNUJB361A,168
KNUQB091A,369
KNUQB121A,369
KPHTC411M,43
KPHTC481M,43
KPHTC551M,43
KS-C076JLA1,323
KS-C096JLA1,323
KS-C126LLA1,233
KS-C126LLC1,832
KS-C186KLD1,600
KS-C266KLD1,158
KS-H096JLA2,323
KS-H096JLC2,323
KS-H1264DA0,337
KS-H126LLA1,233
KS-H126LLC1,233
KS-H186KLD1,600
KS-H266KLD1,158
KS182H,558
KSNC0964EA8,160
KSNC0964JA5,240
KSNC096JLA3,251
KSNC1264EA8,125
KSNC1264JA3,200
KSNC1264NA0,250
KSNC1865JA4,128
KSNC2665JA3,120
KSNH0964EM1,215
KSNH0964JA3,240
KSNH0964NA1,300
KSNH0964SK1,300
KSNH096ERM1,280
KSNH096JLA4,830
KSNH1264EA8,125
KSNH1264JA3,200
KSNH1264NA0,250
KSNH1264NA5,315
KSNH1264SK5,315
KSNH1269GA0,860
KSNH126B8U9,200
KSNH126BN12,260
KSNH126ERM1,280
KSNH1865JA4,128
KSNH1865NA4,160
KSNH1865SK4,160
KSNH1868PM1,165
KSNH1868RM1,165
KSNH186K3A0,170
KSNH2468RM1,120
KSNH2468RM2,165
KSNH2665JA3,120
KSNH2665NA5,160
KSNH2665SK5,160
KSTK1,5904
KSTK2,5904
KSTK4,5904
KSTK5,5904
KSUC0964EA8,160
KSUC0964JA5,240
KSUC096JLA3,251
KSUC1264EA8,125
KSUC1264JA3,200
KSUC1264NA0,250
KSUC1865JA4,128
KSUC2665JA3,120
KSUH0964EM1,215
KSUH0964JA3,240
KSUH0964NA1,300
KSUH0964SK1,300
KSUH096ERM1,280
KSUH1264EA8,125
KSUH1264EM1,215
KSUH1264JA3,200
KSUH1264NA0,250
KSUH1264NA5,315
KSUH1264SK5,315
KSUH1269GA0,489
KSUH126B8U9,200
KSUH126BN12,260
KSUH126ERM1,489
KSUH1865JA4,128
KSUH1865NA4,160
KSUH1865SK4,160
KSUH1868RM1,165
KSUH186K3A0,170
KSUH2468RM2,165
KSUH2665JA3,120
KSUH2665NA5,160
KSUH2665SK5,160
KUMXA181A,104
KUMXA241A,104
KUMXA301A,104
KUMXA361A,52
KUMXA421A,52
KUMXA481A,52
KUMXB181A,171
KUMXB241A,171
KUMXB301A,104
KUMXB361A,104
KUMXB481A,52
KUMXB541A,52
KUMXB601A,52
KUSAB091A,312
KUSAB121A,312
KUSAB181A,104
KUSAC091A,490
KUSAC091B,490
KUSAC121A,490
KUSAC121B,490
KUSAC181A,171
KUSAC241A,171
KUSAE091A,490
KUSAE121A,490
KUSAE181A,171
KUSAE241A,171
KUSAH091B,490
KUSAH121A,490
KUSAH121B,490
KUSAH181A,171
KUSAH241A,171
KUSAH361A,104
KUSAL091A,171
KUSAL121A,171
KUSAL151A,104
KUSAL181A,104
KUSAL241A,104
KUSAP241A,104
KUSAP301A,104
KUSAP361A,104
KUSAZ091A,490
KUSAZ121A,490
KUSAZ181A,171
KUSAZ241A,171
KUSXA121A,104
KUSXA181A,104
KUSXA241A,104
KUSXA301A,52
KUSXA361A,52
KUSXA421A,52
KUSXA422A,52
KUSXA481A,52
KUSXA482A,52
KUSXB091A,312
KUSXB121A,288
KUSXB181A,104
KUSXB241A,104
KUSXB301A,104
KUSXB361A,52
KUSXB421A,52
KUSXB481A,52
KUSXB601A,52
KUSXE181A,288
KUSXE241A,171
KUSXE301A,171
KUSXE361A,104
KUSXE421A,104
KUSXE481A,52
KUSXE601A,52
KV-CORE,952
KV-PRO,1088
KV-ULTRA,1088
KVN6403AF,1368
KVN6403AS,1368
KVN6403BF,1368
KVN6403BS,1368
L-MX70B,38
L096TQ,1001
L1010ER,300
L1050BA0N41,1680
L1210ER,300
L126TQ,1001
L16T84DSNK5,28080
L1810ER,192
L186TQ,617
L18M12U2NK5,5184
L18R12U2NK5,5184
L246TQ,617
L2NC246BRA0,294
L2NC486LA0,600
L2UC202GA0,171
L2UC242FAB,171
L2UC362FAB,171
L2UC362LA0,171
L2UC486BA0,84
L2UC486LA0,84
L3UC242FA0,171
L3UC242FA2,171
L3UC362FAB,171
L3UC362LA0,171
L4UC302FA0,171
L4UC302FA2,171
L4UC488FA0,110
L4UC602FA0,84
L4UC602FA2,110
L4UC608FA0,84
L4UC608FA2,110
L4UH488FA0,110
L4UH602FA0,84
L4UH602FA2,110
L5C0905PSGC,132
L5UC362FA0,114
L5UC728FA0,39
L5UC728FA1,39
L5UC728FA2,39
L5UC728FA3,39
L5UH728FA0,39
L6UC502FA0,110
L6UC502FA2,110
L6UH728FA0,39
L6UV502FA0,110
L6UW502FA0,110
L711HR,252
L84T2706BK3,25920
L84T2906BK3,25920
L84T2906BK5,28080
L8UC1008FA0,25
L8UC1008FA1,25
L8UC1008FA3,25
L8UC100BFA0,25
L8UC100BFA1,25
L8UC100BFA3,25
L8UC100BFE3,25
L8UC150BFA1,25
L8UC150BFE1,25
L8UH1008FA0,25
L8UH100BFA0,25
L8UH100BFA2,25
LA-D1560PM,396
LA-N110DC,656
LA-N110DS,656
LA-N150DP,656
LA-N150DPM,656
LA-N150DW,656
LA-N150DWM,656
LA-N150DWR,656
LA-N151DB,656
LA-N151DR,656
LA-N153DR,656
LA-N154DR,656
LA-N154DRR,656
LA-N154DW,656
LA-N155DW,656
LA-N155DWR,656
LA-N158DW,656
LA-N158DWR,656
LA-N159DW,596
LA-N159DWR,596
LA-P180DR,396
LA-P180DW,396
LA-P181DR,396
LA-P181DW,396
LA-P181DWR,396
LA-P182DG,396
LA-P182DGR,396
LA-P182DW,396
LA-P182DWR,396
LA-P183DW,396
LA-P183DWR,396
LA-P185DW,396
LA-P185DWR,396
LA-P188DW,396
LA-P188DWR,396
LA-P210DG,396
LA-P210DS,396
LA-P210DW,396
LA-P211DG,396
LA-P211DGR,396
LA-P211DR,396
LA-P211DRR,396
LA-P212PS,396
LA-P212PSR,396
LA-P213DW,396
LA-P213DWR,396
LA-P213PS,396
LA-P213PSR,396
LA-P218DW,396
LA-P218DWR,396
LA-P219DW,378
LA-P219DWR,378
LA-Q110CR,616
LA-Q110CRR,616
LA-Q110CW,616
LA-Q110CWR,616
LA-Q111CW,616
LA-Q111CWR,616
LA-Q379SB,732
LA-R119SW,732
LA-R119SWR,732
LA-S060SP,1200
LA-S061DR,1200
LA-S061DRM,1200
LA-S061DW,1200
LA-S061DWG,1200
LA-S061DWM,1200
LA-S063DR,1200
LA-S063DW,1200
LA-S064DW,1200
LA-S065DW,1200
LA-S065DWR,1200
LA-S066DF,1200
LA-S066DW,1200
LA-S066DWR,1200
LA-S068DW,1200
LA-S068DWR,1200
LA-S069DW,1173
LA-S069DWR,1173
LA-T110DW,538
LA-T110DWR,538
LA-U100DW,538
LA-U100DWR,538
LA-U109DW,459
LA-U109DWR,459
LA-U110DW,538
LA-U110DWR,538
LA-U111DW,538
LA-U111DWR,538
LA-V060SW,1173
LA-V069DL,1173
LA-V069DW,1173
LA-V069DWR,1173
LA-V079SE,1173
LA-V119RS,755
LA-V119SS,755
LA-W119PW,540
LA-W119PWR,540
LA02B830M0Z,153600
LA060M,644
LA060MA,644
LA060MB,644
LA060MBM,644
LA060MC,644
LA060R,644
LA060RB,644
LA060RBM,644
LA060RC,644
LA080EC,408
LA080FC,528
LA080GC,408
LA080GC2,408
LA080GC2M,408
LA080LC,419
LA080MA,419
LA080PC,419
LA080R,419
LA080RB,419
LA080RBM,419
LA080RC,419
LA080SC,419
LA080T,419
LA080TB,419
LA080TBM,419
LA080TC,419
LA080WC,360
LA100AE,408
LA100AE2,408
LA100AE2M,408
LA100CC,528
LA100EC,408
LA100EL,255
LA100FC,528
LA100GC,408
LA100GC2,408
LA100GC2M,408
LA100LC,419
LA100MA,419
LA100PC,419
LA100R,419
LA100RA,419
LA100RB,419
LA100RBM,419
LA100RC,419
LA100SC,419
LA100T,419
LA100TB,419
LA100TBM,419
LA100TC,419
LA100VC,240
LA100WC,360
LA100WL,240
LA130AE2,408
LA130GC,408
LA130GC2,408
LA130GC2M,408
LA130GCM,306
LA150EC,255
LA150FC,300
LA150GC,255
LA150GC1,408
LA150GC2,255
LA150GC2M,255
LA150LC,300
LA150MA,300
LA150PC,300
LA150R,300
LA150RA,300
LA150RB,300
LA150RBM,300
LA150RC,300
LA150SC,300
LA150T,300
LA150TB,300
LA150TBM,300
LA150TC,300
LA150VC,240
LA150WC,240
LA180GC2,255
LA200EC,192
LA200FC,192
LA200GC,192
LA200GC2,192
LA200M,176
LA200MA,176
LA200MB,216
LA200MBM,300
LA200MC,176
LA200PC,176
LA200R,176
LA200RA,176
LA200RB,176
LA200RBM,300
LA200RC,176
LA200SC,176
LA200VC,192
LA200WC,192
LA250EC,192
LA250GC,192
LA250GC2,192
LA250M,176
LA250MA,176
LA250MB,216
LA250MBM,300
LA250MC,176
LA250RA,176
LA250WC,192
LAH-A404G,700
LAH-S404G,700
LAHVAG40GE0,700
LAHVSG40GD0,700
LAHVSG40GE0,700
LAMI120HVP,612
LAMI120HYV,592
LAMU090HVP,612
LAN090HSV,648
LAN090HSV2,648
LAN090HSV4,648
LAN090HSV5,800
LAN090HVP,612
LAN090HYV,592
LAN090HYV1,592
LAN090HYV3,558
LAN096HNP,612
LAN120HSV,648
LAN120HSV2,648
LAN120HSV4,648
LAN120HSV5,800
LAN120HVP,612
LAN120HYV,592
LAN120HYV1,592
LAN120HYV3,558
LAN150HYV2,464
LAN150HYV3,364
LAN180HSV,488
LAN180HSV2,488
LAN180HSV4,488
LAN180HSV5,558
LAN180HYV1,464
LAN180HYV2,464
LAN180HYV3,364
LAN181HSV5,495
LAN240HSV,488
LAN240HSV2,488
LAN240HSV3,488
LAN240HYV1,464
LAN240HYV3,364
LAPBNG50GG0,596
LAPBNS50GH0,596
LAPBPN70GG9,378
LAPBVG20GG0,1173
LAPBVS20GG0,1173
LAPBWW40GG0,540
LAPHUW35GG0,459
LAU090HSV2,316
LAU090HSV5,312
LAU090HVP,316
LAU090HYV,316
LAU090HYV1,316
LAU090HYV3,171
LAU120HSV,316
LAU120HSV2,316
LAU120HSV5,312
LAU120HVP,316
LAU120HYV,316
LAU120HYV1,316
LAU120HYV3,171
LAU126HNP,316
LAU150HYV2,171
LAU150HYV3,104
LAU180HSV,171
LAU180HSV2,171
LAU180HYV1,171
LAU180HYV2,171
LAU180HYV3,104
LAU181HSV5,104
LAU240HSV,171
LAU240HSV2,171
LAU240HSV3,171
LAU240HYV1,171
LAU240HYV3,104
LAV14IMR-A2,52
LAV14ITR,52
LAV3IMR-A2,171
LAV9IMR,110
LAW-A038CM,700
LAW-A048AL,700
LAW-A048AM,700
LAW-A048AS,700
LAW-A048VL,700
LAW-A049AS,700
LAW-A049SV,700
LAW-B030AB,750
LAW-B030PL,750
LAW-B039PL,750
LAW-B048PW,1025
LAW-C038BM,1674
LAW-C038BV,1674
LAW-C039BM,1674
LAW-C039BV,1674
LAW-S048ABG,700
LAW-S048AW,700
LAW-S049AW,700
LB-E6085CL,54
LB06D750L0A,54000
LB08E827L0A,43200
LB08E830L0A,43200
LB08E850L0A,43200
LB12C2000V,71
LB12C2000W,71
LB12S2000S,73
LB26BGS,26
LB31BPGK,73
LB31MPP,73
LB33BPGK,71
LB33MPP,73
LB33SPP,71
LB3552SP,126
LB3580SP,126
LB3581SP,126
LB3642SP,126
LB3653SP,126
LB3661SP,126
LB36WVP,67
LB37MPGK,71
LB37MPP,71
LB37SPGK,71
LB37SPP,71
LB37SPT,71
LB37WGT,71
LB40BXM,45
LB40WVP,67
LB41BPP,67
LB41WGT,67
LB41WPP,67
LB41WPT,67
LB44SVD2,62
LB44SVDE,62
LB44SVNE,62
LB44SVP2,62
LB45SGN,62
LB45SGP,62
LB45SPP,62
LB45SPT,62
LB45TGT,62
LB46TGT,62
LB61V02B,216
LB61V02S,216
LB61V05B,216
LB61V05S,216
LB61V12B,216
LB621100S,144
LB621120S,216
LB621122S,144
LB632020S,216
LB632022S,144
LB632120S,144
LB632122S,144
LB632F00S,144
LB633000S,216
LB633009N,144
LB633020S,216
LB633029N,144
LB641058S,216
LB641120S,216
LB641122S,216
LB641150S,216
LB641152S,216
LB641158S,216
LB642022S,216
LB642052S,144
LB642058B,144
LB642058S,144
LB642122B,216
LB642152S,144
LB642158S,144
LB642222S,144
LB642M32S,144
LB642M68S,144
LB643022M,216
LB643022T,216
LB643029T,144
LB643058M,216
LB643058N,216
LB643058S,144
LB643058T,216
LB643229T,216
LB643M22S,216
LB643M58S,216
LB644029N,144
LB644029T,144
LB644059T,144
LB644229T,144
LB645059T,216
LB645059T1,216
LB645059T2,216
LB645129T,216
LB645129T1,216
LB645329T,216
LB645329T1,216
LB645459T,216
LB645479T,216
LB645479T1,216
LB645479Y,216
LB645E059T1,216
LB645E129T1,216
LB645E329T1,216
LB645E479T1,216
LB645M059T1,216
LB645M329T1,216
LB645M479T1,216
LB645R059T1,216
LB645R329T1,216
LB645R479T1,216
LB646K059T2,216
LB646K329T1,216
LB646K479T2,216
LB651072S,144
LB651078S,144
LB652078S,144
LB652082S,144
LB652088S,144
LB652M88B,144
LB652M88S,144
LB653078M,144
LB653078T,216
LB653078V,144
LB653098A,216
LB653M78S,144
LB653M88S,144
LB653V78B,144
LB653V78S,144
LB653V98S,144
LB654079T,144
LB654099A,144
LB65422BD,144
LB65422SD,144
LB672098S,144
LB681078S,144
LB8088HLC,390
LB8088HRB,390
LBB33BGMAI,73
LBB33BLGA,73
LBB33BLM,73
LBB33BLMAI,73
LBB389FLDM,73
LBC20514SW,40
LBC20514TT,40
LBC22520SB,26
LBC22520ST,26
LBC22520SW,26
LBC22520TT,26
LBC22520WW,26
LBC24360ST,26
LBC24360SW,26
LBD33BLM,73
LBD33BLMA,73
LBF322BBVI,54
LBF322BBVIP,54
LBF422BBGL,62
LBF422BBVI,62
LBN10551PS,73
LBN10551PV,73
LBN10551SW,73
LBN12551PV,73
LBN12551SW,71
LBN20511WW,40
LBN20512ST,40
LBN20513WW,40
LBN20514ST,40
LBN20516ST,40
LBN20516SW,40
LBN20517BK,40
LBN20517WW,40
LBN20518SB,40
LBN20518ST,40
LBN20518SW,40
LBN22370ST,40
LBN22370SW,40
LBN22515SB,26
LBN22517ST,26
LBN22517WW,26
LBNC10551V,73
LBNC10551W,73
LBNC12231V,71
LBNC12231W,71
LBNC12241P,71
LBNC12251V,71
LBNC12551V,71
LBNC12551W,71
LBNC15221V,67
LBNC15231P,67
LBNC15231V,67
LBNC15241V,67
LBNC15251U,67
LBNC15251V,67
LBNC182HSA0,294
LBNC182HSA1,294
LBNC182HSA2,294
LBNC186HSA0,294
LBNC186HSA1,294
LBNC186HSS1,294
LBNC186HSS2,294
LBNC186HSS3,294
LBNC186HSX0,294
LBNC186HSX1,294
LBNC242HSA0,294
LBNC242HSA1,294
LBNC242HSA2,294
LBNC246HSA0,294
LBNC246HSA1,294
LBNC246HSA3,294
LBNC246HSS1,294
LBNC246HSS3,294
LBNC246HSX0,294
LBNC246HSX1,294
LBNC302GSA0,223
LBNC302GSA2,223
LBNC306GSA2,224
LBNC306GSS0,223
LBNC306GSS1,224
LBNC306GTA0,223
LBNC306GTA1,223
LBNC306GTX0,223
LBNC306GTX1,223
LBNC362GSA0,223
LBNC362GTA0,223
LBNC366GSA1,223
LBNC366GSS0,223
LBNC366GSS1,224
LBNC366GSS3,224
LBNC366GTA0,223
LBNC366GTA1,223
LBNC366GTA2,223
LBNC366GTA3,223
LBNC366GTX0,223
LBNC366GTX1,223
LBNC368GSS0,223
LBNC368GSS1,224
LBNC368GSS2,224
LBNC422GSA0,223
LBNC422GSA5,223
LBNC428GSS0,223
LBNC428GSS1,224
LBNC428GSS2,224
LBNC428GSS3,224
LBNC428GTA1,223
LBNC428GTX0,223
LBNC428GTX1,223
LBNC482ESG0,110
LBNC482RSA0,120
LBNC482RSA1,120
LBNC482RSA2,120
LBNC482RTA0,120
LBNC488ETA0,110
LBNC488ETA1,110
LBNC488RSS0,120
LBNC488RSS1,125
LBNC488RSS3,125
LBNC488RTX0,120
LBNC488RTX1,120
LBNC48BESG0,110
LBNC602ESG0,110
LBNC602RSA0,120
LBNC602RSA1,120
LBNC602RSA2,120
LBNC602RTA0,120
LBNC608ETA1,110
LBNC608RSS0,120
LBNC608RSS1,125
LBNC608RSS2,120
LBNC608RTA0,120
LBNC608RTA1,120
LBNC608RTX0,120
LBNC608RTX1,120
LBNC60BESG0,110
LBNC668RTA0,120
LBND2423CL,237
LBND2461HP,237
LBND2462CL,237
LBNE4880FH,110
LBNE4880HL,110
LBNE4880RH,110
LBNE4881HL,110
LBNE4882CL,110
LBNE4883CL,110
LBNE4885AL,110
LBNE4885BL,110
LBNE4885BS1,110
LBNE4885CL,110
LBNE4885HL,110
LBNE6080FH,110
LBNE6080HL,110
LBNE6080RH,110
LBNE6081HL,110
LBNE6082CL,110
LBNE6083CL,110
LBNE6085BL,110
LBNE6085BS,110
LBNE6085BS1,110
LBNE6085CL,110
LBNE6085HL,110
LBNF3680HL,167
LBNF3682AL,167
LBNF3682CL,167
LBNF4280HL,167
LBNG3060BL,223
LBNG3060BS,223
LBNG3060CL,223
LBNG3060HL,223
LBNG3060HP,223
LBNG3061AL,223
LBNG3061CL,223
LBNG3620HG,223
LBNG3660BL,223
LBNG3660BS1,223
LBNG3660CL,223
LBNG3660HL,223
LBNG3660RH,223
LBNG3680AL,223
LBNG3680CL,223
LBNG3680HL,223
LBNG3680RH,223
LBNG4280AL,223
LBNG4280BS,223
LBNG4280CL,223
LBNG4280HL,223
LBNH1208VA0,39
LBNH182HSA0,294
LBNH182HSA2,294
LBNH1860AL,294
LBNH1860BS1,294
LBNH1860CL,294
LBNH1860HL,294
LBNH242HSA0,294
LBNH242HSA2,294
LBNH2460AL,294
LBNH2460BL,294
LBNH2460BS1,294
LBNH2460CL,294
LBNH2460FH,294
LBNH2460HL,294
LBNH2460RH,294
LBNH302GSA0,223
LBNH306GSS0,223
LBNH362GSA0,223
LBNH362GSA2,223
LBNH366GSS0,223
LBNH368GSS0,223
LBNH422GSA0,223
LBNH422GSA5,223
LBNH428GSS0,223
LBNH482ESG0,110
LBNH482RSA0,120
LBNH482RSA1,120
LBNH482RSA2,120
LBNH488RSS0,120
LBNH489RSA4,120
LBNH48BESG0,110
LBNH602ESG0,110
LBNH602RSA0,120
LBNH602RSA1,120
LBNH602RSA2,120
LBNH608RSS0,120
LBNH609RSA0,120
LBNH60BESA0,110
LBNH60BESG0,110
LBNH60BRSA0,120
LBNN242HSA0,294
LBNZ1452SE,110
LBUC182HSA0,171
LBUC182HSA1,171
LBUC182HSA2,171
LBUC186HSA1,171
LBUC186HSS1,171
LBUC186HSS3,171
LBUC186HSX0,272
LBUC186HSX1,171
LBUC242HSA0,171
LBUC242HSA1,272
LBUC242HSA2,171
LBUC246HSA0,171
LBUC246HSA1,171
LBUC246HSA3,171
LBUC246HSS1,114
LBUC246HSS3,171
LBUC246HSX0,272
LBUC246HSX1,171
LBUC302GSA0,171
LBUC302GSA2,171
LBUC306GSA2,114
LBUC306GSS0,171
LBUC306GSS1,114
LBUC306GTA0,144
LBUC306GTA1,144
LBUC306GTX0,162
LBUC306GTX1,144
LBUC362GSA0,171
LBUC362GTA0,144
LBUC366GSA1,114
LBUC366GSS0,171
LBUC366GSS1,114
LBUC366GSS3,114
LBUC366GTA0,224
LBUC366GTA1,144
LBUC366GTA3,162
LBUC366GTX0,162
LBUC366GTX1,144
LBUC3680HL,140
LBUC368GSS0,171
LBUC368GSS1,114
LBUC368GSS2,114
LBUC422GSA0,110
LBUC422GSA5,110
LBUC428GSS0,110
LBUC428GSS2,114
LBUC428GSS3,110
LBUC428GTA0,131
LBUC428GTA1,131
LBUC428GTX0,162
LBUC428GTX1,144
LBUC482ESG0,110
LBUC482RSA0,110
LBUC482RSA1,110
LBUC482RSA2,110
LBUC482RTA0,84
LBUC488ETA0,131
LBUC488ETA1,131
LBUC488RSS0,110
LBUC488RSS1,110
LBUC488RSS3,110
LBUC488RTA0,114
LBUC488RTX0,162
LBUC488RTX1,144
LBUC48BESG0,110
LBUC602ESG0,110
LBUC602RSA0,110
LBUC602RSA1,110
LBUC602RSA2,110
LBUC602RTA0,84
LBUC608ETA1,131
LBUC608RSS0,110
LBUC608RSS1,110
LBUC608RTA0,125
LBUC608RTA1,84
LBUC608RTX0,90
LBUC60BESG0,110
LBUC668RTA0,90
LBUD2423CL,171
LBUD2462AL,135
LBUD2462CL,135
LBUE4880FH,110
LBUE4880RH,110
LBUE4882CL,90
LBUE4883CL,110
LBUE4885AL,110
LBUE4885BL,110
LBUE4885BS1,110
LBUE4885CL,110
LBUE4885HL,110
LBUE6080FH,110
LBUE6080HL,171
LBUE6080RH,110
LBUE6081HL,110
LBUE6082CL,90
LBUE6083CL,110
LBUE6085BL,110
LBUE6085BS,110
LBUE6085BS1,110
LBUE6085CL,110
LBUE6085HL,110
LBUF3062CL,135
LBUF3680HL,171
LBUF3682AL,171
LBUF3682CL,135
LBUF4280HL,110
LBUF4282CL,110
LBUG3060BL,171
LBUG3060BS,171
LBUG3060CL,171
LBUG3060HL,171
LBUG3060HP,171
LBUG3061AL,171
LBUG3061CL,171
LBUG3660BL,171
LBUG3660BS1,171
LBUG3660CL,171
LBUG3660HL,171
LBUG3680AL,171
LBUG3680CL,171
LBUG3680HL,171
LBUG3680RH,171
LBUG4280AL,110
LBUG4280BS,110
LBUG4280CL,110
LBUG4280HL,110
LBUH1208VA0,25
LBUH182HSA0,171
LBUH182HSA2,171
LBUH1860AL,171
LBUH1860BS1,171
LBUH1860CL,171
LBUH1860HL,171
LBUH1860RU,171
LBUH242HSA0,171
LBUH242HSA2,171
LBUH2460AL,171
LBUH2460BL,171
LBUH2460BS1,171
LBUH2460CL,171
LBUH2460FH,171
LBUH2460HL,171
LBUH2460RH,171
LBUH302GSA0,171
LBUH306GSS0,171
LBUH362GSA0,171
LBUH362GSA2,171
LBUH366GSS0,171
LBUH368GSS0,171
LBUH422GSA0,110
LBUH422GSA5,110
LBUH482ESG0,110
LBUH482RSA0,110
LBUH482RSA1,110
LBUH482RSA2,110
LBUH488RSS0,110
LBUH489RSA4,110
LBUH48BESG0,110
LBUH602ESG0,110
LBUH602RSA0,110
LBUH602RSA1,110
LBUH602RSA2,110
LBUH608RSS0,110
LBUH609RSA0,110
LBUH60BESA0,110
LBUH60BESG0,110
LBUL6080BL,110
LBUM1080BS,51
LBUM7280BS,51
LBUN282GSA0,171
LC06GW,960
LC1R7N2,90
LC34BGP,71
LC389BC,84
LC389PC,84
LC41MGP,54
LC42MGP,48
LCDPOP1,513
LCDPOP1R,513
LCE3010SB,673
LCE3010SBE,673
LCE3081ST,673
LCE30845,506
LCE3610SB,533
LCE3610SBE,533
LCE3610SBS,533
LCE3681ST,533
LCF12P,720
LCFS22EXS,39
LCG3011BD,440
LCG3011ST,440
LCG3091ST,440
LCG3611BD,360
LCG3611ST,360
LCG3691ST,360
LCIU7339T,84
LCN097HV4,486
LCN098HV4,486
LCN127HV4,486
LCN128HV4,486
LCN187HV,260
LCN188HV4,432
LCN247HV,234
LCN248HV,234
LCN367HV,182
LCN368HV,182
LCN427HV,182
LCN428HV,182
LCRF0211S,84
LCRT1510SV,577
LCRT1513SB,577
LCRT1513ST,577
LCRT1513SW,577
LCRT2010BD,438
LCRT2010ST,438
LCS0712ST,1187
LCS1112DT,665
LCS1112SB,665
LCS1112ST,665
LCS1112SW,665
LCS1114SB,665
LCS1114SW,665
LCS1410SW,597
LCS1413SB,577
LCS1413SW,577
LCS2045WBK,438
LCS2045WBKD,438
LCS70,39
LCS90,25
LCSC1513ST,432
LCSP1110ST,544
LCV700,897
LCV701R,1064
LCV900B,750
LD-105DR,672
LD-106DR,672
LD-106DW,672
LD-12BT0,108
LD-12BW8,158
LD-1415M1,158
LD-1415W1,158
LD-1419M2,158
LD-1419T2,158
LD-1419W2,158
LD-1420T2,150
LD-1420W2,158
LD-1421T2,158
LD-1453AC,159
LD-1453W,159
LD-1454ACS,159
LD-1481S4,159
LD-1481W4,159
LD-1482S4,159
LD-1482T4,159
LD-1482W4,159
LD-1483T4,159
LD-1484B4,159
LD-1484T4,159
LD-1484W4,159
LD-1485T4,159
LD-1486L4,159
LD-14AT3,158
LD-14AW2,158
LD-14AW3,158
LD-2031SH,108
LD-2033NH,108
LD-2034MH,158
LD-2034WH,158
LD-2040SH,158
LD-2040WH,158
LD-2050MH,158
LD-2050SH,158
LD-2050WH,158
LD-2051MH,158
LD-2051WH,158
LD-2052SH,158
LD-2060LH,158
LD-2060MH,158
LD-2060SH,158
LD-2060SHB,160
LD-2060WH,158
LD-2080TH,150
LD-2080WH,150
LD-2120MH,158
LD-2120SH,158
LD-2120W,158
LD-2120WH,158
LD-2130MH,158
LD-2130SH,158
LD-2130THB,160
LD-2130WH,158
LD-2131LH,158
LD-2131SH,158
LD-2131WH,158
LD-2140MH,158
LD-2140SH,158
LD-2140WH,158
LD-2150MH,158
LD-2150WH,158
LD-2152LH,158
LD-2152MH,158
LD-2152SH,158
LD-2152WH,158
LD-2157LH,158
LD-2160MH,158
LD-2160SH,158
LD-2162MH,158
LD-2162SH,158
LD-2162WH,158
LD-2163MH,158
LD-2163SH,158
LD-2163WH,158
LD-2167LH,158
LD-2167MH,158
LD-2167SH,158
LD-2169MH,158
LD-2170THB,148
LD-2261THB,150
LD-2263TH,158
LD-2263WH,158
LD-2273THB,160
LD-2293THB,160
LD-247DSS,600
LD-307DSL,600
LD-308DSS,600
LD-4024GN,158
LD-4120M,158
LD-4151W1,158
LD-4152M1,158
LD-4204BH,158
LD-4204SH,158
LD-4204WH,158
LD-4221M,158
LD-4224TH,150
LD-4321W,158
LD-4324BH,158
LD-4324LH,158
LD-4324MH,158
LD-4324SH,158
LD-4324WH,158
LD-4334TH,150
LD-4334WH,150
LD-4421M,158
LD-4421MS,158
LD-4421NV,158
LD-4421PV,158
LD-5321NV,159
LD-5321PV,159
LD-5421ST,159
LD-6090BB1,140
LD-6090BB2,140
LD-6090TB1,140
LD-6090TB2,140
LD-6090WB1,140
LD-6090WB2,140
LD-6100TB1,140
LD-6105BB1,140
LD-6105TB1,140
LD-6105WB1,140
LD-6106BB,140
LD-6106TB,140
LD-6106WB,140
LD-6300BB1,140
LD-6300BB2,140
LD-6300TB1,140
LD-6300TB2,140
LD-6300WB1,140
LD-6300WB2,140
LD-6310TB1,141
LD-6311TB,140
LD-9240MH,150
LD-9240WH,150
LD-9241M,219
LD-9241MH,219
LD-9241WH,219
LD08X730M2B,9600
LD08X740M2B,9600
LD08X750M2B,9600
LD08X757M2B,9600
LD106FRD0,498
LD106FSD0,498
LD117EAV631,56700
LD117EAY641,52800
LD117MBN621,56700
LD117MCK650,56700
LD117MCK669,56700
LD117MED620,56700
LD117MHY628,56700
LD1331BBSL1,54
LD136FGD0,498
LD136FRD0,498
LD136FSD0,498
LD137EAY629,10000
LD141BBSIT,71
LD141BBSLN,54
LD1452MFEN2,159
LD1452TFEN2,159
LD1452WFEN2,160
LD1452WFEN3,159
LD1453TFEN2,159
LD1454TFES2,159
LD1455TFCS2,159
LD156QSD0,200
LD156QSD1,480
LD15X730P2B,7200
LD15X730P2C,7200
LD15X740P2B,9000
LD15X740P2C,7200
LD15X750P2B,7200
LD15X750P2C,7200
LD15X757P2B,7200
LD227EAV631,56700
LD227EAY641,52800
LD227MBN621,56700
LD227MCK650,56700
LD227MCK669,56700
LD227MED620,56700
LD227MHY628,56700
LD237EAY629,10000
LD25X730P2B,7200
LD25X730P2C,7200
LD25X740P2B,7200
LD25X740P2C,7200
LD25X750P2B,7200
LD25X750P2C,7200
LD25X757P2B,7200
LD301EL,800
LD337EAY629,10000
LD3552SP,64
LD3580SP,64
LD3581SP,64
LD3642SP,64
LD3653SP,64
LD3661SP,64
LD40X730R2B,4800
LD40X740R2B,4800
LD40X750R2B,4800
LD40X757R2B,4800
LD450EAL,600
LD451EGL,600
LD650EAL,600
LD651EBL,600
LDA0120J1F,6400
LDA0120J1H,19200
LDA0120J1U,2000
LDA0120J2F,6400
LDA0120J2H,19200
LDA0120J3F,6400
LDA0120J3H,19200
LDA0120J4F,6400
LDA0120J4H,19200
LDA0120J5F,6400
LDA0124J1J,2000
LDA0130J1J,2000
LDA0130J2F,6400
LDA0130J2J,2000
LDA0261N1F,6400
LDA0261N2F,6400
LDB0120J1F,6400
LDB0120J1H,19200
LDB0120J1J,2000
LDB0120J1U,2000
LDB0120J2F,6400
LDB0120J2H,19200
LDB0120J2N,19200
LDB0120J2U,2000
LDB0120J3H,19200
LDB0120J3U,2000
LDB0120J4H,19200
LDB0120J4U,2000
LDB0120J5U,2000
LDB0124J1F,6400
LDB0124J1J,2000
LDB0124J2F,6400
LDB4548ST,142
LDC0100J1F,6400
LDC0100J1H,19200
LDC0100J1J,2000
LDC0100J1N,19200
LDC0100J1U,2000
LDC0100J2F,6400
LDC0100J2J,2000
LDC0100J2N,19200
LDC0100J2U,2000
LDC0100J3F,6400
LDC0100J3H,19200
LDC0100J3J,2000
LDC0100J3U,2000
LDC0100J4F,6400
LDC0100J4U,2000
LDC0100J6F,6400
LDC0100J8F,6400
LDC0100J9F,6400
LDC0120J1H,19200
LDC0120J2H,19200
LDC0120J3H,19200
LDC20778SB,40
LDC20778ST,40
LDC20778SW,40
LDC22370ST,40
LDC22370SW,40
LDC22720ST,26
LDC22720SW,26
LDC22720TT,26
LDC22731WW,26
LDC22732ST,26
LDC22738SB,26
LDC22738ST,26
LDC22738SW,26
LDC22778ST,26
LDC22778SW,26
LDC24370SB,26
LDC24370ST,26
LDC24370SW,26
LDCS22220S,40
LDCS22220W,40
LDCS24223B,26
LDCS24223P,26
LDCS24223S,40
LDCS24223W,26
LDD0130J1N,19200
LDE0104J1F,6400
LDE0104J1H,19200
LDE0104J1J,2000
LDE0104J1N,19200
LDE0104J1U,2000
LDE3011ST,84
LDE3015SB,84
LDE3015ST,84
LDE3015SW,84
LDE3017SB,84
LDE3017ST,84
LDE3017SW,84
LDE3019ST,84
LDE3031ST,84
LDE3035SB,84
LDE3035ST,84
LDE3035SW,84
LDE3037BD,84
LDE3037SB,84
LDE3037ST,84
LDE3037SW,84
LDE4411SB,84
LDE4411ST,84
LDE4411SW,84
LDE4413BD,84
LDE4413ST,84
LDE4415BD,84
LDE4415ST,84
LDE5415ST,84
LDEL7324S,84
LDEL7325D,84
LDEL7325F,84
LDF0134J1F,6400
LDF0134J1H,19200
LDF0134J1J,2000
LDF0134J1U,2000
LDF0134J2J,2000
LDF5545BB,140
LDF5545BD,140
LDF5545SS,142
LDF5545ST,140
LDF5545WW,140
LDF5678BD,140
LDF5678SS,140
LDF5678ST,140
LDF6810ST,140
LDF6920ST,140
LDF7551BB,150
LDF7551ST,141
LDF7551WW,141
LDF7561ST,141
LDF7774BB,140
LDF7774BD,140
LDF7774ST,140
LDF7774WW,141
LDF7810BB,140
LDF7810ST,140
LDF7810WW,140
LDF7811ST,140
LDF7920BB,140
LDF7920ST,140
LDF7920WW,140
LDF7932BB,140
LDF7932ST,141
LDF7932WW,141
LDF8072ST,141
LDF8574ST,141
LDF8764ST,140
LDF8812ST,141
LDF8874ST,141
LDF8922ST,140
LDF9810ST,140
LDF9932ST,140
LDFC2423C,142
LDFC353LS,142
LDFN343LS,142
LDFN454HT,142
LDG3011ST,60
LDG3015SB,60
LDG3015ST,60
LDG3015SW,60
LDG3016ST,60
LDG3017ST,60
LDG3031ST,60
LDG3035SB,60
LDG3035ST,60
LDG3035SW,60
LDG3036BD,60
LDG3036ST,60
LDG3037ST,60
LDG4311SB,84
LDG4311ST,84
LDG4311SW,84
LDG4313BD,84
LDG4313ST,84
LDG4315BD,84
LDG4315ST,84
LDG5315ST,84
LDGL6925D,84
LDGL6925F,84
LDN097HV4,300
LDN127HV4,300
LDN14BLA5,160
LDN187HV4,300
LDN20517WW,40
LDN20518WW,40
LDN20715ST,40
LDN20715SW,40
LDN20718SB,40
LDN20718ST,40
LDN20718SW,40
LDN22470ST,40
LDN22735SB,26
LDN25,420
LDN36,420
LDN52,360
LDN71,240
LDNPM654D,142
LDNS22220S,40
LDNS22220W,39
LDNS24223B,26
LDNS24223S,26
LDNS24223W,26
LDP5676BD,140
LDP6797BB,140
LDP6797BD,142
LDP6797BM,140
LDP6797ST,142
LDP6797WW,140
LDP6809BD,140
LDP6809BM,140
LDP6809SS,140
LDP6810BM,140
LDP7708BD,140
LDP7708ST,140
LDP7808BD,142
LDP7808SS,142
LDPH5554D,142
LDPH7972D,142
LDPH7972S,142
LDPM6762D,142
LDPN6761T,142
LDPS6762D,142
LDS4821BB,141
LDS4821ST,141
LDS4821WW,141
LDS4921ST,150
LDS5040BB,141
LDS5040ST,141
LDS5040WW,141
LDS5540BB,141
LDS5540ST,150
LDS5540WW,141
LDS5560ST,141
LDS5774ST,141
LDS5811BB,140
LDS5811ST,140
LDS5811WW,140
LDS6040ST,141
LDT14BGA3,160
LDT14BLA4,160
LDT14BSA4,160
LDT14SVA4,158
LDT5665BB,410
LDT5665BD,140
LDT5665ST,140
LDT5665WW,140
LDT5678BD,140
LDT5678SS,140
LDT5678ST,140
LDT6809BD,140
LDT6809SS,140
LDT7797BD,140
LDT7797BM,140
LDT7797ST,140
LDT7808BD,142
LDT7808BM,140
LDT7808SS,142
LDT7808ST,140
LDT9965BD,141
LDTH5554D,142
LDTH5554S,142
LDTH555NS,142
LDTH7972D,142
LDTH7972S,142
LDTS5552D,142
LE34CA,3840
LE34CAC,3840
LE621100S,144
LE621120S,144
LE641122S,144
LE641152S,144
LF-218SFL,54
LF-218SRD,54
LF-218WFL,54
LF-218WRD,54
LF1131BBSL1,54
LF131BBSIT,71
LF131BBSLN,54
LF19C8200S,51
LF20C6330S,30
LF20G6331S,30
LF21C6000V,30
LF21C6200S,30
LF21G6200S,30
LF21G6201S,30
LF24C8200S,47
LF250FLTS,54
LF250FLW,54
LF250RLTS,54
LF250RLW,54
LF25FLTS,54
LF25FLW,54
LF25H6200S,26
LF25H6330D,26
LF25H6330S,26
LF25RLTS,54
LF25RLW,54
LF25RTS,54
LF25RW,54
LF25S6000S,26
LF25S6200D,26
LF25S6200S,30
LF25S6200V,26
LF25S6206S,26
LF25S6330D,26
LF25S6330S,30
LF26C6360S,40
LF26C8210S,28
LF26G8210S,28
LF29S8230S,26
LF29S8230V,26
LF29S8250S,26
LF29S8330D,26
LF29T6000S,26
LF30H8210S,26
LF31S6360S,26
LF32S6000S,26
LF360EAY629,9600
LF363EAV620,115200
LF364EAV620,115200
LF365EAV620,115200
LF367EAV631,5520
LF367EAY639,66240
LF367MAZ648,5520
LF367MAZ652,5520
LF367MBN640,5520
LF367MCK688,5520
LF400EAY629,40000
LF400EAY632,40000
LF400MAZ623,40000
LF400MAZ627,40000
LF400MAZ628,40000
LF400MBN620,40000
LF400MBN622,40000
LF400MCK675,40000
LF400MCK680,40000
LF407EAV620,40000
LF407EAV621,40000
LF407EAV624,40000
LF407EAV627,42240
LF407EAY636,48000
LF407MAZ633,2560
LF407MBN636,2560
LF407MCK680,57600
LF504EAV619,40000
LF504EAY628,40000
LF507MCK675,10000
LF53073032B,672
LF53073032D,672
LF53073042B,560
LF53074032B,672
LF53074032D,672
LF53074034B,672
LF53074042B,672
LF53074044B,672
LF53075032B,672
LF53075032D,672
LF53075034B,672
LF53075042B,672
LF53075044B,672
LF53075732B,672
LF53075734B,672
LF53075734C,672
LF53075742B,672
LF53075744B,672
LF53173032B,560
LF53173042B,560
LF53174032B,560
LF53174034B,560
LF53174042B,560
LF53174044B,560
LF53175032B,560
LF53175034B,560
LF53175042B,560
LF53175044B,560
LF53175732B,560
LF53175734B,560
LF53175742B,560
LF53175744B,560
LF60074032B,560
LF60074034B,560
LF60074042B,560
LF60074044B,560
LF60075032B,560
LF60075034B,560
LF60075042B,560
LF60075044B,560
LF60075732B,560
LF60075734B,560
LF60075742B,560
LF60075744B,560
LF60174032B,560
LF60174034B,560
LF60174042B,560
LF60174044B,560
LF60175032B,560
LF60175034B,560
LF60175042B,560
LF60175044B,560
LF60175732B,560
LF60175734B,560
LF60175742B,560
LF60175744B,560
LF63075734C,560
LF761S,84
LF762S,84
LF96105SS,102
LF98100GF,102
LF98100SS,102
LF98105SB,102
LF98105SS,102
LF98110GF,102
LF98110SB,102
LF98110SS,102
LFB47BLG,55
LFB47SVM,55
LFB53BLMI,51
LFB58BLMA,30
LFB66BLMI,36
LFC20740SB,40
LFC20740ST,40
LFC20740SW,40
LFC20740TT,40
LFC20745SB,40
LFC20745ST,40
LFC20745SW,40
LFC20749ST,40
LFC20760SB,40
LFC20760ST,40
LFC20760SW,40
LFC20770SB,40
LFC20770ST,40
LFC20770SW,40
LFC20786SB,40
LFC20786ST,40
LFC20786SW,40
LFC21770ST,28
LFC21776D,28
LFC21776ST,28
LFC22770SB,40
LFC22770ST,39
LFC22770SW,40
LFC23760SB,26
LFC23760ST,26
LFC23760SW,26
LFC23770SB,24
LFC23770ST,24
LFC23770SW,24
LFC23969ST,24
LFC24770SB,26
LFC24770ST,26
LFC24770SW,26
LFC24786SB,26
LFC24786SD,26
LFC24786ST,26
LFC24786SW,26
LFC25765SB,32
LFC25765ST,26
LFC25765SW,26
LFC25770SB,26
LFC25770ST,26
LFC25770SW,26
LFC25770TT,26
LFC25776SB,26
LFC25776ST,26
LFC25776SW,26
LFC28768SB,24
LFC28768ST,24
LFC28768SW,24
LFCC22426D,28
LFCC22426S,30
LFCC23596S,30
LFCS22520B,40
LFCS22520D,39
LFCS22520S,39
LFCS22520W,40
LFCS25426D,26
LFCS25426S,26
LFCS25663S,26
LFCS27596S,32
LFCS28768S,24
LFCS31626S,24
LFD20786SB,40
LFD20786ST,40
LFD20786SW,40
LFD21870ST,28
LFD22716ST,39
LFD22786SB,40
LFD22786SD,39
LFD22786ST,40
LFD22786SW,40
LFD22860SW,26
LFD23860ST,24
LFD23860SW,24
LFD25870ST,26
LFD61BLGAI,30
LFDS22520S,39
LFI50BLMAI,51
LFN427HV,74
LFNC246KEB0,116
LFNC366KEB0,116
LFNC368KEB0,116
LFNS22520D,39
LFNS22520S,39
LFNS22520W,39
LFNS22530S,39
LFRF0222S,84
LFU427HV,52
LFX21971ST,28
LFX21975ST,28
LFX21976ST,28
LFX21980ST,28
LFX23961SB,24
LFX23961ST,24
LFX23961SW,24
LFX23965SB,24
LFX23965ST,24
LFX23965SW,24
LFX23975SB,24
LFX23975ST,24
LFX23975SW,24
LFX25778SB,26
LFX25778ST,26
LFX25778SW,26
LFX25961AL,26
LFX25961SB,26
LFX25961SW,26
LFX25971SB,26
LFX25971ST,26
LFX25971SW,26
LFX25973D,26
LFX25973SB,26
LFX25973ST,26
LFX25973SW,26
LFX25974SB,26
LFX25974ST,26
LFX25974SW,26
LFX25975SB,26
LFX25975ST,26
LFX25975SW,26
LFX25976SB,26
LFX25976ST,26
LFX25976SW,26
LFX25978SB,26
LFX25978ST,26
LFX25978SW,26
LFX25980ST,26
LFX25991ST,28
LFX25992ST,28
LFX28968D,24
LFX28968SB,24
LFX28968ST,24
LFX28968SW,24
LFX28977SB,24
LFX28977ST,24
LFX28977SW,24
LFX28978SB,24
LFX28978ST,24
LFX28978SW,24
LFX28979SB,24
LFX28979ST,24
LFX28979SW,24
LFX28991ST,24
LFX28992ST,24
LFX28995ST,24
LFX29927SB,24
LFX29927ST,24
LFX29927SW,24
LFX29927WB,24
LFX29937ST,24
LFX29945ST,24
LFX29FFQYB,51
LFX29FRQYB,51
LFX31915SB,24
LFX31915ST,24
LFX31915SW,24
LFX31925SB,24
LFX31925ST,24
LFX31925SW,24
LFX31935ST,24
LFX31945ST,24
LFX31995ST,24
LFX32945ST,24
LFX33975ST,24
LFX34FRACB,47
LFX39FRCRB,24
LFXC22526D,30
LFXC22526S,30
LFXC22596D,30
LFXC22596M,28
LFXC22596S,30
LFXC24726D,28
LFXC24726M,28
LFXC24726S,28
LFXC24766S,28
LFXC24796D,28
LFXC24796S,28
LFXS24566S,26
LFXS24623B,26
LFXS24623D,26
LFXS24623S,26
LFXS24623W,26
LFXS24626D,26
LFXS24626S,26
LFXS24663S,26
LFXS26566M,24
LFXS26566S,24
LFXS26596D,26
LFXS26596M,26
LFXS26596S,26
LFXS26972D,26
LFXS26972S,26
LFXS26973D,26
LFXS26973S,26
LFXS27466S,24
LFXS27566S,24
LFXS27626B,24
LFXS27626S,24
LFXS27626W,24
LFXS28566D,24
LFXS28566M,24
LFXS28566S,24
LFXS28596D,24
LFXS28596M,24
LFXS28596S,26
LFXS28968D,26
LFXS28968M,24
LFXS28968S,26
LFXS29626B,24
LFXS29626S,24
LFXS29626W,24
LFXS29766S,24
LFXS30726B,24
LFXS30726M,24
LFXS30726S,24
LFXS30726W,24
LFXS30727S,24
LFXS30766D,24
LFXS30766S,24
LFXS30786S,24
LFXS30796D,24
LFXS30796S,24
LFXS32726S,24
LFXS32736D,24
LFXS32766S,24
LG14760AN,159
LG215P1W-E1,560
LG220P1W-E1,560
LG225P1W-E1,560
LG2RTV200,303
LG2RTV300,303
LG70765BFA0,720
LGDL601013L,6720
LGDL601023L,6720
LGHP09N,780
LGHP09U,312
LGHP12N,780
LGHP12U,312
LGMRK00418A,9
LGN121HSV,648
LGN121HSV2,648
LGN121HSV3,800
LGN121HSV5,780
LGN181HSV2,488
LGN181HSV3,558
LGN181HSV5,495
LGN241HSV2,488
LGP140STBVR,15840
LGP240STBVR,19800
LGR313D7L,560
LGS66D25L,672
LGSA00351AA,100
LGSF0230,56
LGU121HSV,316
LGU121HSV2,316
LGU121HSV3,316
LGU121HSV5,312
LGU181HSV,171
LGU181HSV2,171
LGU181HSV3,171
LGU181HSV5,104
LGU241HSV,171
LGU241HSV2,171
LH12753AFC0,800
LH12753AFC1,800
LH18753AFC0,800
LH29S8565S,26
LH70765BFA0,720
LH90753AFC0,800
LHC5200WI,9072
LHD459EL,600
LHD659EBL,600
LHFS28XBD,26
LHFS28XBS,26
LHN098HV1,256
LHN128HV1,256
LHN188HV1,256
LHN247HV,223
LHN248HV,224
LHN248HV1,256
LHN367HV,120
LHN368HV,168
LHN428HV,144
LHN488HV,144
LHSXS2706S,26
LHTNS2403S,38
LHV01N,115200
LHV01NC,115200
LK-0380AH,108
LK-0380CH,108
LK-0421CCD,108
LK-0480AH,81
LK-0480CH,81
LK-04B0CH,81
LK-0521CCM,81
LK-0580AC,36
LK-0580ACS1,36
LK-0580BCS1,36
LK-0580CC,36
LK-0580CH,81
LK-0580HC,36
LK-05B0AC,36
LK-05B0CC,36
LK-0680AH,18
LK-0680CH,18
LK-06B0AH,18
LK-0880AH,18
LK-0880BHS1,18
LK-0880CH,18
LK-0880HH,18
LK-08B0CH,18
LK-09B0AH,18
LK-1080AH,16
LK-1080AHS1,16
LK-1080CH,16
LK-1080HH,16
LK-10B0AH,16
LK-10B0CHM,16
LK-1380AH,23
LK-1380AHF,14
LK-1380AHS1,24
LK-1380CH,14
LK-13B0AH,25
LK-13B0CHM,26
LK-1580AH,4
LK-1580AHF,4
LK-1580AHS1,4
LK-1580BH,4
LK-1580HH,4
LK-15B0AH,4
LK-15B0CHM,4
LK-1880AH,4
LK-1880AHF,4
LK-1880CH,14
LK-18B0CH,14
LK-2080AH,4
LK-2080AHF,4
LK-2080CH,4
LK-20B0AH,4
LK-20B0CH,4
LK-20B0CHM,4
LK-2580AH,4
LK-2580AHF,4
LK-2580AHS1,4
LK-2580CH,4
LK-25B0AH,4
LK-C0362HA0,108
LK-C0368HA0,96
LK-C0482HA0,96
LK-C0488HA0,96
LK-C048BHA0,96
LK-C048BHA1,36
LK-C0602HA0,96
LK-C0608HA0,96
LK-C060BHA0,36
LK-C0728H00,28
LK-C0728H02,36
LK-C0909C00,28
LK-C0909C04,28
LK-C090BC00,28
LK-C090BC02,28
LK-C090BC04,28
LK-C1208C00,16
LK-C1208C02,16
LK-C1209C00,16
LK-C1209C04,16
LK-C120BC00,16
LK-C120BC01,16
LK-C120BC02,16
LK-C120BC04,16
LK-C1508C00,18
LK-C1508C02,16
LK-C1509C04,16
LK-C150BC00,16
LK-C150BC04,16
LK-C1808C00,14
LK-C1808C02,14
LK-C1809C00,14
LK-C1809C04,14
LK-C180BC00,14
LK-C180BC02,14
LK-C180BC04,14
LK-C180DC00,14
LK-C180DC02,14
LK-C2108C00,14
LK-C2108C02,14
LK-C2109C00,14
LK-C2109C04,14
LK-C210BC00,14
LK-C210BC04,14
LK-C2408C00,8
LK-C2408C02,8
LK-C2409C00,4
LK-C2409C01,8
LK-C2409C04,8
LK-C240BC00,4
LK-C240BC02,4
LK-C240BC04,8
LK-C240DC02,8
LK-C3008C00,8
LK-C3008C02,8
LK-C3009C00,8
LK-C3009C04,8
LK-C300BC00,8
LK-C300BC02,8
LK-C300BC04,8
LK-C300DC02,8
LK-C3608H00,4
LK-C3608H02,4
LK-C3609H00,4
LK-C3609H04,4
LK-C360BH00,4
LK-C360BH02,4
LK-C360BH04,4
LK-SB-12,43200
LK12S6000V,45
LK41MPN,28
LK50C,4800
LK50D,50
LK55C,50
LK65C,4800
LK75C,4800
LKAEH052,1284
LKAEH058,1926
LKAEH09B,1764
LKAEH102,1284
LKAEH188,1284
LKAEH18B,1284
LKAEH368,1284
LKAEH368L,756
LKAEH36B,1284
LKAEH36BL,756
LKIM08121V,60
LKMC0728H00,18
LL27T3530S,26
LL31H6530S,26
LL41SGP,54
LL42BGP,71
LL42SGP,54
LLD1331BBSL,54
LLF1131BBSL,54
LLFGC2706S,40
LLFOC2606S,40
LLMXS3006S,24
LLSDS2706S,26
LM-F223RSX,39
LM-Q200TAUF,440
LM-Q230TAUF,440
LM-Q231DSWF,648
LM-Q320TAUF,440
LM-Q321DSWF,648
LM-Q321RSF,648
LM-Q400TAUF,440
LM-Q401DSWF,648
LM-Q520TATF,320
LM-Q520TDTF,320
LM-Q520TSTF,320
LM-Q521RSF,488
LM-Q600TATF,320
LM-Q600TSTF,320
LM-Q720TATF,320
LM-Q720TDTF,320
LM-Q720TSTF,320
LM-W1001F4A,110
LM-W1301F5A,52
LM04M730B0B,144000
LM04M750B0B,144000
LM04M830B0E,240000
LM04M830B0Z,145200
LM184BBSIM,55
LM214BBSLN,39
LM224BBSIF,51
LM22BGTK,39
LM22SGP,39
LM22SGPK,39
LM22WGSK,40
LM22WGSX,40
LM264BDSIF,47
LM264JBSLN,28
LM264VBULM,36
LM293BBSLN,24
LM2U50,171
LM2U70,171
LM334BBSLF,24
LM334BBSLN,24
LM334VBBLN,24
LM334VBMLD,24
LM344VBNLF,24
LM3U90,110
LM56SPP,39
LM57MXTAF,39
LM57SDT,39
LM57SPN,39
LM57SPP1,39
LM57SXT,39
LM57SXT1,39
LM57SXTAF,39
LM57SXTN,39
LM61SGD,28
LM63SDS,26
LM63SGS,26
LM65BGBS,26
LM65BGS,26
LM65BGSK,26
LM65SCS,26
LM65SDS,26
LM65SDT,26
LM65SGS,26
LM73SGS,24
LM75BXT,32
LM75SDS,24
LM75SGS,24
LM75SXT,24
LM78SDS,24
LM78SDSAF,24
LM78SXS,26
LM78SXT,26
LM80SGD,24
LM80SXS,24
LM80SXT,24
LM82SXS,24
LM86SDD1,24
LM87SXD,24
LM88SXM,24
LM89SXD,24
LM92BVJ,36
LMA0963C2L,746
LMA0963C3L,666
LMA1180ST,665
LMA1263C2L,666
LMA1263C3L,666
LMAN095HVT,720
LMAN096HVT,648
LMAN097HVP,612
LMAN097HVT,648
LMAN125HVT,720
LMAN126HVT,648
LMAN127HVP,612
LMAN127HVT,648
LMAN185HV,540
LMAN185HVT,500
LMAN186HVT,488
LMAN187HVT,488
LMB2163C2L,171
LMB3063C3L,171
LMC0975AST,1092
LMC0975ASZ,1092
LMC0975SB,1004
LMC0975ST,1096
LMC0975SW,1004
LMC1050ST,665
LMC1195ST,665
LMC1275SB,704
LMC1375SB,704
LMC1375SW,704
LMC1532ST,432
LMC1575ABD,738
LMC1575ASB,738
LMC1575AST,738
LMC1575ASW,738
LMC1575BD,738
LMC1575SB,738
LMC1575SBD,738
LMC1575ST,738
LMC1575STD,738
LMC1575SW,738
LMC2055ST,438
LMC2075ABD,438
LMC2075AST,438
LMC2075BD,438
LMC2075SB,438
LMC2075ST,504
LMC2075SW,438
LMC25780AL,26
LMC25780SW,26
LMC25785SB,26
LMC25785ST,26
LMC25785SW,26
LMCN077HV,486
LMCN078HV,486
LMCN097HV,486
LMCN125HV,486
LMCN185HV,432
LMDN095HV,420
LMDN096HV,300
LMDN097HV4,300
LMDN125HV,420
LMDN126HV,300
LMDN127HV4,300
LMDN185HV,297
LMDN186HV,300
LMDN187HV4,300
LMEN097HVT,648
LMH2016SB,288
LMH2016ST,288
LMH2016SW,288
LMH2235ST,280
LMHM2017SB,288
LMHM2017ST,288
LMHM2017SW,288
LMHM2237BD,280
LMHM2237ST,280
LMHN240HV,223
LMHN360HV,223
LMN0660H4L,830
LMN0764H2L,830
LMN0764H3L,830
LMN0767H2L,830
LMN077HVT,648
LMN078HVT,648
LMN079HVT,650
LMN095HVT,720
LMN0963A2L,746
LMN0963C2L,830
LMN0963C3L,832
LMN0965B3A,832
LMN0965H3L,830
LMN0966B2A,830
LMN0966H2L,830
LMN096HVT,648
LMN097HVT,648
LMN125HV,792
LMN1260H3L,832
LMN1260H4L,832
LMN1261B2A,832
LMN1261B2L,832
LMN1261C2L,832
LMN1261H2L,832
LMN1263A2L,832
LMN1263C2L,832
LMN1263C3L,832
LMN1263H2L,832
LMN1265H3L,832
LMN1266B2A,832
LMN1266H2L,832
LMN1267H2L,832
LMN126HVT,648
LMN127HVT,648
LMN1464H2L,832
LMN1464H3L,832
LMN157HVT,648
LMN158HVT,648
LMN159HVT,650
LMN185HVT,620
LMN1860H3L,600
LMN1861B2L,600
LMN1861C2L,600
LMN1861H2L,600
LMN186HVT,488
LMN187HVT,488
LMN1966B2L,830
LMN1966C2L,830
LMN1966H2L,830
LMN2421C2L,832
LMN247HVT,488
LMN248HVT,488
LMN249HVT,495
LMN3620A2L,534
LMN3622A2L,600
LMN3680A2L,600
LMN36ART,495
LMN41ART,495
LMN4460B2B,294
LMN4460H2B,294
LMN4460R2TJ,378
LMN4462B2T,378
LMN4462C2T,432
LMN4880C2L,600
LMNC072TJA0,598
LMNC092D4A0,1091
LMNC092DER0,1115
LMNC092DZR0,864
LMNC092LQA0,851
LMNC092TCL0,600
LMNC092TJA0,598
LMNC096DUR0,832
LMNC096LRL0,836
LMNC122D4A0,1091
LMNC122D4AA,1000
LMNC122DER0,1115
LMNC122DUD0,832
LMNC122DUM0,832
LMNC122LRA0,836
LMNC122LRL0,836
LMNC122TCA1,600
LMNC122TEA0,432
LMNC122TEC0,432
LMNC122TJA0,598
LMNC126BTG0,432
LMNC126D4A0,1000
LMNC126D4L0,1000
LMNC126DER0,1115
LMNC126DEV0,1115
LMNC126DUR0,832
LMNC126LRA0,836
LMNC126LRL0,836
LMNC126TEA0,432
LMNC126TEC0,432
LMNC12GTRA0,486
LMNC182BHA0,294
LMNC182D3R0,550
LMNC182D5A0,620
LMNC182D5AA,620
LMNC182D8R0,540
LMNC182LTA0,600
LMNC182LTL0,600
LMNC182TEA0,432
LMNC182TEC0,432
LMNC186BTG0,288
LMNC186D3M0,550
LMNC186D3R0,550
LMNC186D8R0,540
LMNC186D8V0,540
LMNC186G5A0,620
LMNC186LTA0,600
LMNC186LTL0,600
LMNC186TEA0,432
LMNC186TEC0,432
LMNC18GTQA0,432
LMNC242D3D0,550
LMNC242D3M0,550
LMNC242D3R0,550
LMNC242D5A0,620
LMNC242D8R0,540
LMNC242LTA0,600
LMNC242LTL0,600
LMNC242TFC0,196
LMNC246BHA0,294
LMNC246BYG0,216
LMNC246D3R0,550
LMNC246D5L0,620
LMNC246D8R0,540
LMNC246D8V0,540
LMNC246G5A0,620
LMNC246LTA0,600
LMNC246LTL0,600
LMNC246PRC2,105
LMNC246TFA0,196
LMNC246TFC0,196
LMNC24GTPA0,234
LMNC302TFC0,196
LMNC306BGA0,223
LMNC306TFC0,196
LMNC30GTNA0,208
LMNC362TDC0,168
LMNC366BGA0,223
LMNC366TDA0,168
LMNC366TDC0,168
LMNC36GTNA0,208
LMNC482BRA0,120
LMNC482TDC0,168
LMNC486BEA0,110
LMNC486TDA0,168
LMNC486TDC0,168
LMNC48GTMA0,182
LMNH092BTG0,408
LMNH092GQA0,851
LMNH092TCC0,600
LMNH09GTCC0,600
LMNH122BTG0,408
LMNH122D4A0,1000
LMNH122DER0,1115
LMNH122DUM0,832
LMNH122DUR0,832
LMNH122GRA0,836
LMNH122LRA0,836
LMNH126BTG0,432
LMNH126D4L0,1000
LMNH126DEV0,792
LMNH126DUR0,832
LMNH126LRA0,836
LMNH126LRL0,836
LMNH126TEA0,432
LMNH126TEC0,432
LMNH12GTRA0,486
LMNH182BHA0,294
LMNH182BTG0,288
LMNH182D3M0,550
LMNH182D5A0,620
LMNH182D5AA,620
LMNH182D8R0,540
LMNH182GTA0,600
LMNH182LTA0,600
LMNH182LTL0,600
LMNH182TEC0,432
LMNH186BHA0,294
LMNH186BTG0,288
LMNH186D3R0,550
LMNH186D5A0,620
LMNH186D5L0,620
LMNH186D8R0,540
LMNH186D8V0,540
LMNH186LTA0,600
LMNH186LTL0,600
LMNH186TEA0,432
LMNH186TEC0,432
LMNH18GTQA0,432
LMNH242BHA0,294
LMNH242BYG0,216
LMNH242D3M0,550
LMNH242D5A0,620
LMNH242D5AA,620
LMNH242D8R0,540
LMNH242LTA0,600
LMNH246BHA0,294
LMNH246D3R0,550
LMNH246D5A0,620
LMNH246D5L0,620
LMNH246D8R0,540
LMNH246D8V0,540
LMNH246LTA0,600
LMNH246LTL0,600
LMNH246TFA0,196
LMNH246TFC0,196
LMNH24GTPA0,234
LMNH286PRC2,105
LMNH302BGA0,223
LMNH302TFC0,196
LMNH306BGA0,223
LMNH306TFA0,196
LMNH306TFC0,196
LMNH30GTNA0,208
LMNH362BGA0,223
LMNH366BGA0,223
LMNH366TDA0,168
LMNH366TDC0,168
LMNH36GTNA0,208
LMNH482BEG0,110
LMNH482BRA0,120
LMNH482TDC0,168
LMNH486BEA0,110
LMNH486BRA0,120
LMNH486TDA0,182
LMNH486TDC0,168
LMNH48GTMA0,182
LMNS14420S,28
LMNS14420V,28
LMP1171SS,544
LMQN150HV,488
LMQN180HV,488
LMRS28596S,24
LMRS28626D,24
LMRS28626S,24
LMS1190ST,665
LMS1531ST,577
LMS1531SW,577
LMS1533ST,577
LMS1571SS,577
LMS2033ST,438
LMS344VBVL,24
LMU180CE,171
LMU180HHV,110
LMU180HV,171
LMU183HV,171
LMU186HV,171
LMU187HV,171
LMU18CHV,171
LMU1963C2L,171
LMU1963H2L,171
LMU1966C2L,171
LMU1966H2L,171
LMU1967H2L,171
LMU2163A2L,171
LMU2163C2L,171
LMU2163H2L,171
LMU2164H2L,171
LMU2166B2A,171
LMU2166H2L,171
LMU240HHV,110
LMU240HV,171
LMU243HV,171
LMU246HV,171
LMU247HV,171
LMU24CHV,171
LMU300HHV,110
LMU3022A3L,171
LMU3022C3L,171
LMU303HV,104
LMU3060H4L,171
LMU3061B2L,171
LMU3061C2L,171
LMU3061E2L,171
LMU3061H2L,171
LMU3063C3L,171
LMU3063H3L,171
LMU3064H3L,171
LMU3065B3A,171
LMU3065H3L,171
LMU30CHV,110
LMU360HHV,52
LMU361HHV,52
LMU3620A2L,171
LMU3622A2L,171
LMU3625A3L,171
LMU363HV,104
LMU365HV,171
LMU366HV,171
LMU3680A2L,171
LMU369HV,110
LMU36ART,312
LMU36CHV,110
LMU41ART,312
LMU420HHV,52
LMU421HHV,52
LMU4260H3L,110
LMU4460B2B,110
LMU4460H2B,110
LMU4462B2T,110
LMU4462C2T,110
LMU4462H2T,110
LMU480HHV,52
LMU480HV,52
LMU481HV,52
LMU483HV,52
LMU4880C2L,110
LMU540HV,52
LMU541HV,52
LMU543HV,52
LMU600HV,52
LMU601HV,52
LMV1600SB,330
LMV1600ST,330
LMV1600SW,330
LMV1611ST,330
LMV1631ST,330
LMV1631SW,330
LMV1680DS,330
LMV1681SW,330
LMV1683SB,330
LMV1683ST,330
LMV1683SW,330
LMV1751ST,350
LMV1760ST,330
LMV1762SB,330
LMV1762ST,330
LMV1762SW,330
LMV1763ST,330
LMV1764ST,350
LMV1765ST,350
LMV1813SB,330
LMV1813ST,330
LMV1813SW,330
LMV1814SB,325
LMV1831BD,329
LMV1831SB,330
LMV1831SS,329
LMV1831ST,329
LMV1831SW,330
LMV1852ST,329
LMV1852SW,329
LMV2015SB,325
LMV2015ST,325
LMV2015SW,325
LMV2031BD,325
LMV2031SB,325
LMV2031SS,325
LMV2031ST,325
LMV2031SW,330
LMV2050ST,330
LMV2053ST,325
LMV2055ST,285
LMV2257BD,285
LMV2257BM,285
LMV2257ST,285
LMVH1711BD,325
LMVH1711ST,330
LMVM2033BD,325
LMVM2033BM,325
LMVM2033SB,325
LMVM2033ST,325
LMVM2033SW,330
LMVN240HV,152
LMVN360HV,152
LMWC23626S,30
LMWS27626S,26
LMWS29626S,26
LMX21981ST,28
LMX21984ST,26
LMX25964AL,26
LMX25964SS,26
LMX25964ST,26
LMX25981SB,26
LMX25981ST,26
LMX25981SW,26
LMX25984SB,26
LMX25984ST,26
LMX25984SW,26
LMX25985SB,26
LMX25985ST,26
LMX25985SW,26
LMX25986SB,26
LMX25986ST,26
LMX25986SW,26
LMX25988SB,26
LMX25988ST,26
LMX25988SW,26
LMX28983ST,24
LMX28987ST,24
LMX28988SB,24
LMX28988ST,24
LMX28988SW,24
LMX28994ST,24
LMX30995ST,24
LMX31985ST,24
LMXC22626D,30
LMXC22626S,30
LMXC23746D,28
LMXC23746S,28
LMXC23796D,30
LMXC23796M,30
LMXC23796S,30
LMXS27626D,24
LMXS27626S,24
LMXS27676D,24
LMXS27766S,24
LMXS28596D,26
LMXS28596M,24
LMXS28596S,26
LMXS28626D,26
LMXS28626M,24
LMXS28626S,26
LMXS28636S,24
LMXS30746S,22
LMXS30756S,22
LMXS30776D,24
LMXS30776S,24
LMXS30786S,22
LMXS30796D,24
LMXS30796S,24
LNN0321CC,160
LNN0421AC,114
LNN0421CC,114
LNN0480AC,114
LNN0480CC,114
LNN04B0CC,114
LNN0520CC,114
LNN0580AC,114
LNN0580ACS1,114
LNN0580CC,114
LNN05B0CC,114
LNN0880AC,25
LNN0880ACS1,25
LNN0880CC,39
LNN08B0AC,25
LNN1080AC,25
LNN1080ACS1,25
LNN1080CC,25
LNN10B0AC,25
LNN1380AC,25
LNN1380ACS1,25
LNN1380CC,21
LNN1580ACS,15
LNN1580ACS1,15
LNN1580CC,15
LNN15B0AC,15
LNN2080AC,15
LNN2080ACS1,15
LNN20B0AC,15
LNNC060BSA0,114
LNNC075BT03,25
LNNC0909T03,25
LNNC1208T00,39
LNNC1209T03,25
LNNC1509T03,21
LNNC1809T03,15
LNNC180BT03,15
LNNC2409T03,15
LNU0321CC,171
LNU0380CC,171
LNU0421AC,131
LNU0421CC,131
LNU0480AC,90
LNU0480CC,90
LNU04B0CC,131
LNU0520CC,90
LNU0580AC,90
LNU0580ACS1,90
LNU0580CC,90
LNU05B0CC,110
LNU0880AC,51
LNU0880ACS1,51
LNU0880CC,51
LNU08B0AC,51
LNU1080AC,51
LNU1080CC,51
LNU10B0AC,51
LNU1380AC,51
LNU1380ACS1,51
LNU1380CC,51
LNU1580ACS,51
LNU1580ACS1,51
LNU1580CC,51
LNU15B0AC,51
LNU2080AC,51
LNU2080ACS1,51
LNU20B0AC,51
LNUC060BSA0,110
LNUC075BT03,90
LNUC0909T03,51
LNUC1208T00,90
LNUC1209T03,51
LNUC1509T03,51
LNUC1809T03,51
LNUC180BT03,51
LNUC2409T03,51
LNXC23726S,28
LNXC23766D,28
LNXS30866D,24
LNXS30996D,24
LOB16BGM,159
LOB451FGPM,71
LOB454FGQM,71
LOF16BGM,129
LP-C508TC0,41
LP04N830C0Z,132000
LP0522WSR,452
LP0524WFR,582
LP0525WFR,742
LP0526PGF,513
LP0526PWF,513
LP0621WSR,468
LP0622WSR,452
LP0623WSR,453
LP0624WFR,582
LP0625WFR,742
LP0626PGF,513
LP0626PGSF,513
LP0626PWF,513
LP0626PWSF,513
LP0711WNR,396
LP0721WSB,430
LP0721WSR,468
LP0722WSR,452
LP0723WSR,453
LP0725WSSM,535
LP073CD2A,210
LP073CD2B,210
LP073CDUC,210
LP073HD2A,210
LP073HD2B,210
LP073HDUC,210
LP073IHP,200
LP076CD2A,210
LP076HD3A,210
LP0813WNR,396
LP0814WNR,396
LP0815WNR,396
LP0817WSR,430
LP0818WNR,378
LP0820WSR,468
LP0821GSB,430
LP0821GSSM,387
LP0822GHSM,264
LP0822GSSM,452
LP0823GSSM,453
LP0824IVSM,276
LP0825WFR,527
LP0825WSB,453
LP0825WSSM,445
LP090CSD-Y8,200
LP090HSD-Y8,200
LP0910WNR,412
LP093CD3A,210
LP093CD3B,210
LP093CDUC,210
LP093HD3A,210
LP093HD3B,210
LP093HDUC,210
LP093HDUC1,200
LP093IHP,200
LP096CD3A,210
LP096CD3B,210
LP096HD3B,210
LP1010SNR,292
LP1013WNR,412
LP1014WC,535
LP1014WNR,412
LP1015WNR,412
LP1015WSR,405
LP1017WSR,430
LP1018WNR,378
LP1020WSR,468
LP1021BHSM,347
LP1021BSSM,347
LP1021GSB,377
LP1022BSSM,264
LP1022FVSM,276
LP1023BSSM,394
LP1025WHSM,445
LP1025WSSM,445
LP1111WXR,341
LP120CSD-Y8,200
LP120HSD-Y8,200
LP1210BXR,341
LP1213GXR,341
LP1214GXR,358
LP1215GXR,340
LP1216WSR,405
LP1217GSR,430
LP1218GXR,378
LP1220GSR,468
LP1225IVSM,276
LP1225WC,445
LP123CD3A,210
LP123CD3B,210
LP123CDUC,210
LP123HD3A,210
LP123HD3B,210
LP123HDUC,210
LP123HDUC1,200
LP123IHP,200
LP126CD3A,210
LP126CD3B,210
LP126HD3A,210
LP126HD3B,210
LP12D730F0A,28000
LP12D750F0A,28000
LP12E730F0A,28000
LP12E750F0A,28000
LP1311BXR,341
LP1411SHR,300
LP1413SHR,300
LP1414GXR,300
LP1414SHR,300
LP1415GXR,300
LP1415SHR,300
LP1415WXRSM,300
LP1417GSR,384
LP1417SHR,384
LP1417WSRSM,384
LP1419IVSI,276
LP1419IVSM,276
LP1420BHR,387
LP1420BSR,387
LP1423BH,347
LP1425WH,445
LP153CD3A,210
LP153CD3B,210
LP153CDUC,210
LP153HD3A,210
LP153HD3B,210
LP153HDUC,210
LP153IHP,210
LP156HD3A,210
LPAC1008FA0,40
LPAC306KA0,116
LPAC306R20,105
LPAC508TA0,110
LPAC808FA0,40
LPAF8081CL,40
LPAH306KA0,114
LPAH508TA0,28
LPAH508TC0,73
LPAH808FA0,40
LPAK3063CL,116
LPBC1008FA0,51
LPBC306KA0,171
LPBC306R20,171
LPBC508TA0,110
LPBC808FA0,51
LPBF8081CL,51
LPBH306KA0,114
LPBH508TA0,28
LPBH508TC0,110
LPBH808FA0,51
LPBK3063CL,114
LPCS34886C,24
LPDK6319S,56
LPIK3669S,56
LPK1,16055
LPMC502TE0,73
LPMC502TM4,73
LPMC552TE1,73
LPMC552TM2,73
LPMC552TM4,73
LPMG5011A2W,141
LPMM5012AG,120
LPMM5022AW,120
LPMM7232BW,120
LPMN5221BS,140
LPMN5231BE,140
LPN10091CL,40
LPNC1008FA0,40
LPNC1009FE0,40
LPNC100BFA0,40
LPNC100BFE0,40
LPNC2108S4R,40
LPNC246KA0,116
LPNC2863EC0,90
LPNC2863GC0,171
LPNC2863LC0,90
LPNC3008S4R,40
LPNC302R20,105
LPNC302RA0,105
LPNC306KA0,116
LPNC306KC0,116
LPNC306R20,105
LPNC362KA0,116
LPNC402TE0,73
LPNC4108S4R,15
LPNC422TE1,73
LPNC422TM1,73
LPNC452TE5,73
LPNC452TM5,73
LPNC502TA0,73
LPNC502TE0,73
LPNC502TE1,73
LPNC502TE2,73
LPNC502TE3,73
LPNC502TM0,73
LPNC502TM1,73
LPNC502TM2,73
LPNC502TM4,73
LPNC508TA0,73
LPNC508TC0,73
LPNC50BTE0,73
LPNC50BTE3,73
LPNC50BTM0,73
LPNC50BTM1,73
LPNC50BTM3,73
LPNC50BTM4,73
LPNC602ME0,56
LPNC60BTA0,73
LPNC808FA0,40
LPNC809FE0,40
LPNC809ME0,56
LPNC80BFE0,40
LPNE5022AA,73
LPNE5082AA,73
LPNE5082AL,73
LPNE5082BL,73
LPNE5082CA,73
LPNE5082CL,73
LPNE5082HA,73
LPNE5082ZA,73
LPNE5082ZL,73
LPNF8081CL,40
LPNF8081ZL,40
LPNG5011A2W,141
LPNG6512A2W,141
LPNH2863EC0,90
LPNH2863GC0,90
LPNH2863LC0,90
LPNH2863MC0,90
LPNH302R20,105
LPNH302RA0,116
LPNH306KA0,116
LPNH306KC0,116
LPNH306R20,105
LPNH402TE0,73
LPNH488TLA0,68
LPNH502TE0,73
LPNH502TE1,73
LPNH502TE2,73
LPNH502TM0,73
LPNH502TM1,73
LPNH502TM2,73
LPNH502TM3,73
LPNH508TA0,73
LPNH508TA4,73
LPNH508TA5,73
LPNH508TC0,73
LPNH508TC4,73
LPNH508TC5,73
LPNH50BTA0,73
LPNH50BTE0,73
LPNH50BTE1,73
LPNH50BTM0,73
LPNH50BTM1,73
LPNH50BTM2,73
LPNH808FA0,41
LPNK3023CL,116
LPNK3023HL,116
LPNK3061ZA,116
LPNK3063CA,116
LPNK3063CL,116
LPNK3063HL,116
LPNK3063ZA,116
LPNM5011AG,120
LPNM5012AG,120
LPNM5021AG,120
LPNM5021AW,120
LPNM5022AG,120
LPNM5022AW,120
LPNM7221AG,120
LPNM7221AW,120
LPNM7222AG,120
LPNM7222AW,120
LPNM7222BW,120
LPNM7232BW,120
LPNN5221BE,140
LPNN5221BS,140
LPNN5231BE,140
LPNP7111NDB,101
LPNQ1300VP,68
LPNQ1450VP,68
LPNW1103V3J,68
LPNW1103V3P,68
LPNW1103VP,68
LPNW1103VPJ,68
LPNW1303P3J,68
LPNW1303V,68
LPNW1303V3,68
LPNW1303VR,68
LPNW130QVJ,73
LPNW1453P3J,68
LPNW1453V3,68
LPNX1009FE0,40
LPNX100BFE0,40
LPNX809FE0,40
LPNX80BFE0,40
LPNZ306KC0,116
LPNZ508TA0,73
LPNZ508TC0,73
LPNZ808FA0,40
LPU10091CL,51
LPU15092CL,51
LPUC1008FA0,51
LPUC1009FE0,51
LPUC100BFA0,51
LPUC100BFE0,51
LPUC2108S4R,52
LPUC246KA0,171
LPUC2863EC0,171
LPUC2863GC0,171
LPUC2863LC0,171
LPUC2863UC0,171
LPUC3008S4R,54
LPUC302R20,171
LPUC302RA0,171
LPUC306KA0,171
LPUC306KC0,171
LPUC306R20,171
LPUC362KA0,171
LPUC402TA0,110
LPUC402TE0,110
LPUC4108S4R,52
LPUC502TA0,110
LPUC502TE0,110
LPUC502TE1,110
LPUC502TE2,114
LPUC502TM0,110
LPUC502TM1,110
LPUC502TM2,110
LPUC508TA0,110
LPUC508TC0,110
LPUC50BTA0,110
LPUC50BTE0,110
LPUC50BTM0,110
LPUC50BTM1,110
LPUC50BTM3,42
LPUC602ME0,110
LPUC60BTA0,110
LPUC808FA0,51
LPUC809FE0,51
LPUC809ME0,51
LPUC80BFE0,51
LPUE5022AA,110
LPUE5082AA,110
LPUE5082AL,110
LPUE5082BL,110
LPUE5082CA,110
LPUE5082CL,110
LPUE5082HA,110
LPUE5082ZA,110
LPUE5082ZL,110
LPUF8081CL,51
LPUF8081ZL,51
LPUG50A11,171
LPUG65A12,171
LPUH2863UC0,171
LPUH302R20,171
LPUH302RA0,171
LPUH306KA0,171
LPUH306KC0,171
LPUH306R20,171
LPUH402TA0,110
LPUH402TE0,110
LPUH488TLA0,110
LPUH502TA0,110
LPUH502TE0,110
LPUH502TE1,110
LPUH502TM0,110
LPUH502TM1,110
LPUH502TM2,110
LPUH508TA0,110
LPUH508TA4,110
LPUH508TA5,110
LPUH508TC0,110
LPUH508TC4,110
LPUH508TC5,110
LPUH50BTA0,110
LPUH50BTE0,110
LPUH50BTM0,110
LPUH50BTM1,110
LPUH55BTM4,110
LPUH602ME0,110
LPUH808FA0,51
LPUK3023CL,171
LPUK3023HL,171
LPUK3061CL,171
LPUK3061ZA,171
LPUK3063CA,171
LPUK3063CL,171
LPUK3063HL,171
LPUK3063ZA,171
LPUM5011AG,186
LPUM5012AG,186
LPUM5021AG,186
LPUM5021AW,186
LPUM5022AG,186
LPUM5022AW,186
LPUM7221AG,186
LPUM7221AW,186
LPUM7222AG,186
LPUM7222AW,186
LPUM7222BW,186
LPUM7232BW,186
LPUN5221BE,17
LPUN5221BS,17
LPUN5231BE,17
LPUQ1450VP,102
LPUW1103VP,102
LPUX1009FE0,51
LPUX100BFE0,51
LPUX80BFE0,51
LPUZ306KC0,171
LPUZ508TC0,110
LPUZ808FA0,51
LPXS30866D,24
LPXS30866S,24
LPXS30876D,24
LPXS30886D,24
LQN090HV4,488
LQN120HV4,488
LR-21SDT1,36
LR-21SDT1A,36
LR-21SDW1,36
LR-21SDW1A,36
LRAL302S,3219
LRAL303S,3219
LRBC20512SW,40
LRBCC1204S,54
LRBN20512SW,40
LRBN22510WW,26
LRBN22514BQ,26
LRBNC1104S,73
LRC-U1400C,1584
LRC-U1900C,1584
LRC-U2450C,1584
LRC-V0801C9,110
LRC-V0991C9,110
LRC-V2001A9,24
LRD-L1600B,180
LRD-L2500B,180
LRD-N1007B,223
LRD-N1007T,208
LRD-N1007TJ,208
LRD-N1107B,223
LRD-N1107BJ,223
LRD-N1107T,182
LRD-N1107TJ,208
LRD-N1307B,223
LRD-N1307T,182
LRD-N1307TJ,182
LRD-N1457P,73
LRD-N1457PJ,73
LRD-N1457T,182
LRD-N1477T,182
LRD-N1477TJ,182
LRD-N207CD,440
LRD-N207CS,440
LRD-N207CSJ,440
LRD-N2307B,70
LRD-N237CA,440
LRD-N237CD,440
LRD-N237CS,440
LRD-N237CSJ,440
LRD-N237L,420
LRD-N237R,792
LRD-N237T,486
LRD-N237U,338
LRD-N2907B,70
LRD-N2907P,40
LRD-N2907PJ,40
LRD-N327CD,440
LRD-N327CS,440
LRD-N327L,420
LRD-N327R,792
LRD-N327RJ,792
LRD-N327T,486
LRD-N327U,338
LRD-N407CD,440
LRD-N407CS,440
LRD-N407CSP,440
LRD-N407L,420
LRD-N407R,792
LRD-N407U,338
LRD-N427T,234
LRD-N427TJ,234
LRD-N527B,294
LRD-N527CD,320
LRD-N527CSJ,320
LRD-N527CSP,320
LRD-N527G,384
LRD-N527GJ,384
LRD-N527H,195
LRD-N527RJ,720
LRD-N527T,432
LRD-N527TJ,432
LRD-N537T,234
LRD-N537TJ,234
LRD-N607B,294
LRD-N607CA,320
LRD-N607CD,320
LRD-N607CSJ,320
LRD-N607G,384
LRD-N607GJ,384
LRD-N607H,195
LRD-N617T,234
LRD-N617TJ,234
LRD-N727B,294
LRD-N727CD,320
LRD-N727CSJ,320
LRD-N727G,384
LRD-N727GJ,384
LRD-N727H,195
LRD-N727HJ,195
LRD-N727T,234
LRD-N727U,268
LRD-N737T,234
LRD-N737TJ,234
LRD-N837B,223
LRD-N837BJ,223
LRD-N837T,234
LRD-N847T,234
LRD-N847TJ,234
LRDCS2603D,26
LRDCS2603S,26
LRDN20724BQ,40
LRDN20725SW,40
LRDN22724SB,26
LRDN22724ST,26
LRDN22724TT,26
LRDN22724WW,26
LRDNC1004V,73
LRDNC1004W,73
LRDNS2200S,39
LRDNS2200W,39
LRE3012SB,84
LRE3012ST,84
LRE3012SW,84
LRE3021ST,84
LRE3023SB,84
LRE3023ST,84
LRE3023SW,84
LRE3025ST,84
LRE30453SB,84
LRE30453ST,84
LRE30453SW,84
LRE3060ST,84
LRE3061BD,84
LRE3061ST,84
LRE30757SB,84
LRE30757ST,84
LRE30757SW,84
LRE3083BD,120
LRE3083SB,120
LRE3083ST,120
LRE3083SW,120
LRE3085ST,84
LRE3091SB,84
LRE3091ST,84
LRE3091SW,84
LRE30955ST,84
LRE3163ST,84
LRE3193BD,84
LRE3193BM,120
LRE3193SB,120
LRE3193ST,84
LRE3193SW,120
LRE3194BD,84
LRE3194BM,84
LRE3194SB,84
LRE3194ST,84
LRE3194SW,84
LRE4211ST,84
LRE4213ST,84
LRE4215ST,84
LRE5602SS,84
LRE5602SW,84
LRE6321ST,84
LRE6321SW,84
LRE6323SB,84
LRE6323ST,84
LRE6323SW,84
LRE6325SB,84
LRE6325ST,84
LRE6325SW,84
LRE6327ST,84
LRE6383BD,84
LRE6383SB,84
LRE6383ST,84
LRE6383SW,84
LRE6385SB,84
LRE6385ST,84
LRE6385SW,84
LRE6387ST,84
LREL6323D,84
LREL6323S,84
LREL6325D,84
LREL6325F,84
LREL6325FH,84
LREN6321YE,84
LREN6323YE,84
LREN6323ZE,84
LREN6325XE,84
LREN6325ZE,84
LRFC22750SB,26
LRFCC23D6S,30
LRFCS2503D,26
LRFCS2503S,26
LRFCS2503W,26
LRFCS2523S,26
LRFCS25D3S,26
LRFCS29D6S,26
LRFDC2406D,30
LRFDC2406S,30
LRFDS2503S,26
LRFDS3006D,24
LRFDS3006S,24
LRFDS3016D,24
LRFDS3016M,24
LRFDS3016S,24
LRFES2503S,26
LRFGC2706S,40
LRFLS3216S,26
LRFNS2200D,39
LRFNS2200S,39
LRFNS2200W,39
LRFNS2503S,26
LRFNS2503V,26
LRFOC2606S,40
LRFS28XBD,26
LRFS28XBS,26
LRFVC2406D,30
LRFVC2406S,30
LRFVS2503S,26
LRFVS3006D,24
LRFVS3006S,24
LRFWS2200S,39
LRFWS2906D,26
LRFWS2906S,26
LRFWS2906V,26
LRFXC2406D,28
LRFXC2406S,28
LRFXC2416D,30
LRFXC2416S,30
LRFXS2503D,26
LRFXS2503S,26
LRFXS2513S,26
LRG3021ST,60
LRG30357ST,56
LRG3060ST,84
LRG3061BD,84
LRG3061ST,84
LRG3081BD,120
LRG3081SB,60
LRG3081ST,120
LRG3081SW,60
LRG3083ST,60
LRG3085ST,60
LRG3091SB,60
LRG3091ST,60
LRG3091SW,60
LRG3093SB,60
LRG3093ST,60
LRG3093SW,60
LRG3095SB,60
LRG3095ST,60
LRG3095SW,60
LRG3097ST,60
LRG3193BD,120
LRG3193BM,120
LRG3193SB,120
LRG3193ST,60
LRG3193SW,120
LRG3194BD,60
LRG3194BM,60
LRG3194ST,60
LRG3194SW,60
LRG4111ST,84
LRG4113ST,84
LRG4115ST,84
LRG5115ST,84
LRGL5821S,84
LRGL5823D,84
LRGL5823S,84
LRGL5825D,84
LRGL5825F,84
LRGL5840S,84
LRGL5841S,84
LRGL5843S,84
LRGL5844S,84
LRGL5845S,84
LRGL5847S,84
LRGN6323Y,84
LRGN6323Z,84
LRGN6325X,84
LRGN6325Z,84
LRGZ5253S,121
LRGZ5255S,121
LRHBC0205A,176
LRKNC0505V,84
LRKNS1205V,45
LRKNS1400V,28
LRMDC2306D,30
LRMDC2306S,30
LRMDS3006D,24
LRMDS3006S,24
LRMNC1803S,39
LRMNC1813S,39
LRMVC1803S,39
LRMVC2306D,30
LRMVS2806D,26
LRMVS2806S,26
LRMVS3006D,24
LRMVS3006S,24
LRMWS2906D,26
LRMWS2906S,26
LRMXC1803S,39
LRMXC1813S,39
LRMXC2206D,30
LRMXC2206S,30
LRMXS2806D,26
LRMXS2806S,26
LRMXS3006S,24
LRN36ART,495
LRN41ART,495
LRNN072TCA0,600
LRNN076SRA0,836
LRNN076TCA0,600
LRNN092BTG0,408
LRNN092SPM0,594
LRNN096CBA0,222
LRNN096SPM0,594
LRNN096SRA0,836
LRNN096SUR0,832
LRNN096SZR0,864
LRNN096TCA0,600
LRNN122TCA0,600
LRNN126CBA0,222
LRNN126SRA0,836
LRNN126SUR0,832
LRNN126SVM0,461
LRNN126TCA0,600
LRNN186BHA0,294
LRNN186CCA0,192
LRNN186S3R0,550
LRNN186STA0,600
LRNN186SVM0,461
LRNN186SVM1,461
LRNN186TEA0,432
LRNN186VBA0,219
LRNN212BHA0,294
LRNN216BHA0,294
LRNN216TDA0,168
LRNN242BHA0,294
LRNN242TDA0,168
LRNN246BHA0,294
LRNN246TDA0,168
LRNN246VBA0,219
LRNN286BGA0,223
LRNN286TDA0,168
LRNN366BGA0,223
LRNN366TDA0,168
LRNN422BGA0,223
LRNN426BGA0,223
LRNN426TDA0,168
LRNN486BEA0,110
LRNN486TDA0,168
LRNU07GB1G0,420
LRNU07GSEA0,792
LRNU07GSEL0,720
LRNU07GSER0,720
LRNU07GTJA0,598
LRNU07GTJC0,598
LRNU09GB1G0,420
LRNU09GSEA0,792
LRNU09GSEL0,720
LRNU09GSER0,720
LRNU09GSPM0,594
LRNU09GTEA0,432
LRNU09GTEC0,432
LRNU09GTJA0,598
LRNU09GTJC0,598
LRNU12GB1G0,420
LRNU12GSEA0,792
LRNU12GSEB0,720
LRNU12GSEL0,720
LRNU12GSER0,720
LRNU12GSF10,612
LRNU12GSPM0,594
LRNU12GTEA0,432
LRNU12GTEC0,432
LRNU12GTJC0,598
LRNU12GVEA0,432
LRNU18GBHA0,294
LRNU18GCFA0,195
LRNU18GS3B0,550
LRNU18GS3R0,550
LRNU18GS5A0,620
LRNU18GSVM0,461
LRNU18GTEA0,432
LRNU18GTEC0,432
LRNU18GTLA0,384
LRNU24GB2G0,270
LRNU24GBHA0,294
LRNU24GCFA0,195
LRNU24GS3R0,550
LRNU24GS5A0,620
LRNU24GS5L0,620
LRNU24GTHA0,216
LRNU24GTHC0,216
LRNU24GTLA0,384
LRNU24GVJA0,264
LRNU28GBGA0,223
LRNU28GTHA0,216
LRNU28GTHC0,216
LRNU36GBGA0,223
LRNU36GTDA0,168
LRNU36GTDC0,168
LRNU42GBGA0,223
LRNU42GTDA0,168
LRNU42GTDC0,168
LRNU48GBRA0,120
LRNU48GTDA0,168
LRNU48GTDC0,168
LRNV092BTG0,408
LRNV126TCA0,600
LRNV126TEA0,432
LRNV182BHA0,294
LRNV186BHA0,294
LRNV242BHA0,294
LRNV242TDA0,168
LRNV246BHA0,294
LRNV286BGA0,223
LRNV362BGA0,223
LRNV362TDA0,168
LRNV366BGA0,223
LRNV382BGA0,223
LRNV426BGA0,223
LRNV482TDA0,168
LRNV486BEA0,110
LROFC0605V,148
LROFC1104V,71
LROFC1114G,71
LRONC0605V,160
LRONC0705A,157
LRONC0705V,157
LRONC1404V,71
LRONC1414G,71
LRP-N1102M,110
LRP-N1102M3,52
LRP-N1452M,52
LRP-N1452M3,52
LRP-N1452MJ,52
LRP-N1602M,52
LRP-N1602M3,52
LRP-N2308D,23
LRP-N2308DF,23
LRP-N2308DG,23
LRP-N2308HJ,23
LRP-N2308M2,23
LRP-N2308MJ,23
LRP-N2308V2,23
LRP-N2308VH,23
LRP-N2308VJ,23
LRP-N2908DF,23
LRP-N2908DG,23
LRP-N2908HJ,23
LRP-N2908M2,23
LRP-N2908MJ,23
LRP-N2908P2,23
LRP-N2908PJ,23
LRP-N2908V2,23
LRP-N2908VH,23
LRP-N2908VJ,23
LRP-N3508DF,23
LRP-N3508DG,48
LRP-N3508HJ,23
LRP-N3508M2,23
LRP-N3508MJ,23
LRP-N3508P2,23
LRP-N3508PJ,23
LRP-N3508V2,23
LRP-N3508VH,23
LRP-N3508VJ,23
LRP-N4108DF,48
LRP-N4108HJ,48
LRP-N4108P2,48
LRP-N4108PJ,48
LRP-N4108V2,48
LRP-N4108VH,48
LRP-N4108VJ,48
LRP-N4608DF,48
LRP-N4608HJ,48
LRP-N4608M2,48
LRP-N4608MJ,48
LRP-N4608P2,48
LRP-N4608PJ,48
LRP-N4608V2,48
LRP-N4608VH,48
LRP-N4608VJ,48
LRP-N5208DF,48
LRP-N5208HJ,48
LRP-N5208M2,48
LRP-N5208MJ,48
LRP-N5208P2,48
LRP-N5208PJ,48
LRP-N5208V2,48
LRP-N5208VH,48
LRP-N5208VJ,48
LRP-N5808V2,48
LRP-N5808VJ,48
LRP-V1102M,110
LRP-V1452M,110
LRP-V1458S,44
LRP-V1458S3,44
LRP-V1602M,52
LRP-V1607D,39
LRP-V1608S,44
LRP-V1608S3,44
LRP-V2307D,39
LRP-V2308D,48
LRP-V2308J,48
LRP-V2308S3,44
LRP-V2907D,25
LRP-V2907DL,44
LRP-V2907DR,44
LRP-V2908D,23
LRP-V2908J,23
LRP-V3508D,23
LRP-V3508J,23
LRP-V4107D,25
LRP-V4108D,23
LRP-V4108J,23
LRP-V4607D,25
LRP-V4608D,48
LRP-V4608J,48
LRP-V5208D,48
LRP-V5208J,48
LRP-V5808D,48
LRP-V5808J,48
LRSDS2706D,26
LRSDS2706S,26
LRSES2706V,24
LRSES2806S,26
LRSOC2306D,30
LRSOC2306S,30
LRSOS2706D,26
LRSOS2706S,26
LRSPS2706V,24
LRSVS2706S,26
LRSWS2806S,26
LRSXC2306S,30
LRSXC2306V,30
LRSXS2706B,26
LRSXS2706S,26
LRSXS2706V,26
LRSXS2706W,26
LRTC19310WW,40
LRTC19320WW,40
LRTC19330ST,40
LRTC19330TT,40
LRTC19330WW,40
LRTC22310WW,38
LRTC22320WW,38
LRTC22330ST,26
LRTC22330TT,26
LRTC22330WW,26
LRTC22345ST,38
LRTC22345TT,38
LRTLS2403S,36
LRTN19314SW,40
LRTN19320SW,40
LRTN19330WW,40
LRTN22314SW,38
LRTN22324SW,38
LRTN22330WW,26
LRTN22334SW,26
LRTNC0705V,127
LRTNC0905V,88
LRTNC0915V,90
LRU36ART,312
LRU41ART,312
LRUC1008T1,25
LRUC1008TS0,25
LRUC1009T1,25
LRUC1009TS0,25
LRUC100BT1,25
LRUC1208T1,25
LRUC1209T1,25
LRUC1209TS0,25
LRUC608T1,39
LRUC808T1,25
LRUC809T1,25
LRUC809TS0,25
LRUC80BT1,25
LRUH1008T1,25
LRUH1008TR0,25
LRUH1008TS0,25
LRUH1009T1,25
LRUH1208T1,25
LRUH1208TS0,25
LRUH1209T1,25
LRUH1408T1,25
LRUH808T1,25
LRUH808TS0,25
LRUH809T1,25
LRUH809TS0,25
LRUN1008T0,25
LRUN1008T1,25
LRUN1008TR0,25
LRUN1008TS0,25
LRUN1009T1,25
LRUN100BT0,25
LRUN100BT1,25
LRUN1208T0,25
LRUN1208T1,25
LRUN1208TR0,25
LRUN1208TS0,25
LRUN1209T1,25
LRUN120BT0,25
LRUN120BT1,25
LRUN1408T0,25
LRUN1408T1,25
LRUN1408TR0,25
LRUN1409T1,25
LRUN508T1,39
LRUN608T0,39
LRUN608T1,39
LRUN808T0,25
LRUN808T1,25
LRUN808TR0,25
LRUN808TS0,25
LRUN809T1,25
LRUN809TS0,25
LRUN80BT0,25
LRUN80BT1,25
LRUV1008T0,25
LRUV1008T1,25
LRUV1009T1,25
LRUV100BT0,25
LRUV1208T1,25
LRUV1208TS0,25
LRUV1209T0,25
LRUV1209T1,25
LRUV1209TS0,25
LRUV120BT0,25
LRUV1408T0,25
LRUV1408T1,25
LRUV1409T0,25
LRUV1409T1,25
LRUV508T0,39
LRUV608T1,39
LRUV808T0,39
LRUV808T1,25
LRUV808T1S,25
LRUV809TS0,25
LRUV80BT1,25
LRV790R,1840
LRYKS3106D,26
LRYKS3106S,26
LRYXS3106D,26
LRYXS3106S,26
LS-C1260CM,230
LS-C126PBL1,224
LS-C126PDC0,224
LS-C126PDL1,224
LS-C126PDL2,224
LS-C126PML1,224
LS-C126PML2,224
LS-C126PWL1,224
LS-C126RGM1,285
LS-C126UDM0,226
LS-C126UMM0,226
LS-C126URM0,226
LS-C126UWM0,226
LS-C1863DM0,156
LS-C1863MM0,156
LS-C1863RM0,156
LS-C1863WM0,156
LS-C1865DM0,212
LS-C186TGM3,211
LS-C186TKA2,211
LS-C186TLA2,211
LS-C186VBL1,140
LS-C186VDL1,140
LS-C186VML1,140
LS-C186VWL1,140
LS-C226VBL1,140
LS-C226VDL1,140
LS-C226VML1,140
LS-C2423RM1,182
LS-C2463DM0,156
LS-C2463MM0,156
LS-C2463RM0,156
LS-C2463WM0,156
LS-C2465DM0,188
LS-C246TGM1,188
LS-C246TKA2,188
LS-C246TLA2,188
LS-C322DGM1,123
LS-C366DGM1,97
LS-D2461CL,159
LS-D2461CM,159
LS-D2461HD,159
LS-H0560CL,335
LS-H096PKL2,224
LS-H126F2L0,216
LS-H126PKL2,224
LS-H126PML3,224
LS-H126PQL2,224
LS-H1823RM1,204
LS-H1868RM0,169
LS-H186TKA2,211
LS-H186VBL3,154
LS-H186VML3,154
LS-H226VBL1,140
LS-H226VDL1,140
LS-H226VWL3,140
LS-H2423RM1,156
LS-H246TKA2,188
LS-H306MMM0,123
LS-J0961NL,207
LS-K1860CL,159
LS-K1860HL,148
LS-K1863HL,159
LS-K2460CL,159
LS-L1260HL,216
LS-L1260NL,178
LS-R126AAL,836
LS-R126CAG,233
LS-T1862AG,159
LS-T246AAL,159
LS000EAD621,34560
LS07GQ,946
LS09GQ,946
LS125AEF736,160
LS1275BAFBB,840
LS12GQ,880
LS150AAN741,160
LS150ABQ739,840
LS150ABQ742,1440
LS153AEF736,160
LS155AEF736,160
LS155AEF738,160
LS1572BBFBA,840
LS1575BAFBB,840
LS1575BAHBB,840
LS1575BBFBA,840
LS18GQ,550
LS19GBBDI,48
LS200AAN740,160
LS202BBSL,36
LS202BBWL,36
LS202BLSL,36
LS202BPWL,36
LS203AEF736,160
LS205AEF736,160
LS2075BBFBA,840
LS222BBSL1,36
LS222BBSLP,36
LS222BBWL1,36
LS222JBVL,36
LS222JDBL,36
LS232JBWPL,36
LS23C4000V,47
LS23C4230V,47
LS242BBSLN,36
LS242BBWLN,36
LS242BDSLN,36
LS242JDBLN,36
LS242VBVLN,36
LS24GBBDLN,36
LS24GQ,550
LS252JDWL,28
LS253JBVL,26
LS255AEF734,19200
LS25CBBDIK,47
LS25CBBGIV,36
LS25CBBMIK,47
LS25CBBSIV,47
LS25CBBWIV,47
LS25CVBSIV,47
LS25GBBDIV,47
LS25HVLVIV,47
LS25HVLVLV,47
LS25NBLSIK,47
LS25NBLSIV,47
LS271LM,162
LS271LMS,162
LS27H3230S,26
LS27T3230S,26
LS292BBSL,24
LS292JDHVL,24
LS292JDVL,24
LS29S3230V,24
LS300ABQ737,960
LS305AEF734,19200
LS305AEF735,19200
LS3075ABFAA,960
LS3075ABFBB,960
LS3075BBFAA,960
LS3075BBFBB,960
LS3076ABFAA,960
LS3076ABFBB,960
LS3076BBFAA,960
LS3076BBFBB,960
LS30X75770A,960
LS312BBSLN,24
LS312JDVL,24
LS312VBVLN,24
LS314BDVL,24
LS314JBGLB,24
LS32CBBSIV,24
LS32HJBVIV,24
LS32HJBVLV,24
LS32HVDMLV,24
LS32NBDSLV,24
LS344DBGL,24
LS344JBGL,24
LS344JBVL,24
LS51BPP,48
LS600ABQ737,960
LS600AEF625,11520
LS6075ABFAA,960
LS6075ABFBB,960
LS6075BBFAA,960
LS6075BBFBB,960
LS6076ABFAA,960
LS6076ABFBB,960
LS6076BBFAA,960
LS6076BBFBB,960
LS60X75770A,960
LS63MPGK,36
LS63SPGK,36
LS64SXP,36
LS65MDP,36
LS65MXN,36
LS65SDP,36
LS65SDP1,36
LS65SDP2,36
LS65SDPX,36
LS65SDT,36
LS65SDT1,36
LS65SPP1,36
LS65SPP2N,36
LS65SPPX,36
LS65SXN,36
LS65SXNX,36
LS65SXP,36
LS65SXT,36
LS65SXTAF,36
LS65SXTAFQ,36
LS65SXTX,36
LS65WDPK,47
LS66MXN,47
LS66SDN,47
LS66SDP,47
LS66SDS,30
LS66SGP,30
LS66SPG,47
LS66SPK,47
LS66SPP,47
LS66SXN,47
LS66SXNC,47
LS66SXSC,30
LS66SXT,47
LS66SXTC,47
LS73SGG,24
LS74BXP,24
LS74SDN,24
LS74SDP,24
LS74SDPX,24
LS74SDT,24
LS74SGP,24
LS74SXP,24
LS74SXS,24
LS74SXSX,24
LS77SDS,26
LS77SXSC,26
LS77SXTC,26
LS79SDN,24
LS87MDP,24
LS87SPN,24
LS900AAN741,160
LS900ABQ739,840
LS900ABQ742,840
LS903AEF736,160
LS905AEF736,160
LS905AEF738,160
LS905ALD303,840
LS9072BBFBA,840
LS9075BAFBB,840
LS9075BBFBA,1360
LS9075BBHBA,840
LSA50A,375
LSAC126PDL1,594
LSAC126UDM0,704
LSAC126UMM0,704
LSAC126URM0,704
LSAC126UWM0,704
LSAC1863DM0,550
LSAC1863MM0,550
LSAC1863RM0,550
LSAC1863WM0,550
LSAC1865DM0,620
LSAC186TGM3,539
LSAC186TKA2,194
LSAC186TLA2,539
LSAC186VDL1,461
LSAC186VWL1,461
LSAC226VDL1,461
LSAC226VWL1,461
LSAC2463DM0,550
LSAC2463MM0,156
LSAC2463RM0,550
LSAC2463WM0,550
LSAC2465DM0,613
LSAC246TGM1,539
LSAC246TKA2,210
LSAC246TLA2,539
LSAH076ZML0,1
LSAH076ZRL0,1
LSAH076ZWL0,1
LSAH0966KA2,1111
LSAH096ZCL0,1
LSAH096ZML0,1
LSAH096ZRL0,1
LSAH126RKA2,836
LSAH126UBM0,1
LSAH126UCM0,1
LSAH126UMM0,1
LSAH126URM0,1
LSAH126UWM0,1
LSAH1863MM0,1
LSAH1863RM0,1
LSAH1863RM1,182
LSAH1865DM0,620
LSAH186TKA2,211
LSAH2463MM0,156
LSAH2463RM0,156
LSAH2463WM0,1
LSAH246TKA2,211
LSAH2665DM0,620
LSAR126AAL,836
LSAR126CAG,836
LSB5682SB,84
LSB5682SS,84
LSB5682SW,84
LSB64BLM,47
LSBC126PBL1,407
LSBC126PDL1,407
LSBC126PML1,407
LSBC126PWL1,407
LSBC126UBM0,407
LSBC126UCM0,407
LSBC126UDM0,407
LSBC126UMM0,407
LSBC126URM0,252
LSBC126UWM0,252
LSBC1863BM0,171
LSBC1863DM0,171
LSBC1863MM0,171
LSBC1863RM0,171
LSBC1863WM0,171
LSBC186VBL1,171
LSBC186VDL1,171
LSBC186VML1,171
LSBC186VWL1,171
LSBH076ZML0,1
LSBH076ZRL0,1
LSBH076ZWL0,1
LSBH0966KA2,515
LSBH096ZCL0,1
LSBH096ZML0,1
LSBH126RKA2,515
LSBH126UBM0,1
LSBH126UCM0,1
LSBH126UMM0,1
LSBH126URM0,1
LSBH126UWM0,1
LSBH1863MM0,1
LSBH1863RM0,1
LSBH1863RM1,182
LSBH1865DM0,296
LSBH2463MM0,156
LSBH2463RM0,156
LSBH2463WM0,1
LSBH2665DM0,280
LSC21943ST,28
LSC22991ST,28
LSC23924SB,26
LSC23924ST,26
LSC23924SW,26
LSC23944SB,26
LSC23944ST,26
LSC23944SW,26
LSC23954ST,26
LSC23954SW,26
LSC24971ST,28
LSC26905ST,24
LSC26905SW,24
LSC26905TT,24
LSC27910SB,24
LSC27910ST,24
LSC27910SW,24
LSC27910TT,24
LSC27911ST,24
LSC27911SW,24
LSC27914SB,24
LSC27914ST,24
LSC27914SW,24
LSC27914TT,24
LSC27918ST,24
LSC27918SW,24
LSC27921SB,24
LSC27921ST,24
LSC27921SW,24
LSC27921TT,24
LSC27925SB,24
LSC27925ST,24
LSC27925SW,24
LSC27926SB,24
LSC27926ST,24
LSC27926SW,24
LSC27931SB,24
LSC27931ST,24
LSC27931SW,48
LSC27932SB,24
LSC27932ST,24
LSC27934SB,24
LSC27934ST,24
LSC27934SW,24
LSC27935SB,24
LSC27935ST,24
LSC27935SW,24
LSC27937SB,24
LSC27937ST,24
LSC27937SW,24
LSC27951SB,24
LSC27951ST,24
LSC27951SW,24
LSC5633WS,84
LSC5674WB,84
LSC5674WS,84
LSC5674WW,84
LSC5683WB,84
LSC5683WS,84
LSC5683WW,84
LSC5GMR80H,51
LSCA04GAGA0,880
LSCA04GAVB0,880
LSCE305ST,673
LSCE305STE,673
LSCE365ST,533
LSCE365STE,533
LSCG3054ST,440
LSCG306ST,440
LSCG307BD,440
LSCG307ST,440
LSCG3654ST,360
LSCG366ST,360
LSCG367BD,360
LSCG367ST,360
LSCG367STS,360
LSCI307ST,506
LSD4913ST,84
LSDE388VS,90
LSDF795ST,142
LSDF9897ST,142
LSDF9962ST,142
LSDF9969BD,142
LSDL6336D,84
LSDS6338F,84
LSDT9908BD,142
LSDT9908SS,142
LSDT9908ST,142
LSDTS9882S,142
LSE3090ST,60
LSE3092ST,60
LSE3094ST,60
LSE3390ST,60
LSE3392ST,60
LSE4611BD,84
LSE4611ST,84
LSE4613BD,84
LSE4613ST,84
LSE4615BM,84
LSE4615ST,84
LSE4616BD,84
LSE4616ST,84
LSE4617ST,84
LSE5613BD,84
LSE5613BM,84
LSE5613ST,84
LSE5615ST,84
LSEL6330S,84
LSEL6330SE,84
LSEL6330YE,84
LSEL6332FC,84
LSEL6333D,84
LSEL6333DE,84
LSEL6333DH,84
LSEL6333F,84
LSEL6333FE,84
LSEL6333FH,84
LSEL6335D,84
LSEL6335DE,84
LSEL6335F,84
LSEL6335XE,84
LSEL6337D,84
LSEL6337F,84
LSEL6337FT,84
LSEL6337XE,84
LSEL633CFE,84
LSES302ST,84
LSES6338F,84
LSES6338N,84
LSF100,102
LSF100W,90
LSFD2491ST,28
LSFD2591ST,28
LSFL301S,1660
LSFS213ST,28
LSFX213ST,28
LSFXC2476D,28
LSFXC2476S,28
LSFXC2496D,28
LSFXC2496S,28
LSG4511BD,84
LSG4511ST,84
LSG4513BD,84
LSG4513ST,84
LSG4515BM,84
LSG4515ST,84
LSG4517ST,84
LSG5513BD,84
LSG5513ST,84
LSGK361S,3424
LSGK481S,2688
LSGL5830S,84
LSGL5831F,84
LSGL5833D,84
LSGL5833F,84
LSGL5833X,84
LSGL5833Z,84
LSGL6335D,84
LSGL6337D,84
LSGL6337F,84
LSGS6338F,84
LSGS6338N,84
LSHD3080N,209
LSHD3080ST,209
LSHD3089BD,209
LSHD3680N,181
LSHD3680ST,181
LSHD3689BD,181
LSI63BLMA,47
LSIL6333F,84
LSIL6334F,84
LSIL6336D,84
LSIL6336F,84
LSIL6336FE,84
LSIL6336XE,84
LSIL633CFE,84
LSIS3018SS,84
LSIS6338N,84
LSIS6338NE,84
LSIU6339XE,84
LSLT-001,38400
LSM1017DHP,494
LSM1017SCO,650
LSM1213WHP,592
LSM1215WHP,592
LSM1218ACO,650
LSM1218ACOO,495
LSM1815WHP,464
LSM22DHP,495
LSM22DHPMS,880
LSM28DCOO,650
LSM28DHPMS,880
LSM28IHP,495
LSM28IHPS,880
LSM28SHP,495
LSM43AHP,495
LSM43AHU,495
LSM43AHUO,495
LSM52DHP,364
LSMC0924JL3,880
LSMC0924JU0,880
LSMC0964FM1,880
LSMC1224DM1,1091
LSMC122RGM0,836
LSMC126B2U1,648
LSMC126B3U1,648
LSMC126URM1,832
LSMC1823BM0,550
LSMC1823RM0,600
LSMC1823WM0,550
LSMC1825DM2,620
LSMC1825GB0,620
LSMC182C8C1,488
LSMC182C8U0,488
LSMC182CRU0,488
LSMC182CRU1,488
LSMC182CSB1,488
LSMC182CSB3,488
LSMC182TGM0,600
LSMC182TKA2,600
LSMC182TLB2,600
LSMC182TMB0,600
LSMC182TMM0,600
LSMC182TNB0,600
LSMC182VBL1,461
LSMC182VBL2,461
LSMC182VDC0,461
LSMC1863RM0,550
LSMC1865SB5,620
LSMC1868RM9,500
LSMC186C4B1,488
LSMC186C8U1,488
LSMC186C9A0,488
LSMC186CRU1,488
LSMC186G1L0,430
LSMC186K1R0,558
LSMC186K3B0,558
LSMC302V4A2,367
LSMC306DSB0,405
LSMC306V4B0,367
LSMC3084ST,330
LSMC3086SS,325
LSMC3086ST,330
LSMC3089BD,330
LSMC322DGM1,405
LSMC322DSU0,405
LSMC322MLM0,414
LSMC322MMB0,414
LSMC322MMM0,405
LSMC322V4B2,367
LSMC322V8C2,367
LSMC366DSB0,405
LSMH096B8U0,648
LSMH096ZRL5,864
LSMH1264SB5,1001
LSMH126ERM0,720
LSMH126UBD0,832
LSMH182C8C0,488
LSMH182CSB2,488
LSMH1863RM0,550
LSMH1865SB5,620
LSMH186C8U1,488
LSMH186VBL1,461
LSMH207ST,288
LSMH302V4A0,367
LSMH306V8S0,367
LSMH322V4B0,367
LSMH322V8C0,367
LSMH366V4C0,367
LSMH366V8S0,367
LSMI121HSV3,648
LSMJ0910HL,880
LSMQ186CNF0,488
LSMX211ST,28
LSMX214ST,28
LSN0817DHP,494
LSN0817SCO,650
LSN090HEV,900
LSN090HEV1,910
LSN090HEV2,780
LSN090HFV3,780
LSN090HSV4,648
LSN090HSV5,800
LSN090HXV,675
LSN090HXV2,780
LSN090HYV,592
LSN0910VHP,648
LSN0912VCO,648
LSN0912VHP,648
LSN0912WCO,648
LSN0912WHP,648
LSN091HSV,675
LSN091HSV2,648
LSN091HSV3,648
LSN1013VHP,592
LSN1013WHP,592
LSN1014WHP,648
LSN1015WHP,592
LSN1017DHP,494
LSN1017SCO,650
LSN120HEV,648
LSN120HEV1,675
LSN120HEV2,780
LSN120HFV3,780
LSN120HSV4,648
LSN120HSV5,800
LSN120HXV,675
LSN120HXV2,780
LSN120HYV,592
LSN1210VHP,648
LSN1212VCO,648
LSN1212VHP,648
LSN1212WCO,648
LSN1212WHP,648
LSN1213VHP,592
LSN1213WHP,592
LSN1214WHP,648
LSN1215WHP,592
LSN1217DCO,494
LSN1217DHP,494
LSN1218SCO,495
LSN121HSV,648
LSN121HSV2,648
LSN121HSV3,648
LSN12TWAS1,836
LSN12UWVF1,836
LSN1413VHP,592
LSN1413WHP,592
LSN1417DCO,494
LSN1417DHP,494
LSN1418SCO,495
LSN1518ACO,495
LSN180HEV,488
LSN180HEV1,488
LSN180HEV2,495
LSN180HFV3,495
LSN180HSV,488
LSN180HSV4,488
LSN180HSV5,558
LSN1810VHP,488
LSN1812VHP,488
LSN1812WHP,488
LSN1814WHP,464
LSN1815WHP,464
LSN181HSV,488
LSN181HSV2,488
LSN181HSV3,400
LSN181HSV5,495
LSN18SWAB1,500
LSN18TWAS1,500
LSN18UWVF1,500
LSN2210VHP,488
LSN2212VHP,488
LSN2212WHP,488
LSN2214WHP,464
LSN2215WHP,464
LSN22DCO,650
LSN22DDHS,664
LSN22DDHST,664
LSN22DHP,495
LSN22DHPM,495
LSN22DHPMS,880
LSN22DST,720
LSN22IDHS,664
LSN22IDHST,664
LSN240HEV,488
LSN240HEV1,488
LSN240HEV2,495
LSN240HEZ1,488
LSN240HFV3,495
LSN240HLV,367
LSN240HSV,405
LSN240HSV2,405
LSN240HSV3,405
LSN243HLV,367
LSN243HLV3,364
LSN24SWABH1,500
LSN24XWAS1,500
LSN28DCO,650
LSN28DDHS,664
LSN28DDHST,664
LSN28DHP,495
LSN28DHPM,495
LSN28DHPMS,880
LSN28DST,720
LSN28IDHS,664
LSN28IDHST,664
LSN28IHP,495
LSN28IHPS,880
LSN28SHP,495
LSN300HLV,367
LSN303HLV,367
LSN303HLV3,322
LSN307HV2,405
LSN307HV3,405
LSN360HLV,367
LSN360HV,405
LSN360HV2,405
LSN360HV3,405
LSN363HLV,367
LSN363HLV3,322
LSN36DCO,495
LSN36DCW,495
LSN36DDHS,664
LSN36DDHST,664
LSN36DHP,495
LSN36DHPM,495
LSN36DST,664
LSN36IDHS,664
LSN36IDHST,664
LSN36IHP,495
LSN36SHP,495
LSN3MB4NL1,660
LSN3MB4NTY1,660
LSN3MG4NL1,660
LSN3WB2VF1,836
LSN3WG2VF1,836
LSN3WW2VF1,836
LSN41DCO,495
LSN41DCW,495
LSN41DDHS,664
LSN41DDHST,664
LSN41DHP,495
LSN41DHPM,495
LSN41DST,664
LSN41IDHS,664
LSN41IDHST,664
LSN41IHP,495
LSN41SHP,495
LSN43ACO,495
LSN43ACU,495
LSN43AHP,495
LSN43AHU,495
LSN50DDHST,576
LSN50IDHST,576
LSN52DCO,364
LSN52DHP,364
LSN52DHPM,364
LSN52IHP,364
LSN52SHP,364
LSN5MB3NL1,450
LSN5MG3NL1,450
LSN5WB2VF1,500
LSN5WG2VF1,500
LSN5ZB4NTY1,500
LSN63DCO,364
LSN63DCO2,364
LSN63DDHST,576
LSN63DHP,364
LSN63DHP2,364
LSN63DHPM,364
LSN63IDHST,576
LSN63IHP,364
LSN63SHP,364
LSN63SHP2,364
LSN71DCO,364
LSN71DCO2,364
LSN71DHP,364
LSN71DHP2,364
LSN71DHPM,364
LSN71IHP,364
LSN71SHP,364
LSN71SHP2,364
LSN72DDHST,576
LSN72IDHST,576
LSN83DCO,322
LSN83DHP,322
LSN93DCO,322
LSN93DHP,322
LSNB0766CN,1296
LSNB0966CN,1296
LSNC0764DM0,1091
LSNC076ZBC0,864
LSNC076ZMC0,864
LSNC076ZRC0,864
LSNC0964DM0,1091
LSNC0964DM1,1091
LSNC0966KA2,1111
LSNC096PBL1,594
LSNC096PBL2,594
LSNC096PDL1,594
LSNC096PDL2,594
LSNC096PML1,594
LSNC096PWL1,594
LSNC096QLA2,851
LSNC096ZBC0,594
LSNC096ZRC0,594
LSNC112F1L2,612
LSNC112FSL0,612
LSNC112FSL2,612
LSNC112PML1,594
LSNC1224DB0,1091
LSNC1224DM1,1091
LSNC1224SB0,1000
LSNC122RGM0,594
LSNC122RNB0,836
LSNC122UTM5,832
LSNC1264DA1,1091
LSNC1264DM0,1091
LSNC1264DM1,1091
LSNC1264GB0,1091
LSNC1264GB1,1091
LSNC1264SB0,1000
LSNC126B4B0,648
LSNC126B8U0,648
LSNC126EJM0,720
LSNC126ELM0,720
LSNC126ERM0,720
LSNC126ERM9,720
LSNC126PBC0,594
LSNC126PBL1,594
LSNC126PBL2,594
LSNC126PDC0,594
LSNC126PDL1,594
LSNC126PDL2,594
LSNC126PKL1,594
LSNC126PKL2,594
LSNC126PMC0,594
LSNC126PML1,594
LSNC126PML2,594
LSNC126PQL1,594
LSNC126PQL2,594
LSNC126PWL1,594
LSNC126PWL2,594
LSNC126RGM1,836
LSNC126RKA2,836
LSNC126RLA2,836
LSNC126UBD0,832
LSNC126UBM0,832
LSNC126UBM1,832
LSNC126UBM3,832
LSNC126UCM0,832
LSNC126UCM1,832
LSNC126UCM3,832
LSNC126UDM0,832
LSNC126UDM1,832
LSNC126UDM3,832
LSNC126UMD0,594
LSNC126UMM0,832
LSNC126UMM1,832
LSNC126UMM3,832
LSNC126URD0,832
LSNC126URM0,832
LSNC126URM1,832
LSNC126URM3,832
LSNC126UWM0,832
LSNC126UWM1,832
LSNC126UWM3,832
LSNC1823BM0,550
LSNC1823DM1,550
LSNC1823MM0,550
LSNC1823MM1,550
LSNC1823RM0,550
LSNC1823RM1,550
LSNC1823RM3,550
LSNC1823TM3,550
LSNC1823WM0,550
LSNC1825DA1,620
LSNC1825DB0,620
LSNC1825DM1,620
LSNC1825DM2,620
LSNC1825FM2,617
LSNC1825GM2,620
LSNC1825SB0,617
LSNC1825WM2,617
LSNC182C8C0,488
LSNC182C8C1,488
LSNC182C8U0,488
LSNC182C9U0,488
LSNC182CLU0,488
LSNC182CRU0,488
LSNC182CRU1,488
LSNC182CSB0,488
LSNC182CSB1,488
LSNC182CSB2,488
LSNC182CSB3,488
LSNC182G3L0,430
LSNC182TGM0,600
LSNC182TGU0,600
LSNC182TKA3,600
LSNC182TLB1,600
LSNC182TLB2,600
LSNC182TMB0,600
LSNC182TMM0,600
LSNC182TNB0,600
LSNC182TNM0,600
LSNC182VBL1,461
LSNC182VBL3,461
LSNC182VDC0,461
LSNC182VDL1,461
LSNC182VDL2,461
LSNC182VDL3,461
LSNC182VML1,461
LSNC182VML2,461
LSNC182VML3,461
LSNC182VQL1,461
LSNC1863BM0,550
LSNC1863BM1,550
LSNC1863BM3,550
LSNC1863CM0,550
LSNC1863CM1,550
LSNC1863CM3,550
LSNC1863DM0,550
LSNC1863DM1,550
LSNC1863DM2,550
LSNC1863DM3,550
LSNC1863MM0,550
LSNC1863MM1,550
LSNC1863MM3,550
LSNC1863RM0,550
LSNC1863RM1,550
LSNC1863RM3,550
LSNC1863WM0,550
LSNC1863WM1,550
LSNC1863WM2,550
LSNC1863WM3,550
LSNC1865DB1,620
LSNC1865DM0,620
LSNC1865DM1,620
LSNC1865GA1,620
LSNC1865GB0,620
LSNC1865JM1,617
LSNC1865SB0,617
LSNC1865SB5,617
LSNC1868BM0,540
LSNC1868FM0,540
LSNC1868JM0,540
LSNC1868LM0,540
LSNC1868RM9,500
LSNC1868RU0,540
LSNC1868UM0,540
LSNC186C4B1,488
LSNC186C4B5,488
LSNC186C8U1,488
LSNC186C8U2,488
LSNC186C8U5,488
LSNC186C9U0,488
LSNC186C9U1,488
LSNC186CLU1,488
LSNC186CRU1,488
LSNC186CRU5,488
LSNC186CVU0,488
LSNC186G1L0,430
LSNC186K340,558
LSNC186TGD0,620
LSNC186TGM0,600
LSNC186TGM3,600
LSNC186TGU3,600
LSNC186TKA2,600
LSNC186TKA3,600
LSNC186TKA5,600
LSNC186TLA0,600
LSNC186TLA2,600
LSNC186TLB0,600
LSNC186VBC0,461
LSNC186VBL1,461
LSNC186VBL2,461
LSNC186VBL3,461
LSNC186VDC0,461
LSNC186VDL1,461
LSNC186VDL2,461
LSNC186VDL3,461
LSNC186VKL1,461
LSNC186VKL2,461
LSNC186VKL3,461
LSNC186VMC0,461
LSNC186VML1,461
LSNC186VML2,461
LSNC186VML3,461
LSNC186VQL1,461
LSNC186VQL2,461
LSNC186VQL3,461
LSNC186VWL1,461
LSNC186VWL2,461
LSNC186VWL3,461
LSNC226G1L0,430
LSNC226VBL1,461
LSNC226VBL2,461
LSNC226VBL3,461
LSNC226VDL1,461
LSNC226VDL2,461
LSNC226VDL3,461
LSNC226VKL1,461
LSNC226VKL3,461
LSNC226VML1,461
LSNC226VML2,461
LSNC226VQL1,461
LSNC226VQL2,461
LSNC226VQL3,461
LSNC226VWL1,461
LSNC226VWL2,461
LSNC2423BM0,550
LSNC2423DM1,550
LSNC2423MM0,550
LSNC2423MM1,550
LSNC2423RM0,550
LSNC2423RM1,550
LSNC2423RM3,550
LSNC2423TM3,550
LSNC2423WM0,550
LSNC2425DA0,620
LSNC2425DB0,620
LSNC2425DM1,620
LSNC2425FM1,620
LSNC2425GB0,620
LSNC2425GM1,620
LSNC2425SB0,617
LSNC2425WM1,620
LSNC242C8C0,488
LSNC242C8C1,488
LSNC242C8U0,488
LSNC242C9U0,488
LSNC242CLU0,488
LSNC242CRU0,488
LSNC242CRU1,488
LSNC242CSB0,488
LSNC242CSB1,488
LSNC242CSB2,488
LSNC242CSB3,488
LSNC242TGM0,600
LSNC242TGU0,600
LSNC242TKA2,600
LSNC242TLB1,600
LSNC242TLB2,600
LSNC242TMB0,600
LSNC242TMM0,600
LSNC242TNB0,600
LSNC242VBL2,461
LSNC242VBL3,461
LSNC242VDL1,461
LSNC242VDL2,461
LSNC242VDL3,461
LSNC242VML1,461
LSNC242VML2,461
LSNC242VQL1,461
LSNC2463BM0,550
LSNC2463BM1,550
LSNC2463BM3,550
LSNC2463CM0,550
LSNC2463CM1,550
LSNC2463CM2,550
LSNC2463CM3,550
LSNC2463CM4,550
LSNC2463DM0,550
LSNC2463DM1,550
LSNC2463DM2,550
LSNC2463DM3,550
LSNC2463DM4,550
LSNC2463MM0,550
LSNC2463MM1,550
LSNC2463MM2,550
LSNC2463MM3,550
LSNC2463MM4,550
LSNC2463RM0,550
LSNC2463RM1,550
LSNC2463RM3,550
LSNC2463WM0,550
LSNC2463WM1,550
LSNC2463WM2,550
LSNC2463WM3,550
LSNC2465DM0,613
LSNC2465DM1,620
LSNC2465GB0,620
LSNC2465GB1,620
LSNC2465SB0,617
LSNC2465SB5,617
LSNC2468RM9,500
LSNC2468RU0,540
LSNC2468UM0,540
LSNC246C4B1,488
LSNC246C4B5,488
LSNC246C8S0,488
LSNC246C8U1,488
LSNC246C8U5,488
LSNC246C9U0,488
LSNC246C9U1,488
LSNC246CLU1,488
LSNC246CRU1,488
LSNC246CRU5,488
LSNC246DSB1,405
LSNC246K340,488
LSNC246TGM1,600
LSNC246TKA2,600
LSNC246TKA5,600
LSNC246TLA2,600
LSNC246TLB1,600
LSNC246VBL1,461
LSNC246VML1,461
LSNC246VWL1,461
LSNC2525DB0,620
LSNC2525DM0,620
LSNC2665DB0,620
LSNC2665DM0,620
LSNC2665DM1,620
LSNC2665FM1,617
LSNC2665GB0,620
LSNC2665JM1,617
LSNC2665SB2,617
LSNC266TGK0,600
LSNC266TGM0,600
LSNC266TGM1,600
LSNC266TGU0,600
LSNC266TGU1,600
LSNC266TLA0,600
LSNC266TLB0,600
LSNC302V4A0,367
LSNC302V4A2,367
LSNC302V4V2,367
LSNC306DGB0,405
LSNC306DGM1,405
LSNC306DPB3,405
LSNC306DPU3,405
LSNC306DSB0,405
LSNC306DSU0,405
LSNC306MLB0,414
LSNC306MMM0,414
LSNC306MMM1,414
LSNC306V4B0,367
LSNC306V4C0,367
LSNC306V4V0,367
LSNC306V4W1,367
LSNC322DGB0,405
LSNC322DGB3,405
LSNC322DGM1,405
LSNC322DGM3,405
LSNC322DPU3,405
LSNC322DSB0,405
LSNC322DSU0,405
LSNC322MLD0,414
LSNC322MLM0,414
LSNC322MMB0,414
LSNC322MMM0,414
LSNC322V4B0,367
LSNC322V4B2,367
LSNC322V8C0,367
LSNC322V8C2,367
LSNC342DPM0,405
LSNC342DPU0,405
LSNC342DPV0,405
LSNC342V4V2,367
LSNC362NMB0,333
LSNC362V4A0,367
LSNC362V4A2,367
LSNC362V4V0,367
LSNC362V4V2,367
LSNC366DGB0,405
LSNC366DGM1,405
LSNC366DPB0,405
LSNC366DPU1,405
LSNC366DSB0,405
LSNC366DSU0,405
LSNC366NLB0,333
LSNC366NLD0,333
LSNC366NMB0,333
LSNC366NMM0,333
LSNC366V4B0,367
LSNC366V4C0,367
LSNC366V4V0,367
LSNC366V4W1,367
LSNC382DGB0,405
LSNC382DGB3,405
LSNC382DGM1,405
LSNC382DGM3,405
LSNC382DPU3,405
LSNC382DSB0,405
LSNC382DSU0,405
LSNC382NLM0,333
LSNC382NMB0,333
LSNC382NMM0,333
LSNC382V4B0,367
LSNC382V4B2,367
LSNC382V8C0,367
LSNC382V8C2,367
LSNH0560CL,1343
LSNH0561AL,1224
LSNH0566DL,1224
LSNH056WLA0,1224
LSNH0764DM0,1091
LSNH0764DM1,1091
LSNH0764JF4,880
LSNH0764JU0,880
LSNH0764WF4,880
LSNH0764WU0,880
LSNH0766PA2,1111
LSNH076B8U0,648
LSNH076PBL1,594
LSNH076PDL1,594
LSNH076PDL2,594
LSNH076PWL1,594
LSNH076QGA2,851
LSNH076QLN0,851
LSNH076W8T0,900
LSNH076W8T1,900
LSNH076ZBL0,864
LSNH076ZCC0,864
LSNH076ZDL0,864
LSNH076ZEU7,864
LSNH076ZHU7,864
LSNH076ZMC0,864
LSNH076ZRL0,864
LSNH076ZRU7,864
LSNH076ZWL0,864
LSNH0964DA4,1091
LSNH0964DL0,1091
LSNH0964DM0,1091
LSNH0964DM1,1091
LSNH0964DM4,1091
LSNH0964DY0,1091
LSNH0964GB0,1091
LSNH0964JF4,880
LSNH0964JM2,880
LSNH0964JM4,880
LSNH0964JU0,880
LSNH0964SA3,1000
LSNH0964SB2,1000
LSNH0964SB5,1001
LSNH0964SB6,1001
LSNH0964WF4,880
LSNH0964WM4,880
LSNH0964WU0,880
LSNH0966KA2,1111
LSNH096B4B0,648
LSNH096B4B5,648
LSNH096B8U0,648
LSNH096B8U1,648
LSNH096B8U5,648
LSNH096F1L0,612
LSNH096F2L0,612
LSNH096FQL0,612
LSNH096J340,800
LSNH096PAL1,594
LSNH096PBC0,594
LSNH096PBL1,594
LSNH096PBL3,594
LSNH096PDC0,594
LSNH096PDL1,594
LSNH096PDL2,594
LSNH096PDL3,594
LSNH096PEL7,594
LSNH096PHL7,594
LSNH096PKL1,594
LSNH096PMC0,594
LSNH096PML1,594
LSNH096PML2,594
LSNH096PML3,594
LSNH096PML5,594
LSNH096PQL1,594
LSNH096PRL7,594
LSNH096PSL1,594
LSNH096PWL1,594
LSNH096PWL2,594
LSNH096PWL3,594
LSNH096QGA2,851
LSNH096QGL1,851
LSNH096QLA2,851
LSNH096QLL1,851
LSNH096QLN1,851
LSNH096W8T0,900
LSNH096W8T1,900
LSNH096ZBL0,864
LSNH096ZBL1,864
LSNH096ZBL3,864
LSNH096ZBL5,864
LSNH096ZCL0,864
LSNH096ZCL1,864
LSNH096ZCL3,864
LSNH096ZDL0,864
LSNH096ZDL1,864
LSNH096ZDL3,864
LSNH096ZDL4,864
LSNH096ZDL5,864
LSNH096ZEL8,864
LSNH096ZET8,864
LSNH096ZEU7,864
LSNH096ZGL8,864
LSNH096ZHL8,864
LSNH096ZHT8,864
LSNH096ZHU7,864
LSNH096ZJL5,864
LSNH096ZJL8,864
LSNH096ZLL5,864
LSNH096ZLL8,864
LSNH096ZMC0,864
LSNH096ZML0,864
LSNH096ZML1,864
LSNH096ZML3,864
LSNH096ZML5,864
LSNH096ZML8,864
LSNH096ZNL8,864
LSNH096ZPL8,864
LSNH096ZRC0,864
LSNH096ZRL0,864
LSNH096ZRL1,864
LSNH096ZRL3,864
LSNH096ZRL8,864
LSNH096ZRT8,864
LSNH096ZRU7,864
LSNH096ZWC0,864
LSNH096ZWL0,864
LSNH096ZWL1,864
LSNH096ZWL3,864
LSNH1224DM1,1091
LSNH1224JU1,880
LSNH1224SB0,1000
LSNH122RGM0,836
LSNH122RNB0,836
LSNH1264DM0,1091
LSNH1264DM1,1091
LSNH1264DY0,1091
LSNH1264FM1,880
LSNH1264GB0,1091
LSNH1264HM1,880
LSNH1264JU0,880
LSNH1264SA0,1000
LSNH1264SB0,1000
LSNH1264SB5,1001
LSNH1264SB6,1001
LSNH1264SB7,1000
LSNH1264WU0,880
LSNH1269GA0,260
LSNH126B4B0,648
LSNH126B8U0,648
LSNH126B8U1,648
LSNH126B8U5,648
LSNH126EEU0,720
LSNH126EGM0,720
LSNH126EHU0,720
LSNH126EJM0,720
LSNH126ELM0,720
LSNH126ENM0,720
LSNH126EPM0,720
LSNH126ERM0,720
LSNH126ERM9,720
LSNH126ERU0,720
LSNH126ERU5,720
LSNH126EVM0,720
LSNH126F1L0,612
LSNH126F2L0,612
LSNH126FQL0,612
LSNH126J340,800
LSNH126PAL1,594
LSNH126PBC0,594
LSNH126PBL1,594
LSNH126PBL2,594
LSNH126PBL3,594
LSNH126PDC0,594
LSNH126PDL1,594
LSNH126PDL2,594
LSNH126PDL3,594
LSNH126PEL6,594
LSNH126PEL7,594
LSNH126PHL7,594
LSNH126PKL1,594
LSNH126PMC0,594
LSNH126PML1,594
LSNH126PML2,594
LSNH126PML3,594
LSNH126PQL1,594
LSNH126PRL6,594
LSNH126PRL7,594
LSNH126PSL1,594
LSNH126PWL1,594
LSNH126PWL2,594
LSNH126PWL3,594
LSNH126RGA2,836
LSNH126RGM1,836
LSNH126RKA2,836
LSNH126RLA2,836
LSNH126RLL1,836
LSNH126RLN1,836
LSNH126UBD0,832
LSNH126UBM0,832
LSNH126UBM1,832
LSNH126UBM3,832
LSNH126UCM0,832
LSNH126UCM1,832
LSNH126UCM3,832
LSNH126UDM0,832
LSNH126UDM1,832
LSNH126UDM3,832
LSNH126UDM5,832
LSNH126UMD0,832
LSNH126UMM0,832
LSNH126UMM1,832
LSNH126UMM3,832
LSNH126URD0,832
LSNH126URM0,832
LSNH126URM1,832
LSNH126URM3,832
LSNH126UWD0,832
LSNH126UWM0,832
LSNH126UWM1,832
LSNH126UWM3,832
LSNH1823BM0,550
LSNH1823MM0,550
LSNH1823RM0,550
LSNH1823RM1,550
LSNH1823RM3,550
LSNH1823WM0,550
LSNH1825DB0,620
LSNH1825DM1,620
LSNH1825GB0,620
LSNH1825GM1,620
LSNH1825HM1,617
LSNH1825SB0,617
LSNH1825WM1,617
LSNH182C8C0,488
LSNH182C8C1,488
LSNH182C8U0,488
LSNH182C9U0,488
LSNH182CLU0,488
LSNH182CRU0,488
LSNH182CRU1,488
LSNH182CSB0,488
LSNH182CSB1,488
LSNH182CSB2,488
LSNH182CSB3,488
LSNH182TGM0,600
LSNH182TGU0,600
LSNH182TKA2,600
LSNH182TLB1,600
LSNH182TLB2,600
LSNH182TMB0,600
LSNH182TMM0,600
LSNH182TNB0,600
LSNH182TNM0,600
LSNH182VBL1,461
LSNH182VBL3,461
LSNH182VDC0,461
LSNH182VDL1,461
LSNH182VDL2,461
LSNH182VDL3,461
LSNH182VML1,461
LSNH182VML2,461
LSNH1863BM0,550
LSNH1863BM1,550
LSNH1863BM3,550
LSNH1863CM0,550
LSNH1863CM1,550
LSNH1863CM3,550
LSNH1863DM0,550
LSNH1863DM1,550
LSNH1863DM3,550
LSNH1863MM0,414
LSNH1863MM1,550
LSNH1863MM3,550
LSNH1863RM0,550
LSNH1863RM1,550
LSNH1863RM3,550
LSNH1863WM0,550
LSNH1863WM1,550
LSNH1863WM3,550
LSNH1865DM0,620
LSNH1865DM1,620
LSNH1865DY0,620
LSNH1865FM1,617
LSNH1865GB0,620
LSNH1865HM1,617
LSNH1865JU0,617
LSNH1865SB0,617
LSNH1865SB5,617
LSNH1865SB6,617
LSNH1865WU0,617
LSNH1868BM0,540
LSNH1868GM1,540
LSNH1868JM0,540
LSNH1868LM0,540
LSNH1868NM0,540
LSNH1868PM1,540
LSNH1868RM0,540
LSNH1868RM1,620
LSNH1868RM9,500
LSNH1868RU0,540
LSNH1868VM0,540
LSNH186C1U0,488
LSNH186C4B1,488
LSNH186C8U1,488
LSNH186C8U2,488
LSNH186C9U0,488
LSNH186C9U1,488
LSNH186CGU0,488
LSNH186CLU1,488
LSNH186CRU1,488
LSNH186CVU0,488
LSNH186G1L0,430
LSNH186G3L0,430
LSNH186GQL0,430
LSNH186K340,558
LSNH186TGM1,600
LSNH186TKA2,600
LSNH186TLA2,600
LSNH186TLM1,600
LSNH186VBC0,461
LSNH186VBL1,461
LSNH186VBL2,461
LSNH186VBL3,461
LSNH186VDC0,461
LSNH186VDL1,461
LSNH186VDL2,461
LSNH186VDL3,461
LSNH186VKL1,461
LSNH186VKL2,461
LSNH186VMC0,461
LSNH186VML1,461
LSNH186VML2,461
LSNH186VML3,461
LSNH186VQL1,461
LSNH186VWL1,461
LSNH186VWL2,461
LSNH186VWL3,461
LSNH226G1L0,430
LSNH226G3L0,430
LSNH226GQL0,430
LSNH226VBL1,461
LSNH226VBL2,461
LSNH226VBL3,461
LSNH226VDL1,461
LSNH226VDL2,461
LSNH226VDL3,461
LSNH226VKL1,461
LSNH226VKL2,461
LSNH226VML1,461
LSNH226VML2,461
LSNH226VML3,461
LSNH226VQL2,461
LSNH226VWL2,461
LSNH226VWL3,461
LSNH2423BM0,550
LSNH2423DM1,550
LSNH2423MM0,550
LSNH2423MM1,550
LSNH2423RM0,550
LSNH2423RM1,550
LSNH2423RM3,550
LSNH2423WM0,550
LSNH2425DB0,620
LSNH2425DM1,620
LSNH2425GB0,620
LSNH2425GM1,620
LSNH2425HM1,620
LSNH2425JU1,617
LSNH2425SB0,617
LSNH2425WM1,617
LSNH242C8C0,488
LSNH242C8C1,488
LSNH242C8U0,488
LSNH242C9U0,488
LSNH242CLU0,488
LSNH242CRU0,488
LSNH242CRU1,488
LSNH242CSB0,488
LSNH242CSB1,488
LSNH242CSB2,488
LSNH242CSB3,488
LSNH242TGM0,600
LSNH242TGU0,600
LSNH242TKA2,600
LSNH242TLB1,600
LSNH242TLB2,600
LSNH242TMB0,600
LSNH242TNB0,600
LSNH242VBL1,461
LSNH242VBL2,461
LSNH242VBL3,461
LSNH242VDL1,461
LSNH242VDL2,461
LSNH242VDL3,461
LSNH242VML1,461
LSNH242VML2,461
LSNH242VML3,461
LSNH2463BM0,550
LSNH2463BM3,550
LSNH2463CM0,550
LSNH2463CM3,550
LSNH2463DM0,550
LSNH2463DM3,550
LSNH2463MM0,550
LSNH2463MM3,550
LSNH2463RM0,550
LSNH2463RM3,550
LSNH2463WM0,550
LSNH2463WM3,550
LSNH2465DM0,620
LSNH2465DM1,620
LSNH2465DY0,620
LSNH2465JU0,617
LSNH2465SB0,620
LSNH2465SB5,617
LSNH2465SB6,617
LSNH2465WU0,617
LSNH2468GM1,540
LSNH2468JM0,540
LSNH2468LM0,540
LSNH2468NM0,540
LSNH2468PM1,540
LSNH2468RM1,540
LSNH2468RM9,500
LSNH2468RU0,540
LSNH246C1U0,488
LSNH246C4B1,488
LSNH246C8S0,488
LSNH246C8U1,488
LSNH246C8U2,488
LSNH246C9U0,488
LSNH246C9U1,488
LSNH246CGU0,488
LSNH246CLU1,488
LSNH246CRU1,488
LSNH246CVU0,488
LSNH246TKA2,600
LSNH246TLA2,600
LSNH246TLM1,600
LSNH246VBL1,461
LSNH246VDL1,461
LSNH246VDL2,461
LSNH246VKL1,461
LSNH246VML1,461
LSNH246VML2,461
LSNH246VQL1,461
LSNH246VWL1,461
LSNH2665DM0,620
LSNH2665DM1,620
LSNH2665GB0,620
LSNH2665SB0,617
LSNH266TGM0,600
LSNH266TLA0,600
LSNH266TLM1,600
LSNH302V4A0,367
LSNH302V4A2,367
LSNH306DGB3,405
LSNH306DGM0,405
LSNH306DGM1,405
LSNH306DGM3,405
LSNH306DPU3,405
LSNH306DSB0,405
LSNH306DSU0,405
LSNH306MMM0,414
LSNH306MMM1,414
LSNH306V4C0,367
LSNH306V4V0,367
LSNH306V8S0,367
LSNH322DGB0,405
LSNH322DGB3,405
LSNH322DGM1,405
LSNH322DGM3,405
LSNH322DPU3,405
LSNH322DSB0,405
LSNH322DSU0,405
LSNH322MLM0,414
LSNH322V4B0,367
LSNH322V4B2,367
LSNH322V8C0,367
LSNH322V8C2,367
LSNH342DPM0,405
LSNH342DPV0,405
LSNH362V4A0,367
LSNH362V4A2,367
LSNH366DGM1,405
LSNH366DPU1,405
LSNH366DSB0,405
LSNH366DSU0,405
LSNH366NLB0,333
LSNH366NLD0,333
LSNH366NMM0,333
LSNH366V4B0,367
LSNH366V4C0,367
LSNH366V4V0,367
LSNH366V8S0,367
LSNH382DGB0,405
LSNH382DGM1,405
LSNH382DPU1,405
LSNH382DSB0,405
LSNH382DSU0,405
LSNH382NLM0,333
LSNH382NMB0,333
LSNH382NMM0,333
LSNH382V4B0,367
LSNH382V4B2,367
LSNH382V8C0,367
LSNH382V8C2,367
LSNJ0761CL,830
LSNJ0762YL,830
LSNJ0764HL,830
LSNJ0766ML,880
LSNJ0962HL,830
LSNJ0963CL,830
LSNJ0966ML,830
LSNJ2612AR,600
LSNJ2622AR,600
LSNJ3522AR,600
LSNK1860HIG,500
LSNK1860YL,600
LSNK1861FL,600
LSNK1863HL,600
LSNK1863ML,600
LSNK1864CL,600
LSNK1866ML,600
LSNK186AAL,600
LSNK186ADL,600
LSNK2460ML,600
LSNK2462PL,600
LSNK2462QC,500
LSNK246AAL,600
LSNK246GHL,600
LSNL1224AL,832
LSNL1261FL,832
LSNL1261HL,832
LSNL1262PL,832
LSNL1262YL,832
LSNL1264AL,832
LSNL1267HL,832
LSNM3060AL,414
LSNM3060BL,414
LSNM3061AL,414
LSNM3061BL,414
LSNN096JLA0,830
LSNN3660AL,333
LSNN3661AL,333
LSNN3661BL,333
LSNP0960AM,594
LSNP1120AD,594
LSNP1260BB,594
LSNP1260BD,832
LSNP1260BM,594
LSNQ076AAL,851
LSNQ076ABL,851
LSNQ076ADL,851
LSNQ076BEL,851
LSNQ096AAL,851
LSNQ096ABL,851
LSNQ096BAG,968
LSNQ096BBG,968
LSNQ096BDL,851
LSNQ096BEL,851
LSNQ182CNC0,488
LSNQ186CNF0,488
LSNQ242CNC0,488
LSNQ246CNF0,488
LSNR122ACM,836
LSNR122BAG,836
LSNR122JAG,836
LSNR126AAL,836
LSNR126ABL,836
LSNR126ADG,836
LSNR126CAG,836
LSNR126CBG,836
LSNR126CDL,836
LSNR126CEL,836
LSNS1262QC6,1584
LSNS1862QC7,405
LSNS2462QC7,450
LSNT182ACM,600
LSNT182CAG,600
LSNT182CAM,600
LSNT1860AL,600
LSNT1862AG,600
LSNT1869BG,600
LSNT186AAL,600
LSNT186ABL,600
LSNT186ADG,600
LSNT186ADL,600
LSNT186CBG,600
LSNT186CDL,600
LSNT186CEL,600
LSNT242ACM,600
LSNT242CAG,600
LSNT246AAL,600
LSNT246ABL,600
LSNT246ADG,600
LSNT246CAG,600
LSNT246CBG,600
LSNT246CEL,600
LSNT2669AG,600
LSNT266AAL,600
LSNT266ABL,600
LSNT266CAG,600
LSNT266CDL,600
LSNT266CEL,600
LSR100,28
LSR100RU,28
LSR200B,45
LSR200RU,45
LSR200W,45
LSR200W1,45
LSRE307ST,84
LSRG309ST,60
LSRM2010BD,438
LSRM2010ST,438
LSRM2085BD,438
LSRM2085ST,438
LSS304JDVL,24
LSSB2691ST,30
LSSB2692ST,30
LSSB2696BD,28
LSSB2791ST,30
LSSC243ST,28
LSSE3026BD,84
LSSE3026ST,84
LSSE3027ST,84
LSSE3029BD,84
LSSE3030BD,84
LSSG3016ST,84
LSSG3017ST,84
LSSG3019BD,84
LSSG3020BD,84
LST100,255
LST100M,255
LST250,240
LST25X,240
LST5651SB,84
LST5651SS,84
LST5651SW,84
LSU0817DHP,312
LSU0817SCO,312
LSU090HEV,489
LSU090HEV1,510
LSU090HEV2,490
LSU090HFV3,490
LSU090HSV4,316
LSU090HSV5,316
LSU090HXV,510
LSU090HXV2,490
LSU090HYV,171
LSU0910VHP,316
LSU0912VCO,316
LSU0912VHP,316
LSU0912WCO,316
LSU0912WHP,316
LSU091HSV2,316
LSU091HSV3,316
LSU093CE,316
LSU1013VHP,316
LSU1013WHP,316
LSU1014WHP,316
LSU1015WHP,316
LSU1017DHP,312
LSU1017SCO,312
LSU1017WHP,316
LSU120HEV,489
LSU120HEV1,510
LSU120HEV2,490
LSU120HFV3,490
LSU120HSV4,316
LSU120HSV5,316
LSU120HXV,510
LSU120HXV2,490
LSU120HYV,171
LSU1210VHP,316
LSU1212VCO,316
LSU1212VHP,316
LSU1212WCO,316
LSU1212WHP,316
LSU1213VHP,316
LSU1213WHP,316
LSU1214WHP,316
LSU1215WHP,316
LSU1217DCO,171
LSU1217DHP,171
LSU1218SCO,171
LSU121HSV,316
LSU121HSV2,316
LSU121HSV3,316
LSU12610C1,312
LSU1268VHP,316
LSU12TWAS1,296
LSU13510C1,171
LSU1413VHP,316
LSU1413WHP,316
LSU1417DCO,171
LSU1417DHP,171
LSU1418SCO,171
LSU1518ACO,171
LSU180HEV,316
LSU180HEV1,316
LSU180HEV2,171
LSU180HFV3,171
LSU180HSV,171
LSU180HSV4,171
LSU180HSV5,171
LSU1810VHP,171
LSU1812VHP,171
LSU1812WHP,186
LSU1814WHP,171
LSU1815WHP,171
LSU181HSV,171
LSU181HSV2,171
LSU181HSV3,186
LSU181HSV5,104
LSU186HE,171
LSU18SWAB1,296
LSU18SWABH1,183
LSU18TWAS1,296
LSU18UWVF1,296
LSU18XWAS1,296
LSU2210VHP,171
LSU2212VHP,171
LSU2212WHP,171
LSU2214WHP,171
LSU2215WHP,171
LSU22DCO,312
LSU22DHP,312
LSU22DHPM,312
LSU22DHPMS,312
LSU22DHS,312
LSU22DHST,312
LSU22DST,312
LSU240HEV,171
LSU240HEV1,171
LSU240HEV2,171
LSU240HEZ1,171
LSU240HFV3,171
LSU240HLV,171
LSU240HSV,171
LSU240HSV2,171
LSU240HSV3,186
LSU243HLV,171
LSU243HLV3,104
LSU24SWABH1,183
LSU24XWAS1,183
LSU28DCO,312
LSU28DHP,312
LSU28DHPM,312
LSU28DHPMS,312
LSU28DHS,312
LSU28DHST,312
LSU28DST,312
LSU28IHP,312
LSU28IHPS,312
LSU28SHP,312
LSU300HLV,171
LSU303HLV,171
LSU303HLV3,104
LSU307HV2,171
LSU307HV3,171
LSU360HLV,171
LSU360HV2,171
LSU360HV3,171
LSU363HLV,171
LSU363HLV3,104
LSU36DCO,312
LSU36DCW,312
LSU36DHP,312
LSU36DHPM,312
LSU36DHS,312
LSU36DHST,312
LSU36DST,312
LSU36IHP,312
LSU36SHP,312
LSU3MB4NL1,296
LSU3WB2VF1,296
LSU3WG2VF1,296
LSU3WW2VF1,296
LSU41DCO,312
LSU41DCW,312
LSU41DHP,312
LSU41DHPM,312
LSU41DHS,312
LSU41DHST,312
LSU41DST,312
LSU41IHP,312
LSU41SHP,312
LSU43ACO,171
LSU43ACU,171
LSU43AHP,312
LSU43AHU,312
LSU50DHST,171
LSU52DCO,171
LSU52DHP,171
LSU52DHPM,171
LSU52IHP,171
LSU52SHP,171
LSU5WB2VF1,296
LSU5WG2VF1,296
LSU5WW2VF1,296
LSU63DCO,171
LSU63DCO2,104
LSU63DHP,171
LSU63DHP2,104
LSU63DHPM,104
LSU63DHST,104
LSU63IHP,104
LSU63SHP,171
LSU63SHP2,104
LSU71DCO,171
LSU71DCO2,104
LSU71DHP,171
LSU71DHP2,104
LSU71DHPM,104
LSU71IHP,104
LSU71SHP,171
LSU71SHP2,104
LSU72DHST,104
LSU83DCO,110
LSU83DHP,110
LSU93DCO,110
LSU93DHP,110
LSUB0766CN,392
LSUB0966CN,392
LSUB25A40,316
LSUC0764DM0,489
LSUC076ZMC0,407
LSUC0964DM0,489
LSUC0964DM1,489
LSUC0966KA2,407
LSUC096PBL1,407
LSUC096PBL2,407
LSUC096PDL1,407
LSUC096PDL2,407
LSUC096PML1,407
LSUC096PWL1,407
LSUC096QLA2,407
LSUC096ZBC0,407
LSUC096ZMC0,407
LSUC096ZRC0,407
LSUC112FSL0,316
LSUC112FSL2,316
LSUC112FUL2,316
LSUC112PML1,252
LSUC112PUL3,316
LSUC1224DB0,489
LSUC1224DM1,489
LSUC1224SB0,489
LSUC122RGM0,316
LSUC122RNB0,316
LSUC122UUM5,489
LSUC1264DA1,489
LSUC1264DM0,489
LSUC1264DM1,489
LSUC1264GB0,489
LSUC1264GB1,489
LSUC1264JM1,489
LSUC1264SB0,489
LSUC126B4B0,489
LSUC126EJM0,489
LSUC126ELM0,489
LSUC126ERM0,489
LSUC126ERM9,489
LSUC126EUM0,489
LSUC126EUM9,489
LSUC126PBC0,316
LSUC126PBL1,316
LSUC126PBL2,316
LSUC126PDC0,316
LSUC126PDL1,316
LSUC126PDL2,316
LSUC126PKL1,316
LSUC126PKL2,316
LSUC126PMC0,316
LSUC126PML1,316
LSUC126PML2,316
LSUC126PQL1,316
LSUC126PQL2,316
LSUC126PWL1,312
LSUC126PWL2,316
LSUC126RGM1,407
LSUC126RKA2,489
LSUC126RLA2,407
LSUC126UBD0,316
LSUC126UBM0,316
LSUC126UBM1,316
LSUC126UCM0,316
LSUC126UCM1,316
LSUC126UDM0,312
LSUC126UDM1,316
LSUC126UMD0,316
LSUC126UMM0,316
LSUC126UMM1,316
LSUC126URD0,316
LSUC126URM0,316
LSUC126URM1,316
LSUC126UUM3,316
LSUC126UWM0,312
LSUC126UWM1,316
LSUC1823BM0,296
LSUC1823DM1,296
LSUC1823MM0,296
LSUC1823MM1,296
LSUC1823RM0,296
LSUC1823UM3,296
LSUC1823WM0,296
LSUC1825DA1,272
LSUC1825DB0,296
LSUC1825DM1,272
LSUC1825DM2,296
LSUC1825FM2,296
LSUC1825GM2,296
LSUC1825SB0,296
LSUC1825WM2,296
LSUC182C8C0,296
LSUC182C8U0,296
LSUC182C9U0,296
LSUC182CLU0,272
LSUC182CRU0,296
LSUC182CSB0,296
LSUC182CSB1,296
LSUC182CSB2,171
LSUC182CSB3,344
LSUC182CUU0,272
LSUC182GUL0,171
LSUC182TGM0,296
LSUC182TGU0,296
LSUC182TKA3,272
LSUC182TLB1,171
LSUC182TLB2,296
LSUC182TMB0,296
LSUC182TMM0,171
LSUC182TNB0,296
LSUC182TNM0,296
LSUC182VBL1,171
LSUC182VDC0,171
LSUC182VDL1,171
LSUC182VDL2,171
LSUC182VML1,171
LSUC182VML2,171
LSUC182VML3,171
LSUC182VQL1,171
LSUC182VUL3,171
LSUC1863BM0,171
LSUC1863BM1,296
LSUC1863CM0,171
LSUC1863CM1,296
LSUC1863DM0,171
LSUC1863DM1,296
LSUC1863DM2,171
LSUC1863MM0,171
LSUC1863MM1,296
LSUC1863RM0,171
LSUC1863RM1,296
LSUC1863UM3,296
LSUC1863WM0,171
LSUC1863WM1,296
LSUC1863WM2,171
LSUC1865DB1,296
LSUC1865DM0,296
LSUC1865DM1,296
LSUC1865GA1,296
LSUC1865GB0,296
LSUC1865SB0,296
LSUC1865SB5,296
LSUC1868JM0,272
LSUC1868LM0,272
LSUC1868RU0,272
LSUC1868UM0,272
LSUC1868UM9,272
LSUC186C4B1,272
LSUC186C4B5,296
LSUC186C8U1,272
LSUC186C8U2,171
LSUC186C8U5,296
LSUC186C9U1,272
LSUC186CLU1,272
LSUC186CRU1,272
LSUC186CRU5,296
LSUC186GUL0,272
LSUC186K340,171
LSUC186TGD0,171
LSUC186TGK0,171
LSUC186TGM0,171
LSUC186TGM3,296
LSUC186TGU3,296
LSUC186TKA2,296
LSUC186TKA3,272
LSUC186TKA5,296
LSUC186TLA0,171
LSUC186TLA2,296
LSUC186TLB0,171
LSUC186VBC0,171
LSUC186VBL1,174
LSUC186VBL2,272
LSUC186VDC0,171
LSUC186VDL1,174
LSUC186VDL2,272
LSUC186VKL1,171
LSUC186VKL2,272
LSUC186VMC0,171
LSUC186VML1,171
LSUC186VML2,272
LSUC186VML3,272
LSUC186VQL1,171
LSUC186VQL2,272
LSUC186VUL3,272
LSUC186VWL1,171
LSUC186VWL2,272
LSUC226VBL1,171
LSUC226VBL2,171
LSUC226VDL1,171
LSUC226VDL2,171
LSUC226VKL1,171
LSUC226VML1,171
LSUC226VQL1,171
LSUC226VWL1,171
LSUC226VWL2,171
LSUC2423BM0,272
LSUC2423DM1,272
LSUC2423MM0,272
LSUC2423MM1,272
LSUC2423RM0,272
LSUC2423RM1,272
LSUC2423UM3,272
LSUC2423WM0,272
LSUC2425DA0,272
LSUC2425DB0,272
LSUC2425DM1,272
LSUC2425FM1,272
LSUC2425GB0,272
LSUC2425GM1,272
LSUC2425SB0,272
LSUC2425WM1,272
LSUC242C8C0,272
LSUC242C8U0,272
LSUC242C9U0,272
LSUC242CLU0,272
LSUC242CRU0,272
LSUC242CSB0,272
LSUC242CSB1,272
LSUC242CSB2,272
LSUC242GUL0,171
LSUC242TGM0,272
LSUC242TGU0,272
LSUC242TKA2,272
LSUC242TLB1,272
LSUC242TLB2,272
LSUC242TMB0,272
LSUC242TMM0,272
LSUC242TNB0,272
LSUC242VBL1,171
LSUC242VBL2,171
LSUC242VDL1,171
LSUC242VDL2,171
LSUC242VML1,171
LSUC242VML2,171
LSUC242VQL1,171
LSUC242VUL3,171
LSUC2463BM0,171
LSUC2463BM1,171
LSUC2463CM0,171
LSUC2463CM1,171
LSUC2463CM2,171
LSUC2463DM0,171
LSUC2463DM1,171
LSUC2463DM2,171
LSUC2463MM0,171
LSUC2463MM1,171
LSUC2463MM2,171
LSUC2463RM0,171
LSUC2463RM1,171
LSUC2463UM3,171
LSUC2463UM4,171
LSUC2463WM0,171
LSUC2463WM1,171
LSUC2463WM2,171
LSUC2465DM0,277
LSUC2465DM1,272
LSUC2465GB0,272
LSUC2465GB1,272
LSUC2465SB0,272
LSUC2465SB5,272
LSUC2468RU0,272
LSUC2468UM9,272
LSUC246C4B1,272
LSUC246C4B5,272
LSUC246C8S0,171
LSUC246C8U1,272
LSUC246C8U5,272
LSUC246C9U1,272
LSUC246CLU1,272
LSUC246CRU1,272
LSUC246CRU5,272
LSUC246DSB1,171
LSUC246K340,171
LSUC246TGM1,272
LSUC246TKA2,272
LSUC246TKA5,272
LSUC246TLA2,272
LSUC246TLB1,272
LSUC246VBL1,171
LSUC246VML1,171
LSUC246VWL1,171
LSUC2525DB0,272
LSUC2525DM0,272
LSUC2665DB0,272
LSUC2665DM0,272
LSUC2665DM1,272
LSUC2665FM1,272
LSUC2665JM1,272
LSUC2665SB2,272
LSUC266TGK0,171
LSUC266TGM0,171
LSUC266TGM1,171
LSUC266TGU0,171
LSUC266TGU1,171
LSUC266TLA0,171
LSUC266TLB0,171
LSUC282DPU0,171
LSUC302V4A0,171
LSUC302V4A2,171
LSUC302V4V2,171
LSUC306DGM1,171
LSUC306DPB3,171
LSUC306DPU3,171
LSUC306DSB0,171
LSUC306DSU0,171
LSUC306MLB0,171
LSUC306MMM0,171
LSUC306MMM1,171
LSUC306V4B0,171
LSUC306V4C0,171
LSUC306V4V0,171
LSUC306V4W1,171
LSUC322DGB0,171
LSUC322DGB3,171
LSUC322DGM1,171
LSUC322DGM3,171
LSUC322DPU3,171
LSUC322DSB0,171
LSUC322DSU0,171
LSUC322MLD0,171
LSUC322MLM0,171
LSUC322MMB0,171
LSUC322MMM0,171
LSUC322V4B0,171
LSUC322V4B2,171
LSUC322V8C0,171
LSUC322V8C2,171
LSUC342DPM0,114
LSUC342DPU0,114
LSUC342DPV0,114
LSUC342V4V2,171
LSUC362NMB0,140
LSUC362V4A0,110
LSUC362V4A2,171
LSUC362V4V0,171
LSUC362V4V2,171
LSUC366DGB0,114
LSUC366DGM1,114
LSUC366DPB0,114
LSUC366DPU1,114
LSUC366DSB0,114
LSUC366DSU0,114
LSUC366NLB0,171
LSUC366NLD0,140
LSUC366NMB0,171
LSUC366NMM0,140
LSUC366V4B0,104
LSUC366V4C0,104
LSUC366V4V0,104
LSUC366V4W1,171
LSUC382DGB0,114
LSUC382DGB3,114
LSUC382DGM1,114
LSUC382DGM3,114
LSUC382DPU3,114
LSUC382DSB0,114
LSUC382DSU0,114
LSUC382NLM0,140
LSUC382NMB0,171
LSUC382NMM0,171
LSUC382V4B0,110
LSUC382V4B2,171
LSUC382V8C0,110
LSUC382V8C2,171
LSUH0561AL,407
LSUH0563DL,407
LSUH0565DL,407
LSUH056WLA0,407
LSUH0764DM0,489
LSUH0764DM1,489
LSUH0764FM3,489
LSUH0764HM3,489
LSUH0764JF4,489
LSUH0764JU0,489
LSUH0764WF4,489
LSUH0764WU0,489
LSUH0766PA2,407
LSUH076B8U0,489
LSUH076PBL1,407
LSUH076PDL1,407
LSUH076PWL1,407
LSUH076QLL0,407
LSUH076QLN0,407
LSUH076W8T0,489
LSUH076W8T1,489
LSUH076ZBL0,407
LSUH076ZCC0,407
LSUH076ZDL0,407
LSUH076ZMC0,407
LSUH076ZML0,407
LSUH076ZRL0,407
LSUH076ZUU7,407
LSUH076ZWC0,407
LSUH076ZWL0,407
LSUH0964DA4,489
LSUH0964DL0,489
LSUH0964DM0,489
LSUH0964DM1,489
LSUH0964DM4,489
LSUH0964DY0,489
LSUH0964FM3,489
LSUH0964GB0,489
LSUH0964HM3,489
LSUH0964JF4,489
LSUH0964JM2,489
LSUH0964JM4,489
LSUH0964JU0,489
LSUH0964SA3,489
LSUH0964SB2,489
LSUH0964SB5,489
LSUH0964SB6,489
LSUH0964WF4,489
LSUH0964WM4,489
LSUH0966KA2,407
LSUH096B4B0,489
LSUH096B4B5,489
LSUH096B8U0,489
LSUH096B8U1,489
LSUH096B8U5,515
LSUH096FQL0,316
LSUH096FUL0,316
LSUH096J340,489
LSUH096PAL1,316
LSUH096PBC0,316
LSUH096PBL1,316
LSUH096PDC0,316
LSUH096PDL1,316
LSUH096PDL2,316
LSUH096PKL1,316
LSUH096PMC0,316
LSUH096PML1,316
LSUH096PML2,316
LSUH096PQL1,316
LSUH096PSL1,316
LSUH096PUL3,316
LSUH096PUL5,489
LSUH096PUL7,489
LSUH096PWL1,316
LSUH096PWL2,316
LSUH096QGA2,408
LSUH096QGL1,407
LSUH096QLN1,407
LSUH096W8T0,489
LSUH096W8T1,489
LSUH096ZBL0,316
LSUH096ZBL1,316
LSUH096ZCL0,312
LSUH096ZCL1,316
LSUH096ZDL0,316
LSUH096ZDL1,316
LSUH096ZMC0,312
LSUH096ZML0,316
LSUH096ZML1,316
LSUH096ZRC0,316
LSUH096ZRL0,316
LSUH096ZRL1,316
LSUH096ZUL3,316
LSUH096ZUL4,489
LSUH096ZUL8,489
LSUH096ZUT8,489
LSUH096ZUU7,489
LSUH096ZWC0,316
LSUH096ZWL0,316
LSUH096ZWL1,316
LSUH1224DM1,489
LSUH1224JU1,489
LSUH1224SB0,489
LSUH122RGM0,316
LSUH122RNB0,316
LSUH1264DM0,489
LSUH1264DM1,489
LSUH1264DY0,489
LSUH1264FM1,489
LSUH1264GB0,489
LSUH1264HM1,489
LSUH1264JU0,489
LSUH1264SA0,489
LSUH1264SB0,489
LSUH1264SB5,316
LSUH1264SB6,316
LSUH1264SB7,489
LSUH1264WU0,489
LSUH126B4B0,489
LSUH126B8U0,489
LSUH126B8U1,316
LSUH126B8U5,316
LSUH126EUM0,489
LSUH126EUM9,489
LSUH126EUU0,489
LSUH126EUU5,489
LSUH126F2L0,316
LSUH126FQL0,316
LSUH126FUL0,316
LSUH126J340,316
LSUH126PAL1,316
LSUH126PBC0,316
LSUH126PBL1,316
LSUH126PBL2,316
LSUH126PDC0,316
LSUH126PDL1,316
LSUH126PDL2,316
LSUH126PKL1,316
LSUH126PMC0,316
LSUH126PML1,316
LSUH126PML2,316
LSUH126PQL1,316
LSUH126PSL1,316
LSUH126PUL3,316
LSUH126PUL6,316
LSUH126PUL7,489
LSUH126PWL1,316
LSUH126PWL2,316
LSUH126RGA2,316
LSUH126RGM1,316
LSUH126RKA2,489
LSUH126RLA2,316
LSUH126RLN1,316
LSUH126UBD0,316
LSUH126UBM0,316
LSUH126UBM1,316
LSUH126UCD0,312
LSUH126UCM0,316
LSUH126UCM1,316
LSUH126UDM0,316
LSUH126UDM1,316
LSUH126UMD0,316
LSUH126UMM0,316
LSUH126UMM1,316
LSUH126URD0,316
LSUH126URM0,316
LSUH126URM1,316
LSUH126UUM3,316
LSUH126UWM0,316
LSUH126UWM1,316
LSUH1823BM0,296
LSUH1823MM0,296
LSUH1823RM0,296
LSUH1823RM1,272
LSUH1823UM3,296
LSUH1823WM0,296
LSUH1825DB0,272
LSUH1825DM1,272
LSUH1825GB0,272
LSUH1825GM1,272
LSUH1825HM1,272
LSUH1825JU1,272
LSUH1825SB0,272
LSUH1825WM1,272
LSUH182C8C0,272
LSUH182C8U0,272
LSUH182C9U0,272
LSUH182CLU0,272
LSUH182CRU0,272
LSUH182CSB0,272
LSUH182CSB1,272
LSUH182CSB2,272
LSUH182TGM0,296
LSUH182TGU0,296
LSUH182TKA2,296
LSUH182TLB1,296
LSUH182TLB2,296
LSUH182TMB0,296
LSUH182TMM0,296
LSUH182TNB0,296
LSUH182TNM0,296
LSUH182VBL1,171
LSUH182VDC0,171
LSUH182VDL1,171
LSUH182VDL2,171
LSUH182VML1,171
LSUH182VML2,171
LSUH182VUL3,171
LSUH1863BM0,171
LSUH1863BM1,272
LSUH1863CM0,171
LSUH1863CM1,272
LSUH1863DM0,296
LSUH1863DM1,272
LSUH1863MM0,296
LSUH1863MM1,272
LSUH1863RM0,296
LSUH1863RM1,272
LSUH1863UM3,272
LSUH1863WM0,171
LSUH1863WM1,272
LSUH1865DM0,272
LSUH1865DM1,272
LSUH1865DY0,272
LSUH1865FM1,272
LSUH1865GB0,272
LSUH1865JU0,272
LSUH1865SB0,272
LSUH1865SB5,272
LSUH1865SB6,272
LSUH1865WU0,272
LSUH1868UM0,272
LSUH1868UM1,272
LSUH1868UM9,272
LSUH1868UU0,272
LSUH186C1U0,272
LSUH186C4B1,272
LSUH186C8U1,272
LSUH186C8U2,171
LSUH186C9U1,272
LSUH186CLU1,272
LSUH186CRU1,272
LSUH186CUU0,272
LSUH186G3L0,171
LSUH186GQL0,272
LSUH186GUL0,272
LSUH186K340,171
LSUH186TGM1,296
LSUH186TKA2,296
LSUH186TLA2,296
LSUH186TLM1,296
LSUH186VBC0,171
LSUH186VBL1,171
LSUH186VBL2,272
LSUH186VDC0,171
LSUH186VDL1,171
LSUH186VDL2,272
LSUH186VKL1,171
LSUH186VKL2,272
LSUH186VMC0,171
LSUH186VML1,171
LSUH186VML2,272
LSUH186VQL1,171
LSUH186VUL3,272
LSUH186VWL1,171
LSUH186VWL2,272
LSUH226GQL0,272
LSUH226GUL0,171
LSUH226VBL1,171
LSUH226VBL2,171
LSUH226VDL1,171
LSUH226VDL2,171
LSUH226VKL1,171
LSUH226VKL2,171
LSUH226VML1,171
LSUH226VML2,171
LSUH226VQL2,171
LSUH226VUL3,171
LSUH226VWL2,171
LSUH2423BM0,171
LSUH2423DM1,171
LSUH2423MM0,171
LSUH2423MM1,171
LSUH2423RM0,171
LSUH2423UM3,171
LSUH2423WM0,171
LSUH2425DB0,272
LSUH2425DM1,272
LSUH2425GB0,272
LSUH2425GM1,272
LSUH2425HM1,272
LSUH2425JU1,272
LSUH2425SB0,272
LSUH2425WM1,272
LSUH242C8C0,171
LSUH242C8U0,171
LSUH242C9U0,171
LSUH242CLU0,171
LSUH242CRU0,171
LSUH242CSB0,171
LSUH242CSB1,171
LSUH242CSB2,171
LSUH242TGM0,171
LSUH242TGU0,171
LSUH242TKA2,272
LSUH242TLB1,171
LSUH242TLB2,171
LSUH242TMB0,171
LSUH242TNB0,171
LSUH242TNM0,171
LSUH242VBL1,171
LSUH242VBL2,171
LSUH242VDL1,171
LSUH242VDL2,171
LSUH242VML1,171
LSUH242VML2,171
LSUH242VUL3,171
LSUH2463BM0,171
LSUH2463CM0,171
LSUH2463DM0,171
LSUH2463MM0,171
LSUH2463RM0,171
LSUH2463UM3,171
LSUH2463WM0,171
LSUH2465DM0,272
LSUH2465DM1,272
LSUH2465DY0,272
LSUH2465FM1,272
LSUH2465HM1,272
LSUH2465JU0,272
LSUH2465SB0,272
LSUH2465SB5,272
LSUH2465SB6,272
LSUH2465WU0,272
LSUH2468NM0,272
LSUH2468UM0,272
LSUH2468UM1,272
LSUH2468UM9,272
LSUH2468UU0,272
LSUH246C1U0,171
LSUH246C4B1,171
LSUH246C8S0,171
LSUH246C8U1,171
LSUH246C8U2,171
LSUH246C9U1,171
LSUH246CLU1,171
LSUH246CRU1,171
LSUH246CUU0,171
LSUH246TGM1,171
LSUH246TKA2,272
LSUH246TLA2,272
LSUH246VBL1,171
LSUH246VBL2,171
LSUH246VDL1,171
LSUH246VDL2,171
LSUH246VKL1,171
LSUH246VML1,171
LSUH246VML2,171
LSUH246VQL1,171
LSUH2665DM0,272
LSUH2665DM1,272
LSUH2665GB0,272
LSUH2665SB0,272
LSUH266TGD0,171
LSUH266TGM0,171
LSUH266TGM1,171
LSUH266TLA0,171
LSUH266TLM1,171
LSUH302V4A0,171
LSUH302V4A2,171
LSUH306DGB3,171
LSUH306DGM0,171
LSUH306DGM1,171
LSUH306DGM3,171
LSUH306DPU3,171
LSUH306DSB0,171
LSUH306DSU0,171
LSUH306MMM0,171
LSUH306MMM1,171
LSUH306V4C0,110
LSUH306V4V0,110
LSUH306V8S0,104
LSUH322DGB0,171
LSUH322DGB3,171
LSUH322DGM1,171
LSUH322DGM3,171
LSUH322DPU3,171
LSUH322DSB0,171
LSUH322DSU0,171
LSUH322MLD0,171
LSUH322MLM0,171
LSUH322V4B0,171
LSUH322V4B2,171
LSUH322V8C0,171
LSUH322V8C2,171
LSUH342DPM0,114
LSUH342DPV0,114
LSUH362V4A0,110
LSUH362V4A2,110
LSUH366DGM1,114
LSUH366DPU1,114
LSUH366DSB0,114
LSUH366DSU0,114
LSUH366NLB0,171
LSUH366NLD0,171
LSUH366NMM0,140
LSUH366V4B0,110
LSUH366V4C0,110
LSUH366V4V0,110
LSUH366V8S0,104
LSUH382DGB0,114
LSUH382DGM1,114
LSUH382DPU1,114
LSUH382DSB0,114
LSUH382DSU0,114
LSUH382NLM0,140
LSUH382NMB0,171
LSUH382NMM0,171
LSUH382V4B0,110
LSUH382V4B2,110
LSUH382V8C0,110
LSUH382V8C2,110
LSUJ0761CL,407
LSUJ0761HL,407
LSUJ0762HL,407
LSUJ0762YL,407
LSUJ0766ML,407
LSUJ0960FL,407
LSUJ0961NL,296
LSUJ0962CL,407
LSUJ0962YL,296
LSUJ0963CL,407
LSUJ0965BL,316
LSUJ2612AR,292
LSUJ2622AR,292
LSUJ3522AR,312
LSUK1860FL,171
LSUK1860HIG,183
LSUK1860YL,171
LSUK1861FL,171
LSUK1862RL,174
LSUK1863HL,171
LSUK1863ML,171
LSUK1864CL,171
LSUK1866ML,171
LSUK186AAL,171
LSUK2460ML,171
LSUK2461QC,183
LSUK2462PL,171
LSUK2462QC,183
LSUK2462QC1,183
LSUK246AAL,171
LSUK246GHL,171
LSUK2666CL,171
LSUL1261FL,316
LSUL1261HL,316
LSUL1262PL,316
LSUL1262YL,316
LSUL1266ML,316
LSUL1267HL,316
LSUM3021AL,171
LSUM3060AL,171
LSUM3060BL,174
LSUM3061AL,171
LSUM3061BL,171
LSUN096JLA0,316
LSUN3660AL,171
LSUN3661AL,171
LSUN3661BL,171
LSUN3661CL,140
LSUP0960AM,407
LSUP1120BD,316
LSUP1260AB,312
LSUQ076AAL,407
LSUQ076ABL,407
LSUQ076ADL,407
LSUQ076BDL,407
LSUQ076BEL,407
LSUQ096AAL,316
LSUQ096ABL,316
LSUQ096BDL,316
LSUQ096BEL,316
LSUQ182CNC0,171
LSUQ186CNF0,171
LSUQ242CNC0,171
LSUQ246CNF0,171
LSUR122AAG,316
LSUR122ACM,316
LSUR122BAG,316
LSUR126AAL,316
LSUR126ABL,316
LSUR126CBG,316
LSUR126CDL,316
LSUR126CEL,316
LSUS1262QC6,296
LSUS1862QC7,296
LSUS2462QC7,296
LSUT182ACM,171
LSUT182CAG,171
LSUT1862AG,171
LSUT1862QC,296
LSUT1869AG,171
LSUT1869BG,171
LSUT186AAL,171
LSUT186ABL,171
LSUT186ADG,171
LSUT186ADL,171
LSUT186CBG,174
LSUT186CDL,171
LSUT186CEL,171
LSUT242ACM,171
LSUT242CAG,171
LSUT242CAM,171
LSUT246AAL,171
LSUT246ABL,171
LSUT246ADG,171
LSUT246CAG,171
LSUT246CBG,174
LSUT246CEL,171
LSUT2669AG,171
LSUT266AAL,174
LSUT266ABL,171
LSUT266CAG,171
LSUT266CDL,171
LSUT266CEL,171
LSVC362ST,92
LSWC307ST,84
LSWD100,102
LSWD100E,102
LSWD100W,90
LSWD12WS6,102
LSWD300BD,64
LSWD305ST,64
LSWD306ST,64
LSWD307ST,64
LSWD309BD,64
LSWF388HVS,90
LSWS300BD,126
LSWS305ST,126
LSWS306ST,126
LSWS307ST,126
LSWS309BD,126
LSXC22396D,28
LSXC22396S,28
LSXC22426S,28
LSXC22436S,36
LSXC22486D,28
LSXC22486S,28
LSXS22423B,34
LSXS22423S,26
LSXS22423W,34
LSXS26326B,24
LSXS26326S,24
LSXS26326W,24
LSXS26336D,24
LSXS26336S,24
LSXS26336V,24
LSXS26366D,24
LSXS26366S,24
LSXS26386D,24
LSXS26386S,24
LSXS26396S,24
LSXS26466D,24
LSXS26466S,24
LT-B2861CL,182
LT0813CNR,339
LT0814CNR,339
LT0815CER,339
LT0816CER,340
LT081CER,339
LT09S2000B,97
LT09S2000S,97
LT09S2000W,97
LT1000P,89424
LT1000P2,44712
LT1013CNR,339
LT1014CER,339
LT1014CNR,339
LT1015CER,339
LT1016CER,340
LT101CNR,339
LT1032BBWI,75
LT1033CNR,339
LT1033HNR,340
LT1034CER,339
LT1034CNR,339
LT1034HNR,339
LT1035CER,339
LT1035HNR,339
LT1036CER,340
LT1036HNR,339
LT1037HNR,339
LT103CNR,339
LT103HNR,339
LT1092BBSI,73
LT1092BBSL,73
LT1092BBWI,73
LT1092BBWL,73
LT10CBBDIN,90
LT10CBBWIN,90
LT1142BBWI,73
LT11C2000V,74
LT11CBBSIV,92
LT11CBBSIVN,92
LT11CBBWIV,92
LT12124CNR,340
LT1213CNR,339
LT1214CER,339
LT1214CNR,339
LT1215CER,339
LT1216CER,339
LT121CNR,339
LT1233CNR,339
LT1233HNR,340
LT1234CER,339
LT1234CNR,339
LT1234HNR,339
LT1235CER,339
LT1235HNR,339
LT1236CER,340
LT1236HNR,339
LT1237HNR,339
LT123CNR,339
LT123HNR,339
LT12CBBDIN,73
LT12CBBWIN,73
LT1342BBGI,67
LT1342BBSI,67
LT1342BBSIP,67
LT1342BBWI,67
LT1342BBWI1,67
LT13C2000V,67
LT13CBBMIV,73
LT13CBBSIV,73
LT13CBBSIV1,73
LT13CBBWIV,73
LT13CBBWIV1,73
LT13DBBDIV,73
LT13DBBWIV,73
LT1430CNR,340
LT1433CNR,339
LT1434CNR,339
LT143CNR,339
LT1452BBGL,67
LT1452BHSL,67
LT1452BHWL,67
LT1472BBVI,61
LT1472BBWI,61
LT14CBBDIV,67
LT14CBBWIV,67
LT1522BHSL,66
LT1522BHWL,66
LT1522JBSI,66
LT1522JBWI,66
LT1522JHSL,66
LT1522JHWL,66
LT15CBBMIV,67
LT15CBBSIV,67
LT15CBBSLN,67
LT15CBBWIV,67
LT15CBBWLN,67
LT15DBBDIV,67
LT15DBBWIV,67
LT15GBBDIN,67
LT15GBBWIN,67
LT16GBBSHM,67
LT1712BBVI,60
LT1712BBWI,60
LT1712BHSL,61
LT1712BHWL,61
LT17CBBSIN,80
LT17CBBWIN,80
LT17HBHSLN,66
LT17HBHWLN,66
LT1822BBSI,42
LT1822BBVI,42
LT1822BBWI,42
LT1822BHGL,42
LT1822JBSI,42
LT1822JHSL,42
LT18CBBMIV,65
LT18CBBSIN,61
LT18CBBSLN,61
LT18CBBWIN,61
LT18CBBWLN,61
LT18DDBSIV,52
LT18NBBSIV,65
LT18NBBWIV,65
LT18S1100S,52
LT18S1100W,52
LT18S1200S,52
LT18S2100S,52
LT18S2100W,52
LT19CBBMIN,55
LT19CBBSIN,55
LT19CBBSLN,55
LT19CBBWIN,55
LT19CBBWLN,55
LT19HBHSIN,55
LT19HBHSLN,55
LT19HBHWIN,55
LT19HBHWLN,55
LT2062BBVI,51
LT2062BBWI,51
LT2062BHVL,51
LT2062BHWL,51
LT20CBBVIN,39
LT20CBBVIV,39
LT20CBBWIN,39
LT2192BBWI,51
LT2192BHVL,51
LT2192BHVL1,51
LT2192BHWL,51
LT2192BHWL1,51
LT2192BLVI,51
LT22CBBSIN,51
LT22CBBSLN,51
LT22CBBWIN,51
LT22CBBWLN,51
LT22HBHSIN,51
LT22HBHSLN,51
LT22HBHWIN,51
LT22HBHWLN,51
LT2302BBVI,26
LT2302BBWI,26
LT23BPP,101
LT23CBBMIV,51
LT24CBBVLH,32
LT24CBBVLN,26
LT24CBBWLH,32
LT24CBBWLN,26
LT29BPP,90
LT29BPPX,88
LT29BPW,88
LT29WPP,88
LT29WPPX,88
LT32BPP,73
LT32BPPX,73
LT32BPW,73
LT32WPP,73
LT32WPP2,73
LT32WPPX,73
LT32WPW,73
LT39BPP,67
LT39WPP,67
LT41AGD,67
LT41AGDX,67
LT41AGP,67
LT41AGPX,67
LT41BGP,67
LT41BGPX,67
LT41BGW,67
LT41MDP,67
LT41SGDX,67
LT41SGK,67
LT41SGP,67
LT41SGPX,67
LT41WGP,67
LT41WGPX,67
LT43BGP,67
LT43SGP,67
LT43WGP,67
LT44AGD,66
LT44AGP,66
LT44BGP,66
LT44MDP,66
LT44MGP,66
LT44SGD,66
LT44SGP,66
LT44WGP,66
LT47BGP,66
LT47MDP,66
LT47SGP,66
LT47WGP,66
LT500P,2160
LT500PC,17280
LT51BPB,42
LT51MDP,42
LT51SGD,55
LT51SGP,55
LT57AWT,39
LT57BPSX,39
LT57BT,39
LT57BWB,39
LT600P,2160
LT600PC,15552
LT662BBWI,122
LT700PC,34560
LT762BBWI,96
LT800P,45360
LT800PC,10800
LT822BBSI,87
LT822BBWI,87
LT832BBSI,91
LT832BBWI,91
LT832BBWL,101
LT9CBBSIN,80
LT9CBBSIVN,97
LTAB2861CL,182
LTAC1260CL,600
LTAC286FLA0,196
LTAD3680CL,144
LTAD4880CL,144
LTAE2460CL,378
LTB18S,5760
LTB18S-01,5760
LTB18S-01C,5760
LTB18SC,5760
LTB21BLMD,121
LTB21BLMI,121
LTB21SVMD,121
LTB26BLM,92
LTB26SVM,92
LTB31BLM,74
LTB31BLMA,74
LTB33BLG,73
LTB33BLMA,73
LTB355PLMB,97
LTB395PFSB,92
LTB46BLG,65
LTB50S,6144
LTB50S-02C,6144
LTB50S-DMC,6144
LTB50S-MX,6144
LTB50S-MXC,6144
LTB50SC,6144
LTBB2861CL,171
LTBC1260CL,312
LTBC286FLA0,114
LTBD3680CL,140
LTBD4880CL,110
LTBE2460CL,171
LTC19340SB,42
LTC19340ST,42
LTC19340SW,42
LTC19350SS,42
LTC19350WH,42
LTC20380SB,40
LTC20380ST,40
LTC20380SW,40
LTC22350AL,41
LTC22350SS,41
LTC22350ST,41
LTC22350SW,41
LTC22350WH,41
LTC22351ST,41
LTC22351SW,41
LTC24380SB,24
LTC24380ST,24
LTC24380SW,24
LTC752HFCM,55
LTC752HQCM,55
LTC752SGGM,42
LTCS20020B,39
LTCS20020P,39
LTCS20020S,39
LTCS20020V,39
LTCS20020W,39
LTCS20030S,39
LTCS20040S,40
LTCS20120P,40
LTCS20120S,40
LTCS20120W,40
LTCS20220B,39
LTCS20220S,39
LTCS20220W,39
LTCS24223B,26
LTCS24223D,26
LTCS24223S,26
LTCS24223W,26
LTD31BLM,74
LTD33BLM,73
LTD37BLM,67
LTD46BLM,65
LTD46BLMA,65
LTD46SVMA,65
LTE4815BD,84
LTE4815BM,84
LTE4815ST,84
LTEL7337D,84
LTG4715BD,84
LTG4715BM,84
LTG4715ST,84
LTH852HLHM,51
LTIS7338XE,84
LTN16385PL,60
LTN19312SW,40
LTN19315SB,42
LTN19315ST,42
LTN19315SW,42
LTN1932ST,42
LTN1935SW,42
LTN19415ST,42
LTN19415SW,42
LTNB2460CL,156
LTNB2460HL,156
LTNB2861CL,182
LTNB2861HL,182
LTNB3621CL,182
LTNB3660HL,182
LTNB3680CL,182
LTNC08121V,89
LTNC11121V,72
LTNC11131V,73
LTNC1220AA,600
LTNC1260BA,600
LTNC1260CA,600
LTNC1260CL,600
LTNC1260HL,600
LTNC1262HL,600
LTNC182ELA0,378
LTNC182ELE0,432
LTNC182QLE0,432
LTNC182QLE1,432
LTNC186ELA0,378
LTNC186ELE0,432
LTNC186ELE1,432
LTNC186ELF0,432
LTNC186FLE0,196
LTNC242ELA0,432
LTNC242ELE0,432
LTNC242PLE0,234
LTNC242PLE1,234
LTNC242QLE0,432
LTNC246ELE0,432
LTNC246ELF0,432
LTNC246FLE0,196
LTNC246HLE1,216
LTNC246HLF1,216
LTNC282PLE0,234
LTNC286FLA0,196
LTNC286FLE0,196
LTNC286HLE1,216
LTNC302FLA0,196
LTNC302FLE0,196
LTNC302NLE1,208
LTNC302PLE0,234
LTNC332NLE0,208
LTNC332NLE1,208
LTNC362DLA0,168
LTNC362DLA1,168
LTNC362DLC0,168
LTNC362DLE0,168
LTNC362NLE0,234
LTNC362NLE1,208
LTNC366DLE0,168
LTNC368DLA0,168
LTNC368DLE0,168
LTNC368DLE1,168
LTNC368DLF0,168
LTNC422DLA0,168
LTNC422DLE0,168
LTNC452MLE0,182
LTNC462MLE1,182
LTNC482DLE0,168
LTNC482MLE0,182
LTNC482MLE1,182
LTNC488DLA0,168
LTNC488DLE0,168
LTNC488DLE1,168
LTNC488MLF0,182
LTNC48BDLA0,168
LTNC48BDLE0,168
LTNC48BMLE0,182
LTNC512MLE0,182
LTNC512MLE1,182
LTNC52BMLE0,182
LTNC548DLA0,168
LTNC548DLE0,168
LTNC548DLE1,168
LTNC548DLE2,168
LTNC602DLA0,168
LTNC602DLE0,168
LTNC602MLE0,182
LTNC602MLE1,182
LTNC609DLE0,168
LTNC60BDLA0,168
LTNC60BDLE0,168
LTNC60BMLE0,182
LTND2860RJ,168
LTND2862RL,144
LTND3660CA,168
LTND3660CL,168
LTND3680CA,168
LTND3680CL,168
LTND3680HL,168
LTND3681FJ,168
LTND3681RJ,168
LTND3682HL,168
LTND4820CL,168
LTND4880CA,168
LTND4880CL,168
LTND4880HL,168
LTND4881FJ,168
LTND4881RJ,168
LTND4882CL,168
LTND4882HL,144
LTND5480CA,168
LTND5480HA,168
LTND5480HL,168
LTNE1260FA,378
LTNE1260RA,378
LTNE1260RL,378
LTNE1860CL,378
LTNE1860FJ,378
LTNE1860HL,378
LTNE1862CL,378
LTNE2460CA,378
LTNE2460CL,378
LTNE2460FJ,378
LTNE2460FL,432
LTNE2460HL,432
LTNE2460RJ,378
LTNE2462CL,378
LTNE2462HL,378
LTNH182ELA0,378
LTNH182QLE0,432
LTNH182QLE1,432
LTNH186ELA0,378
LTNH186ELE0,432
LTNH186ELE1,432
LTNH186ELF0,432
LTNH186ELF1,432
LTNH242ELA0,378
LTNH242ELE0,432
LTNH242PLE0,234
LTNH242PLE1,234
LTNH242QLE0,432
LTNH246ELE0,432
LTNH246ELF0,432
LTNH246FLF0,196
LTNH246HLE1,216
LTNH246HLF1,216
LTNH282PLE0,234
LTNH282PLE1,234
LTNH286FLA0,196
LTNH286FLE0,196
LTNH286FLF0,196
LTNH286HLE1,216
LTNH286HLF1,216
LTNH302FLA0,196
LTNH302FLE0,196
LTNH302NLE1,208
LTNH302PLE0,234
LTNH332NLE0,208
LTNH332NLE1,208
LTNH362DLA0,168
LTNH362DLA1,168
LTNH362DLE0,168
LTNH362NLE0,208
LTNH362NLE1,208
LTNH366DLE0,168
LTNH366DLF0,168
LTNH368DLE0,168
LTNH368DLE1,168
LTNH368DLF0,168
LTNH368DLF1,168
LTNH422DLA0,168
LTNH422DLE0,168
LTNH452MLE0,182
LTNH482DLA0,168
LTNH482DLE0,168
LTNH482MLE0,182
LTNH482MLE1,182
LTNH488DLE0,168
LTNH488DLE1,168
LTNH488DLF0,168
LTNH488DLF1,168
LTNH48BDLA0,168
LTNH48BDLE0,168
LTNH48BMLE0,158
LTNH512MLE0,182
LTNH52BMLE0,182
LTNH548DLE0,168
LTNH548DLE1,168
LTNH548DLE2,168
LTNH548DLF0,168
LTNH548DLF1,168
LTNH602DLE0,168
LTNH602MLE0,182
LTNH602MLE1,182
LTNH60BDLA0,168
LTNH60BDLE0,168
LTNQ1000SM,182
LTNQ1000SMJ,182
LTNQ1300SMJ,182
LTNQ1450SM,182
LTNQ1450SMJ,182
LTNQ600SP,260
LTNQ600SPJ,234
LTNQ720SN,182
LTNQ720SNJ,208
LTNQ720ST,320
LTNQ900SM,158
LTNQ900SMJ,158
LTNS16121V,60
LTNS20220D,40
LTNS20220S,40
LTNS20220W,40
LTNW1003SN,234
LTNW1003SNJ,234
LTNW1100SM3,182
LTNW1103N3J,182
LTNW1103SN,234
LTNW1103SNJ,234
LTNW1303M3J,158
LTNW1303SM3,182
LTNW1453SM3,182
LTNW1454SM3,182
LTNW403SU,440
LTNW603SP,216
LTNW603SPJ,216
LTNW723SP,260
LTNW723SPJ,260
LTNW903SM,158
LTNW903SN,234
LTNW903SNJ,234
LTT01F,23040
LTT1041BBW1,90
LTT161BBWI,580
LTT331BBWI,286
LTT331BBWR,288
LTT461BBWI,266
LTT581BBSI,160
LTT581BBSI1,160
LTT581BBWI,160
LTT581BBWI1,160
LTT701BBTR,108
LTT7CBBSI,159
LTT7CBBWI,159
LTUB2460CL,171
LTUB2460HL,171
LTUB2861CL,171
LTUB2861HL,171
LTUB3680CL,140
LTUC1260BA,316
LTUC1260CA,316
LTUC1260CL,316
LTUC1260HL,316
LTUC1262HL,316
LTUC182ELA0,171
LTUC182ELE0,171
LTUC182QLE0,272
LTUC182QLE1,272
LTUC186ELA0,171
LTUC186ELE0,171
LTUC186ELE1,272
LTUC186ELF0,171
LTUC186FLE0,171
LTUC242ELA0,171
LTUC242ELE0,171
LTUC242PLE1,272
LTUC242QLE0,272
LTUC246ELE0,171
LTUC246ELF0,171
LTUC246FLE0,171
LTUC246HLE1,171
LTUC246HLF1,171
LTUC282PLE0,171
LTUC286FLA0,171
LTUC286FLE0,171
LTUC286HLE1,171
LTUC302FLA0,171
LTUC302FLE0,171
LTUC302NLE1,171
LTUC302PLE0,171
LTUC332NLE0,171
LTUC332NLE1,186
LTUC362DLA0,171
LTUC362DLA1,171
LTUC362DLC0,171
LTUC362DLE0,171
LTUC362NLE0,171
LTUC362NLE1,114
LTUC366DLE0,171
LTUC368DLA0,140
LTUC368DLE0,140
LTUC368DLE1,114
LTUC368DLF0,140
LTUC422DLA0,110
LTUC422DLE0,110
LTUC452MLE0,114
LTUC462MLE1,110
LTUC482DLE0,110
LTUC482MLE0,114
LTUC482MLE1,110
LTUC488DLE0,110
LTUC488DLE1,110
LTUC48BDLA0,110
LTUC48BDLE0,110
LTUC48BMLE0,110
LTUC512MLE0,110
LTUC512MLE1,110
LTUC52BMLE0,110
LTUC548DLA0,110
LTUC548DLE0,110
LTUC548DLE1,110
LTUC548DLE2,110
LTUC602DLA0,110
LTUC602DLE0,110
LTUC602MLE0,110
LTUC602MLE1,110
LTUC609DLE0,110
LTUC60BDLA0,110
LTUC60BDLE0,110
LTUC60BMLE0,110
LTUD2860RJ,171
LTUD3660CA,171
LTUD3660CL,171
LTUD3680CL,140
LTUD3680HL,140
LTUD3680RJ,171
LTUD3681FJ,171
LTUD3681RJ,171
LTUD3682HL,140
LTUD4820CL,110
LTUD4880CA,110
LTUD4880CL,110
LTUD4880HL,110
LTUD4881FJ,110
LTUD4881RJ,110
LTUD4882CL,140
LTUD4882HL,110
LTUD5480CA,110
LTUD5480CL,110
LTUD5480HA,110
LTUD5480HL,110
LTUE1260FA,316
LTUE1260RL,316
LTUE1860CL,171
LTUE1860FA,171
LTUE1860HL,171
LTUE1862CL,171
LTUE2460CA,171
LTUE2460CL,171
LTUE2460FL,171
LTUE2460HL,171
LTUE2462CL,171
LTUE2462HL,171
LTUH182ELA0,171
LTUH182ELE0,171
LTUH182QLE0,272
LTUH182QLE1,272
LTUH186ELA0,171
LTUH186ELE0,171
LTUH186ELE1,272
LTUH186ELF0,171
LTUH186ELF1,272
LTUH242ELA0,171
LTUH242ELE0,171
LTUH242PLE0,272
LTUH242PLE1,171
LTUH242QLE0,272
LTUH246ELE0,171
LTUH246ELF0,171
LTUH246FLF0,171
LTUH246HLE1,171
LTUH246HLF1,171
LTUH282PLE0,171
LTUH282PLE1,171
LTUH286FLA0,171
LTUH286FLE0,171
LTUH286FLF0,171
LTUH286HLE1,171
LTUH286HLF1,171
LTUH302FLA0,171
LTUH302FLE0,171
LTUH302NLE1,171
LTUH302PLE0,171
LTUH332NLE0,171
LTUH332NLE1,171
LTUH362DLA1,171
LTUH362DLE0,171
LTUH362NLE0,171
LTUH362NLE1,114
LTUH366DLE0,140
LTUH366DLF0,140
LTUH368DLE0,140
LTUH368DLE1,114
LTUH368DLF0,140
LTUH368DLF1,114
LTUH422DLA0,110
LTUH422DLE0,110
LTUH452MLE0,114
LTUH482DLA0,110
LTUH482DLE0,110
LTUH482MLE0,110
LTUH482MLE1,110
LTUH488DLE0,110
LTUH488DLE1,110
LTUH488DLF0,110
LTUH488DLF1,110
LTUH48BDLA0,110
LTUH48BMLE0,110
LTUH512MLE0,110
LTUH52BMLE0,110
LTUH548DLE0,110
LTUH548DLE1,110
LTUH548DLE2,110
LTUH548DLF0,110
LTUH548DLF1,110
LTUH602DLE0,110
LTUH602MLE0,110
LTUH602MLE1,110
LTUH60BDLA0,110
LTUQ1450SM,102
LTUQ1450SMJ,102
LTUQ600SP,316
LTUQ720SN,171
LTUQ720ST,171
LTUQ900SM,104
LTUQ900SMJ,104
LTUW1003SN,102
LTUW1003SNJ,102
LTUW1103N3J,102
LTUW1103SN,102
LTUW1103SN3,102
LTUW1103SNJ,102
LTUW603SPJ,186
LTUW903SN,102
LTUW903SNJ,102
LTWS24223S,32
LUCKY12,260
LUCKY17,242
LUCKY22,146
LUCKY28,105
LUDP8908SN,142
LUDP8997SN,140
LUPXC2386N,28
LUPXS3186N,24
LUTD4919SN,84
LUTE4619SN,84
LUTG4519SN,84
LUU090HV,288
LUU097HV,316
LUU120HV,288
LUU127HV,316
LUU180HHV,104
LUU180HV,104
LUU187HV,110
LUU188HV,110
LUU189HV,110
LUU240HHV,104
LUU240HV,104
LUU247HV,110
LUU248HV,110
LUU249HV,110
LUU360HHV,52
LUU360HV,52
LUU367HV,52
LUU368HV,52
LUU369HV,52
LUU420HHV,52
LUU420HV,52
LUU426HV,52
LUU427HV,52
LUU428HV,52
LUU480HHV,52
LUU480HV,52
LUU488HV,52
LUU601HV,52
LUUC362B,171
LUUC602B,110
LUUH602B,110
LUV200R,560
LUV250C,666
LUV300B,560
LUV400T,560
LUWD1CW,255
LUWM101HWA,102
LV105NB,1200
LVAB1864CL,219
LVAB2860CL,219
LVBB1864CL,171
LVBB2860CL,171
LVF0800PBPC,161
LVF0900PBGB,161
LVF0900PBGC,161
LVMB1821HL,219
LVMB2421CL,219
LVMB2421HL,219
LVMB3020CL,219
LVMB3020HL,219
LVN120HCV,152
LVN180HV4,152
LVN181HV4,152
LVN240HV4,152
LVN241HV4,152
LVN300HCV,152
LVN360HV4,51
LVN361HV4,152
LVN420HV,51
LVN480HV,51
LVN600HV,51
LVNB1821AL,219
LVNB1821BL,219
LVNB1821CL,219
LVNB1860FL,219
LVNB1864BL,219
LVNB1864CL,219
LVNB1864HL,219
LVNB2421AL,219
LVNB2421CL,219
LVNB2460FL,219
LVNB2464BL,219
LVNB2464CL,219
LVNB2464HL,219
LVNB2860CL,219
LVNB2860HL,219
LVNB3020CL,219
LVNB3020HL,219
LVNC182BLA3,201
LVNC182BLB3,201
LVNC182JLA0,264
LVNC186BLA0,219
LVNC242BLA0,219
LVNC242BLA3,201
LVNC242BLB3,201
LVNC242JLA0,264
LVNC302BLA3,201
LVNC302BLB3,201
LVNC3621AL,156
LVNC3621HL,156
LVNC362FLA0,162
LVNC362KLA0,192
LVNC362KLA3,192
LVNC362KLAB,192
LVNC362KLB3,192
LVNC3681CL,219
LVNC3681HL,156
LVNC368KLB0,192
LVNC422FLA0,160
LVNC482GLA0,129
LVNC482LLA1,152
LVNC488LLA0,152
LVNC488LLA1,152
LVNC488LLB0,152
LVNC602HLA0,129
LVNC602LLA0,152
LVNC602LLA1,152
LVNC602LLA2,152
LVNC602LLA3,152
LVNC602LLAB,152
LVNC602LLB3,152
LVNC608LLA0,152
LVNC608LLA1,152
LVNC608LLB0,152
LVNC60BLLA0,152
LVND4821AL,108
LVND4821HL,108
LVND4881CL,108
LVND4881HL,219
LVND6081CL,219
LVND6081HL,219
LVNH182BLA3,201
LVNH182BLB3,201
LVNH186BLA0,201
LVNH242BLA0,219
LVNH242BLA3,201
LVNH242BLB3,201
LVNH246BLA0,219
LVNH302BLA3,201
LVNH302BLB3,201
LVNH362KLA1,192
LVNH362KLA3,192
LVNH362KLB3,192
LVNH368KLA0,192
LVNH368KLB0,192
LVNH488LLA0,152
LVNH488LLB0,152
LVNH602HLA0,129
LVNH602LLA1,152
LVNH602LLA3,152
LVNH602LLAB,152
LVNH602LLB3,152
LVNH608LLA0,152
LVNH608LLB0,152
LVSF0230,56
LVUB1821AL,171
LVUB1821BL,171
LVUB1821CL,171
LVUB1860FL,171
LVUB1864BL,171
LVUB1864CL,171
LVUB1864HL,171
LVUB2421AL,171
LVUB2421CL,171
LVUB2460FL,171
LVUB2464BL,171
LVUB2464CL,171
LVUB2464HL,171
LVUB2860CL,171
LVUB2860HL,171
LVUB3020CL,171
LVUB3020HL,171
LVUC182BLA3,288
LVUC182BLB3,288
LVUC182JLA0,272
LVUC186BLA0,272
LVUC242BLA0,171
LVUC242BLA3,171
LVUC242BLB3,171
LVUC242JLA0,272
LVUC302BLA3,171
LVUC302BLB3,171
LVUC3621HL,140
LVUC362FLA0,171
LVUC362KLA0,171
LVUC362KLA3,114
LVUC362KLB3,114
LVUC3681CL,140
LVUC3681HL,140
LVUC368KLB0,114
LVUC422FLA0,110
LVUC482GLA0,110
LVUC482LLA1,110
LVUC488LLA0,110
LVUC488LLA1,110
LVUC488LLB0,110
LVUC602HLA0,110
LVUC602LLA0,110
LVUC602LLA1,110
LVUC602LLA2,110
LVUC602LLA3,110
LVUC602LLB3,110
LVUC608LLA0,110
LVUC608LLA1,110
LVUC608LLB0,110
LVUC60BLLA0,110
LVUD4821AL,110
LVUD4821HL,110
LVUD4881CL,140
LVUD4881HL,140
LVUD6081CL,140
LVUD6081HL,55
LVUH182BLA3,272
LVUH182BLB3,272
LVUH186BLA0,272
LVUH242BLA0,171
LVUH242BLA3,114
LVUH242BLB3,114
LVUH246BLA0,171
LVUH302BLA3,114
LVUH302BLB3,114
LVUH362KLA1,114
LVUH362KLA3,114
LVUH362KLB3,114
LVUH368KLA0,114
LVUH488LLA0,110
LVUH488LLB0,110
LVUH48BGLA0,110
LVUH602HLA0,110
LVUH602LLA1,110
LVUH602LLA3,110
LVUH602LLB3,110
LVUH608LLA0,110
LVUH608LLB0,110
LW-808D,420
LW-C056,420
LW-C1260BC,420
LW-C1261QC,285
LW-C1262BC,285
LW-C1262QC,300
LW-G0760BC,420
LW-G0960BC,420
LW-G0961QC,420
LW-M1860BC,192
LW-M1861QC,192
LW-M1862BC,192
LW-M1862QC,192
LW-M2462QC,192
LW-N1865QC,176
LW-N1866QC,218
LW1010ER,300
LW1011CR,340
LW1011ER,420
LW1012ER,420
LW1013CR,340
LW1013ER,420
LW1014CR,340
LW1014ER,420
LW1015ER,420
LW1016ER,300
LW1017ERSM,300
LW1017ERSM1,612
LW1019IVSM,408
LW1022ERSM,300
LW1022FVSM,408
LW1022IVSM,408
LW1023ERSM,612
LW1023RSMY,612
LW1024RD,612
LW1024RSMX,612
LW1025R,700
LW1025RSM,700
LW1025RSMX,700
LW1025RSMY,700
LW1210ER,300
LW1210HR,300
LW1211ER,300
LW1212ER,300
LW1212HR,297
LW1213ER,300
LW1213HR,300
LW1214ER,300
LW1214HR,300
LW1215ER,420
LW1215HR,300
LW1216ER,300
LW1216HR,300
LW1217ERSM,300
LW1217ERSM1,300
LW1221HRSM,285
LW1221IVSM,240
LW1222ERSM,300
LW1222IVSM,255
LW1223ERSM,300
LW1223HR,300
LW1223HRSM,300
LW1223RSMY,300
LW1224IVSM,255
LW1224RD,300
LW1224RSMX,300
LW1424RD,300
LW1510ER,192
LW1511ER,192
LW1512ER,297
LW1512ERS,192
LW1513ER,192
LW1514ER,192
LW1515ER,192
LW1516ER,192
LW1517IVSM,240
LW1521ERSM,192
LW1521ERSM1,300
LW1521IV,255
LW1522ERSM,192
LW1522FVSM,255
LW1522IVSM,255
LW1523ERSM,300
LW1810HR,176
LW1811ER,192
LW1812ER,255
LW1812HR,176
LW1813ER,192
LW1813HR,176
LW1814ER,192
LW1814HR,176
LW1815ER,192
LW1815HR,176
LW1816ER,192
LW1816HR,176
LW1817IVSM,192
LW1821ERSM,192
LW1821HRSM,168
LW1822ERSM,192
LW1822IVSM,192
LW1823ERSM,192
LW1823HR,207
LW1823HRSM,207
LW1824RD,192
LW2217IVSM,192
LW2410HR,176
LW2412ER,192
LW2412HR,176
LW2413HR,176
LW2414HR,176
LW2415HR,176
LW2416HR,176
LW2421HRSM,168
LW2422IVSM,192
LW2423HR,207
LW2423HRSM,207
LW2511ER,192
LW2512ER,192
LW2513ER,192
LW2514ER,192
LW2515ER,192
LW2516ER,192
LW2521ERSM,192
LW2521ERSM1,192
LW2522ERSM,192
LW2522RSMY,192
LW2523ERSM,192
LW2524RD,192
LW5011,1000
LW5012,1000
LW5012J,950
LW5013,1000
LW5014,1000
LW5015E,840
LW5016,840
LW5023,955
LW5023Y,840
LW5024,1103
LW5024X,1103
LW5025R,1103
LW6012ER,644
LW6013ER,644
LW6014ER,644
LW6015ER,644
LW6016R,644
LW6016RY6,644
LW6017R,840
LW6018ER,528
LW6019ER,528
LW6023IVSM,408
LW6023R,840
LW6024R,1103
LW6024RSMX,1103
LW6024RY,1103
LW6511R,644
LW7010HR,419
LW7012HR,419
LW7013HR,419
LW7014HR,419
LW8010ER,523
LW8011ER,523
LW8012ER,523
LW8012ERJ,823
LW8013ER,523
LW8014ER,523
LW8015ER,523
LW8015HR,419
LW8016ER,528
LW8016HR,420
LW8017ERSM,528
LW8017ERSM1,612
LW8018ER,300
LW8019ER,300
LW8021HRSM,420
LW8021IVSM,408
LW8022ERSM,528
LW8022IVSM,408
LW8023ERSM,528
LW8023HR,420
LW8023HRSM,420
LW8023RSMY,612
LW8024IVSM,255
LW8024R,700
LW8024RD,612
LW8024RSM,700
LW8024RSMX,700
LW8024RSMY,700
LWA09C1AF1,420
LWA12G2RDE1,285
LWA18G2RDE1,192
LWA19H1DT1,192
LWC076GBAA0,419
LWC076GGAA0,419
LWC093GSAA0,419
LWC0960AHG,300
LWC0960PHG,300
LWC0961ABG,300
LWC0961AHG,300
LWC0961PBG,300
LWC0961PHG,300
LWC096GBAA0,419
LWC096GGAA0,419
LWC096GGMK0,419
LWC1031DAG,300
LWC1031DAS,300
LWC1031QAG,300
LWC1031QAS,300
LWC1213ACG,300
LWC122CGAB1,300
LWC122CGAB3,300
LWC1230PCG,300
LWC1230PCM,300
LWC1232DAG,300
LWC1232DAS,300
LWC1232QAG,300
LWC1232QAS,300
LWC123CBMM1,300
LWC1260ACG,300
LWC1260ACM,300
LWC1260ACN,300
LWC1260AFG,300
LWC1260AHG,300
LWC1260PCG,300
LWC1260PFG,300
LWC1260PHG,300
LWC1262ABG,300
LWC1262ACG,300
LWC1262ACN,300
LWC1262AHG,300
LWC1262BAG,300
LWC1262BCG,300
LWC1262PAG,300
LWC1262PBG,300
LWC1262PCG,300
LWC1262PCN,300
LWC1262PHG,300
LWC1264AAG,300
LWC1264AAN,300
LWC1264ABG,300
LWC1264ACG,300
LWC1264AHG,300
LWC1264BAG,300
LWC1264PAG,300
LWC1264PAN,300
LWC1264PBG,300
LWC1264PCG,300
LWC1264PHG,300
LWC1264QAG,300
LWC126CBAB1,300
LWC126CBMK0,340
LWC126CBMM1,300
LWC126CGAB0,300
LWC152MFAB3,236
LWC182MFAB1,236
LWC182MGAB0,236
LWC182MGMM0,236
LWC182MPAB0,236
LWC182NBAB4,218
LWC182NBAB7,218
LWC182NBMM4,218
LWC182NBMM7,218
LWC182NFAB3,218
LWC182NFAB6,218
LWC182NGAB4,218
LWC182NGAB7,218
LWC182NSAB7,218
LWC182PLAB0,236
LWC182PLMM0,236
LWC183MNMM2,236
LWC186MGAB0,236
LWC186MGMM0,236
LWC186MSAB0,236
LWC186MSAB2,236
LWC186MSMM2,192
LWC186NBAB3,218
LWC186NBAB4,218
LWC186NBAB7,218
LWC186NBAB9,218
LWC186NBABA,218
LWC186NBMM4,218
LWC186NBMM7,218
LWC186NBMMA,218
LWC186NGAB5,218
LWC186NSMM9,218
LWC206NBAB0,218
LWC206NBMM0,218
LWC212MFAB1,236
LWC212MGAB0,236
LWC212MGMM0,236
LWC212MPAB0,236
LWC212NBAB4,218
LWC212NBAB7,218
LWC212NBMM4,218
LWC212NBMM7,218
LWC212NFAB3,218
LWC212NFAB6,218
LWC212NGAB4,218
LWC212NGAB7,218
LWC212NSAB7,218
LWC212PLAB0,218
LWC212PLMM0,218
LWC226NBAB3,218
LWC226NBAB4,218
LWC226NBAB5,218
LWC226NBAB7,218
LWC226NBAB9,218
LWC226NBMM3,218
LWC226NBMM4,218
LWC226NBMM7,218
LWC226NBMM9,218
LWC226NGMM0,218
LWC226NGMM3,218
LWC226NSAB2,218
LWC226NSMM2,218
LWC242NBAB4,218
LWC242NBAB7,218
LWC242NGAB0,218
LWC243NAMM2,218
LWC246NAABQ,218
LWC283TDMK2,192
LWC286THAA4,192
LWC3063BD,84
LWC3063ST,84
LWD3010ST,64
LWD3063BD,64
LWD3063ST,64
LWD3081ST,64
LWG0760ACG,419
LWG0760AFG,419
LWG0760PFG,419
LWG0760PHG,419
LWG0761AAG,419
LWG0761ACG,419
LWG0761AHG,419
LWG0761PHG,419
LWG0821DAS,419
LWG0960AAG,419
LWG0960ACG,419
LWG0960ACN,419
LWG0960AFG,419
LWG0960PAG,419
LWG0960PCG,419
LWG0960PFG,419
LWG0961AAG,419
LWH0560ACG,688
LWH096CBAA0,300
LWH096CGAA0,300
LWH122CGAB1,300
LWH126CBAA0,300
LWH126CBAB0,300
LWH152MFAB3,236
LWH182MFAB1,236
LWH182MGAB0,236
LWH182MGMM0,236
LWH182MPAB0,236
LWH182NAAB6,218
LWH182NBAB4,218
LWH182NBMM4,218
LWH182NFAB3,218
LWH182NGAB4,218
LWH182NSAB4,218
LWH182PLAB0,239
LWH186MSAB2,236
LWH186NBAB3,218
LWH186NBAB4,218
LWH186NBAB6,218
LWH186NBMM4,218
LWH186NBMM6,218
LWH186NGAB4,218
LWH186NGMM3,218
LWH212MFAB1,236
LWH212MGAB0,236
LWH212MGMM0,236
LWH212MPAB0,236
LWH212NBAB4,218
LWH212NBMM4,218
LWH212NFAB3,218
LWH212NGAB4,218
LWH212NSAB4,218
LWH226NBAB3,218
LWH226NBAB4,218
LWH226NBAB6,218
LWH226NBMM3,218
LWH226NBMM4,218
LWH226NBMM6,218
LWH226NGMM0,218
LWH246NAABQ,218
LWHD1009R,523
LWHD1209R,419
LWHD2400HR,176
LWHD2500ER,192
LWJ0561AAG,688
LWJ0561ACG,688
LWM1820BCP,236
LWM1820QCG,236
LWM1823ACG,236
LWM1823ACR,236
LWM1823AHR,236
LWM1834DKG,236
LWM1836BAG,236
LWM1836DAG,236
LWM1836DAS,236
LWM1836QAG,236
LWM1836QAS,236
LWM1860BFG,236
LWM1860QAG,236
LWM1860QCG,236
LWM1860QFG,236
LWM1861QBB,236
LWM2130QAG,236
LWM2260BCF,236
LWM2260QCG,236
LWN1860BCG,218
LWN1862BAG,218
LWN1862BAS,218
LWN1862BBG,218
LWN1862BHG,218
LWN1862QAG,218
LWN1862QBG,218
LWN1862QHG,218
LWN2260BFG,218
LWN2262BBG,218
LWN2262BHG,218
LWN2262QBG,218
LWN2262QHG,218
LWN2263BAG,218
LWN2263QAG,218
LWN2263QCG,218
LWN2433TCS,218
LWP-240S,408
LWP-240W,408
LWP-240WSP,408
LWP-245S,408
LWP-245W,408
LWP-250W,480
LWP-25N14,225
LWP-25N1C,240
LWP-25N24,210
LWP-25N2C,225
LWP-270B,450
LWP-270BK,270
LWP-270E,270
LWP-270EK,270
LWP-270W,450
LWP-270WSP,450
LWP-271B,450
LWP-271E,270
LWP-273B,270
LWP-273N,270
LWP-273NN,270
LWP-273NR,270
LWP-273NS,270
LWP-273NV,270
LWP-273NW,270
LWP-273R,270
LWP-273V,270
LWP-273W,270
LWP-277B,270
LWP-277BK,270
LWP-277M,270
LWP-277R,270
LWP-277S,270
LWP-277V,270
LWP-277V1,270
LWP-277VK,270
LWP-277W,270
LWP-277W1,270
LWP-277WK,270
LWP-279V,270
LWP-279VK,270
LWP-279W,270
LWP-279WK,270
LWP-27C0E,630
LWP-27C0W,630
LWP-27F05,270
LWP-27F0C,270
LWP-27F0E,450
LWP-27F0J,270
LWP-27F0K,270
LWP-27F0V,270
LWP-27F0W,450
LWP-290B,168
LWP-290BK,168
LWP-290E,168
LWP-290N,168
LWP-290NK,168
LWP-290S,168
LWP-290SK,168
LWP-290V,168
LWP-290VK,168
LWP-290W,168
LWP-290WK,168
LWP-291V,168
LWP-29S09,168
LWP-29S0H,168
LWS3010ST,126
LWS3063BD,126
LWS3063ST,126
LWS3081ST,126
LWT-MP32,12900
LY27S3240S,26
LYC093ALE36,200
LYC123ALE05,200
LYC123ALE36,200
LYC153ALE05,200
LYH093ALE36,200
LYH123ALA00,200
LYH123ALE05,200
LYH123ALE36,200
LYH153ALA00,200
LYH153ALE05,200
LZ-H0106BA0,378
LZ-H0152BA0,378
LZ-H015GBA6,192
LZ-H020GBA6,192
LZ-H0256BA0,252
LZ-H025GBA4,126
LZ-H0356BA1,126
LZ-H035GBA2,224
LZ-H035GBA4,126
LZ-H035GBA5,126
LZ-H0502BA0,126
LZ-H0506BA0,126
LZ-H050GBA2,126
LZ-H050GBA4,126
LZ-H050GBA5,126
LZ-H050GXH0,912
LZ-H050GXH4,32
LZ-H050GXN0,912
LZ-H050GXN4,32
LZ-H0806BA0,45
LZ-H0806BA1,45
LZ-H080GBA2,45
LZ-H080GBA4,45
LZ-H080GBA5,45
LZ-H080GXH0,912
LZ-H080GXH4,32
LZ-H080GXN0,912
LZ-H080GXN4,32
LZ-H1002BA0,45
LZ-H1006BA0,45
LZ-H1006BA1,45
LZ-H100GBA2,45
LZ-H100GBA4,45
LZ-H100GBA5,45
LZ-H100GXH0,912
LZ-H100GXH4,32
LZ-H100GXN0,912
LZ-H100GXN4,32
LZ-H1502BA0,18
LZ-H1506BA0,18
LZ-H150GBA2,18
LZ-H150GBA4,18
LZ-H150GBA5,16
LZ-H2002BA0,18
LZ-H2006BA0,18
LZ-H200GBA2,18
LZ-H200GBA4,18
LZ-H200GBA5,18
LZ-H501EBJ,45
M-2700S,240
M-35700W,252
M0427U35N5B,144000
M0527U25N51,201400
M0527U35N51,260700
M0540U25N51,201400
M0540U35N51,201400
M0550U35N51,201400
M0727U35N01,126000
M072HD,952
M0730U35N01,97200
M0827U25T5A,144000
M0827U35T5A,144000
M0830U25T5A,144000
M0830U35T5A,144000
M0840U25T5A,144000
M0840U35T5A,144000
M0850U25T5A,144000
M0850U35T5A,144000
M092CD,952
M092HD,952
M096EH,910
M096JH,780
M09AK,592
M09AWN-NB11,675
M09BSJ1,880
M09MN,592
M1096ND4,223
M10EJH,880
M11AAH,946
M11AJH,880
M11NJH,780
M122CB,432
M122CD,952
M122CR,756
M122HB,432
M122HD,952
M122HR,756
M126EH,675
M126JH,780
M1292QD1,159
M12AK,592
M12AWN-NB11,675
M12BSJ1,880
M12MN,592
M13AJH,880
M13EJH,880
M13NJH,780
M14AH,296
M14L2H,952
M1606BC0AD0,144000
M1606BC0ADA,144000
M1606BC3AD0,144000
M1607BC0AD1,144000
M1607BC0ADD,144000
M182CB,288
M182CD,637
M182CR,498
M182CX,288
M182HB,288
M182HD,637
M182HR,498
M182HX,288
M186EH,608
M186KH,504
M18AC,171
M18AH,171
M18AWN-NC11,488
M18BSK1,550
M18BSL1,550
M18L2H,952
M19AKH,550
M19EKH,550
M19NKH,504
M21AH,171
M21L2H,952
M242CB,216
M242CD,637
M242CR,498
M242CX,171
M242HB,216
M242HD,637
M242HR,498
M242HX,171
M246EH,608
M246KH,504
M24AKH,550
M24ASL,364
M24AWN-NC11,488
M24BSK1,550
M24EKHB,550
M24NKH,504
M271SW15,57
M272PR34BL,57
M272PR34BR,57
M272PR35BR,57
M272SW15,57
M276S,73
M276SB,73
M286S,73
M286SB,73
M287S,73
M287SB,73
M287SBM,73
M287SM,73
M288SB,73
M300S,73
M301S31,73
M30AH,114
M30L3H,952
M310SB1,73
M312MC13,73
M325SW,71
M326SE,54
M326SW,54
M327W,54
M327WE,54
M328SE,54
M328SN,60
M328SW,54
M328W,54
M333EP13,71
M333EV17,71
M333MB17,71
M333PY13,71
M341MC17,71
M341S13,71
M341S17,71
M341S43,71
M341S53,71
M341SN53,71
M342BE17,71
M344GBEVKC,71
M344MB14,71
M349SE,71
M349SN,71
M349SW,71
M359SE,71
M359SN,71
M359SW,71
M362CX,114
M362HX,114
M363CX,114
M363HX,114
M38AKH,322
M451MC53,62
M451MC93,62
M451PS53,62
M451S53,62
M451SS53,62
M455SW,62
M456GVW,62
M458GVW,62
M458M,62
M458MCB,71
M458P,62
M458SB,71
M458SW,62
M459M,62
M459P,62
M459S,62
M459SB1,71
M461MC19,62
M479MCB,62
M483CX,110
M483HX,110
M516AAA012,39
M516AAA032,39
M616AAA0J1,36
M616AAA0J1F,36
M616GBB0J1,36
M616GBB0J1F,36
M616GBB0M1,36
M616GBB0M1F,36
M616GGA0J1,36
M616GGA0J1F,36
M616GGA0M1,36
M616GGA0M1F,36
M616GNN3B2,36
M616GQQ0J1,36
M616GQQ0J1F,36
M616MQQ0M1,36
M616MQQ0M1F,36
M616MQR0M1,36
M616MQR0M1F,36
M622AAA352,36
M622AAA352F,36
M622FBS352,36
M622GBB352,36
M622GPB352,36
M622MWW352,36
M622SGS352,36
M622SMS352,36
M623AAA042,36
M623AAA052,36
M623AAA352,36
M623AAA372,36
M623GBB042,36
M623GBB052,36
M623GBB352,36
M623GBB372,36
M623GKB372,36
M623GNN092,36
M623GNN0A2,36
M623GNN392,36
M623GNN3A2,36
M623GTB052,36
M623GYW372,36
M623MGB042,36
M623MWW042,36
M623MWW052,36
M624GNN0A2,36
M624GNN3A2,36
M625AAA052,36
M625AAA352,36
M625GBB052,36
M625GBB352,36
M626AAA022,36
M626AAA022F,36
M626AAA032,36
M626AAA032F,36
M626AAA052,36
M626AAA052F,36
M626AAA332,36
M626AAA332F,36
M626AAA352,36
M626AAA352F,36
M626GBB022,36
M626GBB032,36
M626GBB032F,36
M626GBB052,36
M626GBB052F,36
M626GBB0J1,36
M626GBB352,36
M626GBB352F,36
M626GNN0B2,36
M626GNN3B2,36
M62BAAA332,36
M62BAAA332F,36
M62BAAA352,36
M62BAAA352F,36
M872AAA251,24
M872AAA252,24
M872AAA451,24
M872AAA452,24
M872AAA551,24
M872FBS451,24
M872GBB031,24
M872GBB041,24
M872GBB042,24
M872GBB151,24
M872GBB252,24
M872GBB451,24
M872GBB551,24
M872GBP042,24
M872GBP151,24
M872GPB041,24
M872GPB151,24
M872GPB252,24
M872GPB451,24
M872GPB551,24
M872GRC451,24
M872MBB041,24
M872MBG031,24
M872MBG041,24
M872MBG042,24
M872MBG151,24
M872MGB031,24
M872MGB042,24
M872MGB252,24
M872MGB452,24
M872MGG452,24
M872MWW031,24
M872MWW042,24
M872MWW451,24
M872SGS041,24
M872SGS151,24
M872SGS252,24
M872SGS451,24
M872SGS551,24
M873AAA012,24
M873AAA031,24
M873AAA032,24
M873AAA041,24
M873AAA062,24
M873AAA151,24
M873AAA152,24
M873AAA171,24
M873AAA251,24
M873AAA252,24
M873AAA272,24
M873AAA451,24
M873AAA452,24
M873AAA471,24
M873AAA472,24
M873AAA551,24
M873AAA572,24
M873GBB012,24
M873GBB041,24
M873GBB062,24
M873GBB151,24
M873GBB152,24
M873GBB171,24
M873GBB251,24
M873GBB252,24
M873GBB272,24
M873GBB451,24
M873GBB452,24
M873GBB471,24
M873GBB472,24
M873GBB551,24
M873GBB572,24
M873GBC472,24
M873GCB012,24
M873GCB452,24
M873GKB152,24
M873GKB171,24
M873GKB272,24
M873GPB251,24
M873GTB471,24
M873GTB572,24
M873MGB031,24
M873MGB032,24
M873MGB472,24
M873MGG452,24
M873MWW031,24
M873MWW032,24
M873MWW062,24
M873MWW272,24
M873SKV572,24
M874AAA031,24
M874AAA0M1,24
M874AAA151,24
M874AAA152,24
M874AAA161,24
M874AAA171,24
M874AAA1C1,24
M874AAA251,24
M874AAA252,24
M874AAA451,24
M874AAA452,24
M874AAA551,24
M874AAA562,24
M874AAA572,24
M874AAA5C2,24
M874GBB031,24
M874GBB151,24
M874GBB152,24
M874GBB161,24
M874GBB171,24
M874GBB1C1,24
M874GBB251,24
M874GBB252,24
M874GBB451,24
M874GBB452,24
M874GBB551,24
M874GBB562,24
M874GBB572,24
M874GBB5C2,24
M874GBC251,24
M874GCB452,24
M874GNN0A1,24
M874GNN3A1,24
M874GTB551,24
M874MHH031,24
M874MWW031,24
M875AAA021,24
M875AAA031,24
M875AAA061,24
M875AAA0M1,24
M875AAA172,24
M875AAA181,24
M875AAA231,24
M875AAA232,24
M875AAA282,24
M875AAA472,24
M875AAA582,24
M875GBB021,24
M875GBB181,24
M875GBB231,24
M875GBB232,24
M875GBB282,24
M875GBB472,24
M875GBB582,24
M875GCB232,24
M875GCB472,24
M875MHH021,24
M876AAA161,24
M876AAA181,24
M876AAA231,24
M876AAA232,24
M876AAA282,24
M876AAA472,24
M876AAA582,24
M876GBB131,24
M876GBB161,24
M876GBB181,24
M876GBB231,24
M876GBB232,24
M876GBB282,24
M876GBB431,24
M876GBB472,24
M876GBB582,24
M876GBC232,24
M876GBC472,24
M876GGA161,24
M876GGA181,24
M876GGA231,24
M876GGA431,24
M876GGG132,24
M876GNN0A1,24
M876GNN3A1,24
M876GQQ131,24
M876GQQ231,24
M876GQQ431,24
M876MQQ132,24
M876MQQ161,24
M876MQQ181,24
M970I,2450
M970IG,2450
M970P,2450
M970S,2450
M970V,2450
M971I,2450
M971V,2450
M9MASTER,2450
M9MAX,2450
MA-53LAJM,3600
MA09AH1,612
MA09AHE,612
MA09AHG,612
MA09AHH,612
MA09AHV,612
MA09R,612
MA12AH1,612
MA12AHE,612
MA12AHG,612
MA12AHH,612
MA12AHV,612
MA12R,612
MA3281G,454
MA3281GW,454
MA3281T,379
MA3281U,454
MA3858SCR,379
MA3858WCR,379
MA3882P,380
MA3882PQ,532
MA3882PS,380
MA3882Q,380
MA3882QC,380
MA3882QCS,380
MA3882QQ,532
MA3882QS,380
MA3882RC,379
MA3882RCW,379
MA3882RQ,532
MA3882RR,532
MA3884N,379
MA3884NAR,379
MA3884NCR,379
MA3884NGR,379
MA3884NH,532
MA3884NHR,532
MA3884V,379
MA3884VC,379
MA3884VCA,379
MA3884VCH,379
MA3884VCT,284
MA3884VGS,379
MA3884VH,532
MA3884VQS,379
MA3885SPS,379
MA3885SRB,379
MA3885SRS,379
MA3885SRW,379
MA57LDJM,3240
MA57LJJG,3240
MA57LKJG,3240
MA62LJJG,3240
MA69LJEG,3240
MA88LJJP,3240
MA921SBT,558
MA921SWT,558
MARUV200LT3,23
MARUV50LS2,52
MAZ64943201,25600
MAZ64943202,45360
MAZ64943203,3600
MAZ64943204,2600
MAZ64943205,4500
MB-3724V,1187
MB-3724W,1187
MB-3744U,1187
MB-3744V,1185
MB-3744W,1187
MB-3822E,1006
MB-3822G,1008
MB-3822R,992
MB-3827C,987
MB-3832E,992
MB-3837C,987
MB-3842E,1008
MB-3842ES,1003
MB-3842G,1008
MB-3922C,896
MB-3924JL,1185
MB-3924V,1187
MB-3924W,1185
MB-3924X,1185
MB-3928V,1185
MB-3929G,1187
MB-3929W,1187
MB-3929X,1187
MB-392T,895
MB-3944JL,1185
MB-3944V,1185
MB-3944X,1185
MB-3948V,1185
MB-3949G,1187
MB-3949W,1187
MB-3949X,1185
MB-394AA,896
MB-394W,992
MB-395T,895
MB-4022G,1008
MB-4022W,895
MB-4024B,839
MB-4027C,987
MB-4027K,987
MB-4029F,987
MB-4034B,839
MB-4042G,1008
MB-4042H,1003
MB-4047C,987
MB-4047K,987
MB-4049F,987
MB-4088W,987
MB-4135W,838
MB-4322A,839
MB-4322AH,839
MB-4322T,839
MB-4322W,835
MB-4323L,839
MB-4324B,768
MB-4334B,766
MB-4334BR,766
MB-4337AR,766
MB-4342A,835
MB-4343C,839
MB-4343L,835
MB-4344B,768
MB-4344BC,768
MB-4344BZ,768
MB-4346C,835
MB-4346W,835
MB-4352T,835
MB-4383L,796
MB-4384B,768
MB-4384BC,768
MB-4384BLC,987
MB-4387AR,768
MB0849F,987
MB09AHL,432
MB09AHL-N11,420
MB12AHL,432
MB18AH,294
MB18AHL,288
MB24AH,294
MB24AHL,270
MB3827CS,987
MB3847G,987
MB3920R,1192
MB3921C,1187
MB3921CS,1187
MB3922D,1185
MB3924JL,1185
MB3924U,1185
MB3924US,1185
MB3927K,987
MB3929G,1185
MB3940GS,1187
MB3940R,1192
MB3940RS,1192
MB3941C,1187
MB3941CS,1187
MB3942DS,1185
MB3942U,1187
MB3942US,1187
MB3944JL,1185
MB3944U,1185
MB3944W,1185
MB3947K,987
MB3949G,1187
MB4021C,1187
MB4021F,1187
MB4021U,1185
MB4022D,1187
MB4022DS,1187
MB4022G,1187
MB4022U,1187
MB4024JL,1185
MB4029F,987
MB4029FS,987
MB4041C,1187
MB4041CS,1187
MB4041F,1187
MB4041FE,1187
MB4041U,1187
MB4041US,1187
MB4042D,1187
MB4042DS,1187
MB4042DSY,1185
MB4042G,1187
MB4042U,1187
MB4043DAR,1185
MB4044JL,1187
MB4044JLY,1187
MB4047C,987
MB4047CS,987
MB4049F,987
MB4049FS,987
MB4049G,1185
MB4063AL,987
MB4088W,987
MB40M44V,1187
MB40R42DS,1185
MB4342BS,838
MB452CWH-G,70
MB452ULH-G,70
MB482ULH-G,70
MB482ULP-G,70
MB482ULS-G,70
MB482ULS-G1,70
MB482ULV-G,70
MB482US-G,70
MB482USV-G,70
MB482UWP-G,70
MB482UWS-G,70
MB482UWV-G,70
MB483US-G,70
MB572ULP-G,60
MB572ULS-G,60
MB572ULV-G,42
MB572US-G,42
MB572UWP-G,42
MB572UWS-G,60
MB582ULH-G,60
MB582ULV-G,60
MB582ULVA-G,60
MB582USV-G,42
MB582UV-G,42
MB582UWV-G,60
MB583UV-G,42
MB60F47V,1187
MB63R35GIB,1004
MB63R35GIH,1004
MB63W35GIB,1004
MB63W35GIH,1004
MB65R95CIR,1092
MB65R95DIS,1092
MB65R95GIH,1004
MB65W65DIR,1004
MB65W95DIS,1092
MB65W95GIH,1004
MC-156SH,432
MC-2686W,570
MC-2687W,560
MC-2688NW,560
MC-2688SL,560
MC-3080NW,492
MC-3081NS,492
MC-3081NSR,492
MC-3081SLC,492
MC-3087MRC,492
MC-3087W,492
MC-3088NW,492
MC-3089IXC,492
MC-3089NBC,492
MC-3180BL,390
MC-3180W,390
MC-3182NBR,390
MC-3183NBR,390
MC-3184SLC,390
MC-3186IXC,390
MC-7642E,574
MC-7643D,581
MC-7644A,574
MC-7644AS,574
MC-7644AT,574
MC-7644AT2,614
MC-7645B,560
MC-7645BS,560
MC-7645E,588
MC-7646A,574
MC-7646ES,574
MC-7646GQ,570
MC-7646UQ,581
MC-7647B,572
MC-7647BS,570
MC-767W,580
MC-767WS,581
MC-7682U,581
MC-7683D,581
MC-7684B,560
MC-7687PN,570
MC-7844N,504
MC-7844NL,504
MC-7844NR,614
MC-7844NRS,614
MC-7845M,504
MC-7880SL,570
MC-7884KLC,504
MC-7884N,504
MC-7884NC,504
MC-7884NJC,504
MC-7884NJR,504
MC-7884NLC,504
MC-7884NLCA,504
MC-7884WLC,504
MC-8044NLC,492
MC-8044NS,492
MC-8047AR,492
MC-8047ARS,492
MC-804W,560
MC-805CLR,560
MC-805DL,560
MC-806BJR,560
MC-806BLR,560
MC-807Q,560
MC-807QL,560
MC-807W,560
MC-807WR,560
MC-8083CL,560
MC-8083CLR,560
MC-8083D,560
MC-8083DR,560
MC-8083KL,560
MC-8083KLR,560
MC-8083MLR,567
MC-8083WLR,560
MC-8083XLR,560
MC-8084CLR,560
MC-8084KL,560
MC-8084WLC,560
MC-8087AR,492
MC-8087ARB,492
MC-8087ARC,614
MC-8087ARCS,492
MC-8087ARR,492
MC-8087ARRS,492
MC-8087ARS,492
MC-8087TR,504
MC-8087TRC,492
MC-8087TRR,492
MC-8087VRC,504
MC-8087VRR,492
MC-8088HLC,390
MC-8088HRB,390
MC-808NS,492
MC-808WAR,567
MC-8090SL,614
MC-8090WH,614
MC-809NC,492
MC-8280NB,492
MC-8280NBC,492
MC-8280NSR,492
MC-8280SLC,492
MC-8282SL,614
MC-8290NB,614
MC-8293NS,614
MC-8293W,492
MC-8294NB,614
MC-8296HNS,614
MC-8296SL,492
MC-8296W,492
MC-8299NS,614
MC-8483EC,462
MC-8483NL,462
MC-8483NLR,462
MC-8486NL,462
MC-9243JLR,432
MC-9243JLRZ,432
MC-9243JR,432
MC-924JLR,432
MC-924JR,432
MC-924JRZ,432
MC-9283JLR,432
MC-9283JR,432
MC07AHR,720
MC07AHV,720
MC09AHR,720
MC09AHV,720
MC1288TR,492
MC1288TRC,492
MC12AHR,720
MC12AHV,720
MC12Y3JM,486
MC1587GS,432
MC1587GSL,432
MC18AHR,540
MC18AHV,540
MC18Y3JM,432
MC2146BL,616
MC2146BP,616
MC24AHR,540
MC24AHV,540
MC24Y3J,234
MC2844EB,285
MC2846BLT,300
MC2846SL,342
MC2881SUS,285
MC2883SMP,285
MC2884SMB,1584
MC2886BRUM,342
MC3283AG,1584
MC3283FMPG,1584
MC3283PMPG,1584
MC3286BPUM,228
MC3286BRUM,228
MC36Y3J,182
MC3967ABC,513
MC61SR,558
MC61WR,558
MC62BCR,558
MC62SCR,558
MC62WCR,558
MC65BCR,513
MC65BR,513
MC65SCR,513
MC65WCR,513
MC65WR,513
MC7642E,574
MC7644AT1,574
MC7647B,581
MC7647BS,581
MC7685B,560
MC7687A,570
MC7687AR,560
MC7687ARB,560
MC7687ARC,560
MC7687ARCB,560
MC7687ARCK,570
MC7687ARCS,570
MC7687ARS,560
MC7687AS,570
MC7687P,570
MC7688AC,570
MC7846GQ,570
MC7846UQ,570
MC7847BS,581
MC7849H,574
MC7849HB,574
MC7849HS,574
MC7887A,581
MC7887AB,581
MC7887AS,581
MC7888ACB,570
MC7889D,570
MC7889DCS,570
MC7889DR,570
MC7889DS,570
MC7889M,570
MC8046NLC,492
MC8047AR,492
MC8080HLCS,390
MC8080HLS,390
MC8087AR,504
MC8087ARC,504
MC8087ARK,492
MC8087ARR,504
MC8087ARS,492
MC8087ARZ,504
MC8087MRS,492
MC8087TR,504
MC8087TRC,614
MC8087TRR,492
MC8087VRC,492
MC8087VRR,504
MC8088FR,492
MC8088FRC,492
MC8088FRR,492
MC8088HL,390
MC8088HLC,390
MC8088HR,390
MC8088HRB,390
MC8088HRC,390
MC8088HRS,390
MC8088PR,492
MC8180H,390
MC8180HC,390
MC8180HCK,390
MC8180HCS,390
MC8180HS,390
MC8188HRC,390
MC8189HRC,390
MC8284N,614
MC8284NS,614
MC8288FRC,492
MC8289BCR,614
MC8289BR,614
MC8289BRB,614
MC8289BRC,492
MC8289BRCS,614
MC8289BRD,614
MC8289BRK,492
MC8289BRS,614
MC8289BRZ,614
MC8289MR,492
MC8289TRC,492
MC8289UR,614
MC8289URC,614
MC9247BR,432
MC9247BRZ,432
MC9247UR,432
MC9247URZ,432
MC9280MCR,432
MC9280MR,432
MC9280MRZ,432
MC9280XC,432
MC9280XC1,432
MC9280XCR,432
MC9280XR,432
MC9280XRZ,432
MC9287B,432
MC9287BQ,432
MC9287UR,432
MD-0983FTL,616
MD-1243KCL,456
MD-2642GT,622
MD-2642KT,616
MD-2643G,598
MD-2643GT,612
MD-2644GT,612
MD-2653G,598
MD-2653GT,598
MD-2683FTL,783
MD-3248YZ,544
MD-3444C,783
MD-6652I,686
MD-6653GT,598
MD-6654F,602
MD07A,8800
MD07AG2,240
MD07P,100
MD09Y3JM,300
MD1148YZ,544
MD12Y3JM,420
MD12Y3JMA,300
MD1618,676
MD1619,676
MD161QBE0,495
MD161QBK1,495
MD161QBK3,495
MD161QPE0,483
MD161QPK1,468
MD161QPK3,483
MD16GQSA1,495
MD16GQSE0,495
MD16GQWE0,495
MD171QPE0,495
MD171QPK1,495
MD171QPK3,495
MD171QSE0,483
MD171QSK1,468
MD171QSK3,468
MD17GQSE0,495
MD181QGK1,468
MD181QWE0,483
MD181QWK1,468
MD181QWK3,468
MD18GQBE0,483
MD18Y3JM,270
MD18Y3JMA,300
MD191QCE0,483
MD191QEE0,468
MD191QGE0,483
MD191QGK1,468
MD191QGK2,468
MD19GQCE0,483
MD19GQGA1,483
MD19GQGE0,483
MD24Y3J,223
MD3248YZ,544
MD36Y3J,120
MD734SN,24
MD734WN,24
MDF62NS,26
MDF62W,26
MDI735DB,28
MDI765DB,24
MDN730NS,28
MDN73GS,28
MDN73NS,28
MDN73TS,28
MDN73W,28
MDN760SS,24
MDN76SS,24
MDN76W,24
MDN770LB,24
MDP860DB,24
MDP86DB,24
MDT1D242C,13824
MECA09HP0,303
MECA12HP0,303
MECA14HP0,303
MECA16HP0,303
MEZ64708104,10800000
MEZ64708105,10800000
MEZ64708106,10800000
MEZ64708107,10800000
MEZ64708108,10800000
MEZ64708109,10800000
MEZ64708110,10800000
MEZ64708111,10800000
MEZ64708112,10800000
MEZ64708113,10800000
MEZ64708114,10800000
MEZ64708115,10800000
MEZ64708204,23280000
MEZ64708205,23280000
MEZ64708206,23280000
MEZ64708207,23280000
MEZ64708208,23280000
MEZ64708209,23280000
MEZ64708210,23280000
MEZ64708211,23280000
MEZ64708212,23280000
MEZ64866504,23280000
MEZ64866505,23280000
MEZ64866506,23280000
MEZ64866604,10800000
MEZ64866605,10800000
MEZ64866606,10800000
MF-B664,36
MF10A,8800
MF10AG2,240
MF10P,400
MF18A,7062
MF18AG1,200
MF18P,400
MF2D85500W,211
MF2W8S506J,211
MF2W9S72YP,211
MF6540SFS,602
MF6543AFD,602
MF6543AFF,602
MF6543AFK,602
MF6543AFR,602
MF6543AFS,602
MF6543AFY,602
MF6546RFS,602
MF6549RFS,602
MF6549SFS,602
MF6580MRF,602
MF6587RFS,602
MF6588PRFR,602
MF6588PRFW,602
MFL67797701,5400000
MFL68041101,10800000
MG-3837C,987
MG-3937C,987
MG-486VL,1008
MG-5003M,827
MG-5003T,827
MG-5005DSV,682
MG-5021SV1,827
MG-5022T,827
MG-5033TV,827
MG-5052M,827
MG-5052T,827
MG-5502M,700
MG-5523TV,588
MG-553Q,695
MG-553T,695
MG-555F,622
MG-555T,695
MG-556Q,400
MG-557EJ,695
MG-557PL,695
MG-557Q,695
MG-5622E,665
MG-5624B,620
MG-5644B,602
MG-5644BZ,602
MG-567W,695
MG-5682NL,665
MG-5683FL,622
MG-5683FLB,665
MG-5684BC,602
MG-604V,615
MG-604W,615
MG-604WZ,615
MG-605A,615
MG-606BL,686
MG-607APR,651
MG-607W,615
MG-7243JZ,438
MG1043BARS,623
MG1043GARS,665
MG1043SARW,623
MG1443SARB,577
MG1443SARW,577
MG3035DS,839
MG3035DSA,839
MG3847G,987
MG3929G,1185
MG4027C,987
MG41S,838
MG41W,838
MG42B,1092
MG42S,1092
MG42W,1092
MG44S,623
MG44W,623
MG47SM,577
MG47WM,577
MG48B,738
MG48S,738
MG48W,738
MG5307DSV,584
MG5307MSV,584
MG5687UT,315
MG5887KIT,375
MG5887U,987
MG6088HLC,420
MG6088HRC,420
MG6338PB,838
MG6338PR,838
MG6339BB,795
MG6341LMS,795
MG6343BM,795
MG6343BMD,795
MG6343BMK,795
MG6343BMN,795
MG6343BMR,795
MG6343BMW,795
MG6343BMY,795
MG6349LM,795
MG6349LMS,795
MG6387ARS,766
MG6387ARWS,766
MG6388PB,838
MG6388PR,838
MG6389BS,795
MG7043SARB,623
MG7043SARS,623
MG7043SARW,623
MG7247BZ,438
MG7Z2593B,530
MG7Z2593BK,530
MG7Z2593D,530
MG7Z2593DK,530
MG8043SARB,577
MG8043SARS,577
MG8043SARW,577
MGBZ2593F,530
MH-1146SQP,602
MH-1147SQP,665
MH-1147WQP,665
MH-2025W,987
MH-2038IX,987
MH-2337W,766
MH-2380NS,766
MH-2381NBR,766
MH-2382NBC,672
MH-2387MRC,672
MH-3181WR,420
MH-4344B,840
MH-4920WH,1187
MH-5020NB,987
MH-5320W,795
MH-5724JL,1137
MH-5725T,1187
MH-5725W,1187
MH-5744HL,1187
MH-5744JL,1187
MH-5843AL,992
MH-5847C,987
MH-5883ALB,992
MH-5883ALBT,375
MH-5883ALH,992
MH-595U,884
MH-6024B,840
MH-6034B,840
MH-6047C,987
MH-6047G,987
MH-6048S,987
MH-6048SS,987
MH-6063AL,987
MH-6068ZL,987
MH-607Y,896
MH-6087W,987
MH-6320NB,795
MH-6322A,839
MH-6322T,839
MH-6322W,835
MH-6322Y,700
MH-6324B,685
MH-6327B,835
MH-6327DRS,766
MH-6327EB,835
MH-6330NS,795
MH-6334B,768
MH-6337AR,766
MH-6337PNR,766
MH-6337PR,766
MH-6337PW,766
MH-6342W,796
MH-6343C,796
MH-6344B,601
MH-6344BL,695
MH-6346A,835
MH-6346C,835
MH-6346HQM,795
MH-6346HQMS,795
MH-6346PQM,795
MH-6346PQMS,795
MH-6346QM,795
MH-6346RF,602
MH-6346RFS,602
MH-6346W,835
MH-6347B,835
MH-6347DR,768
MH-6347DRS,766
MH-6347E,838
MH-6347EB,835
MH-6347GR,766
MH-6347GRL,766
MH-6347GRS,766
MH-6347MQMS,795
MH-6348B,835
MH-6348BS,835
MH-6348DRB,766
MH-6348DRS,766
MH-6348EB,835
MH-6348ES,835
MH-6348FS,795
MH-6348SAR,685
MH-6348SARS,685
MH-6352F,795
MH-6352T,835
MH-6352U,796
MH-6354G,685
MH-6354Y,685
MH-6358FS,795
MH-6380SL,795
MH-6383L,796
MH-6384B,768
MH-6384BC,768
MH-6384BL,768
MH-6384BLC,768
MH-6384BLT,365
MH-6384F,795
MH-6385F,795
MH-6386RF,602
MH-6386RFS,602
MH-6387AR,766
MH-6387ARC,766
MH-6387EB,835
MH-6387RF,602
MH-6387RFR,602
MH-6387RFS,602
MH-6387TF,602
MH-6387TRC,766
MH-6387VRC,766
MH-6388DRB,766
MH-6388DRC,766
MH-6388EB,838
MH-6388PRFB,602
MH-6388PRFR,602
MH-6388PRFW,602
MH-6388SAR,685
MH-6388SARS,685
MH-6388VRC,766
MH-6530PR,766
MH-6531FR,766
MH-657PLM,665
MH-6580IXC,672
MH-6580NBC,672
MH-6580NSR,766
MH-6582IXC,672
MH-6588ZRF,440
MH-6593NS,766
MH-6593W,766
MH-662W,695
MH-6642W,695
MH-6643C,665
MH-6644B,602
MH-6646QM,665
MH-6646QMS,665
MH-6647B,665
MH-6652F,665
MH-6652T,665
MH-667W,695
MH-6683P,665
MH-6688W,665
MH-6690SL,623
MH-6693NS,623
MH-6693W,623
MH-685HD,588
MH-6894HNS,623
MH-6896HNB,623
MH-6897HNS,623
MH-7046SQ,665
MH-7046SQZ,665
MH-704W,665
MH-7246SQZ,623
MH-745HD,462
MH0843BS,838
MH0843DAR,838
MH0843DBK,838
MH0849B,795
MH0849H,838
MH1042GL,623
MH1142X,665
MH1143AAF,623
MH1143BSM,623
MH1143GS,665
MH1143GSR,665
MH1143SAR,665
MH1143SR,665
MH1143XAA,665
MH1143XAR,665
MH1144GSC,665
MH1147AP,602
MH1149C,665
MH1149CP,665
MH1149CR,665
MH1149E,665
MH1149SQP,602
MH1183APM,623
MH1440S,577
MH1441AP,567
MH1441PR,567
MH1442X,577
MH1443AKB,577
MH1443AKS,577
MH1443AP,567
MH1443CR,567
MH1443GSM,577
MH1443SAN,577
MH1443SAR,577
MH1443SR,577
MH1443SSM,577
MH1443XAR,577
MH1447AP,567
MH1447XP,577
MH1448AP,567
MH1448PB,567
MH1448PR,567
MH1448PW,567
MH1449C,567
MH1449CP,567
MH1449CPB,567
MH1449CR,567
MH1536GIR,704
MH1596CIR,743
MH1596DIR,743
MH1597CIT,743
MH1845XAB,438
MH2044BP,1188
MH2044DB,665
MH21BB,72
MH21RR,72
MH3046SP,602
MH4046X,577
MH5382NW,838
MH5827C,987
MH5837C,987
MH5837U,987
MH5847C,987
MH5847CB,987
MH5847CS,987
MH5887U,987
MH5887UT,375
MH5937C,987
MH5947C,987
MH5947CS,987
MH5947U,1185
MH5947US,1185
MH6021N,1003
MH6021NS,1003
MH6022D,1187
MH6022DS,1187
MH6022U,1187
MH6023DAC,1185
MH6023DAR,1187
MH6024D,1187
MH6024DAC,1187
MH6024DAR,1187
MH6028G,987
MH6028GS,987
MH6029F,987
MH6029FS,987
MH6032GAS,1187
MH6032GASK,1187
MH6032GASW,1187
MH6037AR,839
MH6037ARK,839
MH6038C,987
MH6038CB,987
MH6038CS,987
MH6041C,1187
MH6041N,1003
MH6041NS,1003
MH6042D,1187
MH6042DB,1056
MH6042DMS,1187
MH6042DS,1187
MH6042DW,1187
MH6042DZ,1187
MH6042U,1187
MH6042US,1187
MH6043AL,987
MH6043D,1185
MH6043DAC,1187
MH6043DAD,1187
MH6043DAR,1187
MH6043H,1187
MH6043HAK,1187
MH6043HANS,1187
MH6043HAR,1187
MH6043HAS,1187
MH6043HM,1187
MH6043HMS,1187
MH6043HS,1185
MH6043HW,1187
MH6043T,375
MH6043ZLT,987
MH6044DB,1056
MH6044DMR,1187
MH6044HL,1185
MH6044V,1187
MH6044VAS,1187
MH6044VAT,444
MH6044VDS,1187
MH6047G,987
MH6048S,987
MH6049FS,987
MH6068ZL,987
MH6088U,987
MH60C43DS,1185
MH60G,42
MH61C,42
MH6320F,892
MH6322D,838
MH6322DS,838
MH6323DAR,768
MH6324D,838
MH6324DAR,768
MH6327AR,766
MH6327B,835
MH6329B,795
MH6329H,835
MH6331R,838
MH6336GDB,1004
MH6336GDH,1004
MH6336GIB,1004
MH6336GIH,1004
MH6336GISW,1004
MH6337AR,766
MH6337ARB,766
MH6337ARG,766
MH6337ARKG,766
MH6337ARS,766
MH6337ARSG,766
MH6337ARW,766
MH6337AS,838
MH6337ASK,766
MH6337AWK,766
MH6337PR,766
MH6338A,838
MH6338AK,838
MH6338AS,838
MH6338P,838
MH6339B,795
MH6339BS,795
MH6339H,795
MH6340F,892
MH6340FB,874
MH6340FS,892
MH6340GRL,766
MH6340PS,742
MH6341B,795
MH6341N,838
MH6341NSB,838
MH6342B,838
MH6342BB,838
MH6342BDS,838
MH6342BM,838
MH6342BMS,838
MH6342BPS,838
MH6342BS,838
MH6342BSC,838
MH6342BSM,838
MH6342D,838
MH6342DB,838
MH6342DM,838
MH6342DS,838
MH6342DSG,838
MH6343BAD,838
MH6343BAK,838
MH6343BAR,838
MH6343BAW,838
MH6343BM,838
MH6343BMR,838
MH6343BMS,838
MH6343DAR,838
MH6343DARS,838
MH6344B,838
MH6344BAB,838
MH6344BAR,838
MH6344BMR,838
MH6344BMS,838
MH6344D,838
MH6344W,838
MH6346S,838
MH6347AR,766
MH6347B,835
MH6347FR,766
MH6347GR,766
MH6347GRW,766
MH6347MQM,795
MH6347PPC,766
MH6347S,838
MH6347SRCW,766
MH6347SWB,838
MH6347SWS,838
MH6348AR,766
MH6348ARP,766
MH6348B,835
MH6348BW,835
MH6348DR,766
MH6348DRW,766
MH6348E,835
MH6348EW,835
MH6348F,795
MH6348PPC,766
MH6348SAR,685
MH6349B,795
MH6349BS,795
MH6349BW,795
MH6349H,838
MH6349HS,838
MH6353H,838
MH6353HAR,838
MH6353HAS,838
MH6353HDJ,838
MH6353HPR,838
MH6353HPS,838
MH6354JAS,838
MH6358F,795
MH6382B,838
MH6382BB,838
MH6382BPB,838
MH6382BS,838
MH6382BTB,838
MH6382BTS,838
MH6382NW,838
MH6383BAC,838
MH6383BAJ,838
MH6383BAK,838
MH6383BAR,838
MH6383BARS,838
MH6383BTC,838
MH6384BAB,838
MH6384BACS,838
MH6384BAR,838
MH6384BPR,838
MH6387AR,766
MH6387ARB,766
MH6387ARC,672
MH6387ARL,766
MH6387ARLK,766
MH6387ARLS,766
MH6387ARW,766
MH6387B,835
MH6387MRC,766
MH6387PR,766
MH6387PRC,766
MH6387PRL,766
MH6387RF,602
MH6387TFL,602
MH6387TL,766
MH6387TRC,766
MH6387U,874
MH6388B,838
MH6388EW,835
MH6388F,766
MH6388FR,766
MH6388FRW,766
MH6388P,838
MH6388PR,766
MH6388PRB,766
MH6388PRF,602
MH6388PRR,766
MH6388PRW,766
MH6388SAR,685
MH6388VRCW,766
MH6389B,795
MH6389BB,795
MH6389BS,795
MH6389MS,766
MH63M38GIB,1004
MH63M38GISW,1004
MH6443DARZ,838
MH6446S,838
MH6535GDB,1004
MH6535GDH,1004
MH6535GDR,1004
MH6535GDS,1004
MH6535GIAS,1004
MH6535GIB,1004
MH6535GIH,1004
MH6535GIS,1004
MH6535GISA,1004
MH6535GISS,1004
MH6535GISW,1004
MH6535GIT,1004
MH6535GPH,1004
MH6535GPS,1004
MH6535GPSS,1004
MH6535NBS,1004
MH6536GIS,1004
MH6539DR,766
MH6542X,766
MH6543BAC,766
MH6543SAR,766
MH6548DRB,766
MH6548DRS,766
MH6548FR,766
MH6548FRR,766
MH6548PR,766
MH6548SR,766
MH6549CR,766
MH6549DR,766
MH6549DRC,766
MH6549DRK,766
MH6549DRL,766
MH6549DRS,766
MH6559C,665
MH6565CIR,1004
MH6565CIS,1004
MH6565CPB,1004
MH6565CPS,1004
MH6565CPST,430
MH6565CPT,1004
MH6565CPW,1004
MH6565DIRT,430
MH6565DIS,1004
MH6565DPR,1004
MH6587MRC,766
MH6587PRC,766
MH6588AS,623
MH6588DRC,766
MH6588VRC,766
MH6588ZRF,440
MH6589DR,766
MH6589DRCS,766
MH6589DRL,766
MH6589DRS,766
MH6589PR,766
MH6589UR,766
MH6589URC,766
MH6589URL,766
MH6589URT,370
MH6595CIS,1092
MH6595DIH,1092
MH6595DIS,1092
MH6595DPS,1092
MH6595GIH,1004
MH6596CIT,1092
MH6596DIR,1092
MH6637ARC,602
MH6646GQM,665
MH6647MQM,665
MH6647SRWB,766
MH6647SRWS,766
MH6687ARB,602
MH6687URC,516
MH6744GSG,665
MH6839AC,623
MH6839ACK,623
MH6839ACS,623
MH6842B,623
MH6842BC,623
MH6842BM,623
MH6843AAF,623
MH6843AAK,623
MH6843BAK,623
MH6843GARS,665
MH6843XAR,665
MH6844AAR,623
MH6844AAS,623
MH6849E,665
MH6880D,623
MH6880DB,623
MH6882A,623
MH6882AM,623
MH6882APR,623
MH6882APS,623
MH6882B,623
MH6882BS,623
MH6883AAF,623
MH6883AAR,623
MH6883ADK,623
MH6883ATF,623
MH6883ATK,623
MH6883BAK,623
MH6884AAR,623
MH6884AAS,623
MH6884APR,623
MH6888A,602
MH6888AC,602
MH6888AP,602
MH6889ALK,623
MH6889ALS,623
MH6889M,623
MH6889PC,623
MH6889PR,623
MH7032JAB,797
MH7032JAR,797
MH7032JAS,797
MH7032JASW,700
MH7040S,665
MH7040SM,623
MH7040SS,623
MH7041S,623
MH7042BS,623
MH7042G,623
MH7042X,623
MH7043ADS,623
MH7043BAKS,623
MH7043BAR,623
MH7043BARB,623
MH7043BARS,623
MH7043GMS,665
MH7043SAR,665
MH7043SMR,623
MH7044GMW,665
MH7044S,623
MH7044SMB,623
MH7044SMS,623
MH7046S,665
MH7047G,665
MH7047GS,665
MH7047GW,665
MH7048AP,602
MH7048AS,623
MH7049C,665
MH7049CW,602
MH7049E,665
MH7082A,623
MH7082AS,623
MH7083AAK,623
MH7235GDR,704
MH7235GIB,704
MH7235GPH,704
MH7235GPS,704
MH7235GPSS,704
MH7240SZ,623
MH7265CPS,704
MH7265CPT,704
MH7265DDH,704
MH7265DDS,704
MH7265DPS,704
MH7295CIR,738
MH7295DDR,743
MH7295DDS,743
MH7636GIS,704
MH7665CPS,704
MH7940S,577
MH7940SS,577
MH7944S,577
MH7947S,577
MH7947SWB,577
MH7947SWS,577
MH7948A,567
MH7948AS,567
MH7949CB,567
MH8040S,577
MH8040SM,577
MH8040SMS,577
MH8040SZ,577
MH8042GB,577
MH8042GM,577
MH8042GS,577
MH8042XS,577
MH8043GMR,577
MH8043SAKRS,577
MH8043SAR,577
MH8043SARB,577
MH8043SARS,577
MH8043SARW,577
MH8048AP,567
MH8049C,567
MH8082X,577
MH8082XZ,577
MH8235GDS,704
MH8235GIB,704
MH8235GIS,704
MH8236GIR,704
MH8265CIS,704
MH8265CPW,704
MH8265DIH,704
MH8265DIR,704
MH8265DIS,704
MH8295CDS,743
MH8295CIR,738
MH8295CIS,743
MH8295DIH,743
MH8295DIS,743
MH8296CIR,743
MH8296DIR,743
MH8297CIR,738
MH8297CIRA,738
MH8298CIR,738
MH8298DIR,738
MH9245XAB,438
MH943SAR,766
MHEC1737D,322
MHEC1737F,322
MHES1738F,322
MHES1738N,322
MHJ-6893NB,623
MHJ-6896NS,623
MHR-5990IX,1187
MHR-6320W,838
MHR-6382BM,838
MHR-6390B,838
MHR-6391B,838
MHR-6393B,838
MHR-6394BK,838
MHR-6397WK,838
MHR-6398MK,838
MHR-6882BG,623
MHR-6882BM,623
MHR-6883B,623
MHR-6884FR,623
MHR-6893MR,623
MHR-6894MK,623
MHR-6894MW,623
MJ-9250NB,558
MJ-9250WH,558
MJ-9270NB,558
MJ-9280NS,558
MJ-9286NB,558
MJ-9290NS,558
MJ-9296NB,558
MJ-9298MR,558
MJ-9880NS,342
MJ-9886NB,342
MJ-9890NS,342
MJ-9896NB,342
MJ05PC,800
MJ07PC,800
MJ09PC,800
MJ1281BP,558
MJ12PC,800
MJ1466APR,513
MJ1481BC,342
MJ1481BP,342
MJ1482BP,342
MJ15PC,800
MJ18PC,558
MJ24PC,558
MJ3084BP,558
MJ3084BPA,558
MJ3245BCR,558
MJ3245SCR,558
MJ3245WCR,558
MJ324SBT,558
MJ324SVC,558
MJ324SWT,558
MJ3281B,558
MJ3281BC,558
MJ3281BCS,558
MJ3281BF,558
MJ3281BP,558
MJ3281BPG,558
MJ3281BQ,558
MJ3281BS,558
MJ3281C,558
MJ3281CAS,558
MJ3281CBS,558
MJ3281CS,558
MJ3281CZ,558
MJ3282BCS,558
MJ3282BF,558
MJ3283BC,558
MJ3284BP,558
MJ3284BPA,558
MJ3284BQS,558
MJ3284CB,558
MJ3284CS,558
MJ3284UAB,558
MJ3294B,558
MJ3294BAB,558
MJ3294BAS,558
MJ3294BAW,558
MJ3294BDB,558
MJ3294BDW,558
MJ3294BRB,558
MJ3296BFT,228
MJ3881BC,342
MJ3881BCA,342
MJ3881BCL,342
MJ3881BCS,342
MJ3881BF,342
MJ3881BP,342
MJ3882BF,342
MJ3965ACR,513
MJ3965ACS,513
MJ3965ACT,513
MJ3965ACW,513
MJ3965AIS,513
MJ3965BCP,513
MJ3965BCR,513
MJ3965BCS,513
MJ3965BGP,513
MJ3965BGS,513
MJ3965BIB,513
MJ3965BIH,513
MJ3965BIS,513
MJ3965BPB,513
MJ3965BPH,513
MJ3965BPS,513
MJ3965BQS,456
MJ3966ABS,513
MJ3966ACT,513
MJ3966AGMB,513
MJ3966ASS,513
MJ3966AWS,513
MJ3967APR,513
MJ3967APRA,513
MJ922SWC,558
MJEN2863G,456
MJEN286UBW,462
MJEN286UF,456
MJEN286UFW,462
MJEN286UH,462
MJEN286UI,462
MJEN286VI,436
MJEN326TL,288
MK-1527,1080
MK-1527G,1080
MK-1530G,1008
MK-2660SF,2288
MK-3060SH,1020
MK-3061SH,1020
MK-3460SF,3003
MK-3460SH,900
MK2030BD,985
MK2030BS,985
MK2030DA,985
MK2030F,985
MK2030J,986
MK2560AS,1170
MK3160MH,2126
MK3260SH,3003
ML1181C,623
ML1181CS,623
ML2381F,838
ML2381FP,838
ML2381FPB,838
ML2381FPS,838
ML2881C,623
ML2881CB,623
ML2881CC,623
ML2881CK,623
ML2881CP,623
ML2881CS,623
ML32AW,380
ML32AW1,380
ML32B,379
ML32BW,380
ML32BW1,380
ML32EW1,380
ML32GW1,380
ML32MW,379
ML32PW,380
ML32PW1,380
ML32SW,379
ML32SW1,380
ML32TW,380
ML32TW1,308
ML32UW,380
ML32UW1,380
ML32W,379
ML32WW,380
ML32WW1,380
ML39B,513
ML39BW,513
ML39G,513
ML39GW,513
ML39PT,513
ML39PTW,513
ML39S,513
ML39SW,513
ML39W,513
ML39WW,513
MLJ28ERN,462
MLJ32ERS,380
MLJ32EWSO,380
MLJ32HRS,380
MLJ32HWS,380
MLJ32HWSO,380
MLJ32MRS,380
MLJ32MWSO,380
MLJ32PRS,380
MLJ32PWSO,380
MLJ39CW,513
MLJ39ER,513
MLJ39EW,513
MLJ39EWO,513
MLJ39HW,513
MLJ39KR,513
MLJ39PR,513
MLJ39WW,513
MLS01,178200
MN251ZKR,440
MNQ0200C2D,440
MNQ0200C2S,440
MNQ0200C2W,440
MNQ0201C2S,440
MNQ0230C2D,440
MNQ0230C2S,440
MNQ0230C2W,440
MNQ0230R2S,800
MNQ0231C2S,440
MNQ0320C2D,440
MNQ0320C2S,440
MNQ0320C2W,440
MNQ0320R2S,800
MNQ0321C2S,440
MNQ0400C2D,440
MNQ0400C2S,440
MNQ0400C2W,440
MNQ0400R2S,800
MNQ0401C2S,440
MNQ0401C2U,440
MNQ0520R2S,558
MNV0230R2S,800
MNV0320R2S,800
MNV0400R2S,800
MNV0520R2S,800
MNW0230R2S,648
MNW0320R2S,648
MNW0400R2S,648
MO971GA,2450
MO971WA,2450
MO972GA,2450
MO972HA,2450
MO972WA,2450
MP-3288WF,454
MP-9280NBV,379
MP-9280NC,454
MP-9280W,454
MP-9482S,380
MP-9482SC,380
MP-9482SR,380
MP-9483SL,380
MP-9483SLC,380
MP-9483SLR,380
MP-9484QBL,380
MP-9484QSL,380
MP-9485NB,380
MP-9485S,380
MP-9485SB,380
MP-9485SL,380
MP-9485SR,380
MP-9485SS,380
MP-9485ST,228
MP-9485SW,380
MP-9489NBC,380
MP-9883SL,380
MP-9885SRZ,380
MP-F324,71
MP-L386,71
MP301AWFA,14976
MP3883Q,380
MP9280JSC,454
MP9287NB,454
MP9287NBC,454
MP9287NC,454
MP9287NF,454
MP9287NL,454
MP9287NLC,454
MP9287NLT,270
MP9287NV,454
MP9289FSD,379
MP9289J,454
MP9289JS,454
MP9289JSC,454
MP9289JSCS,454
MP9289JSCW,454
MP9289NSD,379
MP9289VSD,379
MP9297MLC,380
MP9297MLT,270
MP9480SPRC,380
MP9485F,380
MP9485FR,380
MP9485FRB,380
MP9485S,380
MP9488S,380
MP9488SC,380
MP9488SCR,380
MP9489FCR,380
MP9489SC,380
MP9489SCR,380
MP9489SRC,380
MP9885FRBZ,380
MP9889FCR,380
MP9893MR,379
MP9895IX,379
MPPM01,1664
MPWM01,1200
MQ1724ASDL,330
MQ1724FSDL,330
MQ1740KSD,330
MQ1740KSDL,330
MQ1741ASL,330
MQ1770GC,330
MQ1770GCL,330
MQ1772GCL,330
MQ1773GC,330
MQ1773GCL,330
MQ1774GC,330
MQCV1721A,328
MR-MFS20A,3600
MR-MFS20F,8640
MR-MFS20G,5400
MR-MHFA197,990
MR-MHP05A,198
MR-MHP05ABO,10000
MR-MHP05AEC,10000
MR-MHP05AEP,10000
MR-MHP05AFA,10000
MR-MHP05ANT,10000
MR-MHP05AOR,10000
MR-MHP05AP1,10000
MR-MHP05AP2,10000
MR-MHP07A,198
MR-MHS02A,198
MR-MHS03A,198
MR-MHS04A,198
MR09C1J,292
MR09Y3J,292
MR12C1J,292
MR12Y3J,292
MR18C3J,171
MR18Y3J,171
MR24C3J,171
MR24DY3JM,171
MR24DY3JMA,171
MR24UY3J,110
MR30Y3J,171
MR36TQY3JM,110
MR36TQY3JMA,110
MR36UY3J,52
MR36Y3J,171
MR462ULT-G,70
MR462UT-G,67
MR462UWT-G,70
MR463UT-G,67
MR472ULY-G,67
MR472ULY-G1,67
MR472UT-G,67
MR472UWY-G,67
MR48DEY3JM,52
MR552ULT-G,42
MR552UT-G,42
MR552UWT-G,42
MR553UT-G,42
MR562ULY-G,42
MR562ULY-G1,42
MR562UWY-G,42
MR562UY-G,42
MR563UY-G,42
MR6589DRL,766
MRD-N1007T,234
MRD-N1107T,182
MRD-N1307T,182
MRD-N1457T,182
MRD-N2307B,70
MRD-N2907B,70
MRD-N407CS,440
MRD-N837T,260
MRH12Y3J,171
MRNU06GTUC2,440
MRNU07GB1G2,420
MRNU07GSBL2,648
MRNU07GTRC2,486
MRNU07GTUC2,440
MRNU09GB1G2,420
MRNU09GSBL2,648
MRNU09GTRC2,486
MRNU09GTUC2,440
MRNU12GB1G2,420
MRNU12GSBL2,648
MRNU12GTQC2,432
MRNU12GTUC2,440
MRNU15GBHA2,294
MRNU15GSBL2,648
MRNU15GTLC2,384
MRNU15GTQC2,432
MRNU15GTTC2,320
MRNU18GBHA2,294
MRNU18GSCL2,488
MRNU18GTLC2,384
MRNU18GTPC2,234
MRNU21GBHA2,294
MRNU21GTLC2,384
MRNU21GTPC2,234
MRNU24GBGA2,223
MRNU24GSCL2,488
MRNU24GTPC2,234
MRNU30GBGA2,223
MRNU30GTNC2,208
MRNU32GBGA2,223
MRNU32GTNC2,208
MRNU38GBGA2,223
MRNU38GTMC2,182
MRNU42GBRA2,120
MRNU42GTMC2,182
MRSRSP08B6,1000
MS-0744A,1185
MS-0745V,1185
MS-113ME,700
MS-113YE,700
MS-1145AY,768
MS-1145KYL,768
MS-1146SQP,665
MS-1146WQP,665
MS-114YJ,686
MS-1446SQP,588
MS-1446VQ,602
MS-1449WQP,577
MS-1724JL,1185
MS-1742DP,456
MS-1744W,1185
MS-1913H,904
MS-1922E,1008
MS-1922G,1008
MS-1924HL,1185
MS-1924J,1003
MS-1924JL,1187
MS-1924U,1187
MS-1924V,1185
MS-1924W,1187
MS-1924WS,1185
MS-1924WU,1185
MS-1924WUW,1185
MS-1924X,1185
MS-1925T,1187
MS-1927C,987
MS-1928V,1185
MS-1928VS,1137
MS-1929G,1187
MS-1929W,1187
MS-1929X,1187
MS-192A,895
MS-192H,895
MS-192QU,895
MS-192VLU,1008
MS-192VUT,1008
MS-192W,1008
MS-1932E,992
MS-1937C,987
MS-1942E,1008
MS-1942G,1008
MS-1942H,1008
MS-1943AL,992
MS-1943J,992
MS-1943TL,992
MS-1944HL,1187
MS-1944J,1008
MS-1944JL,1187
MS-1944V,1187
MS-1944W,1187
MS-1944WS,1185
MS-1944X,1185
MS-1944Y,1185
MS-1945T,1187
MS-1947C,987
MS-1947W,1185
MS-1948JL,1185
MS-1948V,1185
MS-1948W,1185
MS-1949G,1187
MS-1949W,1187
MS-1949X,1187
MS-194A,896
MS-194H,904
MS-194HD,896
MS-194W,1008
MS-195T,895
MS-196QU,895
MS-196VL,1008
MS-1983ALB,992
MS-1983ALBT,375
MS-1983ALH,992
MS-1987U,987
MS-2003T,819
MS-2020S,987
MS-2020W,987
MS-2024B,840
MS-2027C,987
MS-2027K,987
MS-202VUT,1008
MS-2034B,840
MS-2042G,1003
MS-2044W,1185
MS-2047C,987
MS-2047K,987
MS-2048S,987
MS-2063AL,987
MS-2068ZL,987
MS-2092TW,827
MS-2322A,838
MS-2322W,838
MS-2323L,796
MS-2324B,768
MS-2327AR,766
MS-2327B,835
MS-2327BS,838
MS-2327DR,678
MS-2327DRS,766
MS-2327E,838
MS-2327SL,766
MS-2330NW,766
MS-2330SL,766
MS-2334B,766
MS-2337AR,766
MS-2337B,835
MS-2337BS,835
MS-2338SL,766
MS-2342A,838
MS-2342G,795
MS-2342H,928
MS-2342W,796
MS-2343L,796
MS-2343LQ,697
MS-2344B,768
MS-2344BL,768
MS-2344BZ,768
MS-2346C,838
MS-2346W,838
MS-2347B,840
MS-2347BS,838
MS-2347DR,768
MS-2347EB,838
MS-2347GR,766
MS-2347GRL,766
MS-2347GRS,766
MS-2348B,835
MS-2348BB,838
MS-2348BS,838
MS-2348DRB,766
MS-2348DRS,766
MS-2348EB,838
MS-2348ES,835
MS-2348FS,795
MS-2348G,795
MS-2352B,700
MS-2352FS,795
MS-2352U,838
MS-2354G,685
MS-2354Y,685
MS-2355F,800
MS-2358FS,795
MS-2358G,835
MS-2358U,838
MS-2380NS,766
MS-2382B,700
MS-2382NBC,766
MS-2382Y,700
MS-2384B,768
MS-2384BL,768
MS-2387AR,766
MS-2387DR,768
MS-2387EB,838
MS-2387MRC,766
MS-2387VR,766
MS-2388DRS,766
MS-2388EB,838
MS-2388VR,766
MS-255R,622
MS-256Q,695
MS-257EL,695
MS-2588ZRF,440
MS-2622E,665
MS-2623L,622
MS-2624B,620
MS-2632E,695
MS-2642E,695
MS-2642W,695
MS-2643C,665
MS-2644B,602
MS-264WZ,695
MS-2652F,623
MS-2653B,695
MS-265TD,695
MS-2683FL,700
MS-2683FLB,665
MS-2683P,665
MS-2684B,602
MS-268TC,622
MS-3020W,1187
MS-304V,615
MS-304W,665
MS-304WZ,615
MS-305A,615
MS-3080W,1187
MS-3320W,795
MS-3330SL,838
MS-3330W,838
MS-3443A,584
MS-3443AB,584
MS-3443AZ,584
MS-3942DP,597
MS-3942DPB,574
MS-3942DPZ,574
MS-424E,497
MS-424EZ,497
MS-4330SL,795
MS-4330W,795
MS-4380NB,795
MS-4530NS,766
MS-4530SL,766
MS-4580IX,766
MS-4580MRC,766
MS-4591NS,766
MS-4591SL,766
MS-4591W,766
MS-4595NB,766
MS-4680IX,768
MS-4690NB,768
MS-4691NS,768
MS-4691W,768
MS-4842DP,456
MS-543XD,438
MS-5645KR,438
MS-6337PW,766
MS-71MA,884
MS-72MK,1045
MS05AH,1091
MS05SQ,900
MS0740RG,1192
MS0740WM,1052
MS0741C,1185
MS0741F,1187
MS0741FS,1187
MS0741T,1185
MS0742DS,1187
MS0742DW,1187
MS0742DWA,1187
MS0742U,1185
MS0742XT,1185
MS0744V,1187
MS0744Y,1185
MS0748G,1185
MS07AH,1091
MS07AH1,900
MS07AH2,800
MS07AH3,650
MS07AQ,648
MS07AWR,648
MS07AWV,648
MS07AWW,648
MS07ET,860
MS07SQ,900
MS0842D,1187
MS0843BS,838
MS0843DAR,838
MS0843DBK,838
MS0848S,987
MS0849B,795
MS0936GIR,1004
MS0936GIS,1004
MS0939GIB,1004
MS0942DS,838
MS09AH,1091
MS09AH-NG0,1091
MS09AH1,648
MS09AH2,800
MS09AH3,650
MS09AQ,648
MS09AWR,648
MS09AWV,648
MS09AWW,648
MS09SQ,648
MS1040SM,665
MS1140S,665
MS1140SA,665
MS1140SBK,665
MS1140SL,665
MS1140SW,665
MS1141RS,623
MS1141RW,623
MS1142BM,665
MS1142G,665
MS1142GE,665
MS1142GS,665
MS1142GW,665
MS1142GWA,665
MS1142S,665
MS1142SW,665
MS1142W,665
MS1142X,794
MS1142XA,665
MS1142XT,665
MS1143BS,768
MS1143BSM,768
MS1143BWM,768
MS1143GWP,665
MS1143SAN,665
MS1143SR,665
MS1143SWM,665
MS1143SWP,665
MS1143XT,665
MS1147X,665
MS1148VP,665
MS1148VPS,665
MS1149CR,665
MS1149CS,665
MS1149CW,665
MS1149SQP,665
MS1149X,665
MS12AH,1091
MS12AH-NG0,1091
MS12AH1,648
MS12AH2,800
MS12AH3,650
MS12AQ,648
MS12AWR,648
MS12AWV,648
MS12AWW,648
MS12SQ,648
MS1440S,577
MS1440SL,577
MS1440SW,577
MS1440WQP,577
MS1442W,577
MS1443GS,577
MS1443SAN,577
MS1443SAR,577
MS1443SBM,577
MS1443SR,577
MS1443SWM,577
MS1447G,581
MS1447X,581
MS1448SQP,577
MS1449CS,577
MS1449CW,577
MS1449WQ,577
MS1482XT,577
MS1483XT,577
MS1536GIR,704
MS1536GIS,704
MS1596CIR,738
MS1596DIB,743
MS1596DIH,743
MS1596DIR,738
MS1597DIS,738
MS15SQ,648
MS1682X,577
MS1682XE,577
MS1742GS,577
MS1744SSM,577
MS1744SWM,577
MS1744XT,577
MS1745S,456
MS1746SP,456
MS1748WQP,456
MS1782XT,577
MS1783XT,577
MS18AH,620
MS18AH-NG0,620
MS18AH1,488
MS18AH3,495
MS18AQ,488
MS18AWR,488
MS18AWV,488
MS18AWW,488
MS18SQ,488
MS1920R,1192
MS1920U,1185
MS1924U,1187
MS1924W,1185
MS1927C,987
MS1929G,1187
MS1929GB,1187
MS1929GS,1185
MS1937C,987
MS1937CS,987
MS1937U,987
MS1940R,1192
MS1940U,1185
MS1940W,1052
MS1944JL,1187
MS1944W,1185
MS1946SQ,987
MS1947C,987
MS1947CS,987
MS1947CZ,987
MS1947G,987
MS1947K,987
MS1947W,1185
MS1947WB,1185
MS1947WS,1185
MS1948G,1185
MS1949G,1185
MS1987KIT,375
MS1987U,987
MS1987US,987
MS1987UT,375
MS1987UU,987
MS2021C,1187
MS2021CB,1187
MS2021CE,1187
MS2021CEY,1187
MS2021CS,1187
MS2021F,1187
MS2021FB,1187
MS2021FY,1187
MS2021N,1003
MS2021U,1187
MS2022D,1187
MS2022DB,1187
MS2022DS,1187
MS2022DU,1187
MS2022DW,1187
MS2022G,1187
MS2022U,1187
MS2023DAC,1185
MS2023DAD,1185
MS2023DARS,1187
MS2024D,1187
MS2024DB,1185
MS2024DW,1187
MS2024JL,1185
MS2024V,1185
MS2024W,1185
MS2024WB,1185
MS2025DB,1056
MS2028G,987
MS2029F,987
MS2029G,1185
MS2032GAS,1187
MS2032GASB,1187
MS2032GASK,1187
MS2032GASS,1187
MS2032GASW,1187
MS2032GIK,1187
MS2036NDB,1187
MS2040CB,987
MS2040SSB,987
MS2041C,1187
MS2041CE,1185
MS2041CEY,1185
MS2041CM,1187
MS2041CS,1187
MS2041F,1187
MS2041N,1003
MS2041NS,1003
MS2041U,1187
MS2041US,1187
MS2042D,1187
MS2042DARB,1187
MS2042DB,1187
MS2042DM,1187
MS2042DMS,1187
MS2042DS,1187
MS2042DSG,1187
MS2042DU,1185
MS2042DW,1187
MS2042DWM,1187
MS2042DY,1187
MS2042DZ,1185
MS2042G,1187
MS2042GS,438
MS2042U,1187
MS2042UM,1187
MS2042UY,1185
MS2043DAC,1185
MS2043DADS,1185
MS2043DAR,1187
MS2043DB,1188
MS2043GS,438
MS2043H,1185
MS2043HAR,1185
MS2043HAS,1185
MS2043HM,1185
MS2043HS,1185
MS2043HW,1185
MS2043T,375
MS2043WM,1185
MS2043ZLT,375
MS2044DACW,1185
MS2044DMB,1187
MS2044DMW,1187
MS2044DNR,1187
MS2044JL,1187
MS2044JLY,1185
MS2044V,1187
MS2044VAS,1056
MS2044VAT,444
MS2044VG,1187
MS2044VS,1187
MS2047GR,438
MS2048G,1185
MS2048ZL,987
MS2049F,987
MS2049FS,987
MS2049G,1187
MS2049GS,1187
MS2049RS,438
MS2068ZL,987
MS2082F,1336
MS2082H,1336
MS2082XT,438
MS2083XT,438
MS2097HST,438
MS2097JSS,438
MS20B46DN,1185
MS20C44D,1185
MS20C47DUB,1185
MS20D44V,1187
MS20E47DKB,1187
MS20F22DY,1185
MS20F22GY,1187
MS20F23D,1185
MS20F42GY,1185
MS20F46DB,1185
MS20F46V,1187
MS20M43DS,1185
MS20M47DARB,1185
MS20M47DB,1187
MS20R42D,1185
MS20R44DAR,1185
MS20R68ZLY,987
MS2320F,892
MS2320FS,892
MS2322D,838
MS2322DS,838
MS2322DW,838
MS2323DAR,838
MS2324D,838
MS2324DAR,838
MS2327AR,766
MS2327B,838
MS2329H,838
MS2336DB,1004
MS2336GIB,1004
MS2336GIH,1004
MS2337AR,766
MS2337PR,766
MS2337PRR,766
MS2338B,838
MS2338P,838
MS2338PR,838
MS2338PW,838
MS2339B,795
MS2339BB,795
MS2339BS,795
MS2339H,795
MS2339HB,795
MS2339HS,795
MS2340F,892
MS2340FB,874
MS2340FS,892
MS2341N,838
MS2341NSB,838
MS2341S,987
MS2342B,838
MS2342BB,838
MS2342BMS,838
MS2342BS,838
MS2342BW,838
MS2342D,838
MS2342DB,838
MS2342DM,838
MS2342DMS,838
MS2342DMW,838
MS2342DS,838
MS2342DSM,838
MS2343B,838
MS2343BAD,838
MS2343BAR,838
MS2343BAY,838
MS2343DAR,838
MS2343DARM,838
MS2343DARMS,838
MS2343DARS,838
MS2344BAB,838
MS2344BAR,838
MS2344BMS,838
MS2344DAR,838
MS2344DMRB,838
MS2344DMS,838
MS2344DMW,838
MS2346S,838
MS2347AR,766
MS2347AZ,766
MS2347B,838
MS2347BS,838
MS2347GR,766
MS2347GRK,766
MS2348B,838
MS2348BK,835
MS2348DR,766
MS2348DRK,766
MS2348E,838
MS2348EK,835
MS2349B,795
MS2349BKS,795
MS2349H,838
MS2349HS,838
MS2353H,838
MS2353HAJ,838
MS2353HAR,838
MS2353HAS,838
MS2354JAS,838
MS2358F,795
MS2358G,835
MS2358U,838
MS2381B,795
MS2382B,838
MS2382BAR,838
MS2382BB,838
MS2382BS,838
MS2383B,838
MS2384BAB,728
MS2384BAR,838
MS2387AR,766
MS2387ARS,766
MS2387B,835
MS2387U,874
MS2387VR,766
MS2388DR,766
MS2388DRK,766
MS2388E,838
MS2388K,766
MS2388VR,766
MS2389B,795
MS2389BB,795
MS2389BKB,795
MS2389BS,795
MS23F53H,838
MS23F53HS,838
MS23M38GIB,1004
MS23M38GIH,1004
MS23NECBW,1004
MS24AH,620
MS24AH-NG0,620
MS24AH1,488
MS24AH3,495
MS24AQ,488
MS24AWR,488
MS24AWV,488
MS24AWW,488
MS24SQ,488
MS2535GDB,1004
MS2535GDH,1004
MS2535GDR,1004
MS2535GDS,1004
MS2535GIB,1004
MS2535GIH,1004
MS2535GIK,1004
MS2535GIP,1004
MS2535GIR,1004
MS2535GIS,1004
MS2535GISH,1004
MS2535GISL,1004
MS2535GISS,1004
MS2535GISW,1004
MS2536DB,1004
MS2536DW,1004
MS2536GIK,1004
MS2536GIS,1004
MS2540SR,766
MS2540SRB,672
MS2540SRZ,766
MS2543AAR,766
MS2543SAR,766
MS2546S,766
MS2548AR,766
MS2548DRKS,766
MS2548DRKSY,766
MS2548GR,672
MS2548XR,672
MS2549DR,838
MS2549DRK,766
MS2550S,665
MS2565CIS,1004
MS2587AR,766
MS2588A,768
MS2588AS,768
MS2588BRB,766
MS2588BRS,766
MS2588BRW,766
MS2588PRF,440
MS2588ZRF,440
MS2589DR,766
MS2589DRS,766
MS2589PR,766
MS2589UR,766
MS2595CIS,1092
MS2595CIST,430
MS2595DIR,1092
MS2595DIS,1092
MS2595FISW,968
MS2595GIH,1004
MS2595GIS,1004
MS2596CIT,1092
MS2596DIR,1092
MS2596OB,1092
MS2596OS,1092
MS2596OW,1092
MS2597OBC,1092
MS25R95GIH,1004
MS2637AR,602
MS2647BZ,665
MS2648S,665
MS2687ARC,602
MS2687U,665
MS2744GSG,665
MS2840SZ,665
MS2842B,768
MS2842BB,768
MS2843AAS,768
MS2843BAR,838
MS2843GARS,794
MS2844AAR,768
MS2844AAS,768
MS2882BS,768
MS2883AAB,768
MS2883AAK,768
MS2888BRS,766
MS2889D,623
MS3032BK,700
MS3032JAR,797
MS3032JAS,797
MS3032JASW,700
MS3036NPB,797
MS3040S,665
MS3040SAB,665
MS3040SM,665
MS3040SS,665
MS3042G,794
MS3042G1,794
MS3042GM,665
MS3042GS,665
MS3042X,665
MS3042X1,794
MS3043BAR,768
MS3043BARS,768
MS3043SAR,665
MS3043SARB,665
MS3043SARS,665
MS3043SARW,665
MS3043SMR,665
MS3044BAB,768
MS3044G,665
MS3044GMW,665
MS3044S,665
MS3044SMS,665
MS3046S,665
MS3046SP,665
MS3046SQ,665
MS3046SQZ,665
MS3047G,665
MS3047GA,665
MS3047GS,665
MS3048AS,623
MS3048G,665
MS3049C,602
MS3049CS,665
MS3235GDR,704
MS3235GIB,704
MS3240SZ,665
MS3242XZ,665
MS3246SQZ,665
MS3265DDH,704
MS3265DDS,704
MS3295DDR,743
MS3382MR,838
MS3382NW,838
MS3635GIS,704
MS3636GIS,704
MS3840SR,577
MS3840SRB,577
MS3840SRSK,577
MS3842XRL,577
MS3882XRSK,577
MS3947S,577
MS3947SZ,577
MS3948A,567
MS3948AS,567
MS3948ASC,567
MS3949C,567
MS3949CB,567
MS3949CS,567
MS4040S,577
MS4040SMS,577
MS4040SRB,577
MS4040SZ,577
MS4042G,577
MS4042GM,577
MS4042GMS,577
MS4042GR,577
MS4042GRS,577
MS4042GS,577
MS4042X,577
MS4042XRS,577
MS4043SAKM,577
MS4043SAKRS,577
MS4043SARB,577
MS4043SARS,577
MS4043SARW,577
MS4082X,577
MS4082XRS,577
MS4235GIS,704
MS4236DB,704
MS4236DW,704
MS4266OBS,704
MS4266OSS,704
MS4295CIS,743
MS4295DIS,743
MS4296DIR,743
MS4296OBC,743
MS4296OBS,743
MS4296OBSS,743
MS4296OMBB,743
MS4296OMBS,743
MS4296OSS,743
MS4296OWS,743
MS4297DIR,738
MS4297DIRA,738
MS4440SR,577
MS4440SRW,577
MS4444SAKM,577
MS4444SMW,577
MS4448GR,577
MS4482XR,577
MS4847S,456
MS5246VR,438
MS5382NW,838
MS5642G,438
MS5642GM,438
MS5642GS,438
MS5642GW,438
MS5642XM,438
MS5642XZ,438
MS5643GARS,438
MS5644GMS,438
MS5646VRS,438
MS5682X,438
MS5696HIS,438
MS5696HIT,438
MS5696JIS,438
MS5696OMBS,438
MS742C,1187
MS742D,1187
MS91SR,379
MS91WR,379
MS92SCR,380
MS92WCR,380
MS93SCR,379
MS93WCR,379
MS94SCR,380
MS94WCR,380
MS95SCR,379
MS95WCR,379
MS96SCR,380
MS96WCR,380
MS97BCR,379
MS97TCR,379
MS97WCR,379
MS98BCR,380
MS98TCR,380
MS98WCR,380
MSCN1590G,738
MSER0990S,1096
MSER0990SD,1096
MSER1130B,797
MSER1130BD,700
MSER1590B,738
MSER1590BD,738
MSER1590C,738
MSER1590CD,738
MSER1590S,738
MSER2090D,504
MSER2090S,504
MSP1,1400
MSR-3320W,838
MSR-4090IX,1187
MSR-4380WB,838
MSR-4382B,838
MSR-4391B,838
MSR-4392FW,838
MSR-4397WK,838
MSR-4398MK,838
MSR-4882BM,768
MSR-4890MR,768
MSR-4891B,768
MSR-4895B,768
MSR4320MR,838
MSR4320MRS,838
MSR4880BS,768
MSR4882NS,768
MSR4892MR,768
MSWN1590L,738
MSWN1590LD,738
MT06AH,486
MT06R,486
MT08AH,486
MT08R,486
MT09AH,600
MT09R,440
MT10AH,486
MT11AH,600
MT11R,440
MT12AH,486
MT18AH,432
MT24AH,234
MU2M15,316
MU2M17,316
MU2R15,316
MU2R17,316
MU2RW15,288
MU2RW17,288
MU3M19,171
MU3M21,171
MU3R19,171
MU3R21,171
MU4M25,171
MU4M27,110
MU4R25,171
MU4R27,171
MU5M30,110
MU5R30,110
MU5R36,104
MU5R40,104
MUQ0721A23V,171
MUQ0722A23V,171
MUQ0901A24V,171
MUQ0902A24V,171
MUQ1102S25V,104
MUQ1450S25V,102
MUQ1452S25V,104
MUV0720A23A,171
MUV0720A23V,171
MUV0721A23A,171
MUV0721A23V,171
MUV0900A24A,171
MUV0900A24V,171
MUV0901A24A,171
MUV0901A24V,171
MUV1100S25A,110
MUV1100S25V,110
MUV1101B25A,114
MUV1101B25V,114
MUV1450S25A,110
MUV1450S25V,110
MUV1451S25A,110
MUV1451S25V,110
MUW1000S24A,102
MUW1300S25A,52
MV-1541M,330
MV-1643M,330
MV-174DC,330
MV-1942MBST,330
MV-196N,330
MV096STQ,900
MV09AH,432
MV126STQ,648
MV12AH,432
MV1608WW,330
MV1611ST,330
MV1611WW,330
MV1648AD,330
MV1648ADL,330
MV1648FDL,330
MV1648FSD,330
MV1724ASDL,330
MV1746ADL,350
MV1774GCL,330
MV186STQ,488
MV18AH,201
MV2048ASD,325
MV2048ASDL,325
MV2048BSP,325
MV2048BSPL,325
MV2070KSPL,330
MV246STQ,488
MV24AH,201
MVBL301B,3190
MVEF1323F,352
MVEF1337F,352
MVEL2033D,350
MVEL2033F,350
MVEL2034X,350
MVEL2035X,350
MVEL2035Z,350
MVEL2125D,280
MVEL2125F,280
MVEL2125FH,280
MVEL2125X,280
MVEL2137D,280
MVEL2137F,280
MVEM1621Y,350
MVEM1720Y,350
MVEM1721F,350
MVEM1825D,350
MVEM1825F,350
MVEM1825FH,350
MVEM1825X,350
MVEM1825Z,350
MVES2033N,350
MW07Y3JM,648
MW09C1J,675
MW09Y3J,675
MW121C3,896
MW121H3,896
MW122C3,896
MW122H3,896
MW12C1J,675
MW12Y3J,675
MW182C3,576
MW182H3,576
MW18C3J,488
MW18Y3J,488
MW202LK,1187
MW202LW,1187
MW202XK,1187
MW202XW,1187
MW203LH,1187
MW203LW,1187
MW208ER,795
MW20CDN,1187
MW20GDN,1187
MW20MD,1187
MW20R46DARB,1185
MW20R46DB,1185
MW22CA,1004
MW22CD,1004
MW22CD9,1004
MW22EA,1004
MW22ED,1004
MW235CF,838
MW235CK,838
MW235CS,838
MW235CW,838
MW235MAA,838
MW235SAK,838
MW235SFK,838
MW235SG,838
MW235SK,838
MW235SL,838
MW23BD,1004
MW23BP,1004
MW23CD,1004
MW23CS,1004
MW23CV,1004
MW23D35GIH,1004
MW23ED,1004
MW23FD,1004
MW23FDI,1004
MW23GD,1004
MW23R35GIB,1004
MW23R35GIH,1004
MW23W35GIB,1004
MW23WD,1004
MW242C3,420
MW242H3,420
MW24C3J,488
MW25B,1004
MW25L,1004
MW25P,1004
MW25R35GIH,1004
MW25R35GIS,1004
MW25R35GISH,1004
MW25R35GISL,1004
MW25R35GISW,1004
MW25R95CIS,1092
MW25R95FIS,968
MW25R95GIR,1004
MW25S,1092
MW25W35GIH,1004
MW25W35GIS,1004
MW25W35GISH,1004
MW25W35GISL,1004
MW25W95DIH,1092
MW30BDN,797
MW30Y3J,367
MW31B,1004
MW31W,1004
MW36Y3J,367
MWE25HD,1096
MWH12Y3J,592
MWJ20EDN,1187
MWJ23E,1004
MWJ23P,1004
MWJ25E,1004
MWJ25P,1004
MX1783GSDL,330
MX1783VSDL,330
MX1785VSDL,330
MX1788GSD,330
MX1788GSDL,330
MX1788VSD,330
MX1788VSDL,330
MX70BA,38
MX70BB,38
MX70G,36
MZ-9483QB,339
MZ-9483QBL,339
MZ-9483QNL,339
MZ1693AML,180
MZ1693CM,176
MZ1693CML,176
MZ1693GSL,180
MZ1693GSM,180
MZ1693GSML,180
MZ1693GSU,180
MZ1693GSUL,180
MZ1693P,204
MZ1693PL,204
MZ1693PM,200
MZ1693PML,200
MZ1694AML,180
MZ1695AML,180
MZ1695GSL,180
MZ1695GSUL,180
MZ1695ML,204
MZ1696GCUL,180
MZ1696GSL,180
MZ1696GSUL,180
MZ1696PCL,204
MZ1696PCML,200
MZ1696PL,204
MZ1697GS,180
MZ1697GSL,180
MZ1697GSUL,180
MZ1697PL,204
MZ1798AAAW,180
MZ1798AAAW1,180
MZ3217BGS,272
MZ385EBT,272
MZ385EBT1,272
MZ385EBT1S,272
MZ385EBTA,272
MZ385EBTAD,171
MZ385EBTADS,171
MZ385EBTAS,272
MZ385EBTD,171
MZ385EBTDS,171
MZ385EBTS,272
MZ940CL,272
MZ940CLD,171
MZ940CLDH,171
MZ940CLDS,171
MZ940CLS,272
MZ941CB,272
MZ941CBD,171
MZ941CBDS,171
MZ941CBS,272
MZ941CLC,272
MZ941CLCADS,171
MZ941CLCAT,272
MZ941CLCATD,171
MZ941CLCATS,272
MZ941CLCS,272
MZ941CLDC,171
MZ941CLDCS,171
MZ9480YRC,339
MZ948CB,272
MZ948CBD,171
MZ948CBDS,171
MZ948CBS,272
MZBK1729S,180
MZBK1779S,180
MZBZ1715D,180
MZBZ1715S,180
MZBZ1727X,180
MZBZ1797D,180
MZBZ1797F,180
MZO38EBT,272
MZXS1728F,180
MZXS1728N,180
MZXZ1723D,180
MZXZ1723F,180
MZXZ1727F,180
MZXZ1728S,180
N09AWB,720
N09AWU,316
N10NP-N,288
N12AWB,720
N12AWR,720
N12SQ,648
N18GLS,150
N2247SK1,558
N24GLS,150
NA098SK1,800
NA128SK1,800
NA188SK3,558
NA248SK3,558
NB-C2140Y31,2000
NB-C2157Y31,2000
NB-C4240Y61,1000
NB-C4257Y61,1000
NB-L303S121,4320
NB-L304S121,4320
NB-L603S141,2080
NB-L604S141,2080
NB-LSBW1,112000
NB-T174GE12,22320
NB-T175GE12,22320
NB096TQ,800
NB126TQ,800
NB186TC,558
NB186TQ,558
NB246TC,488
NB246TQ,488
NB75VGBA0,12288
NC242C3,364
ND182C0,558
ND182H0,558
ND242C0,558
ND242H0,558
NES-200-24A,20000
NEZM0522AA0,22
NF098ST1,650
NF099SQ1,780
NF122C0,650
NF122H0,650
NF128ST1,650
NF129SQ1,880
NF186TQ,495
NF187ST3,495
NF187ST3-C,495
NF189SQ1,550
NF247ST3,495
NF247ST3-C,495
NH09SNG,303
NH09SP,664
NH09SP2,576
NH12SP,664
NH12SP2,576
NH182H,367
NH242H,367
NHXM110D1A0,223
NHXM20S2A1,648
NHXM20S2A2,800
NHXM30C1A1,440
NHXM30D3A0,420
NHXM30D3A1,300
NHXM30S2A1,648
NHXM30S2A2,800
NHXM40C1A1,440
NHXM40C4A1,486
NHXM40D3A0,420
NHXM40D3A1,300
NHXM40S2A0,720
NHXM40S2A1,648
NHXM40S2A2,800
NHXM50C4A1,432
NHXM50D1A1,294
NHXM50D3A0,270
NHXM50D3A1,300
NHXM50S2A1,488
NHXM50S2A2,558
NHXM70C4A0,234
NHXM70C4A1,234
NHXM70D1A1,294
NHXM70D3A0,270
NHXM70D3A1,240
NHXM70S2A1,488
NHXM70S2A2,558
NHXM90D1A0,223
NILE8BOX,2300
NJ182C0,558
NJ208PBA,1060
NK134PAA,1350
NK185PAA,1160
NM2240ASZ15,48000
NM2257ASZ15,48000
NN-E255WB,1187
NNC09G,288
NNC12G,252
NP097SK1,684
NP127SK1,684
NP187SK1,464
NP247SK1,464
NP277SK1,464
NP407PBA,640
NP407PBD,640
NPT525DAA,688
NPT525DBA,688
NRBT27AV1XC,88
NRBT27AV1XD,88
NRBT33AV1XC,73
NRBT33AV1XD,73
NRBT33AV1XH,73
NRCB74PV1XA,26
NRCB74PV1XB,26
NRCB74PV1XD,26
NRCB85PVGXA,26
NRCB85PVGXB,26
NS182C2,558
NS182H2,496
NS242C3,496
NS242H3,558
NSC-R0150B2,104
NSC-R0200B2,104
NSC-R0200B9,104
NSC-R0250B2,104
NSC-R0250B9,104
NSC-V0801A2,104
NSC-V0801A9,104
NSC-V0801F2,104
NSC-V0801F9,104
NSC-V0991A2,104
NSC-V0991A9,104
NSC-V0991F2,104
NSC-V0991F9,104
NSC-V1200A9,52
NSC-V1500A9,52
NT-S14W,108
NT-S1608WD,94
NT-S16W,94
NT097SK1,800
NT127SK1,800
NT129SQ1,880
NT182C,558
NT182H,558
NT187SK3,558
NT189SQ1,504
NT242C,558
NT242H,558
NT247SK3,558
NT247SK3-C,558
NT322C,322
NT322H,322
NT382C,322
NT382C2,322
NT382H,322
NT382H2,322
NUC09G,288
NUC12G,252
NV096TQ,800
NV126TQ,800
NV186TQ,558
NV246TQ,558
NW182C0,558
NW182H0,558
NW242C0,558
NW242H0,558
NZFL03,4320
O122C1,896
O182C1,576
O9202WD,1232
O920BWE,1386
O9272WD,1232
O927BA,1231
O927WA,1231
O937WA,1231
O9402WD,1232
O9472WD,1232
O948BA,1231
O948BWE,1386
O948WA,1231
O9572WD,1232
O957CWD,1386
O958BWE,1386
O958WA,1231
ODUSPLIT11S,52
ODUSPLIT11T,52
ODUSPLIT13S,52
ODUSPLIT13T,52
ODUSPLIT15S,52
ODUSPLIT15T,52
ODUSPLIT2,171
ODUSPLIT4,110
ODUSPLIT6,110
ODUSPLIT8,110
P0104RONL,128
P0106RONL,128
P0106RWNL,128
P0107RWNL,128
P0108RWN,118
P03AH,171
P0427G24N11,132000
P0427G30N11,54000
P0427G35T12,225900
P0427G36N11,132000
P0440G24N11,132000
P0440G36N11,132000
P0527G35N01,60000
P0527U36N1A,108864
P05AH,110
P0627G25T11,132000
P0627G35N11,108450
P0627G40T11,132000
P0630U25N01,60000
P0640G25T11,132000
P0640G40T11,132000
P0727G25T01,60000
P0727G25T11,225900
P0727G35T01,60000
P0727G40T11,225900
P0730E25N01,94650
P0730U35N01,212050
P0740G25T11,225900
P0740G40T11,225900
P0750E25N01,46800
P07EP,780
P07EP2,946
P07SP,780
P07SP2,946
P07TT,946
P08AH,52
P09AWN-NM14,608
P09AWN-UM14,292
P09EN,780
P09EP,880
P09EP1,880
P09EP2,946
P09LAK,592
P09MK,592
P09MN,592
P09NAK,592
P09RK,648
P09RL,603
P09RL1,675
P09SND,720
P09SP,880
P09SP2,946
P09TT,946
P0AQTR2W9,150
P10122CW,452
P1027E40T2A,57600
P1027EA2Z01,14400
P1030E25T2A,57600
P1030E40T2A,57600
P1040E25T2A,57600
P1040E40T2A,57600
P1050R,148
P105RWND,148
P1060RWN,144
P1061RWNLC,148
P10RV3,650
P1200R,148
P1200RT,128
P1201RD,148
P1202R,148
P120R,128
P120RT,128
P1211OP3,148
P12122CG,452
P121CM,292
P1227E90Z3A,24000
P1230E25N01,41130
P1230E35T3A,28000
P1230E35T3B,24000
P1230E60T3A,24000
P1230E90T3A,24000
P1240E90Z3A,24000
P1250E25N01,41130
P1250E35T3A,28000
P1250E35T3B,24000
P1250E60T3A,24000
P1250E90T3A,24000
P1261RONT,220
P126CW,341
P126NC,1020
P126SQ,729
P12AWN-NM14,608
P12AWN-UM14,292
P12EN,780
P12EP,780
P12EP1,880
P12LAK,592
P12MK,592
P12MN,592
P12NAK,592
P12RK,648
P12RL,603
P12SND,720
P12SP,880
P12TT,880
P12UCM0,341
P1300RT,118
P131CM,341
P13RV3,650
P1400RON,128
P1400RON0L,128
P1400RONL,128
P1400ROP,128
P1400ROPC,128
P1400ROPL,128
P1400RT,128
P1400RTM,128
P1401R,128
P1401RON5L,128
P1401RON9T,128
P1401RONL,128
P1401RONT,128
P1401ROPL,128
P14122HG,264
P141HM,300
P1427E25T3B,24000
P1427E25T4A,24000
P1427E40T3B,24000
P1427E40T4A,24000
P1430E25T4A,24000
P1430E40T4A,24000
P1440E25T3B,24000
P1440E25T4A,24000
P1440E40T3B,24000
P1440E40T4A,24000
P1460RWN,128
P1460RWN0L,128
P1460RWNL,128
P1460RWP,128
P1460RWPC,128
P1460RWPL,128
P1461R,128
P1461RWN5L,128
P1461RWN9L,128
P1461RWNL,128
P1461RWNTB,128
P1461RWPL,128
P1465SKAZ,96
P1480R,128
P1485R,128
P1500RTM,128
P1500RTW,128
P1501RONTC,128
P1508,128
P1509,128
P1515R3S,96
P1530SR,148
P1561,128
P1561RWN9T,128
P1561RWNT,128
P156CS,300
P1600ROPS,124
P1600RT,118
P1600RTB,118
P1607CB0GC1,92160
P1607CC0GD1,92160
P160R,118
P1610,128
P1611,128
P1660RWN,124
P1660RWPS,124
P1661RWNTA,128
P1700RT,118
P1700RTB,118
P1760RWNBL,128
P1760RWP,118
P1761RWNBL,128
P1800RTM,118
P1800RTW,118
P1860RWN,118
P1860RWN5,118
P1860RWP,118
P1860RWPC,118
P1861RWN9T,118
P1861RWNT,118
P1861RWNTC,118
P1861RWNTD,118
P1861RWPT,118
P186NC,500
P186SQ,608
P18AWN-N214,464
P18AWN-U214,174
P18EL,464
P18EN,504
P18EP,504
P18EP1,550
P18RK,488
P18SP,550
P18TT,550
P1960RWNA,118
P1961NT,118
P1961PT,118
P1961RWNT,128
P1961RWNTB,128
P1961RWPT,118
P2061NT,118
P2061PT,118
P2061RWPT,118
P2160RWNC,118
P2361RWNT,118
P2361RWNTB,118
P246NC,500
P246SQ,608
P24AWN-N214,464
P24AWN-U214,171
P24EL,464
P24EN,504
P24EP,550
P24RK,405
P24SP,550
P24TT,550
P28AWN-N214,464
P28AWN-U214,171
P2A3QN1WSE,212
P2Y5PRP0W,212
P3063LCN,91
P3063LCU,186
P3NC05HSFA0,582
P3NC05TSFA0,742
P3NC05XSAF0,452
P3NC06HSFA0,582
P3NC06TSAF1,468
P3NC06TSFA0,742
P3NC06XSAF0,452
P3NC07HSAF0,430
P3NC07HSAF1,453
P3NC07TSAF1,468
P3NC07TSDD0,535
P3NC07TSDF0,535
P3NC07XSAF0,452
P3NC08HSAF0,430
P3NC08HSAG1,453
P3NC08HSAG2,453
P3NC08HSWF0,453
P3NC08PSAC0,527
P3NC08TSBG1,387
P3NC08TSED0,445
P3NC08XSAG0,452
P3NC10HSBF0,377
P3NC10HSDG1,394
P3NC10HSDG2,394
P3NC10HSWG2,394
P3NC10TSCG1,347
P3NC10TSED0,445
P3NC10XSCG0,264
P3NH08XSCG0,264
P3NH10HSDG1,347
P3NH10TSCG1,347
P3NH10TSED0,445
P3NQ08ANCH0,276
P3NQ10ANCL0,276
P3NQ14ANWH0,276
P3S13GC0GD1,17280
P3S13GC5GD1,17280
P4A3QN1WS,225
P4A3VN3W,159
P4AMTN0W,162
P4AOQH1WS,212
P4AOTH1W,159
P4AOTN0W,159
P4AOTN1W,159
P4AOVN0W,159
P4AQVH1VE,159
P4AQVH1W,161
P4AQVH1WE,159
P4AQVN1W,159
P4AVBS2WE,150
P4AVJS2WE,159
P4NC08HSAF0,430
P4NC08TSAF0,468
P4NC08YSAF0,378
P4NC10HSBF0,430
P4NC10TSAF0,468
P4NC10YSAF0,378
P4NC12HSBF0,430
P4NC12TSBF0,468
P4NC12YSAF0,378
P4NC14HSAF0,384
P4NC14HSAG0,384
P4NC14TSBF0,387
P4NH14HSAF0,384
P4NH14TSBF0,387
P4Y5VRP6J,159
P4Y5VRP6W,159
P4Y7ERPYZ,159
P4Y9LAP2W,150
P600R,220
P605N,220
P7000N,148
P7000R,220
P700N,204
P700NONP,204
P700R,148
P7046NONP,204
P7046NONPB,204
P7046NONPC,204
P7255R3F,148
P7256R3F,148
P7500N,148
P7552R3F,148
P7552R3FP,148
P761NONT,220
P761RONT,220
P8000N,148
P800NONP,204
P800R,148
P800R3AGNC,215
P8035R3S,148
P8052R3F,148
P805RWND,148
P8500R,148
P850RS,220
P861RON9T,220
P861RONT,220
P8835R3S,148
P9000R,148
P900R,148
P900RONL,148
P9032R3SP,148
P9035R3S,148
P9050R,148
P9050RTB,148
P90SDWG,148
P9552R3F,148
P961RDNL,148
P961RON5L,148
P961RONL,148
P961RONT,148
P961ROPL,148
P961RWNL,148
P9MC09TSED0,445
P9NC09TSED0,445
PA11WS,276
PA150DLX,276
PACCMB00A,5545
PACEZA000,6840
PACEZB000,6840
PACEZB0P0,6840
PACM4B000,16212
PACM4B000J,16212
PACM5A000,4680
PACMNB000,36252
PACP4B000,4680
PACP4B001,5940
PACP5A000,5940
PACPIA000,6840
PACS4B000,10064
PACS4B000J,10064
PACS4B0P0,10064
PACS5A000,10064
PAE-HT16MUE,52
PAE-HT16MUI,180
PAG-HS0,915
PAG-HS4,420
PAG-HS5,564
PAG-HS6,564
PAH-PTP0M,73
PAHCMW000,17442
PATX13A0E,2170
PATX20A0E,2170
PATX25A0E,2170
PATX35A0E,2170
PATX50A0,2170
PATX50A0E,2170
PBACNA000,10064
PBD-L04320,4408
PBD-L04321,4408
PBDP9,11412
PBDRGN000,151800
PBK-R09250,480
PBL-3501H2,4800
PBL-3501R2,4800
PBL-7001R2,4800
PBL-8701R2,2600
PBM13M1UA0,150
PBM13M2UA0,130
PBM13M3UA0,110
PBSC30,2284
PBSC40,1688
PBSGB30,1533
PBZC80,11070
PBZD80,11070
PC07SQR,946
PC09SC,880
PC09SQR,946
PC09ST,880
PC12SC,880
PC12SQ,880
PC12ST,880
PC18SC,550
PC18SQ,550
PC18ST,550
PC24SC,550
PC24SQ,550
PC24ST,550
PCF-ZDD0,8280
PCF-ZDD1,8280
PCF-ZED0,8280
PCF-ZED1,6118
PCF-ZED2,6118
PCF-ZED3,6118
PCF-ZED4,6118
PCF-ZVD0,8280
PCFSMN01,21465
PCHLLN000,22260
PCN-11600R2,4500
PCRCUSZ0,25272
PCS-SA21E0,16212
PCS-SA21E0J,16212
PCS-W302A1,5390
PCS-W302A1J,5390
PCS-W421E0A,10064
PCS-W421E0J,10064
PCS-Z150S0,16128
PCS-Z150S0J,16128
PCW-QE10A,7400
PCW-QE62Q,2550
PCW-QG00A,7400
PCW-QR00A,27720
PDA0009Y1M,19200
PDA0050J1M,3200
PDA0116Y1M,3200
PDA0120Y1M,3200
PDA056V1M,19200
PDA056Y1M,19200
PDB0264Y1M,8920
PDB0282Y1M,8920
PDC-HK10,25872
PDF22MFWBB,26
PDF22MFWWW,26
PDH14M3AA0,110
PDKACC01,960
PDR040K01,1920
PDR040K02,1920
PDR040K03,7680
PDR060K01,1920
PDR060K02,1920
PDR060K03,7200
PDR060K04,7680
PDRCUDB0,25872
PDRCUDC0,25872
PDRCUSZ0,25272
PDRYCB000,25272
PDRYCB100,25272
PDRYCB200,25272
PDRYCB300,25272
PDRYCB320,25272
PDRYCB400,25272
PDRYCB500,25272
PDRYCB501,25272
PDRYCB510,25272
PDS-CBCGD0,25272
PDS-CBNGM1,25272
PDS-VBCDM0,25272
PDS20MBWBB,26
PDS20MBWCC,26
PDS20MBWWW,26
PDS20MFWBB,26
PDS20MFWCC,26
PDS20MFWWW,26
PDS22MBRWW,26
PDS22MBWBB,26
PDS22MBWCC,26
PDS22MBWWW,26
PDS22MFWBB,26
PDS22MFWCC,26
PDS22MFWWW,26
PDS22MIWBB,26
PDS22MIWCC,26
PDS22MIWWW,26
PDU20MFXWW,26
PDU20SFXSS,26
PEB9159SFSS,432
PED24BS,239
PED24VCM,239
PED24WH,239
PEDX24EB,240
PEDX24GW,240
PEN4TN000,22260
PENKTH000,25272
PES-C0RV0,25272
PEX-NR120W,876
PEX-NR80W,876
PEXPMB000,6840
PEXPMB100,25272
PEXPMB200,25272
PEXPMB300,25272
PFDAHC02,404352
PFDSHC02,404352
PFL121D105K,1737
PFP-VT0SW,1
PFP-VUADW,629
PFP-WM5SW,550
PFP-WQ1SW,1020
PFP-WQ2SW,1020
PFP-WT0SW,1
PFP-WU1SW,1
PFPAYC30,39501
PFPAZC30,48384
PFPDNR00,566
PFPDQR00,566
PFPHQC06,43200
PFPSYC30,39501
PFS0D4B,480
PFS22MBWBB,26
PFS22MBWWW,26
PFS22MIWBB,26
PFS22MIWWW,26
PFS22MIXBB,26
PFS22MIXWW,26
PFS22SIXSS,26
PFS8D4A,480
PFS9B0A,283
PFS9B1A,5442
PFS9D4A,480
PFSDNR04,480
PFSDQR04,480
PFSHHC01,3264
PFSHQC01,3264
PFSLJA01,6670
PH-U289WT,459
PH-U450WN,538
PH-U451WN,459
PH-U459KN,459
PH-U459WN,459
PH30N,13248
PHATS0,25452
PHLLA,25452
PHLTA,25452
PHLTC,25452
PHNFP14A0,25272
PHS020K0310,303
PINPMB001,24640
PITK-I025C,44352
PITK-W025A,44352
PIWTAB00T,4493
PIWTAB01T,3240
PJT09G1N,780
PJT09G1U,490
PJT12G1N,780
PJT12G1U,490
PJT18G1N,495
PJT18G1U,312
PJT24G1N,495
PJT24G1U,171
PKAL01,4320
PKCR01,4320
PKEMD1CA0,54
PKEMD3A0,16
PKFC0,25452
PKHD3050,5796
PKHD4060,3105
PKHM01,4320
PLD-RNV0S,25872
PLDRNV1S,25872
PLGMVM000,25272
PLNTRN000,6840
PLNTRN001,6840
PLNWKB000,4680
PLNWKB100,5940
PLR-CQ0FDB,30294
PLR-CQ1MDB,30294
PLR-CR0FDB,30294
PLR-EL0SDGJ,30294
PLR-HQ0FDB,30294
PLR-HQ1MDB,30294
PLR-HR0FDB,30294
PM05SK,860
PM05SND,720
PM05SP,860
PM07EP,800
PM07PC,800
PM07SK,860
PM07SND,720
PM07SP,860
PM09EP,780
PM09PC,800
PM09SP,880
PM09SQ,780
PM12EP,780
PM12SP,880
PM12SQ,780
PM15SND,664
PM15SP,800
PM18EP,504
PM18SP,600
PM24EP,600
PM24SP,600
PMB7027EKSS,204
PMB7027SKSS,204
PMB7030SKSS,180
PMBD3620,1856
PMBD3630,1856
PMBD3640,1856
PMBD3641,1960
PMBD5420L,1960
PMBD5430L,1856
PMBD5440L,2048
PMBD7220,1856
PMBD7230,1856
PMBL1203F0,2336
PMBL5620,10527
PMBUSB00A,25272
PMBUSB10A,151800
PMBUSC00A,25272
PMBUSC20A,25272
PMN1831A,384
PMNFP14A0,25272
PMNFP14A1,25272
PMUB1111A,2336
PMUB112A,2336
PMUB11A,4992
PMUB122A,2336
PMUB23A,4992
PN-F60B,223
PN-F60P,223
PNF-B17C0,4680
PNF-P14A0G,25272
PNF-P14A0MJ,25272
PNF-P14A0V,25272
PNF-P14A1Q,25272
PNM9216SKSS,328
PNQ1300T2SF,74
PNQ1302T2SF,73
PNQ1450T2SF,74
PNQ1451T2SF,73
PNU-D1S40,4444
PNU-D1S40J,4840
PNW0603R2C,89
PNW0603R2G,89
PNW0603R2W,89
PNW0833R2CR,89
PNW0833R2GR,89
PNW0833R2WR,89
PNW1100T2S,68
PNW1100T2SJ,68
PNW1100T9S,68
PNW1100T9SJ,68
PNW1101T2S,74
PNW1101T9S,74
PNW1102T2FR,73
PNW1102T2SF,74
PNW1102T9FR,73
PNW1102T9SF,74
PNW110QT2S,74
PNW110QT2SR,73
PNW110QT9S,74
PNW110QT9SR,73
PNW1300T2S,68
PNW1300T2SJ,68
PNW1301T2S,74
PNW1301T9S,74
PNW130QT2S,74
PNW130QT2SR,73
PNW130QT9S,74
PNW130QT9SR,73
PNW1451T9S,74
PNW1452T9FR,73
PNW1452T9SF,74
PNW145QT9S,74
PNW145QT9SR,73
PP485A00T,25272
PP485B00K,25272
PPW15AM1,1050
PPW15AM2,1050
PPW15AM3,1050
PPWRDB000,6534
PPWRDB020,4840
PPWRDB0P0,4840
PQ07DCWCN,276
PQ07DCWDN,276
PQ07DDBCN,276
PQ07DDWAN,276
PQ07DDWCN,276
PQ07DDWDN,276
PQ07EDBCN,252
PQ07EDWCN,252
PQ07EDWDN,252
PQ07EDWEN,252
PQ07ESWCN,276
PQ07ESWEN,276
PQ07FDBAN,252
PQ07FDWCN,252
PQ07FDWDN,252
PQ08DAWA,276
PQ08DAWBN,276
PQ08DAWCN,276
PQ08DBWAN,276
PQ08DBWCN,276
PQ08DCWAN,276
PQ08DCWBN,276
PQ08DDBAN,276
PQ08DDWAN,276
PQ08DDWBN,276
PQ08EDBAN,252
PQ08EDWAN,252
PQ08EDWBN,252
PQ08FDBAN,252
PQ08FDWAN,252
PQ08FDWBN,252
PQCPA11A0E,4313
PQCPB11A0E,4313
PQCPC22A0,4680
PQCPC22A1,5940
PQCPC22N0,5589
PQCPC22N1,5643
PQCPM11A0,4104
PQCS0H,380
PQCSA001T0,11661
PQCSA101S0,25452
PQCSB101S0,29754
PQCSC101S0,25452
PQCSD130A0,8320
PQCSE341A0,25452
PQCSE342A0,25452
PQCSE440U0,11661
PQCSS501A0,64872
PQCSS502A0,25452
PQCSS520A0E,16212
PQCSSA21E0,16212
PQCSW320A0E,6179
PQCSW320A1E,5390
PQCSW421E0A,10064
PQCSW501A0,3458
PQCSZ250S0,16218
PQDSA,25272
PQDSA1,25272
PQDSA2,25272
PQDSB,25272
PQDSB1,25272
PQDSBC,25272
PQDSBC1,25272
PQDSBCDVM0,25272
PQDSBCGCD0,25272
PQDSBNGCM1,25272
PQGKT141MAA,48
PQNFB16A0,10152
PQNFB16A1,10152
PQNFB16H1,10152
PQNFB17B0,4313
PQNFB17C0,4680
PQNFB17C1,5940
PQNFB17C2,5940
PQNFG14B0,15264
PQNFP00A0,34848
PQNFP00T0,3968
PQNUD1S00,25272
PQNUD1S01,14976
PQNUD1S40,4444
PQNUD1S41,6534
PQRCFCS0,25272
PQRCHCA0Q,25872
PQRCHCA0QW,25872
PQRCHCSA,25872
PQRCHSC0W,25272
PQRCUCA0,25272
PQRCUCS0C,25272
PQRCUDS0,25872
PQRCUDS0B,25872
PQRCUDS0S,25872
PQRCUSA0,25272
PQRCUSA1,25272
PQRCVCL0Q,25872
PQRCVCL0QW,25872
PQRCVSL0,25872
PQRCVSL0G,25872
PQRCVSL0GW,25872
PQRCVSL0QW,25872
PQRCVSL2,25872
PQRFA0,46200
PQRNC0,25272
PQRSTA0,25872
PQSH1201,1620
PQVT0,25272
PQVT04,25272
PQWRCDF0,30294
PQWRCQ0FDB,30294
PQWRCSF0,30294
PQWRHDF0,30294
PQWRHQ0FDB,30294
PQWRHSF0,30294
PRAC1,30210
PRAGX2S0,72
PRAGX3S0,129
PRC-VSL0G,25872
PRC-VSL0GW,25872
PRC-VSL0QW,25872
PRCH56A1,452
PRCKA0,2250
PRCKA1,2250
PRCKAM,2574
PRCKD20E,359
PRCKD40E,359
PRCTFE0,14976
PRCTFE1,25272
PRCTIL0,25272
PRCTSH1,25272
PRCTSL1,25272
PRDCAM,900
PRDSBM,25452
PREMTA000,25872
PREMTA000A,25872
PREMTA000B,25872
PREMTA200,36252
PREMTA201,36252
PREMTA211,36252
PREMTB000,25872
PREMTB001,25872
PREMTB001C,25872
PREMTB001CJ,25872
PREMTB0P1,25872
PREMTB100,25872
PREMTB100R,25872
PREMTB101,25872
PREMTB10U,25872
PREMTB11U,25872
PREMTB1P0,25872
PREMTB1P1,25872
PREMTB200,25872
PREMTB200B,25872
PREMTB201,25872
PREMTBB01,25872
PREMTBB01C,25872
PREMTBB10,25872
PREMTBB11,25872
PREMTBB20,25872
PREMTBB21,25872
PREMTC00U,25872
PREMTC200,25872
PREMTH101,25872
PREMTUE0,17442
PREMTW101,25872
PREMTW200,25872
PRHR021,344
PRHR021A,344
PRHR022,344
PRHR022A,344
PRHR030,378
PRHR031,344
PRHR031A,344
PRHR032,344
PRHR032A,344
PRHR041,344
PRHR041A,344
PRHR042,344
PRHR042A,344
PRIP0,24640
PRLDNVS0,25872
PRLK048A0,5340
PRLK096A0,9240
PRVC0,25272
PRVC2,9909
PRVT120,23548
PRVT980,9563
PS-J500WE,264
PS-K450WN,736
PS-M550WP,732
PS-M550WPK,732
PS-N499WG,596
PS-N499WS,596
PS-N550BP,616
PS-N550WP,616
PS-N550WPK,616
PS-N550WPR,616
PS-N550WPS,616
PS-N551WP,616
PS-N650WN,596
PS-N700WP,616
PS-N700WPR,616
PS-P700WF,396
PS-P700WFR,396
PS-P700WFW,396
PS-P800WF,396
PS-P800WFM,396
PS-P809CB,378
PS-P809WF,378
PS-P809WF1,378
PS-Q450WC,616
PS-R200WC,1270
PS-R450WN,732
PS-R451WN,732
PS-R458WN,732
PS-R459WN,732
PS-S200WC,1200
PS-S200WCC,1200
PS-S200WCS,1200
PS-S200WCW,1200
PS-S201WC,1200
PS-S209WC,1173
PS-T450WN,680
PS-T459WN,670
PS-V219CG,1173
PS-V219CS,1173
PS-V329CG,755
PS-V329CS,755
PS-W309WI,510
PS-W309WT,540
PSA9120SFSS,330
PSA9120SPSS,328
PSA9240SFSS,330
PSA9240SPSS,328
PSAP3CB10,3000
PSAP3CC10,3000
PSAP3CD10,1311
PSAP3CM10,3000
PSAP3CR10,3000
PSAP3CW10,3000
PSAP8CB10,2950
PSAPBCV10,3720
PSAPECB10,3750
PSAPECJ10,3750
PSAPECL10,3750
PSAPECR10,3750
PSAPECV10,3750
PSAPFCE10,2000
PSAPFCE11,2000
PSAPFCG10,2000
PSAPFCG11,2000
PSAPFCH11,2000
PSAPFCV10,2000
PSAPFCV11,2000
PSAPGALLERY,969
PSAPPAA10,1083
PSAPPAS10,1083
PSAPPCB10,1083
PSAPPCD10,1083
PSAPPCM10,1083
PSAPPCW10,1083
PSAPUCB10,3800
PSAPUCC10,3800
PSAPUCD10,3800
PSAPUCM10,3800
PSAPUCR10,3800
PSAPUCW10,3800
PSAPVAK10,1580
PSAPVAQ10,1580
PSAPVCD10,1580
PSAPVCM10,1580
PSAPVCW10,1580
PSAPZCB10,4600
PSAPZCC10,4600
PSAPZCD10,4600
PSAPZCJ10,4600
PSAPZCL10,4600
PSAPZCM10,4600
PSAPZCR10,4600
PSAPZCW10,4600
PSB9100BLTS,204
PSB9100EFES,204
PSB9100SFSS,204
PSB9100SVSS,192
PSB9120BLTS,180
PSB9120DFWW,180
PSB9120EFES,180
PSB9120SFSS,180
PSB9120SVSS,180
PSB9240BLTS,180
PSB9240EFES,180
PSB9240SFSS,180
PSB9240SVSS,180
PSE1012A,18
PSF0731D,240
PSF1031A,300
PSF1031B,240
PSF1032A,136
PSF1032BZ,136
PSF1071A,300
PSF1091A,264
PSF1831A,192
PSF1871A,192
PSF1891A,144
PSH0731B,320
PSHNAC01,33696
PSNFP14A0,25272
PT-CD0,700
PT-CD1,700
PT-CDA,700
PT-CDA1,700
PT-CDC,700
PT-CDC1,700
PT-CEA1,1432
PT-CEC,1432
PT-CEC1,1432
PT-CFA,896
PT-CFC,896
PT-CJA,1617
PT-HB0,604
PT-HCA,1399
PT-HCC,1399
PT-HD0,700
PT-HD1,700
PT-HDA,700
PT-HDA1,700
PT-HDC1,700
PT-HEA,1432
PT-HEA1,1432
PT-HEC,1432
PT-HEC1,1432
PT-HFA,896
PT-HFC,896
PT-HJA,1617
PT-HJC,1617
PT-HJC1,1617
PT-HLA,1243
PT-HLC,1243
PT-HLC1,1243
PT-MAHW0,440
PT-MCHW0,440
PT-QCHW0,1020
PT-UCA,860
PT-UMC,596
PT-UMC1,596
PT-UMC1B,596
PT-UQC,1106
PT-UTC,475
PT-UTD,475
PT-UUC,629
PT-UUC1,629
PT-UUD,629
PT1000R,128
PT1200R,128
PT1300R,128
PT9800SHSS,180
PTDCA,1364
PTDCD,504
PTDCD1,504
PTDCM,670
PTDCQ,1364
PTEGM0,918
PTHERB000,25872
PTKPP1R,780
PTKPP2R,780
PTKPP4R,780
PTKPP5R,780
PTKPPBRE,780
PTKPPCRE,780
PTKPPER,780
PTKPPGR,780
PTKPPM1,780
PTKPPM2,780
PTKPPM3,780
PTKPPRR,780
PTKPPRT,989
PTKPPWR,780
PTKPPWRE,780
PTKPPWT,989
PTKPPYR,780
PTKPPYT,989
PTKPSCR,650
PTKPSER,650
PTKPTBR,650
PTKPTCR,650
PTKPTER,650
PTKPTRR,650
PTKPTRT,690
PTKPTWR,650
PTKPTWT,690
PTKPTYR,650
PTKPTYT,690
PTPC-HLA0,616
PTPH-CLA0,1302
PTPH-DLA0,1
PTPH-FLA0,1
PTPKQ0,10974
PTVK410,806
PTVK420,6600
PTVK430,31200
PUCKA0,2250
PUQ0832R2SF,170
PUQ1300T2SF,104
PUQ1301T2SF,104
PUQ1302T2SF,104
PUQ1450T2SF,104
PUQ1451T2SF,104
PUW0520R2L,170
PUW0520R2SL,170
PUW0523R2SF,171
PUW0603R2SF,171
PUW0723R2SF,104
PUW0830R2L,104
PUW0830R2SL,104
PUW0833R2SF,104
PUW1100T2S,102
PUW1100T2SJ,102
PUW1100T9S,102
PUW1100T9SJ,102
PUW1101T2S,102
PUW1101T9S,102
PUW1101T9SF,102
PUW1102T2SF,102
PUW1102T9SF,102
PUW110QT2S,102
PUW110QT9S,102
PUW1300T2S,102
PUW1300T2SJ,102
PUW1301T2S,102
PUW1303T2FR,52
PUW1303T9FR,104
PUW130QT2S,102
PUW2300F9SF,42
PUW230PF9FR,42
PUW230PT9FR,42
PUW2900F9SF,42
PUW290PF9FR,42
PUW290PT9FR,42
PV286STQ,171
PVDATN000,25272
PVDSMN000,25272
PVFDDN000,25272
PVM9005BLTS,328
PVM9005EJES,328
PVM9005FMDS,328
PVM9005RYSS,328
PVM9005SJSS,328
PVM9179BLTS,328
PVM9179BRTS,328
PVM9179DKBB,328
PVM9179DKWW,328
PVM9179DRBB,328
PVM9179DRWW,328
PVM9179EFES,330
PVM9179EKES,328
PVM9179ERES,328
PVM9179FLDS,328
PVM9179FRDS,328
PVM9179RYSS,328
PVM9179SKSS,328
PVM9179SRSS,328
PVM9215RYSS,350
PVM9215SKSS,350
PVM9225RYSS,280
PVM9225SRSS,280
PVRCUSZ0,25272
PWA15AA,1050
PWA15AA1,1050
PWA15AF1,1050
PWB7027ELES,204
PWB7027SLSS,204
PWB7030ELES,180
PWB7030SLSS,180
PWB7030SVSS,180
PWBFTA0,100
PWBFTB0,100
PWBFTC0,100
PWBFTD0,100
PWBFTE0,100
PWBFTF0,100
PWFHHA01,6720
PWFHHA02,6720
PWFMDB101,6840
PWFMDB200,25272
PWHHSA01,4320
PWHHSS01,5184
PWKAFG01,96768
PWKAGG01,96768
PWKANG03,490464
PWKSLG01,39501
PWKSMG01,39501
PWKSND03,490464
PWKSNG03,490464
PWKSUW01,621
PWLGWB000,91977
PWLGWB100,29754
PWLSSA10C,30294
PWLSSA10H,30294
PWLSSA1PC,30294
PWLSSA1PH,30294
PWLSSA20C,30294
PWLSSA20H,30294
PWLSSA21C,30294
PWLSSA21H,30294
PWLSSA31C,30294
PWLSSA31H,30294
PWLSSA32C,30294
PWLSSA32H,30294
PWLSSA3PC,30294
PWLSSA3PH,30294
PWLSSA3QC,30294
PWLSSA3QH,30294
PWLSSA41C,63189
PWLSSA41H,63189
PWLSSA4PC,63189
PWLSSA4PH,63189
PWLSSB10C,30294
PWLSSB10H,30294
PWLSSB20C,30294
PWLSSB20H,30294
PWLSSB21C,30294
PWLSSB21H,30294
PWLSSB22C,30294
PWLSSB22H,30294
PWLSSC41C,30294
PWLSSC41H,30294
PWMLMC01,8704
PWMLSA01,2100
PWYREG100,25872
PZ09EYN,880
PZ09EYU,490
PZ09NYN,880
PZ09NYU,490
PZ12EYM,880
PZ12EYN,880
PZ12EYU,490
PZ12NYM,880
PZ12NYN,880
PZ12NYU,490
PZ18EYN,550
PZ18EYU,312
PZ18NYN,550
PZ18NYU,312
PZ24EYN,550
PZ24EYU,171
PZ24NYN,550
PZ24NYU,171
PZCWRC0,25452
PZCWRC1,25872
PZCWRC2,25872
PZCWRCG3,25872
PZNVVB200,25272
PZRCUSB0,30294
Q336MEE153,71
Q336MEE171,71
Q342AAA133,71
Q342AAA153,71
Q342GBB133,71
Q342GBB153,71
Q343AAA183,71
Q343GIB183,71
Q343MEEF53,71
Q343MHHF33,71
Q343MNGF53,71
Q343MPSF33,71
Q343MTEF33,71
Q344GIN493,71
Q405MEE151,62
Q405MEE171,62
Q405MQQ133,62
Q4J5TN4W,159
Q5J5QN3W,159
Q5J6TM0W,159
Q5J6TY0W,159
Q5J7VN1W,159
QJ196KBD,1060
QJ208KAA,1060
QJ208KAB,1060
QJ208KAC,940
QJ222KCB,1060
QJ222KCC,1060
QJ222PAE,1060
QJ222QAC,1060
QJ230KBD,1060
QJ230KDA,1060
QJ230KDE,1060
QJ250KAC,940
QJ250KBA,1060
QJ250QAA,1060
QJ258KCD,940
QJ258KD23B,1060
QJ258KDA,1060
QJ258KEB,1060
QJ258KEC,1060
QJ264KAB,1060
QJ264KAF,1060
QJ278KC23D,1060
QJ278KCB,1060
QJ278KDA,940
QJ278KE24D,1060
QJ282KAD,1060
QJ292PD23D,1060
QJ330PAA,940
QJS196KAA,1060
QJT282KAA,920
QJT282KBA,920
QJT348PAB,860
QJT348PAC,860
QJT362KAA,1060
QK104KAG,1350
QK125KBB,1260
QK125QAB,1350
QK134KBB,1350
QK134KBK,1350
QK141KBD,1350
QK145KBC,1160
QK164KBA,1160
QK164KBD,1200
QK164KBH,1160
QK164PCB,1160
QK164QAC,1160
QK173KAH,1160
QK178KAD,1160
QK182CAB,1160
QK191CAA,1160
QK191KAJ,1160
QK196PAA,1350
QK208KAB,1350
QK208PCA,1160
QK208PCD,1180
QK218PAA,1160
QK222KAA,1160
QK222PBC,1180
QKS164KAA,1160
QKS173PAA,1180
QKT191NBA,1160
QKT208NBA,1160
QNW0320A2S,488
QNW0400A2S,488
QP306KBC,640
QP325KBA,640
QP325KBB,640
QP325PCA,640
QP325PCD,640
QP325YAA,640
QP348KCC,688
QP348PD24A,640
QP348RAA,640
QP362KAB,640
QP362KBB,640
QP376KAF,640
QP390KBA,640
QP390KCB,688
QP407PAA,688
QP407PFA,688
QP407PFB,688
QP425KBA,640
QP425KBF,640
QP425PAD,688
QP425PMA,640
QP425YAA,760
QP425YAB,640
QP425YAD,640
QP442PAA,640
QP442PBA,688
QP442PBD,640
QP464PBA,640
QVM7167BNTS,328
QVM7167RNSS,328
QVS348KBB,800
QWC096GGAA0,419
QWH186NBMM4,218
R-2002YLQ,60
R-2002YTQ,63
R-2029YC,67
R-2B394BINS,71
R-2B479B,62
R-4D760MDUP,36
R-585HK,1792
R-585HK1,1792
R-585WK,1792
R-585WK1,1792
R-965GB,715
R-965IB,715
R-965WB,715
R-A201GBF,136
R-A201GBG,136
R-A201GBV,136
R-A201GBW,136
R-A202GBF,136
R-A202GBG,136
R-B261GBW,87
R-B311GB,73
R-B315GB,73
R-B315JB,73
R-B315JBJ,73
R-B321GBWP,73
R-B322GBW,73
R-B323GBWP,73
R-B382GMK,67
R-B391GM,67
R-B431GCWP,62
R-B431GZS,67
R-B432GCWP,62
R-B432GZS,67
R-B432GZW,67
R-B433GCWP,66
R-B433GZVP,66
R-B433GZWP,66
R-B434BM,62
R-B434GM,62
R-B435BM,62
R-B435GM,62
R-B438BM,62
R-B438GM,62
R-B451GZSP,65
R-B451GZWP,65
R-B464GM,63
R-B471GCSP,42
R-B471GM,60
R-B472GCWP,60
R-B473GCWP,60
R-B501GM,55
R-B501GZVP,42
R-B501QM,55
R-B502GSWP,55
R-B502QCWP,55
R-B503GMWP,42
R-B503QCWP,55
R-B571GM,39
R-B571GMS,39
R-B601GM,39
R-B601HM,39
R-B602GCWP,39
R-B602GM,39
R-B602HCWP,39
R-B603GMTP,51
R-B603GMWP,51
R-B603GMZP,51
R-B603HCWP,51
R-D317PDUW,48
R-D318PDQW,48
R-D318PDUW,48
R-D318QDDW,48
R-D323PDTU,45
R-D323PDUW,45
R-D323PDVT,45
R-D323QDUW,45
R-D333PGHG,45
R-D333PGWN,45
R-D338TGHG,45
R-D339PGDT,45
R-D339PGHG,45
R-D339PGTU,45
R-D339PGWN,45
R-D339PMLL,45
R-D339PMSG,45
R-D413GFCR,28
R-D413GFRV,28
R-D413GFSW,28
R-D413GFSWA,28
R-D413HECR,28
R-D413HECRK,28
R-D413PECR,28
R-D413PEHG,28
R-D413PEUW,28
R-D413PFCR,28
R-D413PFRV,28
R-D413PFRW,28
R-D413PFSC,28
R-D413PFSD,28
R-D413PFSK,28
R-D413PFSM,28
R-D413PFSS,28
R-D413PFUW,28
R-D413PNISK,28
R-D413PNIW,28
R-D413PNRS,28
R-D413PNRW,28
R-D414EMSA,28
R-D414PFNW,28
R-D414PFSR,28
R-D414PMAW,28
R-D414PMDN,28
R-D414PMLD,28
R-D414PMNW,28
R-D414PMSA,28
R-D414PMSD,28
R-D414PMSR,28
R-D414PMSS,28
R-D414PMSW,28
R-D414PMSW1,28
R-D414PMWZ,28
R-D415PFSI,28
R-D418PEWS,28
R-D418PNCR,28
R-D418PNDT,28
R-D418PNRD,28
R-D418PNRW,28
R-D419HECR,28
R-D419HECRK,28
R-D419PECR,28
R-D419PEHG,28
R-D419PEIW,28
R-D419PEUW,28
R-D419PNDT,28
R-D419PNIS,28
R-D419PNRW,28
R-F644DLS,28
R-F704DNS,26
R-F774DLS,24
R-F834DLS,24
R-L691JYF,30
R-L691JYFSP,30
R-L692JYS,30
R-L692JYSSP,30
R-L693JYS,30
R-L695JYS,30
R-L713JCS,30
R-L715JCS,30
R-M321GCV,54
R-M441GCV,62
R09AWN-NB11,675
R09AWN-NB13,648
R09AWN-UB11,316
R09AWN-UB13,316
R09CN-M,675
R09CN-N,675
R09CN-U,420
R1-B13A3WE,161
R12AWN-NB13,648
R12AWN-UB11,316
R12AWN-UB13,316
R12CN-N,675
R12CN-U,344
R1630G30N61,19200
R18AQN-NC10,488
R18AQN-UC10,171
R18AWN-NC13,488
R18AWN-NC9,488
R18AWN-UC11,171
R18AWN-UC13,171
R18AWN-UC9,171
R2-B11A3WE,162
R2057A-02S,3680
R2127G24N8A,15360
R2127G24N8B,15360
R2130G24N8A,15360
R2130G24N8B,15360
R2140G24N8A,15360
R2140G24N8B,15360
R2150G24N8A,15360
R21NBRB-LG,110600
R21NBRW-LG,110600
R22AWN-UC11,171
R24AWN-NC10,488
R24AWN-NC13,488
R24AWN-UC10,171
R24AWN-UC11,171
R24AWN-UC13,171
R28AWN-NC13,488
R28AWN-UC11,171
R28AWN-UC13,171
R3-B13X3WE,162
R3-CORE,1888
R3-PRIME,1888
R3-S10XTWE,162
R3-S11XTWE,162
R3-S9XTWE,162
R320S,71
R321S,71
R326S,69
R327S,54
R328M,54
R328MB,54
R328S,54
R328W,54
R4-B10YWE,162
R4-B11YWE,162
R4-B9YWE,162
R4-S10YWE,162
R4-S11YWE,162
R4-S9YWE,162
R4130025N01,36288
R4130025N02,36288
R4130040N01,17280
R4138025N02,17280
R4140025N01,17280
R4140040N01,17280
R4150025N01,17280
R43GN,2450
R43HN,2450
R43WN,2450
R45CIM,1828
R45PIM,1828
R45RIM,1828
R45RM,1828
R45SM,1828
R45ZIM,1828
R46CIM,1828
R46RIM,1828
R46RTM,1828
R48GN,2450
R48IH,2450
R48IN,2450
R48IN1,2450
R48IN4,2450
R48PN,2450
R48SN,2450
R48VN,2450
R48VN4,2450
R48WN,2450
R5-B10YW,162
R5-B11YW,162
R5-B9YW,162
R5-MAX,1792
R5-PLUS,1792
R5-PRO,1792
R5-PROBL,1792
R5-PROPLUS,1792
R5-PROPLUS1,1792
R5-ULTIMATE,1792
R5-ULTRA,1792
R51BNGN,1792
R51BNGN1,1792
R51HNDW1,600
R51HNDW2,600
R51HNGW,1792
R51HNNW,1792
R51HNNW1,1792
R51WNDW,600
R51WNDW1,600
R51WNGW,1792
R51WNGW1,1792
R51WNNW,1792
R51WNNW1,1792
R55CIM,1828
R55PIM,1828
R55RIM,1828
R560BL,1792
R560BL1,1792
R580HK,1792
R580WK,1792
R580WK1,1792
R585HKA,600
R585HKA1,600
R585WKA,600
R585WKA1,600
R5AHBNANDS,600
R5T-AUTO,1792
R5T-MAX,600
R5TT20F-SA0,51
R5TT27F-SA0,51
R5ULTIMATE1,1792
R6-B8YW,162
R6TS10H-EA0,76
R6TS15H-EA0,76
R6TS20C-EA0,54
R6TS22C-GA0,48
R6TS27C-GA0,48
R6TS28C-GA0,48
R6TS30C-GA0,48
R75AIM,1828
R75BIM,1828
R75MIM,1828
R75PIM,1828
R75TIM,1828
R76BIM,1828
R76BIW,1828
R76CIM,1828
R76GIM,1828
R76GIW,1828
R76ITM,1828
R76ITW,1828
R76STM,1828
R76TIM,1828
R83HTNRBNS,2128
R83HTNRNNS,2128
R83WBNRDNS,2128
R84HTNRNNS,2128
R87,1932
R87ATM,1932
R9300WB,715
R938RA,1932
R948SA,1932
R958DA,1932
R958DG,1932
R958RA,1932
R958SA,1932
R958SB,1932
R959SG,1932
R961IA,1932
R961VA,1932
R968DA,1932
R969IA,1932
R96DTDAN,1932
R96DTDAN1,1932
R96ITDAH1,1932
R96ITDAN,1932
R96ITNAH,715
R96ITNFH,715
R96RBEN,1932
R96RTDAN,1932
R96STCN,1932
R96STCRN,1932
R96STDAN,1932
R96STDAN1,1932
R96VTDAH1,1932
R96VTDAN,1932
R96WTGNH,715
R975GM,1932
R975GM1,1932
R97DTDAH,1932
R97GTDAH,1932
R97GTNAH,715
R97GTNFH,715
R97ITDAH,1932
R97STDAN1,1932
R97STDAN2,1932
R97WTDAH,1932
R97WTNAH,715
R97WTNFH,715
R9BWTNNNDS,715
R9MASTER,1932
R9MASTERX,1932
RA460K07A00,96
RA460K11A00,96
RA500K16A11,80
RA600K07A00,96
RA600K11A00,96
RA768K16A11,80
RC09VHP2V,150
RC09VHP2W,150
RC1041A3Z,150
RC10V7SDK,150
RC10V7WDK,150
RC10V9AV2WR,150
RC10V9JV2WR,150
RC7011WH,150
RC7015SL,150
RC7020A1,150
RC7020A5,150
RC7020C1,150
RC7020WH,150
RC7021WH,150
RC7040WH,150
RC7055AH1M,150
RC7055AH1Z,150
RC7055AH2M,150
RC7055AH2Z,150
RC7055AH6M,150
RC7055AP1Z,150
RC7055AP2Z,150
RC7055AP3Z,150
RC7064A,150
RC7064A1Z,150
RC7064A5Z,150
RC7064AZ,150
RC7064C1Z,150
RC7066A1F,150
RC7066A1Z,150
RC7066A2Z,150
RC7066A6Z,150
RC7066B2Z,150
RC7066G2F,150
RC8001A,150
RC8001B,150
RC8001C,150
RC8003A,150
RC8003C,150
RC8005S,150
RC8011A,150
RC8011A1,150
RC8011A2,150
RC8011A6,150
RC8011B,150
RC8011C,150
RC8011E2,150
RC8012A,150
RC8015A,150
RC8015A1,150
RC8015C,150
RC8015C1,150
RC8020WH,150
RC8022WH,150
RC8031WH,150
RC8035SL,150
RC8041A3,150
RC8041E,150
RC8041E3,150
RC8041WHS,150
RC8043A,150
RC8043A1Z,150
RC8043A2Z,150
RC8043AZ,150
RC8043C,150
RC8043C1Z,150
RC8043CZ,150
RC8055AH1M,150
RC8055AH1Z,150
RC8055AH2M,150
RC8055AH2Z,150
RC8055AH3M,150
RC8055AH6M,150
RC8055AHM,150
RC8055AHZ,150
RC8055AP1Z,150
RC8055AP2F,150
RC8055AP2Z,150
RC8055AP3F,150
RC8055AP3Z,150
RC8055APF,150
RC8055APZ,150
RC8055BP2F,150
RC8055EH2F,150
RC8055EH2M,150
RC8066A1F,150
RC8066A2F,150
RC8066A6F,150
RC8066AS2Z,150
RC8066BS2Z,150
RC8066C1F,150
RC8066CF,150
RC8066CS2Z,150
RC8066ES2Z,150
RC8066G2F,150
RC8082AV2Z,150
RC8084AV3F,150
RC8084AV3W,150
RC80EU2AV4D,150
RC80S2AV0W,150
RC80U2AV0A,150
RC80U2AV0Q,150
RC80U2AV0W,150
RC80U2AV2W,150
RC80U2AV3A,150
RC80U2AV3E,150
RC80U2AV3Q,150
RC80U2AV3W,150
RC80U2AV4D,150
RC80U2AV4E,150
RC80U2AV4Q,150
RC80U2AV4W,150
RC80V9AV0W,150
RC80V9AV2Q,150
RC80V9AV2W,150
RC80V9AV3Q,150
RC80V9AV3W,150
RC80V9AV4Q,150
RC80V9AV4W,150
RC80V9AV7Q,150
RC80V9AV8Q,150
RC80V9EV2W,150
RC80V9JV2Q,150
RC8155AP2F,150
RC8155AP3F,150
RC8182AV2Z,150
RC81EU2AV3Q,150
RC81EU2AV3W,150
RC81EU2AV4Q,150
RC81EU2AV4W,150
RC81U2AV2W,150
RC81U2AV3W,150
RC81V5AV0Q,150
RC81V5AV7N,150
RC81V5AV7Q,150
RC81V9AV2Q,150
RC81V9AV2W,150
RC81V9AV3Q,150
RC81V9AV4Q,150
RC82EU2AV3Q,150
RC82EU2AV3W,150
RC82EU2AV4Q,150
RC82EU2AV4W,150
RC82V3AV0N,150
RC8TV9AVSN,150
RC8TV9AVWN,150
RC9011A,150
RC9011A1,150
RC9011A2,150
RC9011B,150
RC9011B1,150
RC9011C,150
RC9011C1,150
RC9011C2,150
RC9011D,150
RC9011G2,150
RC9014A,150
RC9023WH,150
RC9041A3,150
RC9041A3Z,150
RC9041AZ,150
RC9041C3,150
RC9041C3Z,150
RC9041CZ1,150
RC9041E,150
RC9041E2,150
RC9041E3,150
RC9041E3Z,150
RC9041WH,150
RC9042AQ3Z,150
RC9042AQ3Z1,150
RC9055AP1,150
RC9055AP2F,150
RC9055AP2W,150
RC9055AP2Z,150
RC9055AP3Z,150
RC9055BP2F,150
RC9055BP2Z,150
RC9055EP2Z,150
RC9066A3F,150
RC9066AF,150
RC9066AF0,150
RC9066C3F,150
RC9066E3Z,102
RC9066G2F,150
RC9082EV3Z,90
RC9084AV3W,150
RC9095AP2Z,150
RC90U2AV0Q,150
RC90U2AV2E,150
RC90U2AV2Q,150
RC90U2AV2W,150
RC90U2AV3Q,150
RC90U2AV3W,150
RC90U2AV4Q,150
RC90U2AV4W,150
RC90U2EV2E,150
RC90U2EV2Q,150
RC90U2EV2W,150
RC90U2JV2W,150
RC90V9AV1Q,150
RC90V9AV2E,150
RC90V9AV2Q,150
RC90V9AV2W,150
RC90V9AV3Q,150
RC90V9AV3W,150
RC90V9AV4Q,150
RC90V9AV4W,102
RC90V9AV6W,102
RC90V9EV2Q,150
RC90V9EV2W,150
RC90V9JV2Q,150
RC90V9JV2W,150
RC90V9KV2W,150
RC90V9PV2W,150
RC9155AP2F,150
RC91U2AV2W,150
RC91U2AV3W,150
RC91V5AV6Q,150
RC91V9AV2QR,150
RC91V9AV2W,150
RC91V9AV3N,150
RC91V9AV3Q,150
RC91V9AV4N,150
RC91V9AV4Q,150
RC91V9EV2Q,150
RC9DN9029,150
RCAW0609AAA,3
RCAW060BAAA,3
RCW1,1
RCWM,1
RD132DLD0,471
RD132KLG0,480
RD136FGD1,498
RD151QPC0,480
RD15GQSD1,480
RD161QPC1,468
RD16GQSC1,480
RD171QBC0,456
RD171QGC0,456
RD171QSC1,456
RD181QGC1,456
RD19GQGC1,480
RD460KCBA01,96
RD600KCBA01,96
RDA0301B2R,8920
RDA0301B3R,8920
RDA0351N2R,8920
RDA0451B1R,8920
RDA0488S1R,8920
RDA0501N1R,8920
RDA0509N1R,8920
RDA0601N1R,8920
RDA0601T1R,8920
RDA0609N1R,8920
RDA0651B4R,4480
RDA0702Y1S,10080
RDA0712Y4S,10080
RDA0712Y5S,10080
RDA082E03,19200
RDA0892Y1S,10080
RDA1082Y1S,10080
RDA1082Y2S,10080
RDA1082Y3S,10080
RDA1082Y5S,10080
RDJ1912Y1S,8920
RDJ1912Y2S,8920
RDJ1912Y3S,8920
RDJ2182Y1S,8920
RDJ2182Y2S,8920
RDJ2702Y1S,8920
RDJ3002Y1S,8920
RDJ3400Y1S,8920
RDJ3402Y1S,8920
RDJ3402Y2S,8920
RDJ3402Y3S,8920
RDJ3402Y4S,8920
RDJ3512Y1S,8920
RDJ608T1R,8920
RDJ708B6R,8920
RDJ709B1R,8920
RDK0608T1R,4800
RDK0608T2R,4800
RDK0658B1R,5600
RDK0658T1R,56500
RDK1602Y1S,5600
RDK1602Y5S,5600
RDK1602Y6S,5600
RDK1602Y7S,5600
RDK1602Y8S,5600
RDK2202Y1S,5600
RDP3512Y1S,3840
RDS0251T1R,8920
RDS0451S1R,8920
RDS0501S1R,8920
RDS0512Y1S,10080
RDS0652Y1S,10080
REA200AP0,342
REFRESHPKG,3542
RESATSS01,4536
RESPMSH01,756
RF1122NB,84
RF1122NS,84
RF1122NW,84
RF1322VB,84
RF1322VS,84
RF1322VW,84
RF13W,576
RF1521VB,84
RF1521VS,84
RF1521VW,84
RF15W,288
RF1661VB,84
RF1661VS,84
RF1661VW,84
RGUW081C9C,100
RGUW08QC9C,100
RGUW101C9C,100
RGUW10QC9C,100
RGUW121C9C,100
RGUW12QC9C,100
RGUW201C9C,100
RGUW20QC9C,100
RH0X71WH,150
RH0X76WH,150
RH1077WVK,150
RH10V5AV5W,150
RH10V9AV3W,150
RH10V9JV2WR,150
RH10W86VKP,150
RH10W8AVK,150
RH10W8AVKP,150
RH10W8AVKWP,150
RH10W8UVKP,150
RH10W8YVKP,150
RH10W8ZVK,150
RH10W8ZVKWP,150
RH10X56V2NP,150
RH10X75VEN,150
RH10X76VEN,150
RH1377AS,90
RH1377ES,90
RH1393ASD,90
RH1393ESD,90
RH13A3ASD,90
RH13A3GSD,90
RH13D2AVHW,84
RH13J64VRW,84
RH13Q8AVIW,84
RH13Q8EVIW,84
RH13Q8JVDW,84
RH16KB,90
RH16U8AVCW,150
RH16U8AVKW,90
RH16U8EVCW,150
RH16U8EVCWY,90
RH16U8JTDW,90
RH16U8JVKW,90
RH18Q8EVKW,84
RH1V50WH,150
RH1V51WH,150
RH20Q9AVKW,84
RH7050WH,150
RH8030WH,150
RH8051WH,150
RH80V3AV0N,150
RH80V3AV5W,150
RH80V3AV6W,150
RH80V5AV0Q,150
RH80V5AV7N,150
RH80V5AV7Q,150
RH80V9AV2Q,150
RH80V9AV3N,150
RH80V9AVSN,150
RH80V9AVWN,150
RH80V9JV2W,150
RH80Z1APARC,171
RH80Z1APBRC,171
RH80Z1APBRD,168
RH80Z1GPBRC,171
RH8N14SL,168
RH8N15WH,168
RH8N15WHB,168
RH8WA,150
RH9051WH,150
RH9052IX,150
RH9052WH,150
RH90V3AV0W,150
RH90V3AV6W,150
RH90V3AVBN,150
RH90V5AV0Q,150
RH90V5AV5N,150
RH90V5AV6Q,150
RH90V5AV7Q,150
RH90V5PV9N,150
RH90V9AV2QR,150
RH90V9AV2W,150
RH90V9AVRN,150
RH90V9AVSN,150
RH90V9PV2W,150
RH90V9PV8W,150
RH90W8AVKP,150
RH90W8AVKP2,150
RH90W8QVKP,150
RH90W8ZVKP,150
RH90X75VEN,150
RH90X75VENP,150
RH90X76VEN,150
RH90Y15PBN,150
RH90Y1XPBN,150
RH9SIO,90
RH9V71WH,150
RH9V92BS,150
RH9WI,90
RH9WIO,90
RH9X56BW,150
RH9X56WH,150
RH9X58WH,150
RH9X71WH,144
RH9X76BM,150
RH9X76WH,150
RHA1008NDK,171
RHA1008NWH,171
RHA1008NWK,171
RHX5008TBB,150
RHX5008TKB,150
RHX5008TLB,150
RHX5008TWB,150
RHX5009NBB,150
RHX5009NHB,150
RHX5009NWB,144
RHX5009TBB,150
RHX5009THB,150
RHX5009TKB,150
RHX5009TLB,150
RHX5009TWB,150
RHX5010TBB,150
RHX5010THB,150
RHX5010TKB,150
RHX5010TLB,150
RHX7009TBB,150
RHX7009TLB,150
RHX7009TLS,150
RHX7009TSB,150
RHX7009TWB,150
RHX7009TWS,150
RHX7010TBB,150
RHX7010TLB,150
RHX7010TLS,150
RHX7010TSB,150
RHX7010TWS,150
RJB-V127BG,73
RJF-Q242GS,36
RJT-B101BG,89
RJT-B101CM,89
RJT-B101CP,89
RJT-B127BG,73
RJT-B127CM,73
RJT-B127CP,73
RL16671000,252
RM2U15,312
RM3U19,171
RMN09,880
RMN12,880
RN1025A1,90
RN1044AS,90
RN1044ASC,90
RN1044GS,90
RN1045A,90
RN1045AC,90
RN1045F1,90
RN1047A,90
RN1048A,90
RN1048A1,90
RN1048A8,90
RN1048AK,90
RN1059AS1,90
RN1059DS1,90
RN1059ES1,90
RN1060A1,90
RN1063A1,90
RN1069A1,90
RN1069C1,90
RN1074A,90
RN1074AK,90
RN1089A1,90
RN10A9A18,90
RN10A9A18W,90
RN10A9A8W,90
RN10A9E18W,90
RN12BBF,56
RN12SBB,56
RN12SBD,56
RN12SBF,56
RN12SBH,56
RN1304AS,90
RN1304ASU1,90
RN1304AU,90
RN1304DSU1,90
RN1304DU,90
RN1304ESU1,90
RN1307B,90
RN1307B1,90
RN1308AS,90
RN1308BS,90
RN1308CS,90
RN1310A,90
RN1310AS,90
RN1310BS,90
RN1310DS,90
RN1316A,90
RN1316AS,90
RN1316B,90
RN1316DSQ1,90
RN1316E,90
RN1316VS,90
RN1317A,90
RN1317AS,90
RN1317ASD,90
RN1317TS,90
RN1317TSK,90
RN1319ASC,90
RN1319DSC,90
RN1319E,90
RN1319ESC,90
RN1321AS,90
RN1321VS,90
RN1327AY,90
RN1329A1,90
RN1329A1S,90
RN1329A4,90
RN1329A4S,90
RN1329A7S,90
RN1329AD1,90
RN1329AD1P,90
RN1329AD1S,90
RN1329AD4P,90
RN1329AD5,90
RN1329AD5S,90
RN1329AD6,90
RN1329AD6S,90
RN1329AD7P,90
RN1329AN1,90
RN1329AN1P,90
RN1329AN1S,90
RN1329AN4,90
RN1329AN4P,90
RN1329AN4S,90
RN1329AN7,90
RN1329AN7P,90
RN1329AN7S,90
RN1329CD1L,90
RN1329CD1P,90
RN1329CD1T,90
RN1329CD4L,90
RN1329CD4P,90
RN1329CD4T,90
RN1329CD7L,90
RN1329CD7P,90
RN1329CD7T,90
RN1329CN1L,90
RN1329CN1P,90
RN1329CN1T,90
RN1329CN4L,90
RN1329CN4P,90
RN1329CN4T,90
RN1329CN7L,90
RN1329CN7P,90
RN1329CN7T,90
RN1334AS,90
RN1335AS,90
RN1335GS,90
RN1340AS,90
RN1346ES,90
RN1346ESK,90
RN1352AS,90
RN1352ES,90
RN1356AS,90
RN1356ES,90
RN1357AS,90
RN1357ES,90
RN1358AS,90
RN1358AS1,90
RN1358DS,90
RN1361AS,90
RN1361ES,90
RN1362AS1,90
RN1362DS1,90
RN1362GS1,90
RN1365A,90
RN1365AS,90
RN1365ASK,90
RN1365ES,90
RN1365ESK,90
RN1367A,90
RN1367AK,90
RN1367AS,90
RN1367ASK,90
RN1367E,90
RN1367EK,90
RN1367ES,90
RN1367ESK,90
RN1368AS,90
RN1368CS,90
RN1371A,90
RN1371AK,90
RN1373AS,90
RN1373GS,90
RN1376AS,84
RN1376ES,84
RN1376HS,84
RN1380AS,90
RN1380AS8,90
RN1380AS8N,90
RN1380ASK,90
RN1380ES,90
RN1380ES8,90
RN1380ES8N,90
RN1380ESK,90
RN1381AS,90
RN1381AS8,90
RN1381ES,90
RN1381ES8,90
RN1381ES8W,72
RN1381ES8WC,90
RN1381ESW,72
RN1381HS8W,72
RN1383ES,90
RN1385A,96
RN1385AK,96
RN1385C,90
RN1386A2,90
RN1386AS3,90
RN1386DS3,90
RN1386ES3,90
RN1387AS,90
RN1387CS,90
RN1390A1,90
RN1390G1,90
RN1391AS,90
RN1393AS,72
RN1393AS9,72
RN1393ES,72
RN1394AS,90
RN1394AS9,90
RN1394ES,90
RN1394ES9,90
RN1394ESA,90
RN1394ESAW,90
RN1394ESC,90
RN1394ESCW,90
RN1398AS,90
RN1398AS9,90
RN1398DS,90
RN1398DS9,90
RN1398ES9,90
RN1399A,90
RN1399AA,90
RN1399AS,90
RN13A2AS,90
RN13A2GS,90
RN13A3ASD,90
RN13A3GSD,90
RN13A4AS8,90
RN13A4AS8W,90
RN13A4ASD,90
RN13A4CS8,90
RN13A4GS8W,90
RN13A4GSD,90
RN13A8A,90
RN13A9A8,90
RN13A9AM8,90
RN13A9AS8N,90
RN13A9AW,90
RN13A9EM8,90
RN13A9ES8N,90
RN13A9HS8N,90
RN13B1AS8,90
RN13B1GS8,90
RN13B2AS,90
RN13B2HS,90
RN13B5AS,90
RN13B5GS,90
RN13B6AMA,90
RN13B6AMAW,90
RN13B6AMB,90
RN13B6ASC,90
RN13B6ASD,90
RN13B6BSD,90
RN13B6DSC,90
RN13B6EMFW,90
RN13B6ESC,90
RN13B6ESD,90
RN13B6JSD,90
RN13C3ABW,90
RN13C3ASCW,90
RN13C3ASDW,90
RN13C3GSCW,90
RN13C3GSDW,90
RN13C4AM,90
RN13C5AMA,90
RN13C5AMAZ,90
RN13C5AMAZ1,90
RN13C5AMAZK,90
RN13C5AMQZ1,90
RN13C5LM6ZK,90
RN13C5LMQZ,90
RN13C5MM6Z,90
RN13C7AMA,90
RN13C7AMQZ1,90
RN13C7MM6ZK,90
RN13C8AM8W,90
RN13C8AM8W1,90
RN13C8AM8WK,90
RN13C8EM8W,90
RN13C8EM8WK,90
RN13D1AMA,90
RN13D1EMFZ,90
RN13D4AMG,90
RN13D4AMH,90
RN13D4AMI,90
RN13D4ASDW,90
RN13D4ASH,90
RN13D4ASHW,90
RN13D4ASJW,90
RN13D4ASUW,90
RN13D4EMI,90
RN13D4EMIK,90
RN13D4JSD,90
RN13D4JSDW,90
RN13D4JSJW,90
RN13D4JSJWK,90
RN13D4JSUW,90
RN13D5ASD,90
RN13D5ESD,90
RN13D5ESJ,90
RN13D5JSD,90
RN13D5JSJ,90
RN13D6AMAWK,90
RN13D6JMAWK,90
RN13D6JSDW,90
RN13J35MRW,90
RN13J35MRWK,90
RN13J3ZMRW,90
RN13J3ZMRWK,90
RN13J44M8WK,90
RN13J45M8WK,90
RN13J4ZM8W,90
RN13J54S8WK,90
RN13J55S8W,90
RN13J5ZM8W,90
RN13J5ZM8WK,90
RN13J64S8W,90
RN13P4AMAW,90
RN13P4AMAZ,90
RN13P4LM6Z,90
RN13Q55S2WK,90
RN13Q5ES2WK,90
RN13Q8ASIW,90
RN13Q8ASJW,90
RN13Q8ESDWK,90
RN13Q8ESIW,90
RN13Q8ESIWK,90
RN13Q8JSDW,90
RN13Q8JSDWK,90
RN13Q8JSJW,90
RN13U4AS8W,90
RN13U4BS8W,90
RN13U4ES8W,90
RN13U4ESW,90
RN13U4JS8W,90
RN13U5JSDW,90
RN13U6AM8W,90
RN13U6AMHW,90
RN13U6E,90
RN13U6EM8W,90
RN13U6EMKW,90
RN13U7AS8W,90
RN13U7AS8W1,90
RN13U7AS8WC,90
RN13U7AS8WL,90
RN13U7ES,90
RN13U7ES8W,90
RN13U7JS,90
RN13U7JS8W,90
RN13U7JS8WL,90
RN1840C4,56
RN1840C7,56
RN1840CD1,56
RN1840CD4,56
RN1840CD7,56
RN1840CN1,56
RN1840CN4,56
RN1840CN7,56
RN1849VS,52
RN1850ES,56
RN1851AS,56
RN1851ASF,56
RN1851ESF,56
RN1851VS,56
RN1870AH1,60
RN1870AH4,60
RN1870AH7,60
RN1870AN4,60
RN1875AS,56
RN1875GS,56
RN1895AS8,56
RN1895ES8,56
RN1895HS8,56
RN18A1AS,56
RN18A1ASF,56
RN18A1GS,56
RN18A1GSF,56
RN18A5AS,52
RN18A5ES,52
RN18A6AS,52
RN18A6ES,52
RN18A6HS,52
RN18A8AS8,56
RN18A8ES8,56
RN18D9ESDW,56
RN18D9ESF,56
RN18D9JSDW,56
RN18D9JSF,56
RN18S99SDWK,56
RN18S9VSYWK,56
RN18U3HS8W,56
RNA1008NWK,171
RNW0201C2S,440
RNW0201C2SP,440
RNW0201C2UP,440
RNW0230R2S,800
RNW0230U2S,338
RNW0231C2S,440
RNW0231C2SP,440
RNW0231C2UP,440
RNW023PR2S,800
RNW0320C2D,440
RNW0320R2S,800
RNW0320U2S,338
RNW0321C2S,440
RNW0321C2SP,440
RNW0321C2UP,440
RNW032PR2S,800
RNW0400R2S,800
RNW0400U2S,338
RNW0401C2S,440
RNW0401C2SP,440
RNW0401C2UP,440
RNW0401T2S,234
RNW040AT2S,208
RNW040PR2S,800
RNW040PT2S,234
RNW040QT2S,234
RNW040RT2S,234
RNW0520B2S,294
RNW0520U2S,268
RNW0521B2S,224
RNW0521T2S,234
RNW052PB2S,294
RNW052PT2S,234
RNW052QB2S,224
RNW052QT2S,234
RNW052RT2S,234
RNW0600B2S,294
RNW0601T2S,234
RNW060CT2S,208
RNW060PB2S,294
RNW060PT2S,234
RNW060QB2S,224
RNW060QT2S,234
RNW060RT2S,234
RNW0720H2S,195
RNW0720T2SJ,208
RNW0720U2S,268
RNW0720V2S,216
RNW0721B2S,224
RNW0721T2S,234
RNW072AT2S,182
RNW072QB2S,224
RNW072QT2S,208
RNW072RT2S,234
RNW0830T2SJ,208
RNW0831T2S,234
RNW083AT2S,182
RNW083QT2S,208
RNW083RT2S,234
RNW1001T2S,208
RNW100PT2S,234
RNW100QT2S,208
RNW100RT2S,234
RNW1101T2S,182
RNW110CT2S,182
RNW110QT2S,208
RNW110RT2S,182
RNW1230X2SS,144
RNW123PX2SS,120
RNW1300B2S,223
RNW1300T2SJ,182
RNW1301T2S,182
RNW130CT2S,182
RNW130QT2S,182
RNW130RT2S,182
RNW1450B2S,120
RNW1450N2S,51
RNW1450P2S,74
RNW1450T2SJ,182
RNW1450V2S,160
RNW1451T2S,182
RNW145PP2S,74
RNW145QT2S,182
RNW145RT2S,182
RNW1600W2S,273
RNW160CT2S,182
RNW2300B2S,70
RNW230PX2SS,30
RNW2640Y9S,44
RNW2640YDS,44
RNW2650Y9S,44
RNW2650YDS,44
RNW2900B2S,70
RNW300PX2SS,30
RNW3200W2S,273
RNW320PW2S,273
RNW3460Y9S,44
RNW3460YDS,44
RNW352PX2SS,30
RNW3530Y9S,44
RNW3530YDS,44
RNW419PX2SS,30
RNW5200W2S,273
RNW520PW2S,273
RNW5210Y9S,20
RNW5210YDS,20
RNW5300Y9S,20
RNW5300YDS,20
RNW7030Y9S,20
RNW7030YDS,20
RNW7060Y9S,20
RNW7060YDS,20
RNX5008TWBB,150
RNX5008TWBC,150
RNX5008TWWB,150
RNX5009NWWB,150
RNX5009TWBB,150
RNX5009TWBC,150
RNX5009TWWC,150
RNX5010TKB,150
RNX5010TKC,150
RNX5010TWBB,150
RNX5010TWBC,150
RO585HGH,600
RO963WB,715
RO971GA,1932
RO971WA,1932
RP1044AS,90
RP10A9A18W,90
RP1329A1S,90
RP1329A4S,90
RP1329A7S,90
RP1329A7T,90
RP1329AN1,90
RP1329AN1S,90
RP1329AN4S,90
RP1329AN7S,90
RP1329B7S,90
RP1329B7T,90
RP1329BD7T,90
RP1329C7T,90
RP1329CD4T,90
RP1329CD7T,90
RP1329CN7T,90
RP1367A1,90
RP1367A1K,90
RP1367C1,90
RP1367C1K,90
RP1381ES8W,90
RP1381HS8W,90
RP1394ESA,90
RP1399A,90
RP13A8A,90
RP13A9A8,90
RP13B6AMB,90
RP13B6ESD,90
RP13C5AMAZ,90
RP13C5MM6Z,90
RP13D1AMA,90
RP13D1EMFZ,90
RP13D4AMI,90
RP13D5ASD,90
RP13D5ASDW,90
RP13D5ESD,90
RP13D5JSDW,90
RP13D5JSJ,90
RP13D5JSJW,90
RP13J35MRWK,90
RP13J3ZMRWK,90
RP13P4AMAZ,90
RP13P4LM6Z,90
RP13Q8ESDW,90
RP13Q8ESDWK,90
RP13Q8JSDW,90
RP13Q8JSDWK,90
RP13S1AMJW,90
RP13U4ES8W,90
RP13U4ESKW,90
RP13U4JS8W,90
RP1840B7,56
RP1840C4,56
RP1840C7,56
RP1840CD4,56
RP1840CD7,56
RP1840CN4,56
RP1840CN7,56
RP8050WH,150
RPUB180X9S,23
RPUB200X9S,23
RPUB241X9H,48
RPUQ0253S2R,171
RPUQ0254A2A,171
RPUQ0254A2R,171
RPUQ0303S2R,110
RPUQ0304A2A,171
RPUQ0304A2R,171
RPUQ030DS2R,171
RPUQ0403S2R,110
RPUQ0404S2A,110
RPUQ0404S2R,110
RPUQ041S2S,110
RPUQ0503S2R,110
RPUQ0504S2R,110
RPUQ0505S2A,110
RPUQ0505S2R,110
RPUQ051S2S,110
RPUQ0600S2R,102
RPUQ0603S2R,110
RPUQ0604S2R,110
RPUQ0605S2A,110
RPUQ0605S2R,110
RPUQ061S2S,110
RPUQ080X9S,30
RPUQ1000S9R,42
RPUQ100S9S,42
RPUQ100X9S,30
RPUQ120X9S,30
RPUQ140X9S,30
RPUQ140X9SJ,30
RPUQ160X9S,23
RPUQ160X9SJ,23
RPUQ180X9S,23
RPUQ180X9SJ,23
RPUQ200X9S,23
RPUQ200X9SJ,23
RPUW040S2S,110
RPUW040S9S,52
RPUW041S2S,110
RPUW041S2Z,110
RPUW041S9S,110
RPUW041S9Z,110
RPUW042S2S,104
RPUW04PS9S,52
RPUW04QS2S,110
RPUW04QS9S,110
RPUW050S2S,52
RPUW051S2S,110
RPUW051S2Z,110
RPUW051S9S,110
RPUW051S9Z,104
RPUW052S2S,104
RPUW05QS2S,110
RPUW05QS9S,110
RPUW060S2S,52
RPUW060S9S,52
RPUW061S2S,110
RPUW061S2Z,110
RPUW061S9S,110
RPUW061S9Z,104
RPUW062S2S,104
RPUW06QS2S,110
RPUW080S9S,42
RPUW080X9AJ,23
RPUW081S9S,42
RPUW081XDF,28
RPUW08BX9P,30
RPUW100S9S,42
RPUW100X9AJ,23
RPUW101XDF,28
RPUW10BX9M,30
RPUW10BX9P,30
RPUW120S9S,42
RPUW120X9S,28
RPUW121XDF,28
RPUW12AX9S,23
RPUW12BX9M,30
RPUW12BX9P,30
RPUW141XDF,23
RPUW14BX9M,24
RPUW14BX9P,24
RPUW161XDF,24
RPUW16BX9M,24
RPUW16BX9P,24
RPUW16EX9H,24
RPUW16EX9V,24
RPUW180X9S,23
RPUW181XDF,24
RPUW18BX9M,24
RPUW18BX9P,24
RPUW201XDF,24
RPUW20BX9M,24
RPUW20BX9P,24
RPUW22BX9P,24
RPUW24BX9P,24
RPUW26BX9P,24
RRA0302L1S,5600
RRJ0892E1S,4480
RRJ0983B1S,4480
RRJ1002B1S,4480
RRJ1342B1S,4480
RRJ1353B1S,4480
RRJ1702B1S,4480
RRJ1852E4S,4480
RRJ1892E1S,4480
RRK0582E1S,5600
RRP1903B1S,3840
RRP2150E1S,3840
RRP2300E1S,3840
RRP2602E1S,3840
RRP704B1R,5600
RRP754B1R,5600
RRP854B1R,5600
RRP854B2R,5600
RRP962B2R,5600
RRP964B1R,5600
RRP964B2R,5600
RSG313C,84
RSG313M,84
RSG314M,84
RSG314MA,84
RSG314S,84
RSG315T,84
RSG315TA,84
RSG316T,84
RSG316TA,84
RT10X7,150
RT10X72W,150
RT10X7B,150
RT10X7P,150
RT10X8B,150
RT80B2,171
RT80X7,150
RT80X72W,150
RT80X7B,150
RT80X8BC,150
RT8DIH1Q,150
RT8DIH2,150
RT8DIHP,150
RT90X7,108
RT90X72W,150
RT90X7B,144
RT90X7W,150
RT90X8,150
RT9DIH2,150
RUB-B160MC,67
RUO-B060DG,160
RUT-B194MC,55
RV09VHP2V,150
RV09VHP2W,102
RV09VHP4W1,150
RV09VHP5W,150
RV1025A1,90
RV1029C4T,90
RV1029C7,90
RV1029C7T,90
RV1029CN4T,90
RV1044AS,90
RV1044GS,90
RV1045A,90
RV1045AC,90
RV1045F1,90
RV1047A,90
RV1048A,90
RV1048A1,90
RV1048A8,90
RV1048AK,90
RV1048E1,90
RV1059AS1,90
RV1059DS1,90
RV1059ES1,90
RV1060A1,90
RV1063A1,90
RV1069A1,90
RV1069C1,90
RV1074A,90
RV1074AK,90
RV1089A1,90
RV10A9A18,90
RV10A9A18W,90
RV10A9AS18W,90
RV10A9E18W,90
RV10B9A18W,90
RV12BBF,56
RV12SBD,56
RV12SBF,56
RV1304ASU1,90
RV1304AU,90
RV1304DSU1,90
RV1304DU,90
RV1304ESU1,90
RV1304FSU1,90
RV1304FU1,90
RV1306ET,90
RV1307B,90
RV1307B1,90
RV1308AS,90
RV1308BS,90
RV1308CS,90
RV1310A,90
RV1310AS,90
RV1310B,90
RV1310BS,90
RV1310DS,90
RV1316A,90
RV1316AS,90
RV1316B,90
RV1316BS,90
RV1316DSQ1,90
RV1316E,90
RV1316ES,90
RV1316VS,90
RV1317A,90
RV1317A1,90
RV1317AS,90
RV1317ASD,90
RV1317TS,90
RV1317TSK,90
RV1319AC,90
RV1319ASC,90
RV1319DSC,90
RV1319E,90
RV1319ESC,90
RV1319ESZ,90
RV1319VS,90
RV1321AS,90
RV1321VS,90
RV1327AX,90
RV1327AY,90
RV1327AZ,90
RV1327BX,90
RV1327EX,90
RV1327GX,90
RV1329A1,90
RV1329A1S,90
RV1329A4,90
RV1329A4S,90
RV1329A7,90
RV1329A7S,90
RV1329AD1,90
RV1329AD1P,90
RV1329AD1S,90
RV1329AD4P,90
RV1329AD5,90
RV1329AD5S,90
RV1329AD6,90
RV1329AD6S,90
RV1329AD7P,90
RV1329AF4,90
RV1329AF7S,90
RV1329AN1,90
RV1329AN1P,90
RV1329AN1S,90
RV1329AN4,90
RV1329AN4P,90
RV1329AN4S,90
RV1329AN7,90
RV1329AN7P,90
RV1329AN7S,90
RV1329C4P,90
RV1329C7P,90
RV1329CD1L,90
RV1329CD1P,90
RV1329CD1T,90
RV1329CD4L,90
RV1329CD4P,90
RV1329CD4T,90
RV1329CD7L,90
RV1329CD7P,90
RV1329CD7T,90
RV1329CN1L,90
RV1329CN1P,90
RV1329CN1T,90
RV1329CN4L,90
RV1329CN4P,90
RV1329CN4T,90
RV1329CN7L,90
RV1329CN7P,90
RV1329CN7T,90
RV1334AS,90
RV1335AS,90
RV1335GS,90
RV1335VSK,90
RV1340AS,90
RV1346ES,90
RV1346ESK,90
RV1352AS,90
RV1352ES,90
RV1356AS,90
RV1356ES,90
RV1357AS,90
RV1357ES,90
RV1358AS,90
RV1358AS1,90
RV1358DS,90
RV1358ES,90
RV1359ES1,90
RV1361AS,90
RV1361ES,90
RV1362AS1,90
RV1362DS1,90
RV1362GS1,90
RV1365A,90
RV1365AK,90
RV1365AS,90
RV1365ASK,90
RV1365ES,90
RV1365ESK,90
RV1365ESZ,90
RV1367A,90
RV1367AK,90
RV1367AS,90
RV1367ASK,90
RV1367E,90
RV1367EK,90
RV1367ES,90
RV1367ESK,90
RV1368AS,90
RV1368CS,90
RV1371A,90
RV1371AK,90
RV1373AS,90
RV1373GS,90
RV1376AS,84
RV1376ES,84
RV1376HS,72
RV1380AS,90
RV1380AS8,90
RV1380AS8N,90
RV1380ASK,90
RV1380ES,90
RV1380ES8,90
RV1380ES8N,90
RV1380ESK,90
RV1381AS,90
RV1381AS8,90
RV1381E8,90
RV1381E8N,72
RV1381ES,90
RV1381ES8,90
RV1381EZ,90
RV1383ES,90
RV1385A,90
RV1385AK,90
RV1385C,90
RV1386A2,90
RV1386AS3,90
RV1386DS3,90
RV1386ES3,90
RV1387AS,90
RV1387CS,90
RV1390A1,90
RV1390G1,90
RV1391AS,90
RV1393AS,72
RV1393AS9,72
RV1393ES,72
RV1394AS,90
RV1394AS9,90
RV1394ES,90
RV1394ES9,90
RV1394ESA,90
RV1398AS,90
RV1398AS9,90
RV1398DS,90
RV1398DS9,90
RV1398ES,90
RV1398ES9,90
RV1399A,90
RV1399AA,90
RV1399AMF,90
RV1399AS,90
RV13A2AS,90
RV13A2GS,90
RV13A3ASD,90
RV13A3GSD,90
RV13A4AS8,90
RV13A4AS8W,90
RV13A4ASD,90
RV13A4ASD8,90
RV13A4CS8,90
RV13A4GS8W,90
RV13A4GSD,90
RV13A8A,90
RV13A9A8,90
RV13A9AM8,90
RV13A9AMQZK,90
RV13A9AS8N,90
RV13A9AW,90
RV13A9EM8,90
RV13A9ES8N,90
RV13A9HS8N,90
RV13B1AS8,90
RV13B1GS8,90
RV13B2AS,90
RV13B2HS,90
RV13B5AS,90
RV13B5GS,90
RV13B6AMA,90
RV13B6AMAW,90
RV13B6AMB,90
RV13B6ASC,90
RV13B6ASD,90
RV13B6BSD,90
RV13B6DSC,90
RV13B6EMFW,90
RV13B6ESC,90
RV13B6ESD,90
RV13B6JSD,90
RV13B8AMB,90
RV13C3ABW,90
RV13C3ASCW,90
RV13C3ASDW,90
RV13C3GSCW,90
RV13C3GSD,90
RV13C3GSDW,90
RV13C4AM,90
RV13C5AMA,90
RV13C5AMAZ,90
RV13C5AMAZ1,90
RV13C5AMAZE,90
RV13C5AMAZK,90
RV13C5AMAZL,90
RV13C5AMAZU,90
RV13C5AMQZ1,90
RV13C5LM6ZK,90
RV13C5MM6Z,90
RV13C7AMA,90
RV13C7AMAZK,90
RV13C7AMQZ1,90
RV13C7MM6ZK,90
RV13C8AM8W,90
RV13C8AM8W1,90
RV13C8AM8WK,90
RV13C8EM8W,90
RV13C8EM8WK,90
RV13D1AMA,90
RV13D1AMAZ,90
RV13D1AMAZK,90
RV13D1EMFZ,90
RV13D4AMG,90
RV13D4AMH,90
RV13D4AMHWK,90
RV13D4AMI,90
RV13D4ASDW,90
RV13D4ASGW,90
RV13D4ASGWK,90
RV13D4ASH,90
RV13D4ASJW,90
RV13D4ASJWK,90
RV13D4ASUW,90
RV13D4EMF,90
RV13D4EMI,90
RV13D4EMIWK,90
RV13D4ESG,90
RV13D4ESJW,90
RV13D4ESJWK,90
RV13D4JSDW,90
RV13D4JSJW,90
RV13D4JSJWK,90
RV13D4JSUW,90
RV13D4XMYWK,90
RV13D5ASD,90
RV13D5ASDW,90
RV13D5ASDWK,90
RV13D5ESD,90
RV13D5JSD,90
RV13D5JSDW,90
RV13D5JSDWK,90
RV13D5JSJ,90
RV13D5JSJW,90
RV13D6AMAWK,90
RV13D6JSDW,90
RV13J35MRW,90
RV13J35MRWK,90
RV13J3ZMRW,90
RV13J3ZMRWK,90
RV13J44M8WK,90
RV13J45M8WK,90
RV13J4ZM8W,90
RV13J54S8WK,90
RV13J55S8W,90
RV13J5ZM8W,90
RV13J5ZM8WK,90
RV13J64S8W,90
RV13P2AMAZK,90
RV13P4AMAW,90
RV13P4AMAZ,90
RV13P4LM6Z,90
RV13Q55S2WK,90
RV13Q5ES2WK,90
RV13Q8ASIW,90
RV13Q8ASJW,90
RV13Q8ESDW,90
RV13Q8ESDWK,90
RV13Q8ESIW,90
RV13Q8JSDW,90
RV13Q8JSDWK,90
RV13Q8JSJW,90
RV13S1AMJW,90
RV13U4AS8W,90
RV13U4BS8W,90
RV13U4ESKW,90
RV13U5JSDW,90
RV13U6AM8W,90
RV13U6AM8WK,90
RV13U6ASAW,90
RV13U6E,90
RV13U6EM8W,90
RV13U6ES8W,90
RV13U7AS8W,90
RV13U7AS8W1,90
RV13U7AS8WC,90
RV13U7AS8WL,90
RV13U7ES8W,90
RV13U7JS8W,90
RV13U7JS8WL,90
RV13U9AMA,90
RV13U9AMAWK,90
RV1840C4,56
RV1840C7C,56
RV1840CD1,56
RV1840CD4,56
RV1840CN1,56
RV1840CN4,56
RV1840CN7,56
RV1849VS,52
RV1850AS,56
RV1850ES,56
RV1851AS,88
RV1851ASF,56
RV1851ESF,56
RV1851VS,56
RV1865ESZ,90
RV1867A,90
RV186STQ,488
RV1875AS,56
RV1875GS,56
RV1881ESZ,72
RV1881EZ,90
RV1895AS8,56
RV1895ES8,56
RV1895HS8,56
RV18A1AS,56
RV18A1ASF,56
RV18A1GS,56
RV18A1GSF,56
RV18A4ES,52
RV18A5AS,52
RV18A5ES,52
RV18A6AS,52
RV18A6HS,52
RV18A8AS8,56
RV18A8ES8,56
RV18D9ESDW,56
RV18D9ESF,56
RV18D9JSDW,56
RV18D9JSF,56
RV18S99SDWK,56
RV18S9VSYWK,56
RV246STQ,488
RV9DN9029,150
RV9DN902B,150
RVB-A127BM,73
RVB-A127PS,73
RVF-B183BM,55
RVF-B185DG,39
RVF-F238BM,30
RVF-K238BM,30
RVF-L208PS,51
RVF-V256BS,36
RVF-V256MC,36
RVF-X208MC,51
RVM5160DHBB,350
RVM5160DHWW,350
RVM5160MPSA,328
RVO-B127PS,71
RVS-B200GL,48
RVS-B200LS,48
RVS-B200MC,48
RVS-B243PZ,47
RVS-B245DG,47
RVS-B245DG1,47
RVS-B245MC,47
RVS-B245PSC,47
RVS-B245PZ,47
RVS-B245PZ1,47
RVS-D245DG,47
RVS-G245PZ,47
RVS-L245PSC,47
RVS-M245BM,36
RVS-M245NS,47
RVS-Q245NS,47
RVS-V245MC,47
RVS-X238MC,47
RVT-A119MC,74
RVT-A127MC,73
RVT-B083BS,121
RVT-B083DG,121
RVT-B083DGC,121
RVT-B083MC,121
RVT-B083PS,121
RVT-B083PZ,121
RVT-B083WB,121
RVT-B083WBC,121
RVT-B093BS,97
RVT-B093DG,97
RVT-B093MC,97
RVT-B093PS,121
RVT-B093WB,97
RVT-B101DG,92
RVT-B101DGC,92
RVT-B101MC,92
RVT-B101PS,92
RVT-B101PZ,92
RVT-B101WB,92
RVT-B119BS,74
RVT-B119DG,74
RVT-B119MC,74
RVT-B127PZ,73
RVT-B145DG,67
RVT-B145PS,67
RVT-B145PZ,67
RVT-B149BS,67
RVT-B149MC,67
RVT-B149PS,67
RVT-B149PZ,67
RVT-B174PS,65
RVT-L149BG,67
RVT-L149BS,67
RVT-L149MC,67
RVT-L174MC,65
RWC096GGAA0,419
RWH186NBMM4,218
RWUW042C2R,180
RWUW052C2R,180
RWUW062C2R,180
RX11VHP5S,150
RX11VHP5W,150
RX12VHP5G,150
S00C3QDP,159
S06EV4,900
S07AHQ,900
S07ENAN,840
S07ENAU,408
S07EQR,946
S07IWC,780
S07LHKM,900
S07LHQ,900
S07LHU,880
S07LHX,880
S07PK,900
S0964H,648
S0968H,900
S096CH,1001
S096DC,1092
S096FP,288
S096HT,260
S096JC,1020
S096MC,1044
S096MQ,1044
S096NH,1092
S096SC,312
S096SH,1020
S096TQ,648
S096TQ2,648
S096WQ,880
S096ZC,860
S096ZH,860
S09AF,720
S09AH,1091
S09AHQ,900
S09AK,316
S09AQ,648
S09AQU,489
S09AQU2,316
S09AWN-NM14,608
S09AWU,880
S09BWH,840
S09BWS,840
S09EC,880
S09EH,946
S09EN3N,840
S09EN3U,408
S09EP,490
S09EQ,880
S09EQR,946
S09ER,900
S09ES,860
S09ET,880
S09EW,860
S09EWC,780
S09IWC,780
S09KWH,840
S09LHK,1091
S09LHKM,900
S09LHP,880
S09LHQ,900
S09LHU,880
S09LHX,880
S09MH,900
S09PMG,910
S09SQU,316
S09SW,900
S09SWC,910
S09WU,489
S09WUC,510
S0RC308N1W9,150
S0RV708N1W9,150
S10DMV,840
S10EV4,900
S11400T27BA,600
S11400T29BA,819
S11400T39BA,819
S11570T17BA,600
S11570T27BA,600
S11570T27BB,819
S11570T28BA,600
S11570T37BA,600
S11AJH,780
S122CD,240
S122CT,1044
S122HT,1044
S122NC,792
S122NH,792
S122SC,1000
S122SH,1000
S1264C,648
S1264H,648
S1268H,648
S126CH,1001
S126CHM,1001
S126CK,232
S126DC,1044
S126FP,288
S126GC,1091
S126HC,232
S126HT,242
S126JC,1020
S126JP,288
S126MC,1044
S126MQ,1044
S126NH,1044
S126RH,720
S126SC,1001
S126SH,1020
S126TQ,648
S126TQ2,648
S126WQ,880
S126ZC,750
S126ZH,750
S12AF,720
S12AH,1091
S12AHQ,648
S12AK,316
S12AQ,648
S12AQU,489
S12AQU2,316
S12AWN-N48,1091
S12AWN-NM14,608
S12AWU,880
S12BWH,720
S12BWS,720
S12COC,260
S12EC,880
S12ENBN,648
S12ENBU,304
S12EQ,880
S12ER,780
S12ES,880
S12ET,880
S12EW,880
S12EWC,780
S12IWC,780
S12KWH,720
S12LHC,675
S12LHKM,780
S12LHQ,648
S12LHU,880
S12MH,648
S12NLA,1020
S12PMG,675
S12SQU,316
S12SW,648
S12SWC,675
S12WU,489
S12WUC,510
S13400T27BA,600
S13400T29BA,819
S13400T39BA,600
S13500T39BA,600
S13570T17BA,600
S13570T27BA,600
S13570T27BB,819
S13570T37BA,600
S13AJH,780
S13EV4,780
S13LDN,869
S15400T27BA,600
S15400T29BA,600
S15400T39BA,600
S15570T27BA,600
S15570T28BA,600
S182CT,500
S182DC,296
S182DH,220
S182HT,260
S182NC,617
S182NH,617
S182SC,617
S182SH,617
S18570T17CA,600
S18570T27CA,600
S18570T27CB,819
S18570T29CA,819
S18570T37CA,600
S18570T3ICA,819
S1864C,488
S1864CM,488
S1864H,488
S1868C,488
S1868CM,488
S186AC,600
S186AH,500
S186CH,617
S186CHM,620
S186CK,220
S186DC,500
S186DCM,500
S186FP,220
S186GC,620
S186HC,220
S186JC,600
S186JP,224
S186KC,600
S186LC,500
S186MQ,617
S186NC,620
S186NCM,620
S186NH,620
S186RH,500
S186SC,682
S186SCM,620
S186SH,682
S186TC,488
S186TC2,488
S186TQ,488
S186TQ2,488
S186WQ,617
S186ZC,500
S186ZH,500
S18AHQ,488
S18AK,171
S18AQU,171
S18AW,620
S18AWN-N214,464
S18COC,180
S18EC,550
S18EN1N,496
S18EN1U,344
S18ENAN,432
S18ENAU,312
S18EQ,550
S18ET,550
S18IWC,504
S18KPC,558
S18KPCM,558
S18LHC,488
S18LHQ,488
S18LHU,617
S18NLA,500
S18SWC,488
S18TPC,400
S18TQC,400
S18TUC,400
S18TUCM,558
S18WUC,292
S19EV4,504
S20STRP3,28
S20STRP5,28
S22B8QDW1,159
S242CT,500
S242DC,620
S242DH,620
S242HD,194
S242HT,500
S242NC,617
S242NH,617
S242SC,620
S242SH,620
S2464C,488
S2464H,488
S2465C,405
S2468C,488
S2468H,488
S246AC,600
S246CH,617
S246DC,500
S246GC,620
S246JC,600
S246KC,600
S246LC,500
S246MQ,617
S246NC,620
S246NH,620
S246RH,500
S246SC,617
S246SH,682
S246TC,488
S246TQ,488
S246ZC,500
S24AKH,504
S24AM,620
S24AQU,171
S24AW,620
S24AWN-N214,464
S24COC,160
S24EC,550
S24ELA,432
S24EN1N,496
S24EN1U,186
S24ENAN,432
S24ENAU,171
S24EQ,550
S24ET,550
S24IWC,504
S24LCN,150
S24LHC,488
S24LHQ,488
S24LHU,617
S24SWC,488
S24TPC,400
S24TQC,400
S24TUC,400
S24WUC,186
S266AH,500
S266JP,132
S266SC,617
S266WQ,617
S266ZH,500
S28AWN-N214,464
S3024C,367
S3024H,367
S306EC,367
S306ECM,367
S306PC,405
S306PH,405
S306PP,405
S306PQ,405
S306SC,405
S306SH,405
S306SP,405
S306SQ,405
S306TC,405
S306TC1,367
S306TC2,367
S306TQ,405
S306TQ2,367
S30PK,405
S3224C,367
S3224H,367
S3228P,367
S3228Q,367
S322GC,405
S322GH,405
S322PP,405
S322PQ,405
S326SH,405
S32Q16UAGA0,490
S342CP,405
S342HP,405
S3624C,367
S3624H,367
S366EC,367
S366PC,405
S366PP,405
S366PQ,405
S366SC,405
S366SH,405
S366SP,405
S366SQ,405
S366TC,405
S366TC1,367
S366TC2,367
S366TQ,405
S366TQ2,367
S36PK,405
S3824C,367
S3824H,367
S3828P,367
S3828Q,367
S382GC,405
S382GH,405
S382PP,405
S382PQ,405
S386GC,405
S386SH,405
S3BA,72
S3BER,72
S3BER1,72
S3BERB,72
S3BF1,72
S3BFB,72
S3BFR,72
S3BFV,72
S3BFX,72
S3BHF,72
S3BNFV,72
S3BOF,72
S3CMC,72
S3CWC,72
S3CWV,72
S3DFB,72
S3DOF,72
S3GHMV,72
S3GNF,72
S3GNFV,72
S3GOF,72
S3GW,72
S3GWV,72
S3HFB,72
S3HFBM,72
S3IERB,72
S3IFA,72
S3IFAV,72
S3IFSB,72
S3IFV,72
S3JHW,72
S3KF,72
S3LF,72
S3MAC,72
S3MFB,72
S3MFBM,72
S3MFBNV,72
S3MFC1,72
S3MFCV,72
S3MFV,72
S3MM081L1HA,664
S3MM120A1H0,720
S3MM121A1D0,664
S3MM121L1C0,664
S3MM121LRC0,664
S3MM12JA1Y0,650
S3MM12JA1YB,650
S3MM12JASZA,780
S3MPC,72
S3MQ090A1DA,720
S3MQ09JA2PA,650
S3MQ09JA3WA,650
S3MQ09JAP3P,780
S3MQ09JAPPA,780
S3MQ09JARPA,650
S3MQ09JATPA,650
S3MQ09JAYPP,780
S3MQ09WAPWL,840
S3MQ120AGZB,720
S3MQ12JA2PA,650
S3MQ12JA3WA,650
S3MQ12JL1YA,650
S3MQ18KL2PA,495
S3MQ18KL3WA,495
S3MQ18KLPPA,495
S3MW09FLS9A,612
S3MW12221CA,576
S3MW12JA33A,780
S3MW18L23ZA,364
S3MW24LP3ZA,364
S3NC05TZCAA,1100
S3NC05TZCAB,1100
S3NC07TZCAA,1100
S3NC09TZCAA,1100
S3NF,72
S3NM09EL16A,450
S3NM09EL26A,450
S3NM09EL26B,450
S3NM09JA1YB,650
S3NM09JARMA,880
S3NM12EL16A,450
S3NM12EL26A,450
S3NM12EL26B,450
S3NM12JA10B,650
S3NM12JA1YB,650
S3NM12JARMA,880
S3NM18KLRMA,550
S3NM18L23ZA,364
S3NM22L43ZA,364
S3NM24K2RMA,550
S3NM24L43ZA,364
S3NQ06WA5AA,860
S3NQ06WA7AA,860
S3NQ090A1DA,720
S3NQ09JA190,650
S3NQ09JA22A,780
S3NQ09JA2P5,780
S3NQ09JA2PA,780
S3NQ09JA310,780
S3NQ09JA31A,780
S3NQ09JA3AA,780
S3NQ09JA3BD,245
S3NQ09JA3E0,650
S3NQ09JA3WA,780
S3NQ09JAB3P,780
S3NQ09JAP3P,780
S3NQ09JAPPA,780
S3NQ09JARPA,650
S3NQ09JATPA,650
S3NQ09JAYPP,780
S3NQ09JL1PA,780
S3NQ09WA5AA,860
S3NQ09WA5AB,840
S3NQ09WA5AH,840
S3NQ09WA6AH,840
S3NQ09WA7AA,860
S3NQ09WAP18,840
S3NQ09WAPAL,840
S3NQ09WAPWL,840
S3NQ120A1DA,720
S3NQ12JA190,650
S3NQ12JA22A,780
S3NQ12JA2AG,780
S3NQ12JA2P5,780
S3NQ12JA2PA,780
S3NQ12JA310,780
S3NQ12JA31A,780
S3NQ12JA3AA,880
S3NQ12JA3AD,780
S3NQ12JA3AH,780
S3NQ12JA3E0,650
S3NQ12JA3WA,780
S3NQ12JA5AA,780
S3NQ12JAB3P,780
S3NQ12JAP18,780
S3NQ12JAP3P,780
S3NQ12JAPAL,780
S3NQ12JAPPA,780
S3NQ12JAPWL,780
S3NQ12JARPA,650
S3NQ12JATPA,650
S3NQ12JAYPP,780
S3NQ12JL1PA,780
S3NQ181L1DA,664
S3NQ18JLP18,780
S3NQ18JLPAL,780
S3NQ18JLPWL,780
S3NQ18K21PA,495
S3NQ18K21PC,495
S3NQ18KAB3A,495
S3NQ18KAYPA,495
S3NQ18KL22A,495
S3NQ18KL2P0,495
S3NQ18KL2PA,495
S3NQ18KL31A,495
S3NQ18KL3AA,550
S3NQ18KL3WA,495
S3NQ18KL3WG,495
S3NQ18KL5AA,504
S3NQ18KLPPA,495
S3NQ18KLRPA,495
S3NQ18KLTPA,495
S3NQ18L23ZA,364
S3NQ22L43ZA,364
S3NQ22LP3ZA,364
S3NQ24121DA,664
S3NQ24K222A,495
S3NQ24K22PA,495
S3NQ24K231A,495
S3NQ24K23AA,495
S3NQ24K23WA,495
S3NQ24K23WG,495
S3NQ24K2P18,495
S3NQ24K2PAL,495
S3NQ24K2PPA,495
S3NQ24K2PWL,495
S3NQ24K2RPA,495
S3NQ24K2TPA,495
S3NQ24KLB3A,495
S3NQ24KLYPA,495
S3NQ24L23P0,364
S3NQ24L43ZA,364
S3NQ24LP3ZA,364
S3NQ28R43ZA,322
S3NQ30R437A,322
S3NQ32R43ZA,322
S3NW091L1C0,664
S3NW09FLR6A,612
S3NW09FLR9A,612
S3NW09JA3F0,780
S3NW09M2MZA,592
S3NW09TZAAA,855
S3NW09TZAAB,990
S3NW09TZXAA,855
S3NW09TZXBA,855
S3NW120A1DA,720
S3NW121L1C0,664
S3NW12EL16A,450
S3NW12FLR6A,612
S3NW12FLR9A,612
S3NW12JA3F0,780
S3NW12M2MZA,592
S3NW12TZAAA,720
S3NW12TZAAB,855
S3NW12TZXAA,672
S3NW12TZXBA,672
S3NW12TZXBB,855
S3NW15L41FB,364
S3NW181L1DA,576
S3NW18K23F0,495
S3NW18L23BA,364
S3NW18L23FA,364
S3NW18L23ZA,364
S3NW18L41FB,364
S3NW18L43ZA,364
S3NW18LP3ZA,364
S3NW18TZAAA,672
S3NW18TZXAA,672
S3NW18TZXBA,672
S3NW21L43ZA,364
S3NW21LP3ZA,364
S3NW22L43BA,364
S3NW22L43FA,364
S3NW22L43ZA,364
S3NW22LP3BA,364
S3NW22LP3ZA,364
S3NW24121DA,576
S3NW24K23F0,495
S3NW24L23FA,364
S3NW24L41FB,364
S3NW24L43BA,364
S3NW24L43FA,364
S3NW24L43FB,364
S3NW24L43ZA,364
S3NW24LP3BA,364
S3NW24LP3ZA,364
S3NW24TZAAA,570
S3NW24TZXAA,570
S3NW24TZXBA,570
S3NW28R43ZA,322
S3NW30R43FB,322
S3NW30R43ZA,322
S3NW32R43ZA,322
S3NW34R43ZA,322
S3NW36R43FB,322
S3NZ091L1DA,664
S3NZ121L1DA,664
S3PER,72
S3PF,72
S3RA,72
S3RDL,72
S3RDR,72
S3RELB,72
S3RER,72
S3RERB,72
S3RF,72
S3RFB,72
S3RFBNV,72
S3ROF,72
S3TF,72
S3UC05TZCAA,488
S3UC05TZCAB,488
S3UC07TZCAA,488
S3UC09TZCAA,488
S3UM09JARMA,490
S3UM12JA10B,490
S3UM12JARMA,490
S3UM18KLRMA,312
S3UM24K2RMA,171
S3UQ05WAPAL,490
S3UQ06WA5AA,490
S3UQ06WA7AA,490
S3UQ090A1DA,490
S3UQ09JA190,490
S3UQ09JA22A,490
S3UQ09JA2P5,490
S3UQ09JA2PA,490
S3UQ09JA31A,490
S3UQ09JA3AA,490
S3UQ09JA3BD,245
S3UQ09JA3E0,490
S3UQ09JA3WA,490
S3UQ09JAB3P,490
S3UQ09JAP3P,490
S3UQ09JAPPA,490
S3UQ09JARPA,490
S3UQ09JATPA,490
S3UQ09JAY1M,490
S3UQ09JAYPP,490
S3UQ09JL1PA,312
S3UQ09WA5AA,490
S3UQ09WA5AB,490
S3UQ09WA5AH,490
S3UQ09WA6AH,490
S3UQ09WA7AA,490
S3UQ09WAP18,490
S3UQ09WAPAL,490
S3UQ09WAPWL,490
S3UQ120A1DA,490
S3UQ12JA190,490
S3UQ12JA22A,490
S3UQ12JA2AG,490
S3UQ12JA2P5,490
S3UQ12JA2PA,490
S3UQ12JA31A,490
S3UQ12JA3AA,490
S3UQ12JA3AD,490
S3UQ12JA3AH,490
S3UQ12JA3E0,490
S3UQ12JA3WA,490
S3UQ12JA5AA,490
S3UQ12JAB3P,490
S3UQ12JAP18,490
S3UQ12JAP3P,490
S3UQ12JAPAL,490
S3UQ12JAPPA,490
S3UQ12JAPWL,490
S3UQ12JARPA,490
S3UQ12JATPA,490
S3UQ12JAYPP,490
S3UQ12JL1PA,312
S3UQ181L1DA,312
S3UQ18JLP18,312
S3UQ18JLPAL,312
S3UQ18JLPWL,312
S3UQ18K21PA,171
S3UQ18K21PC,171
S3UQ18KAB3A,490
S3UQ18KAYPA,490
S3UQ18KL22A,312
S3UQ18KL2P0,312
S3UQ18KL2PA,312
S3UQ18KL31A,312
S3UQ18KL31M,312
S3UQ18KL3AA,312
S3UQ18KL3WA,312
S3UQ18KL5AA,312
S3UQ18KLPPA,312
S3UQ18KLRPA,312
S3UQ18KLTPA,312
S3UQ18L23ZA,171
S3UQ22LP3ZA,171
S3UQ24121DA,171
S3UQ24K222A,171
S3UQ24K22PA,171
S3UQ24K231A,171
S3UQ24K23AA,171
S3UQ24K23WA,171
S3UQ24K23WG,171
S3UQ24K2P18,171
S3UQ24K2PAL,171
S3UQ24K2PPA,171
S3UQ24K2PWL,171
S3UQ24K2RPA,171
S3UQ24K2TPA,171
S3UQ24KLB3A,312
S3UQ24KLYPA,312
S3UQ24LP3ZA,171
S3UQ28R43ZA,110
S3UQ32R43ZA,110
S3UW091L1C0,312
S3UW09FLR6A,316
S3UW09FLR9A,316
S3UW09JA3F0,490
S3UW09M2MZA,171
S3UW09TZAAA,400
S3UW09TZAAB,565
S3UW09TZXAA,400
S3UW09TZXBA,400
S3UW120A1DA,490
S3UW121L1C0,312
S3UW12FLR6A,316
S3UW12FLR9A,316
S3UW12JA3F0,490
S3UW12M2MZA,171
S3UW12TZAAA,400
S3UW12TZAAB,565
S3UW12TZXAA,400
S3UW12TZXBA,400
S3UW12TZXBB,400
S3UW15L41FB,104
S3UW181L1DA,312
S3UW18K23F0,171
S3UW18L23BA,171
S3UW18L23ZA,171
S3UW18L41FB,104
S3UW18LP3ZA,171
S3UW18TZAAA,310
S3UW18TZXAA,310
S3UW18TZXBA,310
S3UW21LP3ZA,171
S3UW22LP3BA,171
S3UW22LP3ZA,171
S3UW24121DA,171
S3UW24K23F0,171
S3UW24L41FB,104
S3UW24L43FB,104
S3UW24LP3BA,171
S3UW24LP3ZA,171
S3UW24TZAAA,182
S3UW24TZXAA,182
S3UW24TZXBA,182
S3UW28R43ZA,110
S3UW30R43FB,104
S3UW30R43ZA,110
S3UW32R43ZA,110
S3UW34R43ZA,110
S3UW36R43FB,104
S3UZ091L1DA,312
S3UZ121L1DA,312
S3WA,72
S3WER,72
S3WER1,72
S3WERB,72
S3WERV,72
S3WFBNV,72
S3WFH,72
S3WFS,72
S3WFV,72
S3WGM,72
S3WW,72
S4-W12JA31A,302
S4-W18KL31A,210
S4-W24K231E,144
S4-W24K23AE,144
S4-W24K2RPE,139
S40400T1K1A,2080
S40400T291A,2080
S40400T2K1A,2080
S40400T3K1A,2080
S40500T191A,1600
S40500T19AA,800
S40500T1K1A,2080
S40500T291A,2080
S40500T2K1A,2080
S40500T3K1A,2080
S40570T29AA,800
S4496TDW3,159
S44A8TDS,159
S44A8YD,150
S4AW12JA3AA,780
S4AW18KL3AA,504
S4BW12JA3AA,460
S4BW18KL3AA,292
S4JQ10AU33A,946
S4MQ09JA3WD,780
S4MQ09JARPD,780
S4MQ12JA3AA,650
S4MQ18K21F1,558
S4MQ18K23BB,495
S4MQ18KL3WA,504
S4MQ18KLRPA,504
S4MQ30R43FA,322
S4MW12JA2MB,880
S4MW12JA3AA,780
S4MW12JA3WB,880
S4MW18KL3AA,504
S4MW24K22ME,550
S4MW24K23WE,550
S4MW24KE3W3,550
S4MW24L43FA,364
S4NC12TZCAD,896
S4NC12TZCAE,896
S4NC18TZCAD,576
S4NC24TZCAD,420
S4NH12TZCAC,896
S4NH12TZCAD,896
S4NH18TZCAC,576
S4NH24TZCAC,420
S4NQ09AA28B,946
S4NQ09AA3QA,946
S4NQ09AA3QB,946
S4NQ09JA22A,780
S4NQ09JA3AA,780
S4NQ09JA3KA,780
S4NQ09JA3WD,880
S4NQ09WA5A2,860
S4NQ09WA5AD,860
S4NQ09WA5Q1,900
S4NQ09WA5QA,840
S4NQ09WA5QG,900
S4NQ09WA5WB,900
S4NQ09WAQ3L,860
S4NQ09WAQAL,860
S4NQ120A1S0,720
S4NQ12EAAVX,488
S4NQ12JA22A,780
S4NQ12JA25B,780
S4NQ12JA27C,780
S4NQ12JA28J,880
S4NQ12JA2JB,780
S4NQ12JA2MC,702
S4NQ12JA2TB,880
S4NQ12JA315,880
S4NQ12JA33A,880
S4NQ12JA3A3,880
S4NQ12JA3A6,880
S4NQ12JA3AA,780
S4NQ12JA3AC,800
S4NQ12JA3AD,800
S4NQ12JA3AE,702
S4NQ12JA3AF,275
S4NQ12JA3Q2,780
S4NQ12JA3QB,880
S4NQ12JA3QC,780
S4NQ12JA3QG,780
S4NQ12JA3QJ,880
S4NQ12JA3WF,880
S4NQ12JAQ3L,880
S4NQ12JAQAL,880
S4NQ12JARJB,780
S4NQ12JARTB,880
S4NQ12JL38C,880
S4NQ12JL3FB,780
S4NQ12JL3QC,880
S4NQ181L1S0,664
S4NQ18JL3QA,780
S4NQ18JLQ3L,880
S4NQ18JLQAL,880
S4NQ18K222A,495
S4NQ18K23AA,495
S4NQ18K23BB,400
S4NQ18K23BC,550
S4NQ18K2MZC,558
S4NQ18KL25A,495
S4NQ18KL27B,504
S4NQ18KL28E,550
S4NQ18KL2JA,495
S4NQ18KL2JD,504
S4NQ18KL2MD,440
S4NQ18KL2TE,550
S4NQ18KL31B,550
S4NQ18KL38G,550
S4NQ18KL3AB,504
S4NQ18KL3AC,550
S4NQ18KL3AD,440
S4NQ18KL3AE,495
S4NQ18KL3QA,495
S4NQ18KL3QD,550
S4NQ18KL3QE,550
S4NQ18KL3QG,550
S4NQ18KLRJA,495
S4NQ18KLRJD,504
S4NQ18KLRTE,550
S4NQ24121S0,664
S4NQ24K222A,495
S4NQ24K227D,504
S4NQ24K228E,550
S4NQ24K22ME,440
S4NQ24K22TD,550
S4NQ24K231E,550
S4NQ24K238G,550
S4NQ24K23AA,495
S4NQ24K23AD,504
S4NQ24K23AE,495
S4NQ24K23BB,400
S4NQ24K23BC,550
S4NQ24K23QD,550
S4NQ24K23QE,550
S4NQ24K23WD,558
S4NQ24K2MZC,558
S4NQ24K2Q3L,550
S4NQ24K2QAL,550
S4NQ24K2RJD,504
S4NQ24K2RTD,550
S4NQ24KE3Q0,495
S4NQ24L42FA,364
S4NQ30R43FA,322
S4NQ32R43FA,322
S4NQ36R43FA,322
S4NW09JA2PD,880
S4NW09JA3AD,880
S4NW09JARPA,800
S4NW09JL1DA,800
S4NW09JLRDA,800
S4NW09K21DA,558
S4NW09K21FA,558
S4NW09M2MPA,592
S4NW09M2MZA,592
S4NW09ML3PA,494
S4NW12JA23A,880
S4NW12JA2MA,702
S4NW12JA2MB,880
S4NW12JA2PD,880
S4NW12JA31A,880
S4NW12JA31B,880
S4NW12JA33A,780
S4NW12JA3AA,880
S4NW12JA3AD,880
S4NW12JA3AE,702
S4NW12JA3BA,780
S4NW12JA3WB,880
S4NW12JARMA,702
S4NW12JARPA,880
S4NW12JARPD,880
S4NW12JARXB,880
S4NW12JL1DA,800
S4NW12JL1Y1,800
S4NW12JL2DA,800
S4NW12JLRDA,800
S4NW12K21DA,558
S4NW12K21FA,558
S4NW12M2MPA,592
S4NW12M2MZA,592
S4NW12ML3PA,494
S4NW15L41DA,364
S4NW15L41FA,364
S4NW182PWPA,464
S4NW18K21Y0,558
S4NW18K23BB,558
S4NW18K2MZC,558
S4NW18K2RPA,558
S4NW18KL23A,550
S4NW18KL2MA,440
S4NW18KL2MC,550
S4NW18KL2PA,550
S4NW18KL31A,550
S4NW18KL31C,550
S4NW18KL33A,495
S4NW18KL3AA,550
S4NW18KL3AB,440
S4NW18KL3W0,550
S4NW18KL3WC,550
S4NW18KLRMA,440
S4NW18KLRPA,550
S4NW18KLRXC,550
S4NW18KP1DA,558
S4NW18KP2DA,558
S4NW18KPRDA,558
S4NW18L41DA,364
S4NW18L41FA,364
S4NW18V28ZA,367
S4NW24K223E,550
S4NW24K22ME,550
S4NW24K231D,550
S4NW24K231E,550
S4NW24K233E,495
S4NW24K23AE,550
S4NW24K23FE,550
S4NW24K23WE,550
S4NW24K23XD,550
S4NW24K2MZC,558
S4NW24K2RME,440
S4NW24K2RPA,558
S4NW24K2RPE,550
S4NW24K2RXD,550
S4NW24KE2P1,504
S4NW24KE3A0,504
S4NW24KE3A1,504
S4NW24KE3W3,504
S4NW24KERP0,504
S4NW24KERP1,504
S4NW24L41DA,364
S4NW24L41FA,364
S4NW24L43FA,364
S4NW24V28ZA,367
S4NW30R43EA,322
S4NW30R43FA,322
S4NW31V43B1,367
S4NW32R43EA,364
S4NW32R43FA,322
S4NW36R43EA,322
S4NW36R43FA,322
S4NW36VP8D0,367
S4NWABJAF3I,780
S4NWAHKLF3I,495
S4NWBDK2F3I,495
S4QW18K2MZC,171
S4UC12TZCAD,420
S4UC12TZCAE,420
S4UC18TZCAD,260
S4UC24TZCAD,180
S4UH12TZCAC,420
S4UH12TZCAD,420
S4UH18TZCAC,260
S4UH24TZCAC,180
S4UQ09AA28B,490
S4UQ09AA3QA,490
S4UQ09AA3QB,490
S4UQ09JA22A,490
S4UQ09JA3AA,490
S4UQ09JA3WD,490
S4UQ09WA5A2,490
S4UQ09WA5AA,490
S4UQ09WA5Q1,490
S4UQ09WA5QA,490
S4UQ09WA5QG,490
S4UQ09WAQ3L,490
S4UQ09WAQAL,490
S4UQ09WU5AA,490
S4UQ120A1S0,490
S4UQ12EAAVX,510
S4UQ12JA22A,490
S4UQ12JA25B,490
S4UQ12JA27C,510
S4UQ12JA28J,490
S4UQ12JA2JB,490
S4UQ12JA2MC,252
S4UQ12JA2TB,490
S4UQ12JA3A3,490
S4UQ12JA3AA,490
S4UQ12JA3AC,490
S4UQ12JA3AE,252
S4UQ12JA3AF,275
S4UQ12JA3Q2,490
S4UQ12JA3QB,490
S4UQ12JA3QC,490
S4UQ12JA3QG,490
S4UQ12JA3QJ,490
S4UQ12JA3WF,490
S4UQ12JAQ3L,490
S4UQ12JAQAL,490
S4UQ12JARJB,490
S4UQ12JARTB,490
S4UQ12JL38C,312
S4UQ12JL3QC,312
S4UQ181L1S0,312
S4UQ18JL3QA,312
S4UQ18JLQ3L,312
S4UQ18JLQAL,312
S4UQ18K222A,171
S4UQ18K23AA,171
S4UQ18K23BB,126
S4UQ18K23BC,171
S4UQ18K2MZC,171
S4UQ18KL25A,312
S4UQ18KL27B,292
S4UQ18KL28E,312
S4UQ18KL2JA,312
S4UQ18KL2JD,312
S4UQ18KL2MD,234
S4UQ18KL2TE,312
S4UQ18KL31B,312
S4UQ18KL38G,312
S4UQ18KL3AB,312
S4UQ18KL3AC,312
S4UQ18KL3AD,234
S4UQ18KL3AE,312
S4UQ18KL3QA,312
S4UQ18KL3QD,312
S4UQ18KL3QE,312
S4UQ18KL3QG,312
S4UQ18KL3WA,312
S4UQ18KLRJA,312
S4UQ18KLRJD,312
S4UQ18KLRTE,312
S4UQ24121S0,171
S4UQ24K222A,171
S4UQ24K227D,171
S4UQ24K228E,171
S4UQ24K22ME,171
S4UQ24K22TD,171
S4UQ24K231E,171
S4UQ24K238G,171
S4UQ24K23AA,171
S4UQ24K23AD,171
S4UQ24K23AE,171
S4UQ24K23BB,126
S4UQ24K23BC,171
S4UQ24K23QD,171
S4UQ24K23QE,171
S4UQ24K23WD,171
S4UQ24K2MZC,171
S4UQ24K2Q3L,171
S4UQ24K2QAL,171
S4UQ24K2RJD,171
S4UQ24K2RTD,171
S4UQ24KE3Q0,171
S4UQ30R43FA,110
S4UQ32R43FA,110
S4UQ36R43FA,110
S4UW09JA2PD,490
S4UW09JA3AD,490
S4UW09JARPA,489
S4UW09JL33A,312
S4UW09JLRDA,316
S4UW09K21DA,171
S4UW09K21FA,171
S4UW09M2MPA,171
S4UW09M2MZA,171
S4UW09ML3PA,312
S4UW12JA23A,490
S4UW12JA2MA,252
S4UW12JA2MB,490
S4UW12JA2PD,490
S4UW12JA31A,490
S4UW12JA33A,490
S4UW12JA3AA,490
S4UW12JA3AD,490
S4UW12JA3AE,252
S4UW12JA3BA,490
S4UW12JA3WB,490
S4UW12JARMA,252
S4UW12JARPA,490
S4UW12JARPD,490
S4UW12JL2DA,316
S4UW12JLRDA,316
S4UW12K21DA,171
S4UW12K21FA,171
S4UW12M2MPA,171
S4UW12M2MZA,171
S4UW12ML3PA,312
S4UW15L41DA,104
S4UW15L41FA,104
S4UW182PWPA,171
S4UW18K21Y0,558
S4UW18K23BB,171
S4UW18K2RPA,171
S4UW18KL23A,312
S4UW18KL2MA,234
S4UW18KL2MC,312
S4UW18KL2PA,312
S4UW18KL31A,312
S4UW18KL31C,312
S4UW18KL33A,312
S4UW18KL3AA,312
S4UW18KL3AB,234
S4UW18KL3W0,312
S4UW18KL3WC,312
S4UW18KL3XC,312
S4UW18KLRMA,234
S4UW18KLRPA,312
S4UW18KLRXC,312
S4UW18KP2DA,171
S4UW18KPRDA,171
S4UW18L41DA,104
S4UW18L41FA,104
S4UW18V28ZA,171
S4UW24K223E,171
S4UW24K22ME,171
S4UW24K231D,171
S4UW24K231E,171
S4UW24K233E,171
S4UW24K23AE,171
S4UW24K23FE,171
S4UW24K23WE,171
S4UW24K23XD,171
S4UW24K2MZC,171
S4UW24K2RME,171
S4UW24K2RPA,171
S4UW24K2RPE,171
S4UW24K2RXD,171
S4UW24KE2P1,174
S4UW24KE3A0,174
S4UW24KE3A1,174
S4UW24KE3W3,174
S4UW24KERP0,174
S4UW24KERP1,174
S4UW24L41DA,104
S4UW24L41FA,104
S4UW24L43FA,104
S4UW24V28ZA,171
S4UW30R43EA,110
S4UW30R43FA,104
S4UW31V43B1,110
S4UW32R43FA,110
S4UW36R43EA,110
S4UW36R43FA,110
S4UW36VP8D0,171
S4UWABJAF3I,490
S4UWAHKLF3I,312
S4UWBDK2F3I,171
S4WV710S1W,162
S50400T191A,2080
S50400T1K1A,2080
S50400T291A,2080
S50400T391A,2080
S50400T3K1A,2080
S50500T191A,1600
S50500T291A,2080
S50500T391A,2080
S50570T29AA,800
S50570T2CAA,800
S50D1-GMP,1360
S50D1-GMPEN,1120
S5BA,51
S5BB,51
S5BB1,51
S5BBC,51
S5BBG,51
S5BBP,51
S5BBPA,51
S5BBPU,51
S5BBPUA,51
S5BBR,51
S5BBU,51
S5BFO,51
S5BFOA,51
S5BOC,51
S5BP,51
S5DFO,51
S5DOC,51
S5GBP,51
S5GBPA,51
S5GFO,51
S5GFOA,51
S5GOC,51
S5IB,51
S5LB,51
S5MAC,51
S5MB,51
S5MB1,51
S5MB2,51
S5MBA,51
S5MBAU,51
S5MBAUE,51
S5MBC,51
S5MBCR,51
S5MBP,51
S5MBPA,51
S5MBPU,51
S5MBPUA,51
S5MBR,51
S5MBS,51
S5MBU,51
S5MBUA,51
S5MPC,51
S5MSB,51
S5NBP,51
S5NBPA,51
S5PBP,51
S5PBPA,51
S5RFO,51
S5ROC,51
S5WB,51
S5WBC,51
S5WBP,51
S5WBPA,51
S5WOC,51
S6-14085WD,159
S60400T191A,2080
S60400T1K1A,2080
S60400T291A,2080
S60400T29AA,2080
S60400T2K1A,2080
S60400T391A,2080
S60400T3K1A,2080
S60500T291A,2080
S60500T391A,2080
S631MC75Q,36
S631S32,36
S633SN35Q,36
S634BB35Q,36
S634BW35Q,47
S634MC35Q,47
S634MGW12Q,47
S634MHH30Q,47
S634S32Q,47
S634SN35Q,47
S638S32,36
S640MC78A,36
S640S12A,36
S641NS76B,50
S645SS34,36
S648MC77A,50
S651DS12,36
S651MB78B,36
S651MC16,36
S651MC38,36
S651MC38B,36
S651MC58B,36
S651MC78,36
S651MC78A,47
S651S16,36
S651S16A,47
S651S18B,36
S651S38,36
S651S78,36
S651SW12,36
S651SW16,36
S651SW76B,36
S652GPB38B,36
S652GTW16B,36
S653MEP87D,36
S653MPY33D,36
S653MWW87D,36
S654MEEMFX,47
S656GBB143,36
S656MQQ143,47
S656P003,47
S656P033,47
S674MEPBJW,47
S678NA88,47
S691SI15B,30
S691SI34BS2,30
S691TK34BS2,30
S695RE13BW,30
S695RE23L,30
S695SI34B,30
S70400T27AA,800
S70400T29AA,1144
S70400T2KAA,1144
S70400T37AA,800
S70400T38AA,800
S70400T39AA,2080
S70400T3KAA,1144
S70400T57AA,800
S70400T58AA,800
S70570T17AA,800
S70570T19AA,800
S70570T1KAA,1144
S70570T27AA,800
S70570T27AB,1144
S70570T29AA,1144
S70570T2KAA,1144
S70570T37AA,800
S70570T38AA,800
S70570T39AA,800
S70570T57AA,1144
S70570T58AA,800
S70570T59AA,800
S70570T5KAA,1144
S711SI24B,30
S711TK24B,30
S711TK25B,30
S715SI24B,30
S739VA,920
S73OW,1176
S74O,1176
S74R,1176
S829LS32,24
S829LS35,24
S829NS35,24
S829NS35E,24
S829SN35,24
S829TS32,24
S829TS35,24
S831LW35,24
S831MC84,24
S831NS35,24
S831NS35E,24
S831NS55,24
S831S30,24
S831S30E,24
S831S32,24
S831S32H,24
S831SN35,24
S831SN35E,24
S831SN55,24
S831SN75,24
S831SS30,24
S831SS30Q,24
S831SS32,24
S831SS35,24
S831SW32,24
S831SW32N,24
S831TS30L,24
S831TS35,24
S831W30,24
S831W30Q,24
S831W32,24
S832NS35E,24
S833MB35,24
S833MC35,24
S833MC55Q,24
S833MC85Q,24
S833S30,24
S833S30Q,24
S833S32,24
S833S32H,24
S833SN30Q,24
S833SN35,24
S833SN35E,24
S833SN75,24
S833SS30,24
S833SS30Q,24
S833SS32,24
S833SS35,24
S833TS30,24
S833TS30E,24
S833TS35,24
S833TS35E,24
S833TW30,24
S833TW30A,24
S833TW30B,24
S833TW30E,24
S833W30,24
S833W32,24
S834BB10,24
S834BB20,24
S834BB30,24
S834BB35,24
S834BP20,24
S834BW12,24
S834BW30V,24
S834BW32V,24
S834BW35,24
S834GYW30,24
S834MB35,24
S834MC30D,24
S834MC35,24
S834MC35E,24
S834MEE10,24
S834MEE111,24
S834MEE141,24
S834MEE30,24
S834MEE30E,24
S834MGG1D,24
S834MGW12,24
S834MGW1D,24
S834MHH30,24
S834MKE10,24
S834MQQ111,24
S834MQQ141,24
S834MTE011,24
S834MTE10,24
S834MTE20,24
S834MTE45,24
S834MWW12,24
S834MWW1D,24
S834PB35,24
S834S1D,24
S834S20,24
S834S20Q,24
S834S30,24
S834S30Q,24
S834S32,24
S834S32V,24
S834SN35,24
S834SS20,24
S834SS32,24
S834SS32V,24
S834W30,24
S834W30Q,24
S834W30QV,24
S834W30V,24
S834W35,24
S835S30,24
S835S31,24
S835SA35,24
S835SA35E,24
S835SD32,24
S835SD32F,24
S835SS32,24
S835SW31,24
S835SW32,24
S835W31,24
S836GBB122,24
S836GBB132,24
S836GBB142,24
S836GBB162,24
S836GBB172,24
S836MEE022,24
S836MEE122,24
S836MEQ032,24
S836MMM032,24
S836MQQ012,24
S836MQQ022,24
S836MQQ142,24
S836MQQ152,24
S836MRQ032,24
S836MRQ112,24
S836MTE032,24
S836P022,24
S836P112,24
S836P132,24
S838S30H,24
S838SN32,24
S838SN32E,24
S838SS32E,24
S838W30,24
S838W31H,24
S839EW30,24
S839S30,24
S839S30H,24
S839S32,24
S839SS32,24
S839SW32,24
S839W30,24
S839W30H,24
S839W32,24
S84CI,1176
S84GIM,1176
S86B,1176
S86BW,1176
S86GMW,1176
S86GW,1176
S86LW,1176
S86O,1176
S86OW,1176
S86R,1176
S86RW,1176
S87GMW,1176
S90400T29BA,600
S90570T2CBA,600
S9100S,2432
S9100SA,1232
S9170IA,1232
S9200BA,1792
S9201IB,1232
S9270IA,1232
S9271IB,1232
S9271SB,1232
S9271VB,1232
S92GTBDWH,320
S92GTTDWH,320
S92SGNDSH,453
S92SGNNSH,2214
S92WTTDWH,320
S9300IA,2432
S9370BA,1232
S9401IB,1232
S9471SB,1232
S94TNDNTTS,1232
S9571IB,1232
S96BFBSH3,1408
S96BFBSHA3,1408
S96BFSH,1408
S96BFSHA,1408
S96BFSW,1408
S96BFSWH,1408
S96KFBSWH,1408
S96KFBSWH1,1408
S96KFBSWH2,1408
S96KFBSWHA,1408
S96KFSH,1408
S96KFSW,1408
S96KFSWH,1408
S96KNBSWH,1408
S96RFBSH1,1408
S96RFBSH3,1408
S96RFBSHA1,1408
S96RFBSHA3,1408
S96RFBSWH,1408
S96RFSH,1408
S96RFSHA,1408
S96RFSW,1408
S96RFSWH,1408
S96RFSWHA,1408
S96SFBSH1,1408
S96SFBSHA1,1408
S96SFBSWH,1408
S96SFBSWH1,1408
S96SFBSWH2,1408
S96SFBSWHA,1408
S96SFBSWHA1,1408
S96SFSH,1408
S96SFSH5,1408
S96SFSHA,1408
S96SFSHB,1408
S96SFSW,1408
S96SFSWH,1408
S96SFSWHA,1408
S96SNBSWH,1408
S97IFBSWH,1408
S97IFBSWHW,920
S97IFBSWHW1,920
S97IFH,1408
S97IFSWHW,920
S97ILSH1,1408
S97ILSH2,1408
S97IWBSWH,920
S97KFBSWH,1408
S97KFBSWH1,1408
S97KNBSWH,1408
S97PFBSWHW,920
S97PFSH,1408
S97PFSWH,1408
S97RFBSH1,1408
S97RFSH,1408
S97RFSWH,1408
S97SFBSH1,1408
S97SFBSWH,1408
S97SFBSWH1,1408
S97SFBSWH2,1408
S97SFBSWH3,1408
S97SFBSWHW,920
S97SFSH,1408
S97SFSWH,1408
S97SFSWHW,920
S97SLNNSH,2432
S97SLSH,1408
S97SNBSWH,1408
S97SWBSWH,920
S97VFBSWH,1408
S97VFBSWHW,920
S97VWBSWH,920
S98ICTSWH,1232
S98IDTSWH,920
S98IFBWH,1408
S98IFBWHW,920
S98IFBWHW1,920
S98IFH,1408
S98IFWHW,920
S98IFWHW1,920
S98ILBNSH,2432
S98ILWH,1408
S98IWBWH,920
S98IYBSWH,920
S98IYH1,920
S98IYNNSH,1232
S98KBTSWH,920
S98KDNSWH,1232
S98KDTSWH,920
S98KLNNSH,1792
S98KYBNSH,1232
S98KYPSWH,920
S98KYTSWH,920
S98KYTWH,920
S98PBTSWH,920
S98PFBWHW,920
S98PFWH,1408
S98RCTSWH1,1232
S98SCTSWH,1232
S98SDNSWH,1232
S98SFBWH,1408
S98SFBWHW,920
S98SFHW,920
S98SFWH,1408
S98SLBSSH,1408
S98SLH,1408
S98SLNSWH,1408
S98SLWHW1,920
S98SNBWH,920
S98SNNSWH1,1232
S98SWBWH,920
S98VBTSWH,920
S98VFBWHW,920
S98VWBWH,920
S98VYBSSH,920
S98VYH1,920
S98VYNSSH,920
S99IBTDWH,320
S99ICTDWH,320
S99IGNNSH,1232
S99IJBNWH,1232
S99IJBSWH,920
S99IJBSWH1,920
S99IJNNSH,1232
S99ILBDWH,320
S99IYTDWH,320
S99SJNNSH,1232
S99SJNNWH,1232
S99VJNNSH,1232
S99WBTDWH,320
S99WDBDWH,320
S99WDTDWH,320
S99WDTNWH,2214
S99WETDWH,320
S99WLTDWH,320
S99WQCMTDW,320
S9ATQNNBDS,320
S9AWQNTBDW,320
S9BGQNTBDW,320
S9BTNDNBDW,320
S9BTNDPTDW,320
S9BTNLPTDW,320
S9BTQDMTDW,320
S9BTQDNTDW,320
S9BTQDRTDW,320
S9BTQNNBDS,320
S9BWNDNTDW,320
S9BWNLNTDW,320
S9BWQDNTDW,320
S9BWQNNNCW,230
S9BWQNNNNS,1386
S9BWQNRBDS,320
S9BWQNTBDW,320
S9BWQNTBNW1,1386
S9BWQNTNNW1,1386
S9ESNLNNSS,1232
S9GBDNRNNS,1231
S9GBDNTNNW,1231
S9GWDNRBNS,1231
S9GWDNRNNS,1231
S9GWDNTBNW,1231
S9GWDNTNNS,1231
S9GWDNTNNW,1231
S9JWYBDWH,420
SA122CL,675
SA182CL,496
SA242CL,496
SACTN,7100
SAEGW25121G,7260
SB-19107ST,150
SB-19108WD,150
SB-19108WDM,150
SB006SAAN0,51
SB010SAAN0,51
SBA3ST02,4166400
SBEF3MQ,1767
SBEF3MQ1,1767
SBEF3MQT,1767
SBEF3WBQT,1767
SBEF3WOQT,1767
SBEF3WPQT,1767
SBEF3WSQT,1767
SBEF3WWQT,1767
SBEI3CSQ,1767
SBEI3CSQT,1767
SBEI3GQ,1767
SBEI3GQT,1767
SBEI3MPQ,1767
SBEI3MPQT,1767
SBEI3MQ,1767
SBEI3MQT,1767
SBEI3WBQT,1767
SBEI3WMQT,1767
SBEI3WOQT,1767
SBEI3WPQT,1767
SBEI3WWQT,1767
SBEY3GS2,1767
SBEY3MS,1767
SBL9S,2376
SC000005D01,2352
SC000005D02,2352
SC000005D03,2352
SC000005D04,2352
SC061205A02,2352
SC061205A03,2352
SC061505A01,2100
SC061508P00,912
SC091505A01,2063
SC091505A02,1848
SC091908P00,912
SC091910C00,920
SC091910DT0,912
SC1010HD,24640
SC1210HC,15840
SC1210KC,1290
SC122515AT0,399
SC122815AT0,399
SC1510KC,1290
SC1510LC,1290
SC2-1885ST,161
SC2-1895ST,161
SC2-18965WD,150
SC2010HD,24192
SC2410GC,19800
SC2510FC,23760
SC3-1684ST,161
SC3-17854WD,161
SC3-1794TS,161
SC3-1794TW,161
SC4-1680SR,161
SC4-1684SR,161
SC4-1694TW,162
SC5-1570SG,161
SC5-1573SG,162
SC5-1583SG,162
SC5010FC,23760
SC5010FD,24640
SC5GMR40,51
SC5GMR42,51
SC5GMR42S,51
SC5GMR4E,51
SC5GMR4ES,51
SC5GMR52,51
SC5GMR52C,51
SC5GMR52CS,51
SC5GMR52S,51
SC5GMR5E,51
SC5GMR5ES,51
SC5GMR60,51
SC5GMR60B,51
SC5GMR60S,51
SC5GMR61,51
SC5GMR61B,51
SC5GMR61S,51
SC5GMR70,51
SC5GMR70S,51
SC5GMR80A,51
SC5GMR80S,51
SC5GMR81A,51
SC5GMR81H,51
SC5GMR81S,51
SC5GMR82A,51
SC5GMR82H,51
SC5GMR82S,51
SC5GMR8EH,51
SC5MBR42,51
SC5MBR42C,51
SC5MBR42CS,51
SC5MBR42S,51
SC5MBR43,51
SC5MBR43S,51
SC5MBR4E,51
SC5MBR4ES,51
SC5MBR4G,51
SC5MBR53,51
SC5MBR60,51
SC5MBR60B,51
SC5MBR60S,51
SC5MBR61,51
SC5MBR61B,51
SC5MBR61S,51
SC5MBR62B,51
SC5MBR6R,51
SC5MBR71,51
SC5MBR71S,51
SC5MBR80A,51
SC5MBR80S,51
SC5MBR81A,51
SC5MBR81H,51
SC5MBR81S,51
SC5MBR8RA,51
SC5MBR8RH,51
SC5MBR8RS,51
SC5MER41,51
SC5MER42,51
SC5MER42S,51
SC5MHR60,51
SC5MHR80H,51
SC5MLR42,51
SC5MNR40,51
SC5MNR42,51
SC5MPR71S,51
SC5MRR42,51
SC5MRR42S,51
SC5MRR61,51
SC5MSR40S,51
SC5MSR41,51
SC5MSR41S,51
SC5MSR42,51
SC5MSR42C,51
SC5MSR42CS,51
SC5MSR42S,51
SC5MSR4G,51
SC5MSR72,51
SC5MSR72S,51
SC5MSR82A,51
SC5MSR82H,51
SC5MSR82S,51
SC5MYR43,51
SC6010HC,14400
SC7510FC,23760
SC7510LC,11520
SC9010KC,11880
SCA1WP,1320
SCA2WP,1320
SCO24GA0,110
SCO24WU4KR2,110
SCO37HUED,114
SCO42WD2,52
SCO48WD2,52
SCSE30W3,84
SCSG30W3,84
SCT24GPL,234
SCT24NPD,234
SCT24NPD2,234
SCT36NND,208
SCT42GM2,182
SCT48GM2,182
SCT48NMD,182
SCWC30W3,84
SD-3855SCR,380
SD020SASN0,51
SD025SASN0,51
SD030SASN0,51
SD030SSSN0,51
SDB1008D1R,8920
SDB2812Y1S,1920
SDB3112Y1S,1920
SDB521D1R,4800
SDB5302Y2S,1625
SDB5312Y2S,1625
SDB5312Y3S,1625
SDB7512Y1S,1625
SDB858D2R,8920
SDNTHS72S,142
SDP2212Y1S,3840
SDP2412Y1S,3840
SDP2412Y2S,3840
SDP401A1R,5600
SDP401A2R,5600
SDP528D1R,5600
SDQ4012Y1S,1920
SDQ4202Y3S,1920
SDQ4212Y3S,1920
SDQ4212Y4S,1920
SDQ4212Y5S,1920
SDQ4212Y6S,1920
SDQ4612Y1S,1920
SDQ528D1R,4480
SDQ5302Y1S,1920
SDQ5302Y2S,1920
SDQ5302Y3S,1920
SDQ5302Y4S,1920
SDQ5302Y5S,1920
SDQ581D1R,4480
SDQ608D1R,4480
SDQ658D1R,4480
SDQ701D1R,4480
SDQ708D1R,4480
SDQ751D2R,4480
SDQ781D1R,4480
SDQ858D1R,4480
SDQ928D1R,4480
SDU527HM,158
SDU527HS,158
SDU527HW,158
SDU557HM,160
SDU557HS,160
SDU557HW,160
SDU587HH,160
SDU587HM,160
SDU587HV,160
SDU587HW,160
SDWB24W3,142
SDWD24P3,150
SEN015KCL38,6720
SEN015KCL58,6720
SEN015KCW38,4800
SEN015KCW58,4800
SEQ11AN,720
SEQ11AU,490
SF110000S,600
SF180000S,600
SF700000S,800
SG-20124ST,102
SG-20128WD,102
SG-5I700TSL,28
SG-W65TSL,45
SG1,24
SG122CJ,252
SG182CJ,224
SG242CJ,150
SGL-185RP4,144
SGL-195NM4,144
SGL-195NP4,144
SGL-195SM4,144
SH060905A00,2268
SH060905D00,1800
SH060905D02,2268
SH060905D03,2100
SH061205A00,2063
SH061205A01,2100
SH061205D00,2100
SH061205D02,2268
SH061205D03,2268
SH061205D04,2100
SH061505A00,2063
SH061505D00,2100
SH061505D01,2063
SH061505D03,2063
SH061505D04,2100
SH061505P00,2100
SH061510A00,872
SH091505A00,1920
SH091505A01,2100
SH091505D02,2268
SH091505D03,2063
SH091505D08,1848
SH091505D09,912
SH091505D10,912
SH091510A00,872
SH091905A00,1753
SH091905D04,912
SH091905D05,912
SH091915A00,546
SH121910A00,546
SH122815A00,436
SH151915A00,546
SHB4002U1S,1625
SHP2002R1S,3840
SHP2202U1S,3840
SHP2204U1S,3840
SHP952B1R,5600
SHP952B2R,5600
SHP954D1R,5600
SHR1182D1R,1920
SHR4802R1S,1920
SHR4900W2S,2400
SHR5100U2S,2400
SHR5202U1S,1920
SHR5402R1S,1920
SHR5500R1S,1920
SHR5500U1S,2400
SHR9502W1S,1920
SJ091CD,1044
SJ092CD,814
SJ092CM,814
SJ092HD,1044
SJ121CD,1044
SJ121HD,1044
SJ121HZ,750
SJ122CD,1092
SJ122CM,814
SJ122HD,1044
SJ182CD,682
SJ182HD,500
SJ242CD,620
SJ242HD,500
SJQ061BM3W,840
SJQ072BS1W,800
SKSBG3606S,3424
SKSBG4806S,2688
SKSCF1801P,69
SKSCF1811P,39
SKSCF1831P,69
SKSCF2401P,54
SKSCF2411P,54
SKSCF2431P,54
SKSCF3001P,42
SKSCH3001S,209
SKSCH3601S,181
SKSCR2401P,54
SKSCR2411P,54
SKSCR2431P,54
SKSCR3001P,42
SKSCR3011P,42
SKSCR3031P,42
SKSCV3002S,84
SKSCV3012MT,84
SKSCV3012ST,84
SKSCW181RP,69
SKSCW182RP,69
SKSCW183RP,69
SKSCW241RP,54
SKSCW242RP,54
SKSCW243RP,54
SKSDC360S,728
SKSDC480S,539
SKSDR360GS,56
SKSDR360IS,56
SKSDR360S,56
SKSDR360SS,56
SKSDR480GS,44
SKSDR480SGS,44
SKSDR480SIS,44
SKSDV3002S,64
SKSDV3012MT,64
SKSDV3012ST,64
SKSDW2401P,160
SKSDW2401S,142
SKSDW2402P,160
SKSDW2411S,142
SKSDW2411T,142
SKSFD3604P,36
SKSFD3613S,28
SKSFD3614P,36
SKSFD3623SD,40
SKSFD3634P,36
SKSFD4826MT,27
SKSFD4826P,27
SKSFD4826SP,27
SKSFJ800P,30
SKSFK800CS,80
SKSGR360GS,56
SKSGR360S,56
SKSGR480GS,44
SKSGT3054S,440
SKSGT3654S,360
SKSHI3601S,260
SKSHI4801S,184
SKSHK230HS,20592
SKSHK310HS,80
SKSHK480HS,40
SKSIR360IS,56
SKSIT3001G,704
SKSIT3001GE,704
SKSIT3601G,533
SKSIT3601GE,533
SKSIT3621MS,162
SKSLV2401S,272
SKSLV2421MS,272
SKSLV2423MS,272
SKSLV3001S,180
SKSLV3011MT,180
SKSMC2401S,438
SKSMC2411S,504
SKSOV2411S,162
SKSOV2421MS,162
SKSPH3602S,181
SKSPH4802S,138
SKSPK180CS,210
SKSPK185CMT,210
SKSPK185CS,210
SKSPK240CS,160
SKSPK245CMT,160
SKSPK245CS,160
SKSPK300CS,140
SKSPK305CMT,142
SKSPK305CS,142
SKSPK360FMT,160
SKSPK360FS,160
SKSPK480FMT,320
SKSPK480FS,32
SKSRT360GS,112
SKSRT360S,112
SKSRT360SIS,112
SKSRT480GS,88
SKSRT480SIS,88
SKSSB4202S,30
SKSSV3001S,126
SKSSV3011MT,126
SKSUD2402E,108
SKSUD2402P,108
SKSUW2401G,108
SKSUW2401P,108
SKSWD2421MS,741
SKSWK185LMT,210
SKSWK185LS,210
SKSWK185RMT,210
SKSWK185RS,210
SKSWK245LMT,160
SKSWK245LS,160
SKSWK245RMT,160
SKSWK245RS,160
SL-KLQ40PFN,5670
SL-LQ18PT,5670
SL-LQ18PTNN,5670
SL-LQ40CR,5670
SL-LQ40PT,5670
SL-LQ40RT,5670
SL122CR,603
SL182CR,456
SL242CR,456
SLL-4L306,1008
SLL-5L306,1008
SM175713Z00,230400
SM175721Z00,230400
SM1757T2Z00,230400
SM2130T1Z00,48000
SM2130T2Z00,48000
SM2140T1Z00,48000
SM2140T2Z00,48000
SM2150T1Z00,48000
SM2150T2Z00,48000
SM2150T3Z00,48000
SM2157SAZ00,48000
SM2157T1Z00,48000
SM2157T2Z00,48000
SM2157TAZ00,48000
SM282CE,171
SM345713Z00,230400
SM345721Z00,273600
SM3457T2Z00,230400
SM3457T3Z00,230400
SMA550T1Z01,48000
SMA550T2Z01,48000
SMA550T3Z01,48000
SMA557T1Z01,48000
SMA557T2Z01,48000
SMA557T3Z01,48000
SMBUSB00A,25272
SN05ACR,840
SN05DLG-2,840
SN05DLX,675
SN05DLX-2,670
SN05DVX,675
SN05DVX-2,670
SN05ICE,264
SN05ICEX,675
SN05LFG,1089
SN05LFG-2,1089
SN05LPBX,880
SN05LPBX-2,675
SN05LPBX-3,675
SN05LPBX-P,675
SN05LPBX-R,1089
SN05LPBX-R2,1089
SN05LPX,288
SN05LT,1001
SN05LT-2,1116
SN05LTG,858
SN05LV,288
SN05LVX,288
SN05LVX-2,675
SN05LVX-3,675
SN07DLG-2,840
SN07DLX,675
SN07DLX-2,670
SN07DVX,675
SN07DVX-2,670
SN07LFG,1089
SN07LFG-2,1089
SN07LG-2,968
SN07LP-2,288
SN07LPB,288
SN07LPBX-2,675
SN07LPBX-3,675
SN07LT-2,1116
SN07LTG,858
SN07LV,288
SN07LV-1,288
SN07LVX-2,675
SN07LVX-3,675
SN09ACR,840
SN09DLG-2,840
SN09DLX,675
SN09DLX-2,670
SN09DVX,675
SN09DVX-2,670
SN09ICE,264
SN09LFG,1089
SN09LFG-2,840
SN09LG-2,968
SN09LP-2,288
SN09LPBX,880
SN09LPBX-2,675
SN09LPBX-3,675
SN09LPBX-P,675
SN09LPBX-R,840
SN09LS-1,968
SN09LT,1001
SN09LT-2,1116
SN09LTG,858
SN09LV,288
SN09LVX,288
SN09LVX-2,675
SN09LVX-3,675
SN10ACNV,670
SN10DLMV,670
SN10DLV,675
SN10ICEV,675
SN10INV-2,675
SN10KMV,840
SN10MIV,840
SN10SIV,675
SN10SIV-2,840
SN12ACR,670
SN12DLX,675
SN12DLX-2,670
SN12ICE,675
SN12LFG,670
SN12LG-2,1001
SN12LGS,1020
SN12LGS-2,1020
SN12LP-2,252
SN12LPB,252
SN12LPBX-2,675
SN12LPBX-3,675
SN12LPBX-R,670
SN12LVX-2,675
SN12LVX-3,344
SN13ACNV,670
SN13DLMV,670
SN13DLV,675
SN13ICEV,675
SN13INV-2,675
SN13MIV,670
SN13SIV,670
SN18DLMV,432
SN18DLV,496
SN18DLV-2,432
SN18DLX,496
SN18DLX-2,432
SN18ICE,496
SN18INV-2,496
SN18LFG,432
SN18LG-2,224
SN18LGS,600
SN18LP-2,682
SN18LPB,220
SN18SIV,496
SN18SIV-2,432
SN24DLV,496
SN24LFG,432
SN24LG-2,150
SN24LGS,600
SNQ060BK1W,840
SNQ060BK2W,840
SNQ060BKS2W,840
SNQ060BSF1W,780
SNQ060BSF2W,780
SNQ062BM1W,900
SNQ062BS1W,800
SNQ131BMF1W,464
SNQ161BMF1W,464
SNW071AAW,648
SNW142BS1W,495
SNW162BS1W,495
SNZ130BM2W,488
SO32BTS,380
SP091CM,1044
SP091CN,1092
SP092CE,910
SP092CM,1044
SP092CN,1092
SP092XN,1092
SP105,90
SP121CA,230
SP121CM,1044
SP121CN,770
SP121HM,814
SP121HN,770
SP122CA,230
SP122CE,729
SP122CM,1044
SP122CN,770
SP122HM,1044
SP122HN,770
SP182CA,242
SP182CM,620
SP182CN,620
SP182HM,500
SP182HN,620
SP242CA,146
SP242CM,620
SP242CN,620
SP242HM,500
SP242HN,620
SP302CE,367
SP342CE,367
SP362CE,367
SPAC40T3N,73
SPAC40T3U,104
SPAC53T3N,73
SPAC53T3U,52
SPL-4L202,432
SQ028KCA,552
SQ028UAC,552
SQ028VAB,552
SQ028VBC,552
SQ032KBA,552
SQ036KEA,552
SQ036KEB,552
SQ036KFA,564
SQ036UAC,552
SQ042PAA,564
SQ042PBA,564
SQ042PCA,564
SQ042UAB,552
SQ042YAA,552
SQ061205A00,2100
SQ061205D02,2000
SQ061505D00,2000
SQ068PDU,490
SQ069JCU,515
SQ06ADACAJ,630
SQ06APAU,490
SQ06B8PWDN,900
SQ06BADU,490
SQ06BAPWCN,900
SQ06BBPWAJ,860
SQ06BCABAN,860
SQ06BCACBJ,946
SQ06BCAWAJ,946
SQ06BCAWBN,946
SQ06BCAWCN,946
SQ06BCAWDN,946
SQ06BCJWAJ,880
SQ06BCPWAJ,860
SQ06BCPWBJ,910
SQ06BDAWAJ,946
SQ06BDAWBJ,946
SQ06BDAWBN,946
SQ06BDAWCN,946
SQ06CAAU,490
SQ06CABU,490
SQ06CACU,490
SQ06DABU,490
SQ06DACU,490
SQ06DJAU,312
SQ06EA1WCN,946
SQ06EA3WAJ,946
SQ06EA7HAJ,630
SQ06EABU,490
SQ06EJ1WAJ,880
SQ06EJ1WEN,880
SQ06EJ1WFN,880
SQ06EJAU,312
SQ06ES8EAJ,664
SQ06FA1WAJ,946
SQ06FA1WDN,946
SQ06FAAU,490
SQ06FJ1WAJ,880
SQ06FJ1WEN,880
SQ06FJ1WFN,880
SQ06FJAU,490
SQ06FJBU,490
SQ06FS1EAN,720
SQ06FS3EAJ,720
SQ06FSAU,490
SQ06GS3EAJ,720
SQ06MDJWAN,880
SQ078PDU,490
SQ079PDU,490
SQ07APBU,490
SQ07APCU,490
SQ07B8JWEJ,780
SQ07B8PWDN,1078
SQ07B9PWBJ,840
SQ07BBAWAJ,946
SQ07BBAWBJ,860
SQ07BBAWBN,946
SQ07BBPWAJ,860
SQ07BBPWAN,860
SQ07BCAWBN,946
SQ07BCAWDN,946
SQ07BCAWHN,946
SQ07BCAWKN,946
SQ07BDAWBN,946
SQ07BDAWHN,946
SQ07BPAU,490
SQ07CAAU,490
SQ07CABU,490
SQ07DAAU,490
SQ07DABU,490
SQ07DJAU,312
SQ07E1AU,312
SQ07EA3WAN,946
SQ07EA3WBN,946
SQ07EACU,490
SQ07EADU,490
SQ07EJ3WEN,880
SQ07EJAU,312
SQ07ES8EEN,664
SQ07FA3WBN,946
SQ07FADU,490
SQ07FS8EEN,720
SQ07FSAU,312
SQ07GS7EAN,720
SQ07GS8EAN,720
SQ07GS9EEN,720
SQ07GSAU,312
SQ07GSBU,490
SQ07GSCU,490
SQ07MDJWHN,880
SQ091505D01,2063
SQ099JAU,515
SQ09BDJWAN,880
SQ09BDJWMN,880
SQ09DJAU,490
SQ09DJMU,490
SQ09DKAU,171
SQ09DKMU,171
SQ09EJ1WAN,880
SQ09EJAU,490
SQ09EK1WEN,550
SQ09EKAU,171
SQ09MDKWAN,550
SQ09MDKWMN,550
SQ119KAU,171
SQ11AKAU,171
SQ11BDKWAN,550
SQ11CKAU,171
SQ11DKAU,171
SQ11EK1WEN,550
SQ11EKAU,171
SQ139KAU,171
SQ13AKAU,171
SQ13AKBU,171
SQ13BDKWAN,550
SQ13CKAU,171
SQ13DKAU,171
SQ13EK1WAN,550
SQ13EKAU,171
SQ16EK1WAN,550
SQ16EKAU,171
SR038VAC,432
SR038VBD,432
SR038VBE,432
SR049KAB,432
SR049RAA,432
SR049RAB,432
SR049SAB,432
SR049UBA,432
SR049UBB,432
SR049YAA,432
SR055VAE,432
SR055YAB,432
SR057KCB,408
SR061KAD,432
SR061KAE,432
SR061RBA,432
SR061YAA,408
SR061YAC,432
SR061YAD,432
SR071RAB,432
SR071RAC,432
SR071UAB,432
SR071UBA,420
SR071UBB,420
SR073YAA,432
SR073YAB,432
SR073YAC,408
SR081SAA,420
SR081UAB,432
SR081UAE,432
SR081YAB,432
SR081YAC,432
SRA038VBA,432
SRB1052B1R,4800
SRB1052B2R,4800
SRB1052D1R,24000
SRB1102B1R,4800
SRB1102B2RF,4800
SRB1152B1R,4800
SRB1152B2R,4800
SRB1152B3R,4800
SRB1152D1R,4800
SRB1152D2R,4800
SRB1202B1R,4800
SRB2352E1S,1625
SRB2902B1S,1625
SRB2903B1S,24000
SRB3102B1S,1625
SRB3202B1S,1625
SRB3302B1SE,1625
SRB3352B1S,1625
SRB3402B1S,1625
SRB3402B2S,1625
SRB3452B1S,1625
SRB3502B1SE,1625
SRB3552B1S,1625
SRB3750E1S,1625
SRB4102B1SE,1625
SRB4202B2S,1625
SRB4202B3S,1625
SRB4302B1S,1625
SRB4302B2S,1625
SRB4402B1S,2250
SRB4452B1S,2250
SRB4452B2S,2250
SRB4452B3S,2250
SRB4502B2S,1625
SRB4502B3S,1625
SRB4502B4S,1625
SRB4502B5S,1625
SRC12HPC000,316
SRC12HPN000,648
SRC18HPC000,171
SRC18HPN000,488
SRC36HPC000,171
SRFV26S4,30
SRFV26W4,30
SRFVC2406S,28
SRFVC2416S,28
SRJ1252B1R,5600
SRJ2052B1S,4480
SRL-4L321,768
SRL-5L321,768
SRP1002B1R,5600
SRP1002B2R,5600
SRP1052B1R,5600
SRP1052B2R,5600
SRP1052B3R,5600
SRP1052D1R,5600
SRP1054B1R,5600
SRP1054D1R,5600
SRP1055B1R,5600
SRP1102B1R,5600
SRP1102B2R,5600
SRP1102B3R,5600
SRP1102B4R,5600
SRP1102B5R,5600
SRP1202B1S,5600
SRP1202B2S,5600
SRP1252B1S,5600
SRP1302B1S,3840
SRP1302B2S,3840
SRP1604B1S,3840
SRP1702B1S,3840
SRP1802B1S,3840
SRP1802B2S,3840
SRP1804B1S,3840
SRP1804B2S,3840
SRP1812B1S,3840
SRP1812B2S,3840
SRP1812B3S,3840
SRP1852B1S,3840
SRP1904B1S,3840
SRP2002B1S,3840
SRP2002B2S,3840
SRP2004B1S,3840
SRP2052B1S,3840
SRP2102B1S,3840
SRP2102B2S,3840
SRP2152B1S,3840
SRP2202B1S,3840
SRP2202B2S,3840
SRP2204B1S,3840
SRP2204B2S,3840
SRP2402B1S,3840
SRP2402B2S,3840
SRP2404B1S,3840
SRP2412B1S,3840
SRP2412B2S,3840
SRP2502B1S,3840
SRP2502B2S,3840
SRP2552B1S,3840
SRP2602B1S,3840
SRP2602B2S,3840
SRP2602B3S,3840
SRP2602B4S,3840
SRP2604B1S,3840
SRP2702B1S,3840
SRP2702B2S,3840
SRP2802B1S,3840
SRP2902B1S,3840
SRP2912B1S,3840
SRP2952B1S,3840
SRP952B1R,5600
SRP952B2R,5600
SRP952D1R,5600
SRQ1152D1R,4800
SRQ2400E2S,3840
SRQ3202B2S,3840
SRR1002D1R,4800
SRR1072D1R,4800
SRR1152D1R,1920
SRR3902B1S,1920
SRR4502B1S,1920
SRR5202B1S,1920
SRR6702B1S,1920
SRR6702B2S,1920
SRR6702B3S,1920
SS55PNL,28
SS55PNL3,28
SS55PT,28
SS55PT3,28
SS55PTE,28
SS55PTE2,28
SS55PTE3,28
SS55PTL,28
SS55PTL3,28
SS55PTLH,28
SS55PTLH3,28
SSNC092T4A1,230
SSNC121T4A1,230
SSNC121T4A2,970
SSNC121TEA0,230
SSNC122T4A1,230
SSNC122T4A2,970
SSNC122TEA0,230
SSNC126HEA0,232
SSNC182TEA0,242
SSNC186HEA0,220
SSNC242TEA0,146
SSNH126T4A1,260
SSNH186T4A1,180
SSNH246T4A1,160
SSP1,4032
SSUC092T4A1,230
SSUC121T4A1,230
SSUC121T4A2,320
SSUC121TEA0,230
SSUC122T4A1,230
SSUC122T4A2,320
SSUC122TEA0,230
SSUC126HEA0,232
SSUC182TEA0,180
SSUC186HEA0,220
SSUC242TEA0,146
SSUH126T4A1,260
SSUH186T4A1,180
SSUH246T4A1,160
ST030SASN0,51
ST147BWM,159
ST148HBN,159
ST148PBM,159
ST148PWM,159
ST149PWN,150
ST1AU,702
ST1AUN,702
ST1GU,702
ST1NU,702
ST1WU,702
ST6-14107WD,150
STKIT-BK,1944
STKIT-WH,1944
STL9S,2376
SU05ACR,408
SU05DLG-2,408
SU05DLX,420
SU05DLX-2,408
SU05DVX,420
SU05DVX-2,408
SU05ICE,264
SU05ICEX,420
SU05LFG,420
SU05LFG-2,420
SU05LPBX,420
SU05LPBX-2,420
SU05LPBX-3,420
SU05LPBX-P,420
SU05LPBX-R,420
SU05LPBX-R2,420
SU05LPX,288
SU05LT,420
SU05LT-2,420
SU05LTG,408
SU05LV,288
SU05LVX,288
SU05LVX-2,420
SU05LVX-3,420
SU07DLG-2,408
SU07DLX,420
SU07DLX-2,408
SU07DVX,420
SU07DVX-2,408
SU07LFG,420
SU07LFG-2,420
SU07LG-2,420
SU07LP-2,288
SU07LPB,288
SU07LPBX-2,420
SU07LPBX-3,420
SU07LT-2,420
SU07LTG,408
SU07LV,288
SU07LV-1,288
SU07LVX-2,420
SU07LVX-3,420
SU09ACR,312
SU09DLG-2,408
SU09DLX,344
SU09DLX-2,312
SU09DVX,344
SU09DVX-2,312
SU09ICE,264
SU09LFG,420
SU09LFG-2,408
SU09LG-2,420
SU09LP-2,288
SU09LPBX,420
SU09LPBX-2,344
SU09LPBX-3,344
SU09LPBX-P,344
SU09LPBX-R,312
SU09LS-1,420
SU09LT,420
SU09LT-2,420
SU09LTG,408
SU09LV,420
SU09LVX,288
SU09LVX-2,344
SU09LVX-3,344
SU10ACNV,490
SU10DLMV,490
SU10DLV,530
SU10ICEV,530
SU10INV-2,344
SU10KMV,490
SU10MIV,490
SU10SIV,530
SU10SIV-2,490
SU12ACR,312
SU12DLX,344
SU12DLX-2,312
SU12ICE,224
SU12LFG,312
SU12LG-2,344
SU12LGS,312
SU12LGS-2,490
SU12LP-2,252
SU12LPB,252
SU12LPBX-2,344
SU12LPBX-3,344
SU12LPBX-R,312
SU12LVX-2,344
SU12LVX-3,344
SU13ACNV,490
SU13DLMV,490
SU13DLV,530
SU13ICEV,530
SU13INV-2,344
SU13MIV,490
SU13SIV,490
SU18DLMV,171
SU18DLV,186
SU18DLV-2,171
SU18DLX,344
SU18DLX-2,312
SU18ICE,344
SU18INV-2,186
SU18LFG,312
SU18LG-2,224
SU18LGS,312
SU18LP-2,150
SU18LPB,220
SU18SIV,186
SU18SIV-2,171
SU24DLV,124
SU24LFG,171
SU24LG-2,150
SU24LGS,171
SUQ060MA,392
SUQ060MAF,490
SUQ060MB,392
SUQ060MBF,490
SUQ060MBS,392
SUQ062MA,489
SUQ062SA,515
SUQ066AA,489
SUQ066BA,489
SUQ066PA,489
SUQ070CA,515
SUQ070CD,515
SUQ070MA,515
SUQ070MD,515
SUQ077BA,489
SUQ077DA,489
SUQ077PA,489
SUQ090CA,489
SUQ090CD,515
SUQ090SA,515
SUQ090SB,515
SUQ090SD,515
SUQ090SE,515
SUQ097B,489
SUQ097BA,489
SUQ097BB,489
SUQ097DA,489
SUQ110CA,489
SUQ110CD,515
SUQ110SA,515
SUQ110SB,515
SUQ110SD,515
SUQ110SE,515
SUQ117BA,489
SUQ117BB,489
SUQ117DA,489
SUW071AA,316
SUW093AA,316
SUZ130BAW,316
SV096BTQ,648
SV096RTQ,648
SV096STQ,648
SV096STQ2,648
SV096STQ3,648
SV096TQ,800
SV126BTQ,648
SV126RTQ,648
SV126STQ,648
SV126STQ2,648
SV126STQ3,648
SV126TQ,800
SV186BTQ,488
SV186RTQ,488
SV186STQ,488
SV186STQ2,488
SV186STQ3,488
SV186TQ,558
SV246BTQ,488
SV246RTQ,488
SV246STQ,488
SV246STQ2,488
SV246STQ3,488
SV246TQ,558
SW060904DC0,2100
SW061204DC0,2100
SW061504DC0,2100
SW06ADACAJ,630
SW06AEACAJ,630
SW06BDACAJ,946
SW06BEACAJ,946
SW06FA1WAJ,946
SW07BDJWAN,880
SW07DJAU,312
SW07EJ1WAN,880
SW07EJAU,312
SW07EK1WEN,550
SW07EKAU,171
SW07FK1WAN,550
SW07FK1WBN,550
SW07FKAU,312
SW07FKBU,312
SW07GJ1WAN,880
SW07GJAU,490
SW07GK1WEN,550
SW07GKAU,171
SW09BDJWAN,880
SW09DJAU,312
SW09EJ1WAN,880
SW09EJAU,312
SW09FK1WAN,550
SW09FKAU,312
SW09FS1EEN,576
SW09FSAU,171
SW09GK1WAN,550
SW09GKAU,312
SW11EK1WAN,550
SW11EKAU,171
SW11GK1WAN,550
SW11GKAU,171
SW137KAU,171
SW13EK1WAN,550
SW13EKAU,171
SW13GK1WAN,550
SW13GKAU,171
SW16EK1WAN,550
SW16FK1WBN,550
SW16FKBU,171
SW302HP,405
SW342CP,405
SW342HP,405
SW362HP,405
SW362HV,367
SWL1,6400
SWWG50N3,42
SWWG50W4,42
SX-B528T,28
SX-B528W,28
SX-B532S,24
SX-B532W,24
SX-B532WD,24
SX-B534W,22
SX-K426T,36
SX-K426W,36
SX-P428T,28
SX-P428W,28
SX-P432W,24
SX092CL,230
SX121CL,970
SX122CD,1091
SX122CL,970
SX122CL2,896
SX122CL3,896
SX182CL2,576
SX182CL3,576
SX242CL2,420
SX242CL3,420
SX5428TB,28
SX5428WB,28
SX5528SB,28
SX5528TB,28
SX5530SB,24
SX5530TB,24
SX5532SB,24
SX5532WD,24
SX5534SB,24
SXB531NS,36
SXB535NS,36
SXB53W,36
SXB54TS,36
SXB55SS,24
SXB55WB,24
SXB56SS,22
SXB56WB,22
SXP45SS,24
SXP45WB,24
SXS230DS,36
SXS230W,36
SXS33TS,36
SXS33W,36
T-2HB,1064
T-2WB,1064
T-2WD,1064
T-3WB,1064
T-3WD,1064
T-RB3AU,715
T-RB3GU,715
T-RB3WU,715
T-RB4HU,600
T-RB4HU4,600
T-RB4WU,600
T-RB4WU4,600
T-ST1AN,702
T-ST1AU,702
T-ST1WN,702
T-ST1WU,702
T-ST2CU,702
T-ST2GU,702
T-ST2MU,702
T-ST2TL,616
T-ST2WL,616
T-ST2WU,702
T-ST4HL,616
T-ST4WL,616
T-ST5TU,702
T-ST6B5,616
T-ST6W5,616
T0005D1FD,1024
T0117HFWP,114
T04IAQ,880
T04IBQ,880
T05EV5,900
T06EV3,840
T06EV4,900
T0850GN5N6A,16000
T0857GN5N6A,16000
T0866NEFPJ,152
T0866NEFPS,152
T0930A-060,88104
T0930GE506A,44800
T0930GE506B,25600
T0940A-060,88104
T0940GE506A,44800
T0940GE506B,44800
T0950A-060,88104
T0950GE506A,44800
T0950GE506B,44800
T0957A-060,88104
T0957A-960,61760
T0957GE506A,44800
T0957GE506B,44800
T0957GE506C,25600
T0988NEHPA,152
T0988NEHV,160
T09AWN-MM17,494
T09AWN-NM17,494
T09AWN-UM17,312
T09EV4,840
T1001DPE,114
T1001TDFT,114
T1001TECT,102
T1001TEHT,102
T1001TEPT,102
T1002TDFT,114
T1002TEHT,102
T1003ADC,102
T1003ADC4,102
T1003ADC5,102
T1003ADC6,102
T1003ADC7,102
T1003ADP4,102
T1003ADP5,102
T1003ADP6,102
T1003DCC1,102
T1003DDC1,102
T1003DDP3,102
T1003DEC1,102
T1003DEC3,102
T1003DPE,114
T1003TED2,102
T1003TEF1,102
T1003TEFT1,114
T1004DCC1,102
T1004DDC1,102
T1004DEC1,102
T1004DEC3,102
T1004DPE,114
T1004TEF1,102
T1007TEFT0,114
T1007TEFTW,114
T1007W,114
T1008TEDL1,114
T1008TEDL3,114
T1008TEFT,114
T1008TEFT0,114
T1008TEFTH,114
T1008TEFTM,114
T1008TEFTN,114
T1008TEFTW,114
T1013TEFT1,114
T1017TEFT0,114
T1024ADF,90
T1026AFPP5,102
T1026AFPP6,102
T1026DS,102
T1030GE3N6A,36480
T1030GE3N6C,25600
T1030GE3N6E,51840
T1030GN9N62,32400
T1040GE3N6A,24320
T1040GE3N6C,25600
T1040GE3N6E,51840
T1040GN9N62,28800
T1049TEFT,102
T1050GE3N6A,24320
T1050GE3N6B,24320
T1050GE3N6C,36480
T1050GE3N6D,24320
T1050GE3N6E,51840
T1050GN9N62,32400
T1050TEFT,102
T1053AEP,96
T1054DPE,102
T1055TEPT,102
T1057GE3N6A,24320
T1057GE3N6B,24320
T1057GE3N6C,36480
T1057GE3N6D,24320
T1064HFES5,108
T1064HFES5A,108
T1064HFES5C,108
T1064HFES6,108
T1066NEFT,114
T1066NEFTF,114
T1066NEFV,114
T1066NEFVF,114
T1066NEFVF2,114
T1074TEFTM,114
T1084WFES5,114
T1084WFES5A,114
T1084WFES5B,114
T1084WFES6,108
T1084WFFP,108
T1084WFFPS5,108
T108507TEFT,114
T1085NDKVH0,235
T1085NDKVH1,235
T1094EFDST5,114
T1094EFDST6,114
T1094EFDSTQ,114
T1094EFHST2,114
T1094EFQSTA,114
T10EV3,840
T10EV4,860
T1101DPE,114
T1102TEF1,102
T1103ADC5,102
T1103ADC6,102
T1103ADC7,102
T1103ADC8,102
T1103ADC9,102
T1103ADCB,102
T1103ADE5,102
T1103ADF0,96
T1103ADF5,102
T1103ADP,102
T1103ADP0,102
T1103ADP5,102
T1103ADP6,102
T1103AEC5,102
T1103AEC6,102
T1103AEF,96
T1103AEF0,96
T1103AEF1,96
T1103AEF5,96
T1103AEH8,102
T1103AEP,96
T1103AEP0,102
T1103AEP5,102
T1103AEP6,102
T1103AEP61,102
T1103AEP8,102
T1103AFP5,102
T1103DDC1,102
T1103DDC3,102
T1103DDD2,102
T1103DDP1,102
T1103DEC2,102
T1103DEC5,102
T1103TED1,102
T1103TED2,102
T1103TED3,102
T1103TEE3,102
T1103TEF0,102
T1103TEF1,102
T1103TEF2,102
T1103TEF3,102
T1103TEF6,102
T1103TEFT,102
T1104DDC2,102
T1104DE,102
T1104DEC1,102
T1104DPE,102
T1104DPL,102
T1104TEF,102
T1104TEF1,102
T1104TEF3,102
T1105TE,114
T1106ADP5,102
T1106AEH5,102
T1106DPE,102
T1106TED2,102
T1107TDFT,114
T1107TED,102
T1107TEF0,102
T1107TEF01,102
T1107TEF4,102
T1107TEFT0,102
T1107TEFTH,102
T1107TEHT0,102
T1108TEFT,114
T1108TEFTN,114
T1108TEFTW,114
T1109TDFT,114
T1113TEFT,114
T1113TEFT0,114
T1117TEFT0,114
T1117TEFT0F,114
T1124AEP,90
T1132AFC,102
T1132AFC6,102
T1132AFC6C,102
T1132AFCS5,102
T1132AFF6,102
T1132AFFS5,102
T1132AFPS,96
T1132AFPS5,102
T1132AFPSC,96
T1140AFF,102
T1140AFF5,102
T1153TEFT0,114
T1164NEHGB,114
T1164NEHGG,114
T1165NEHGH,114
T1165TP,114
T1166NEFT,102
T1166NEFTF,102
T1166NEFVF,114
T1166NEHT,102
T1166NEHTF,102
T1166NEHTFC,102
T1166NEHTFT,102
T1166NEHTJB,102
T1166NEHTJT,102
T1166NEHTT,102
T1166NENT2A,102
T1166NENT2C,102
T1166NENT2F,102
T1166NENT5C,102
T1166NENT5F,102
T1166NENTCF,102
T1166NENTJF,102
T1166NENTJT,102
T1166NENTM,102
T1166NENTTF,102
T1166TEDT,102
T1166TEDTC,102
T1166TEFT,102
T1166TEFT1,102
T1166TEFT1C,102
T1166TEFTC,114
T1166TEFTU,114
T1166TPJ,114
T1169NEFT,114
T1169NEHT,114
T1185NEHT,114
T1185NEHT2,114
T1188NEHTA,114
T1188NEHTE,102
T1188NEHVA,114
T1188NEHVE,114
T1188NEJTA,102
T1188NENTAA,102
T1188NENTN,102
T11V1NENT2,102
T11V1NENTA,102
T11V1NENTN,102
T11V8TEHTXA,114
T1201DPE,114
T1202DPE,102
T1203AEF5,102
T1203AFPT0,102
T1203AFPT1,102
T1203DPE,114
T1203TEFT,102
T1203TEFT1,102
T1204DPE,102
T1205DPE,114
T1206DPE,102
T1207TDFT,114
T1207TEFT0,114
T1207TEFT0F,102
T1207TEFTH,114
T1207TEFTW,114
T1208TEFT,114
T1209DB,102
T1209DBA,102
T1209DS,102
T1209DSA,102
T1209TDFT,114
T1211TEFT1,144
T1213TEFT0,114
T1213TEFT1,114
T1222BF5FE1,22400
T1222BF6FE1,22400
T1226AFC5,102
T1226AFCN,102
T1226AFP,102
T1226AFP5,102
T1226AFP51,102
T1226AFP5A,102
T1226AFP6,102
T1226AFP8,102
T1226AFPA,102
T1226AFPNA,102
T1226AFPP5,102
T1226AFPP6,102
T1226HFCJ,102
T1227AGP,90
T1227AGPP,90
T1232AFC,102
T1232AFC5,102
T1232AFC6,102
T1232AFC6C,102
T1232AFC8,102
T1232AFCH5,102
T1232AFCH5C,102
T1232AFCS5,102
T1232AFCS5C,102
T1232AFDS5,90
T1232AFEH5,102
T1232AFF,102
T1232AFF5,102
T1232AFF6,102
T1232AFFH5,102
T1232AFFS5,102
T1232AFFS5C,102
T1232AFFSC,102
T1232AFFSP5,102
T1232AFP,102
T1232AFP6,102
T1232AFP6C,102
T1232AFPS,102
T1232AFPS5,102
T1232AFPS5C,102
T1232HFC6,102
T1232HFC6C,102
T1232HFCS5,102
T1232HFCS5C,102
T1232HFDS5,102
T1232HFF,102
T1232HFF5,102
T1232HFF6,102
T1232HFFS5,102
T1232HFFS5C,102
T1232HFFSC,102
T1232HFP,102
T1232HFP5,102
T1232HFP5C,102
T1232HFP6C,102
T1232HFPC,96
T1232HFPS,102
T1232HFPS5,102
T1232HFPS5C,102
T1232HFPSA,96
T1232HFPSB,96
T1232HFPSC,96
T1232WFCS5,102
T1232WFCS5C,102
T1240AFF,102
T1240AFF5C,102
T1240AFFC,102
T12571-061,118540
T1258AFPT,114
T1264HFFSP5,102
T1265TP,114
T1266NEFT,114
T1266NEFTF,114
T1266NEFTJ,114
T1266NEFTU,102
T1266NEFV,114
T1266TEFT,114
T1266TEFT1,114
T1266TPJ,114
T1269NEFT0,114
T1271HFP,102
T1271HFP6,102
T1273HFC,102
T1273HFC5,102
T1273HFC5C,102
T1273HFC6,120
T1273HFC6C,102
T1273HFC8,120
T1273HFCS5,102
T1273HFCS5C,102
T1279HFCJ,102
T1282WFC5,102
T1282WFCD,102
T1282WFCS5,102
T1282WFCS5C,102
T1282WFCSD,102
T1282WFDSD,102
T1282WFF,102
T1282WFF5,102
T1282WFF6,102
T1282WFFS5,102
T1282WFFS5A,102
T1282WFFS5C,102
T1282WFFSD,102
T1282WFP,96
T1282WFP5,102
T1282WFP5C,102
T1282WFPD,102
T1282WFPDC,102
T1282WFPSD,102
T1282WFPSDC,102
T1283WFP,102
T1288NEHGE,114
T1288NEHTA,114
T1288NEHTG,114
T1288NEHVA,114
T1288NEHVE,114
T1292EFDKL,102
T1292EFDSKL,102
T1292EFHKL,102
T1292EFHSKL,102
T1292EFHSKQ,102
T1293EFDC5,102
T1293EFDC5C,102
T1293EFDCL,102
T1293EFDCLC,102
T1293EFDCW,102
T1293EFDCWC,102
T1293EFDK2,102
T1293EFDK2B,102
T1293EFDK5,102
T1293EFDK5C,102
T1293EFDKL,102
T1293EFDKLC,102
T1293EFDKW,102
T1293EFDKWC,102
T1293EFDSC5,102
T1293EFDSCL,102
T1293EFDSCQ,102
T1293EFDSK5,102
T1293EFDSKL,102
T1293EFDSKQ,102
T1293EFDSKR,102
T1293EFHC5,102
T1293EFHCL,102
T1293EFHK5,102
T1293EFHKL,102
T1293EFHKLC,102
T1293EFHKW,102
T1293EFHSC2,102
T1293EFHSC5,102
T1293EFHSCD,102
T1293EFHSCL,102
T1293EFHSCP,102
T1293EFHSCQ,102
T1293EFHSCR,102
T1293EFHSK2,102
T1293EFHSK5,102
T1293EFHSK7,102
T1293EFHSKC,102
T1293EFHSKL,102
T1293EFHSKQ,102
T1293EFHSKW,102
T129503TEFT,102
T129507TEFT,102
T12AWN-NM17,494
T12AWN-UM17,312
T12EV4,780
T12EV5,780
T12F2IDTNK4,70560
T12H3SDHT2A,102
T12H3SDHTGA,102
T12H3SDHTWA,102
T12H3SDNT2,102
T12H3SDNT2R,102
T12H3SDNTG,102
T12H3SDNTGR,102
T12H3SDNTW,102
T12H3SMHTWA,102
T1301DPE,102
T1303ADP4,102
T1303ADP6,102
T1303DPE,102
T1303TEFT1,102
T1304DPE,114
T1305DPE,102
T1307DPX,102
T1308TEFT0,102
T1309ADFH,90
T1309ADFH5,90
T1309ADFH6,90
T1309ADFN,90
T1309ADFND,90
T1309DPX,102
T1319ADFN,90
T1321ADFH,90
T1321ADFH8,90
T1327AFH5,90
T1327AFHH5,90
T1327AFPH,90
T1327AFPH5,90
T1327AFPH5A,90
T1327AFPH8,90
T1327AFPHA,90
T1327AGP,90
T1327AGP5,90
T1327AGPP5,90
T1328AFPH,90
T1328AFPH5,90
T1328AFPS3,90
T1328AFPS5,90
T1328HFFS5,90
T1328HFPS5,90
T1332AFCH5,90
T1332AFCS5,90
T1332AFF5,90
T1332AFFS5,90
T1332AFFSP5,90
T1332AFPS5,90
T1332AFPSP5,90
T1332HFCH5A,90
T1332HFCS5,90
T1332HFF5,90
T1332HFFP,90
T1332HFFP6,90
T1332HFFS5,90
T1332HFFSP5,90
T1332HFPS5,90
T1332WFFS5,90
T1335ADF,90
T1335AFP,90
T1349TEFT,102
T1349TEFT1,102
T1350TEFT,102
T1364NEHGB,114
T1365NEHGH,114
T1365NTP,114
T1366NEFG,114
T1366NEFT,114
T1366NEFT0,114
T1366NEFT1,114
T1366NEFTF,114
T1366NEFTV,114
T1366NEFV,114
T1366NEFVF,114
T1366NEHG2,114
T1366NEHGU,114
T1366NEHGZ,114
T1366NEHV,114
T1366NEHV2,114
T1366NEHVF,114
T1366NTP,114
T1369NEFT,114
T1369NEFTF,114
T1369NEFTS,114
T1369NEHT,114
T1369NEHTF,114
T1373HFCS5,90
T1377NEHV,114
T1377NEHVE,114
T1385NEHT2,114
T1385NEHTG,114
T1387NEHVE,114
T1388NEHGA,114
T1388NEHGE,114
T1388NEHT2,114
T1388NEHTA,114
T1388NEHTE,144
T1388NEHV2,114
T1388NEHVA,114
T1388NEHVE,114
T1394EFHST5,114
T13EMV,780
T13EV3,780
T13EV4,780
T13H3SDHT2,102
T13H3SDHT5,102
T13H3SDHTW,102
T13H7EHDT2C,102
T13H7EHNT2,102
T13H7EHNT2A,102
T13H7EHNT2B,102
T13H7EHNT2R,102
T13H7EHNTG,102
T13H7EHNTGA,102
T13H7EHNTGR,102
T13H7EHNTW,102
T13H9EFDSTP,102
T13H9EFDSTQ,102
T13H9EFNT2,102
T13H9EFNT2A,102
T13H9EFNT2R,102
T13H9EFNTG,102
T13V8TEHT2,114
T13V8TEHTC,114
T13V8TEHTX,114
T1401TPX,102
T1402TPX,102
T1403ADP5,102
T1403ADP6,102
T1403TEF0,102
T1403TEF1,102
T1403TEFT,102
T1403TEFT1,102
T1404DPE,102
T1407M8,102
T1407TPX,102
T1407W8,102
T1409DS,102
T1409DSA,102
T1409TPX,102
T1423ADFH,90
T1423ADFH5,90
T1423ADFS5,90
T1428ADF,90
T1428ADFH,90
T1428ADFH5,90
T1428ADFP,90
T1428AFPH,90
T1428AFPH5,90
T1432AFPS5,102
T1432WGPSVD,90
T1435ADF,90
T1437ADFH,90
T14400E5NAA,40000
T1443TEFT0,102
T1443TEFT1,102
T1449TEFT1,102
T14500E5NAA,40000
T1450TEFT,102
T14570E5NAA,40000
T1466NEFT,102
T1466NEFT0,114
T1466NEFT1,114
T1466NEFTF,102
T1466NEFTFC,102
T1466NEHG2,114
T1466NEHGU,114
T1466NEHT2,144
T1466NEHT2A,102
T1466NEHT2B,102
T1466TEFT1,102
T1471HGP,90
T1471HGPP6,90
T1473WFCSD,90
T1482WFFP,102
T1482WFFP6,102
T1482WFFSP5,114
T1488NEHT0,114
T1488NEHT1,114
T1490SEHB5,90
T1493EFDCL,90
T1493EFDKL,90
T1493EFDSC5,90
T1493EFDSCL,90
T1493EFDSK5,90
T1493EFDSKL,90
T1493EFHKW,90
T1493EFHSC5,90
T1493EFHSCC,90
T1493EFHSCL,90
T1493EFHSK5,90
T1493EFHSKB,90
T1493EFHSKC,90
T1493EFHSKL,90
T1493EFNT2A,90
T1493EFNT2B,90
T1493EFNT2C,90
T1493EFNTWF,90
T1499NEHTF1,114
T14G1GWHS,42
T14H9EFNT2,90
T14H9EFNT2A,90
T14H9EFNT2B,90
T14H9EFNT2R,90
T14H9EFNT5,90
T14H9EFNT5A,90
T14H9EFNTP,90
T14H9EFNTPA,90
T14H9EFNTPB,90
T14S4NEHT2,114
T14S4NEHTE,114
T14SS5FDH,102
T1503TEF0,102
T1503TEF1,102
T1503TEF2,102
T1503TEF3,102
T1503TEFT,102
T1503TEFT1,102
T1503TEFT3,102
T1504DPE,102
T1507TEFT,102
T1507TEFT1,102
T1507TPX,102
T1509TPX,102
T1532AFF6,102
T1532AFPS5,102
T1540GE502B,22400
T1550GE502B,22400
T1550GN5N2A,7200
T1557GE502B,22400
T1557GN5N2A,7200
T1566NEFTC,102
T1566NEFTFC,102
T1566NEHT2,102
T1566TEFT,102
T1566TEFT1,102
T1577NEHT,102
T1577NEHTE,102
T1585NEHTE,102
T1588NEHTE,102
T15H7EHHTP,102
T15X2EHHTPA,102
T1603ADP5,102
T1603ADP6,102
T1603TEF3,102
T1603TEFT,102
T1603TEFTS,102
T1604DPL,102
T1607TPX,102
T1609TPX,102
T1630GE502A,15360
T1632AFFH5,102
T1632AFPS5,102
T1632WFFSTD,90
T1633TEFT0,102
T1633TEFT1,102
T1633TEFT3,102
T1635HDF,90
T1640GE902E,15300
T1643AGP,90
T1643AGP5,90
T1643AGPS,90
T1643AGPS5,90
T1650GE4N21,16000
T1656AGP,90
T1657A-920,31620
T1657GE4N21,16000
T1657GE502C,18432
T1657GE5N21,28080
T1657GE5N22,28080
T1657GE5N2A,18432
T1660AGPP,90
T1660AGPP9,90
T1666NEFT,102
T1666NEFT0,102
T1666NEFT1,102
T1666NEFTC,102
T1666NEFTF,102
T1666NEFTFC,102
T1666NEFTW,102
T1666NEHT2,102
T1666NEHT2A,102
T1666NEHT2B,102
T1666TEFT,102
T1666TEFT1,102
T1668TP,102
T1677NEHTE,102
T1682WFFS5C,102
T1685NEHT,102
T1685NEHT2,102
T1685NEHT2B,102
T1685NEHTE,102
T1688NEHTA,102
T1688NEHTE,102
T1688NEHTEC,102
T1693EFHSKL,90
T16H3SDHT2A,102
T16MT,102
T16MU,102
T16SS5FDH,102
T16SS5FHS,102
T16SS5FWS,102
T16V1NDHT0,102
T16V1NDHT2C,102
T16V1NDHT7,102
T1704DPE,102
T1730GE502B,22400
T1732AFF,102
T1732AFF6,102
T1732AFFS5,102
T1732AFPS,102
T1732AFPS5,102
T1740GE4N21,16000
T1740GE502B,22400
T1740GE506C,22400
T1740GN5N23,15300
T1743ADF,90
T1743ADFH,90
T1743ADFH5,90
T1743ADFS,90
T1743ADFS5,90
T1743HDFS5,90
T1746ADFH,90
T1746ADFS,90
T1746ADFS9,90
T1750GE4N21,16000
T1750GE502B,22400
T1750GE506C,22400
T1750GN5N23,15300
T17572F3NA1,35700
T1757GE4N21,16000
T1757GE506C,22400
T1757GN5N23,15300
T1760AGPSP9,90
T1766NEFT,102
T1766NEFT0,102
T1766NEFT1,102
T1766NEFTF,102
T1766NEFTU,102
T1766NEHT2,102
T1766TEFT0,102
T1766TEFT1,102
T1768TP,102
T1769TPJ,102
T1772HDF,90
T1772HFF5,90
T1772HFFP,90
T1772HFFS,90
T1772HFFS5,90
T1772HFFSD,90
T1772HFFSI,90
T1772HFFSPD,90
T1772HFHSD,90
T1772WFFS5,90
T1776HDFS,90
T1776HDFS9,90
T1777NEHTA,102
T1777NEHTE,102
T1780WFF,90
T1782WFF6,102
T1785NEHT,102
T1785NEHTE,102
T1785NEHTEE,102
T1788NEHT0,102
T1788NEHT1,102
T1788NEHTA,102
T1788NEHTE,102
T1789EFH,90
T1789EFHKD,90
T1789EFHTW,90
T1792EFHTW,90
T1793EFHSKQ,102
T1793EFNSTA,90
T1793EFNSTB,90
T1793EFNT2F,90
T17A4SEHTW,90
T17DX3,102
T17DX3A,102
T17H0EFDST5,90
T17H0EFHTP,90
T17H3SDHT2A,102
T17H9EFDSTP,90
T17H9EFDSTQ,90
T17J4EFHT4,90
T17MX3,102
T17MX3A,102
T17V1NDHT,102
T17V1NDHT2C,102
T17WX3,102
T1809ADFH,90
T1809ADFH5,90
T1821C,488
T1821H,488
T1828AFPH5,90
T1828C,558
T1828H,488
T1828P,488
T1828Q,488
T1829C,488
T1829H,488
T182EC,488
T182EH,488
T182LC,488
T182LH,488
T182NC,488
T182RC,488
T182RH,488
T182SC,488
T182SH,488
T182VC,488
T182VH,488
T1832AFPS5,90
T1832WFFS5,102
T18400E5NCA,32000
T1840GE502C,15360
T1840GE502D,34560
T1840GE8121,23100
T1840GN5N21,21600
T18500E5NCA,32000
T1850GE502C,15360
T1850GE502D,34560
T1850GE8121,23100
T1850GN5N21,21600
T1850GN6N2F,23040
T1854ADFS,56
T1854ADFS5,56
T1854HGFS,56
T1854HGFS5A,56
T1854HGFSD,90
T1854WGFS5,56
T1854WGFSD,56
T18570E5NCA,32000
T1857GN6N2F,23040
T185V1NDHT2,102
T1861C,488
T1861H,272
T1865ADFS5,56
T1865GN8N21,15360
T1865HDFS5,56
T18665NEHT2,102
T1866NEFT0,102
T1866NEFT1,102
T1866NEFT7,102
T1866NEFTU,102
T1866NEFTV,102
T1866NEHT2,102
T1866NEHT2A,102
T1869C,488
T1869H,488
T186GC,488
T186GH,488
T186LC,272
T186LH,488
T186NC,488
T186RC,488
T186RCM,488
T186RH,488
T186VH,272
T1872EFHSTL,90
T1872WFFS5,90
T1872WFFSTD,90
T1882WFFS5,102
T1885NEHT2,102
T1885NEHTB,102
T1885NEHTE,102
T18DX7,102
T18EV4,780
T18EV5,780
T18H3SDHT2,102
T18H3SDHTW,102
T18H9EFHTP,90
T18J4EFHT4,90
T18J4EFHT7,90
T18MT2,90
T18MTH,90
T18MTH0,90
T18MTH2,90
T18MTV,90
T18MX7,102
T18MX7A,102
T18SS5FDH,90
T18SS5FHH,90
T18SS5FHS,90
T18V1NDHT0,102
T18V1NDHT2,102
T18V1NDHT2C,102
T18V1NDHT7,102
T18V1NDHTC,102
T18V1NDHTCC,102
T18WTH,90
T18WTH2,90
T18WX7,102
T1930GE3N2A,15360
T1930GE3N2C,15360
T1930GE3N2E,23040
T1930GN9N22,16200
T1932AFF5,90
T1932AFPS5,90
T1933AFPS5,90
T1940GE3N2A,23040
T1940GE3N2C,15360
T1940GE3N2D,15360
T1940GE3N2E,47520
T1940GN9N22,16200
T1950GE3N2A,15360
T1950GE3N2B,15360
T1950GE3N2C,15360
T1950GE3N2D,15360
T1950GE3N2E,23040
T1950GN9N22,16200
T1957A-020,58090
T1957GE3N2A,15360
T1957GE3N2B,15360
T1957GE3N2C,15360
T1957GE3N2D,15360
T1966NEFT0,102
T1966NEFT1,102
T1966NEFT4,102
T1966NEFT7,102
T1982WFF5,102
T1982WFFS5,102
T1982WFFSD,102
T1988NEHTB,102
T1993EFHK5,102
T1993EFHSC2,102
T1993EFHSK5,102
T1993EFHSKL,102
T1999NEHTF1,102
T19BM,127
T19DX7,102
T19DX7A,102
T19DX8,102
T19EMV,495
T19EV3,495
T19EV4,495
T19EZ0,102
T19H3SDHT2,102
T19H3SDHT5,102
T19H3SDHTG,102
T19H3SDHTW,102
T19H3SMHT2,102
T19H3SMHTG,102
T19H7EHHST2,102
T19MX7,102
T19MX7A,102
T19MX7Y,102
T19MX8,102
T19MX8A,102
T19MX8B,102
T19MX8Y,102
T19OZ0,102
T19V1NDHT2,102
T19V1NDHTC,102
T19X2EHHT3,102
T19X2EHHT7,102
T19X2EHHTP,102
T2004DPX,90
T2028AFPS3,90
T2028AFPS5,90
T2040GE905E,12600
T2057A-020,42240
T2057GE5N2A,22400
T20H7EHHT2,102
T20H7EHHTW,102
T2105DSAW,114
T2107NBTW,236
T2107NCBM,235
T2107NCBM7,235
T2107VBTB,114
T2107VS2M,160
T2107VS2W,160
T2107VSAG,114
T2107VSPCK,235
T2107VSPM,235
T2107VSPM1,160
T2107VSPW,160
T2108NBTB,236
T2108NBTM,236
T2108NSPM7,160
T2108NT1G,208
T2108NT1G1,208
T2108NT1W,208
T2108NT1W1,208
T2108VBTB,114
T2108VBTO,114
T2108VS2M,160
T2108VS2M7,160
T2108VS3M,235
T2108VSAB,114
T2108VSAL,114
T2108VSAM,152
T2108VSAR,114
T2108VSAW,160
T2108VSAX,114
T2108VSPCK,235
T2108VSPM,160
T2108VSPM2,235
T2108VSPM7,152
T2108VSPM8,235
T2108VSPW,235
T2109NBTB,236
T2109NBTM,236
T2109NT1G,208
T2109NT1G1,208
T2109VBTB,114
T2109VBTM,114
T2109VBTO,114
T2109VS2B,160
T2109VS2M,160
T2109VS2M7,160
T2109VSAB,160
T2109VSAL,160
T2109VSAV,160
T2109VSAW,160
T2109VSPM,235
T2111DSAM,108
T2111DSAW,108
T2112DSAL,108
T2112DSAV,108
T2112SSAV,114
T2112VSSAV,114
T211TEFT1,114
T212TEFT0,114
T2132WFFST5,90
T2132WFFSTD,90
T2132WFFT5,90
T2140GE502B,22400
T2140W0Z,102
T2150GE502B,22400
T2157GE502B,22400
T2165GE502B,22400
T2165VSPW1,235
T2175NBTM,236
T2175NBTW,236
T2175NCBM7,235
T2175VBTB,114
T2175VBTM,114
T2175VBTMN,114
T2175VS2M,160
T2175VS2W,160
T2175VSAM,152
T2175VSPCK,235
T2175VSPM,160
T2175VSPW,152
T2185NBTB,236
T2185NBTS,236
T2185VBTB,114
T2185VBTM,114
T2185VS2M,160
T2185VSPCK,235
T2193EFHSK5,90
T2193EFHSKL,90
T21BG,121
T21EZ0,90
T21EZ9,90
T21GZ9,90
T21H7EHHSTP,102
T21H7EHHT5,102
T21H7EHHTP,102
T21H7MAUR,102
T21MX9,90
T21MX9A,90
T21MX9B,90
T21OZ0,90
T21PX9,90
T21PX9A,90
T21X2EHHT3A,102
T21X2EHHT7A,102
T21X2EHHTPA,102
T21X5EHHTP,102
T2230GE505B,19600
T2240A-020,42652
T2240A-021,6854
T2240GE505B,19600
T2250A-020,42652
T2250A-021,6854
T2250GE505B,19600
T2257A-020,42652
T2257A-021,6854
T2257A-920,31620
T2265A-021,37554
T2293EFHSC,90
T22F4IDTNK4,35280
T22H9EFHTPA,90
T22PZ9,90
T22X2EHHSTP,102
T2308VS2M,114
T2308VS2W,114
T2308VSPM,114
T2308VSPW,114
T2309VS2M,114
T2309VS2M7,114
T2309VSAM,114
T2309VSPM,114
T2309VSPM7,114
T2310DSAM,114
T2310DSPL,114
T2310NCBM,114
T2310NSAM,114
T2310VS2B,114
T2310VS2M,114
T2310VS2M7,114
T2310VSAB,114
T2310VSABT,114
T2310VSAL,114
T2310VSAM,114
T2310VSAW,114
T2310VSPM7,114
T2311DSAL,114
T2311NSAL,114
T2311VS2B,114
T2311VS2M,114
T2311VSAB,114
T2311VSABT,114
T2311VSAL,114
T2311VSAM,114
T2311VSPB,114
T2311VSPM,114
T2312DSAV,114
T2312VS2M,114
T2312VS2W,114
T2312VSAL,114
T2312VSAM,114
T2312VSAV,114
T2312VSPB,114
T2313DSAL,114
T2313DSALPN,102
T2313DX5N,108
T2313NSAV,114
T2313SSAV,114
T2313VS2B,114
T2313VS2M,114
T2313VS2W,114
T2313VSAB,114
T2313VSABE,114
T2313VSABT,114
T2313VSAL,114
T2313VSAV,114
T2313VSPB,114
T2313VSPB1,114
T2313VSPM,114
T2313XTRA,114
T2314DSAW,102
T2314DX5G,108
T2314SSAV,102
T2314VS2B,114
T2315DX5G,108
T2330GE3N5A,9600
T2330GE3N5C,9600
T2330GE3N5E,22680
T2330GN9N52,14400
T2340GE3N5A,9600
T2340GE3N5C,9600
T2340GE3N5E,22680
T2340GN9N52,14400
T2340GN9N53,22680
T2350GE3N5A,9600
T2350GE3N5B,9600
T2350GE3N5C,9600
T2350GE3N5D,9600
T2350GE3N5E,20160
T2350GN9N52,14400
T2350VS2M,114
T2350VS2W,114
T2350VSAM,114
T2350VSAW,114
T2350VSPM,114
T2351VSAB,114
T2351VSAM,114
T2351VSAV,114
T2357GE3N5A,9600
T2357GE3N5B,9600
T2357GE3N5C,9600
T2357GE3N5D,9600
T2357GN9N53,22680
T2385VS2M,114
T2385VS2W,114
T2385VSPL,114
T2385VSPM,114
T2385VSPW,114
T2395VS2M,114
T2395VS2W,114
T2395VSAW,114
T2395VSPM,114
T2395VSPW,114
T23EZ9,90
T23H9EFHST,90
T23J4EFHT4,90
T23MX9,90
T23MX9A,90
T23OZ9,90
T23PX9,90
T23PX9A,90
T23PZ9,90
T23X2EHHST4,102
T23X2EHHSTX,102
T23X5EHHSTX,102
T2402NTWW,255
T2402SGPW,255
T2421C,488
T2421H,488
T2428C,488
T2428H,488
T2428P,488
T2428Q,488
T2429C,488
T2429H,488
T242EC,488
T242EH,488
T242LC,488
T242LH,488
T242NC,488
T242RC,488
T242RH,488
T242SC,488
T242SH,488
T242VC,488
T242VH,488
T2461C,488
T2461H,488
T2469C,488
T2469H,488
T246GC,488
T246GH,488
T246LC,488
T246NC,488
T246RC,488
T246RH,488
T246VC,488
T246VH,488
T2472EFHSBL,90
T2472EFHST5,90
T2472EFHSTL,90
T2472WFFS5,90
T2472WFFST5,90
T2472WFFSTD,90
T2472WFFT5,90
T2472WFFTS5,90
T24G1GWHS,42
T24H9EFHSTP,90
T24H9EFHTP,90
T2511VBTB,102
T2512VBTB,102
T2512VS2M7,102
T2512VSAM7,102
T2513VSAM7,102
T2514VBTB,102
T2514VS2M,102
T2514VS2M7,102
T2514VS2W,102
T2514VSAW,102
T2515SSAV,102
T2515VBTB,102
T2515VS2B,102
T2515VS2M,102
T2515VSAL7,102
T2515VSAM,102
T2515VSAV,102
T2515VSPB,102
T2516DSAV,102
T2516DX5G,102
T2516SSAVT,102
T2516VBTB,102
T2516VS2M,102
T2516VSAB,102
T2516VSAJ,102
T2516VSAL,102
T2516VSPM,102
T2517DSAVT,102
T2517SSAV,102
T2517VSAB,102
T2517VSAV,102
T2517VSPB,102
T2517VSPM,102
T2518DSABS,102
T2518SSAB,102
T2518SSAK,102
T2518VS2M,102
T2518VSAB,102
T2518VSAJ,102
T2518VSAS,102
T2518VSAV,102
T2518VSPB,102
T2519SX5G,102
T2519VBTB,102
T2520AX7G,102
T2522AX7G,102
T2525NTWE,225
T2525NTWV,225
T2525NWLV,225
T2525NWLW,225
T2540GN6N51,22680
T2553VS2M,102
T2553VSPM,102
T2555VS2M,102
T2555VSAB,102
T2555VSPM,102
T2557GN6N51,22680
T2572EFHST,90
T25H9EFHST,90
T25H9EFHTP,90
T25J4EFHST4,90
T25J4EFHSTP,90
T25J4EFHT4,90
T25J4EFHT4A,90
T25J5EFHDT4,90
T25J5EFHTT4,90
T25OZ0,90
T25X7EFHTTP,90
T26BG,92
T2721SSABS,90
T2721SSAV,90
T2721SSAW,90
T2725SX5G,90
T2735NTWB,252
T2735NTWV,252
T2735NWLV,252
T286G1GWRH,90
T2NH076DAA1,952
T2UC182FAA,288
T2UC242FAA,171
T2UC362FAA,114
T2UH216FA1,171
T2UH276FA0,114
T30SV,78
T3224C,367
T3224H,367
T3228P,367
T3228Q,367
T3350RN6N4A,3360
T3357RN6N4A,3360
T33SV,77
T3624C,104
T3624H,104
T3824C,367
T3824H,367
T3828P,367
T3828Q,367
T3UC362FAA,114
T3UH306FA0,114
T3UH366FA0,110
T3UW246FA0,114
T4220MAM630,40000
T4228AAN744,40000
T4250RE5N41,3200
T4923V0Z,90
T4B22BD1FEA,18816
T4B22BD3FEA,18816
T4B22BD5FEA,18816
T4D22BD5RFA,22400
T4D25BD7DD1,16000
T4UH366FA0,110
T4UH426FA0,110
T4UH486FA0,110
T4UW346FA0,114
T514TEFT0,102
T514TEFT1,102
T51K24WH,90
T5B24BD1FEA,16464
T5B24BD3FEA,16464
T5B24BD5FEA,16464
T6015TDPT0,235
T60SKSF4Z,114
T6115CDPT0,235
T6115CDPT0F,239
T6115TDPT0,235
T6115TDPT0F,235
T6507FDCPB,235
T6507TDFP,225
T6511TDDP4,239
T6511TDFP,239
T6511TDFV,235
T6511TEEP,160
T6515TDCT0,235
T6515TDCT01,239
T6515TDHT0,235
T6515TDHT01,160
T6515TDPT,235
T6515TDPT0,235
T6515TDPT01,239
T6516TDPV01,235
T6517TEET0,160
T6566NEFPC,152
T6574TDDVH,235
T6574TDGVH,235
T6585NDHV,235
T6585NDHVH,235
T65S1TDDT2,236
T65S1TDDT2P,236
T65S1TDDTC,236
T65S1TDHT2,236
T65T1FDDPB,208
T65T1FDDPBC,208
T65T1FDDPW,208
T65T1FDHPB,208
T65T1FDHPW,208
T65T1FDKPW,208
T65T1MDDPB,208
T65T1MDDPBC,208
T65T1MDDPW,208
T6UW406FA0,110
T6UW488FA0,110
T7001TDDLC,114
T7002TPE,235
T7003TEDT,160
T7003TEDT0,160
T7003TEDT1,160
T7003TEET1,160
T7003TEFT1,160
T7003TEFT11,160
T7004TEDT1,160
T7004TEFP1,225
T7004TEFV11,160
T7007TEET0,160
T7007TEFT0,160
T7007TEFT01,160
T7008TEFV01,160
T700E,235
T7015TDCT01,235
T7016TDC01,235
T7017TED4,160
T7017TEDT,160
T7017TEDT0,160
T7017TEFT0,239
T7017TEFT01,160
T7018AEEP5,108
T7020TD,114
T7030TD,114
T7060TDFP,235
T7065TDFP,235
T7075TDFP,235
T70CSA13P,160
T7117TEPT0,160
T7117TEPT0F,160
T71K22IXS,90
T71K22WH,90
T71K22WHS,90
T7260TDFP,239
T7265TDFP,239
T7275TDFP,239
T7360TDFP,239
T7365TDFP,239
T7375TDFP,239
T7501TDFP0,235
T7503TDFP1,237
T7503TEDP1,152
T7503TPES,235
T7505TEEP1,152
T7507TEFT0,233
T7507TEFV0,235
T7507TEFVS,160
T7511TEFV,160
T7517TEPT0,160
T7566NEDV,160
T7566NEDVC,160
T7566NEDVF,160
T7566NEFP,152
T7566NEFPF,152
T7569NEFPS,152
T757017TEFT,160
T7588NEDVA,160
T7588NEHPA,152
T7588NEHVA,235
T7588NEHVAC,160
T766TEFT0,102
T766TEFT1,102
T7UW486FA0,110
T7WM2MINI,240
T7WM3P5MINI,252
T8003TDFV,235
T8003TDFV1,235
T8003TEEL3,114
T8003TEELR,114
T8003TPES,235
T8007TEFT0,160
T8007TEFT01,160
T8007TEFV,160
T8007TEFVW,160
T8008TEDLH,114
T8008TEFV01,160
T8016D,152
T8018AEEP5,108
T8019TEFT0,114
T80WT,208
T8500C,235
T8501DPE,152
T8501TECT,114
T8501TEFT0,114
T8501TEHT,114
T8501TEPT,114
T8502DPE,152
T8502TEFT1,114
T8502TEHT,114
T8503AEET5,114
T8503AEPT5,114
T8503DPE,152
T8503TEET3,114
T8503TEFP1,160
T8503TEFT0,114
T8503TEFT1,114
T8504DE,152
T8505DE,160
T8506DPE,152
T8507TDFV,160
T8507TDFVM,160
T8507TEDT0,114
T8507TEET0,114
T8507TEFP,160
T8507TEFP1,160
T8507TEFT0,114
T8507TEFTW,114
T8507TEFVW,160
T8507TEHT,114
T8507TPV,235
T8508DPE,152
T8508TDPTHC,114
T8508TDPTWC,114
T8509TPV,235
T8510TEPT,114
T8517TEFT0,114
T8518AEPP5,152
T8518AEPP6,152
T8526AFCP,102
T8532HFDT5,108
T8532HFDT5C,108
T8532HFDT6,114
T8561AFET5,108
T8561AFET6,108
T8566NEFT,114
T8566NEFTF,114
T8566NEHGU,114
T8566NEHT,114
T8566NEHTF,114
T8566NEHTFC,114
T8566NEHV,114
T8566NEHVF,160
T8566TEDT,114
T8566TEDTJ,114
T8566TEFT1,114
T8569NEFPC,152
T8569NEFPF,152
T8574TDDVH,235
T8574TDFVH,160
T8574TDGVH,235
T8574TEFTM,114
T8585NDHV,235
T8585NDKVH,235
T8588NEHGA,114
T8588NEHTE,114
T8588NEHVAC,160
T8588NEJVA,114
T8588NENT2B,114
T8588NENTC,114
T8588NENTCA,114
T8588NENTHC,114
T85S1TDDT2C,236
T85S2NEHT,114
T85S2NEHT2,114
T85S2NEHTH,114
T85S4NEHTA,114
T85S4NENT2B,114
T85S4NENTC,114
T85S4NENTCA,114
T85S4NENTD,114
T85S4NENTHC,114
T85S4NENTHD,114
T85S5NEHT,114
T85S5NEHT2,114
T85V8TEHT2,114
T85V8TEHT2A,114
T873MEE012,24
T873MEE111,24
T873MEE312,24
T873MGB012,24
T873MGB312,24
T873MHH012,24
T873MHH111,24
T873MHR111,24
T873MKE012,24
T873MKE111,24
T873MKE312,24
T873MTE012,24
T873MTE111,24
T873MTE312,24
T873MWG012,24
T873MWW012,24
T873MWW111,24
T873MWW312,24
T873P012,24
T873P111,24
T875MEE011,24
T875MEE012,36
T875MEE041,24
T875MEE042,36
T875MEE111,24
T875MEE141,24
T875MEE312,24
T875MEE412,24
T875MEH012,36
T875MEH141,24
T875MHE042,24
T875MHE111,24
T875MHE312,24
T875MHH012,36
T875MHH042,36
T875MHH111,24
T875MHH141,24
T875MHH312,24
T875MHH412,24
T875MHR042,36
T875MHR111,24
T875MHR312,24
T875MHR412,24
T875MKE012,36
T875MKE111,24
T875MKE312,24
T875MKE412,24
T875MNR042,36
T875MNR111,24
T875MNR312,24
T875MNR412,24
T875MQQ011,24
T875MQQ041,24
T875MQQ112,24
T875MQR011,24
T875MQR112,24
T875MRH012,36
T875MRH111,24
T875MRH141,24
T875MRH412,24
T875P011,24
T875P012,24
T875P042,24
T875P111,24
T875P141,24
T875P412,24
T876MEE011,24
T876MEE012,24
T876MEE041,24
T876MEE111,24
T876MEE141,24
T876MEE312,24
T876MEE412,24
T876MQQ011,24
T876MQQ012,24
T876MQQ041,24
T876MQQ111,24
T876MQQ141,24
T876MQQ412,24
T876MRQ012,24
T8UW1008FA0,25
T8UW566FA0,39
T8UW728FA0,39
T9000TE,114
T9001TDFT,114
T9002TDFT,114
T9003AEPT1,102
T9003AEPT5,102
T9003TEFTS,102
T9005TE,114
T9010TE,114
T9015TE,114
T9020TE,114
T9025TE,114
T9026DS,102
T9069NDKV,235
T9069NEFP,152
T9077NEHV,235
T9085NDKVH,235
T90MB,236
T90V4MB1S,114
T90WB,236
T930S,798
T940R,798
T94G1GWHS,159
T9501TEFT0,114
T9503TEDT0,102
T9503TEDT1,102
T9503TEET1,102
T9503TEFT,102
T9503TEFT0,102
T9503TEFT1,114
T9504TEDT0,102
T9504TEFT0,102
T9507TEFT0,102
T9508TEFTW,114
T950D,798
T950R,798
T950S,798
T9526AFHP,102
T9526AFPP,102
T9532AFFSP5,102
T9532AFPSP5,102
T9566NEFP,152
T9566NEFPF,152
T9566NEFTF,114
T9566NEHV2,160
T9566NEHVF,160
T9569NEFP,152
T9569NEFPS,152
T9585NDHV,235
T9585NDHVH,235
T9585NDKVH,235
T9586NDKVH,235
T9588NEHPA,152
T9588NEHVA,160
T95S1TDDT2,236
T95X4EHDC4,108
T95X4EHDC4G,108
T95X4EHDCA,108
T95X4EHDCAI,108
T95X4EHDCX,108
T95X4EHHCX,108
T960D,798
T9PETNBEDRS,798
TA21PZ9,90
TA23PZ9,90
TA25GZ9,90
TA25PX9,90
TAE-HT16MUE,52
TAE-HT16MUI,180
TB-33,576
TB-36,576
TB-A4,576
TB-A5,576
TB307SK1,367
TBNC096TSG0,432
TBNC096TSG2,432
TBNC126TSG2,432
TBNC126TSG3,432
TBNC182TSA0,288
TBNC186HSA0,294
TBNC186HSA1,294
TBNC186HSS0,294
TBNC186HSS1,294
TBNC186HSS5,294
TBNC186TSA1,288
TBNC242YSA0,216
TBNC246HSA0,294
TBNC246HSS0,294
TBNC246HSS5,294
TBNC246YSA0,216
TBNC246YSA1,216
TBNC306GSA0,224
TBNC306GSS0,224
TBNC306YSA1,216
TBNC362GSA0,224
TBNC368GSS0,224
TBNC368GSS3,224
TBNC428GSA0,224
TBNC428GSS0,224
TBNC428GSS3,224
TBNC428GSS5,224
TBNC482RSA0,125
TBNC488RSA0,125
TBNC488RSS0,125
TBNC488RSS5,125
TBNC602RSA0,125
TBNC608RSA0,125
TBNC608RSS0,125
TBNC72088T0,70
TBNC72088T5,70
TBNC96088T0,70
TBNC96088T5,70
TBNH096TSG0,432
TBNH126TSG0,432
TBNH126TSG3,432
TBNH186HSS0,294
TBNH186HSS1,294
TBNH186HSS4,294
TBNH246HSS0,294
TBNH246HSS3,294
TBNH246HSS4,294
TBNH306GSS0,224
TBNH306GSS3,224
TBNH306GSS4,224
TBNH366GSS0,224
TBNH366GSS1,224
TBNH366GSS4,224
TBNH368GSS0,224
TBNH368GSS3,224
TBNH428GSS0,224
TBNH488RSS0,125
TBNH488RSS5,125
TBNH608RSS0,125
TBNH608RSS4,125
TBNH72088T0,70
TBNH96088T0,70
TBUC096TSG0,316
TBUC096TSG2,316
TBUC126TSG2,288
TBUC126TSG3,288
TBUC182TSA0,288
TBUC186HSA0,288
TBUC186HSS0,171
TBUC186HSS5,171
TBUC186TSA1,288
TBUC242YSA0,171
TBUC246HSA0,171
TBUC246HSS0,114
TBUC246HSS5,171
TBUC246YSA0,171
TBUC246YSA1,171
TBUC306GSA0,114
TBUC306GSS0,114
TBUC306YSA1,114
TBUC362GSA0,114
TBUC366GSA0,114
TBUC368GSS0,114
TBUC368GSS3,114
TBUC428GSA0,114
TBUC428GSS0,114
TBUC428GSS3,114
TBUC428GSS5,110
TBUC482RSA0,110
TBUC488RSA0,110
TBUC488RSS0,110
TBUC488RSS5,110
TBUC602RSA0,110
TBUC608RSA0,110
TBUC608RSS0,110
TBUC72088T0,25
TBUC72088T5,25
TBUC96088T0,25
TBUC96088T5,25
TBUH096TSG0,316
TBUH126TSG0,288
TBUH126TSG3,288
TBUH186HSS0,171
TBUH186HSS1,171
TBUH246HSS0,114
TBUH246HSS3,173
TBUH246HSS4,114
TBUH306GSS0,114
TBUH306GSS3,173
TBUH306GSS4,114
TBUH366GSS0,114
TBUH366GSS1,116
TBUH366GSS4,114
TBUH368GSS0,114
TBUH368GSS3,114
TBUH428GSS0,110
TBUH488RSS0,110
TBUH488RSS5,110
TBUH608RSS0,110
TBUH608RSS4,110
TBUH72088T0,25
TBUH96088T0,25
TC07GQR,946
TC09GQR,946
TC1110FW,64000
TC111NFW,64000
TC1210FW,64000
TC121NFW,64000
TC12GQ,880
TC171NFW,30240
TC1810FW,64000
TC181NFW,64000
TC181NHW,38400
TC18GQ,550
TC191NDW,44352
TC2010FW,64000
TC201NFW,64000
TC201NGW,30240
TC211NFW,64000
TC2210DW,156000
TC2210FW,64000
TC2402NTV,240
TC2402NTWV,240
TC2410FW,38400
TC24GQ,550
TC251NFW,64000
TC362ZFC,25200
TC362ZHC,26400
TC363ZHC,30240
TC3820GC,28800
TC402ZFC,25200
TC4820GC,28800
TC482ZFC,27720
TC482ZFC-M,27720
TCD1870CGS,60
TCD1870QGS,60
TCW2013CS,56
TCW2013CS1,56
TCW2013CS2,56
TCW2013CS3,56
TCW2013LS,56
TCW2013LS2,56
TCW2013OS,90
TCW2013QS,90
TCW2013QS1,56
TCW2013QS2,56
TCWL2013CS3,56
TCWM2013QD3,56
TCWM2013QS3,56
TD-C70040E,150
TD-C70042E,150
TD-C70044E,150
TD-C70045E,150
TD-C70046E,150
TD-C70070E,150
TD-C70080E,150
TD-C70140E,150
TD-C70210E,150
TD-C70212E,150
TD-C70215E,150
TD-C70216E,150
TD-C70220E,150
TD-C70227E,150
TD-C7066W,150
TD-C8001EN,150
TD-C80110EB,150
TD-C8011C,150
TD-C8012A,150
TD-C801H,150
TD-C8031E,150
TD-C8035E,150
TD-C803E,150
TD-C8066S,150
TD-C8066WS,150
TD-C80NPW,150
TD-C90110GB,150
TD-C90115GN,150
TD-C901H,150
TD-C902H,150
TD-C90NPE,150
TD-D290,3542
TD-H802SJW,150
TD-H803CSW,150
TD-H901MW,150
TD-H903CMB,150
TD-H903CMW,150
TD-H9055E,150
TD-H9066WS,150
TD-H90SD,150
TD-H90VBD,150
TD-H90VWD,150
TD-H90WD,150
TD-L270,16055
TD-S270,5904
TD-S270H,5904
TD-S270S,5904
TD-S270W,5904
TD-S290H,5904
TD-V10020E,90
TD-V10020G,90
TD-V10021E,90
TD-V10021G,90
TD-V10050E,90
TD-V10050G,90
TD-V10092EK,90
TD-V10092GK,90
TD-V10115E,90
TD-V10115G,90
TD-V10116G,90
TD-V10137E,90
TD-V10155EM,90
TD-V10155G,90
TD-V10244E,90
TD-V10244G,90
TD-V10245E,90
TD-V10245G,90
TD-V10247G,90
TD-V10248E,90
TD-V10249E,90
TD-V10249G,90
TD-V1032V,72
TD-V1216EG,90
TD-V1329E4T,90
TD-V1329E7T,90
TD-V1329EA4,90
TD-V1329EA7,90
TD-V1840E4T,56
TD-V1840E7T,56
TD-V700E,150
TD-V70120E,150
TD-V70125E,150
TD-V75125E,150
TD2004DPX,90
TD302EAD1,600
TD932AFF0,102
TD932AFFS5,102
TDA9600Y1R,1800
TDA9600Y1S,2520
TDD16515,90
TDD16515S,90
TDD16517S,90
TDN15247G,90
TDN1753GS,90
TDR61875801,23220
TDR61875802,23220
TDR61875806,20000
TDR61875808,20000
TDW15116G,90
TESTDRZ,10
TF-G320BD,61
TF-G322BD,60
TF-G327BD,51
TF-G327TD,51
TF-G329BD,51
TF-G329TD,51
TF09TWM,445
TF09TWS,445
TF32TS,67
TF32WB,67
TF330TS,67
TF330WB,67
TF33TS,61
TF33WB,61
TF34TS,60
TF34WB,60
TF540TS,66
TF540W,66
TF560TS,55
TF560WB,55
TF56TS,42
TF56WB,42
TF570TS,51
TF570WB,51
TF57TS,51
TF57WB,51
TF580TS,39
TF580WB,51
TF58TS,51
TF58WB,51
TF640TS,66
TF640W,66
TF660TS,42
TF66TS,42
TG2402NTW,240
TG2402NTWV,240
TG2402NTWW,240
TH2110DSAW,114
TH2111DSAB,114
TH2111DSAL,114
TH2111DSAW,114
TH2111SSAB,114
TH2111SSAL,114
TH2112DSAB,114
TH2112DSAL,114
TH2112DSAV,114
TH2112SSAV,114
TH2113DSAK,114
TH2113SSAK,114
TH2113SSAV,114
TH2516SSAV,102
TH2517DSAV,102
TH2517DSAW,102
TH2517SSAK,102
TH2518DSAW,102
TH2518SSAV,102
TH2519DSAK,102
TH2519SSAK,102
TH2721DS2B1,90
TH2721SSAV,90
TH2722DSAK,90
TH2722SSAK,90
TH2722SSAV,90
TH2723SSAV,90
TH2725SSAK,90
THD02SWB,240
THD10STB,114
THD11STB,114
THD11STM,114
THD12STB,114
THD18STB,102
THD21STB,102
TIQ38K,322
TK-3167L-1,640
TK-3167L-2,720
TK-C0362HA0,96
TK-C0368HA0,96
TK-C0368HA3,96
TK-C0482HA0,96
TK-C0488HA0,96
TK-C0602HA0,96
TK-C0608HA0,96
TK-C060BHA0,96
TK-C0728H00,18
TK-C0908H00,18
TK-C1208H00,8
TK-C1508H00,18
TL-112NG,2880
TL-124NR,864
TL-212NG,1152
TL-212WG,1152
TL-224NR,768
TL100TC,114
TL125NW,108
TL125SS,108
TL160NW,102
TL160SS,102
TL19BNU,30240
TL21BNN2,34560
TL706TC,235
TLD-119L,1152
TLD1840CED,56
TLD1840CED9,56
TLD1840CES9,56
TLD1840CEW,56
TLD1840CEW9,56
TLD1840CGD,56
TLD1840CGW,56
TLD1840QGD,56
TLD1840QGS,56
TLD1840QGW,56
TM207EAV621,40000
TMCB1B4W,67200
TMCB2B4W,44800
TMCB3B4W,44800
TMCP114W,19200
TMCS1W4W,19200
TMCS2W4W,19200
TMCS3W4W,19200
TMNC092BTG0,432
TMNC092DYAA,952
TMNC122BTAA,432
TMNC122BTG0,432
TMNC122DYAA,952
TMNC126BTG0,432
TMNC182BTG0,288
TMNC182D5AA,637
TMNC182T5AA,637
TMNC242BYG0,216
TMNC242T5AA,637
TMNH092BTG0,432
TMNH096AYA0,952
TMNH096DER0,756
TMNH09GB1A0,420
TMNH122BTG0,432
TMNH12GB1A0,420
TMNH182BTG0,288
TMNH186BTG0,288
TMNH186D8R0,498
TMNH18GB2A0,270
TMNH242BYG0,216
TMNH242T5AA,637
TMNH246BYG0,216
TMNH246THA0,234
TMNH24GB2A0,270
TMNW096BTG0,432
TMNW096DEA0,756
TMNW096DYA0,952
TMNW096MYA0,952
TMNW096TCA0,500
TMNW126BTG0,432
TMNW126DEA0,756
TMNW126DYA0,952
TMNW126MYA0,952
TMNW126TCA0,500
TMNW186BTG0,288
TMNW186D5A0,637
TMNW186D8A0,498
TMNW186M5A0,637
TMNW186TFA0,196
TMNW18GTHA0,234
TMNW206TFA0,196
TMNW20GTHA0,234
TMNW246BYG0,216
TMNW246D5A0,637
TMNW246D8A0,498
TMNW246M5A0,637
TMNW246TFA0,196
TMNW24GTHA0,234
TMNW426B9A0,114
TMNW42GTDA0,182
TMSA2A4W,147267
TMSDAA4W,44800
TMSMAA4W,56000
TMSTAA4W,212242
TN10BF,114
TN14BF,102
TN15SF,102
TN18LC,234
TN24LC,234
TN30LC,208
TN36LC,208
TN48LC,62
TNNC0362SA0,164
TNNC0362SA3,164
TNNC0368SA0,164
TNNC0368SA3,164
TNNC0482SA0,114
TNNC0488SA0,114
TNNC0602SA0,114
TNNC0608SA0,114
TNNC060BSA1,114
TNNC060BSA3,114
TNNC0908T00,39
TNNC090BT00,39
TNNC1208T00,39
TNNC120BT00,39
TNNC120BT03,39
TNNC1508T00,39
TNNC1808T00,22
TNNC180BT00,22
TNNC2408T00,22
TNQ0600P2S,260
TNQ0721T2S,320
TNUC0362SA3,114
TNUC0368SA0,114
TNUC0368SA3,114
TNUC0488SA0,110
TNUC0602SA0,110
TNUC0608SA0,110
TNUC060BSA1,110
TNUC060BSA3,110
TNUC0908T00,39
TNUC090BT00,39
TNUC1208T00,25
TNUC120BT00,25
TNUC120BT03,25
TNUC1508T00,36
TNUC1808T00,26
TNUC180BT00,26
TNUC2408T00,20
TNW0230U2S,440
TNW023PU2S,440
TNW0320U2S,440
TNW032PU2S,440
TNW0400U2S,440
TNW040PU2S,440
TNW0521S2S,272
TNW0600P2H,234
TNW0600P2HJ,234
TNW0600P2L,234
TNW0600P2S,234
TNW0600P2SJ,234
TNW0601P2S,234
TNW0601S2SR,272
TNW0651S2SR,272
TNW0720P2H,234
TNW0720P2HJ,234
TNW0720P2L,234
TNW0720P2S,234
TNW0720P2SJ,234
TNW0720S2S,272
TNW0721P2SR,234
TNW0900M2L,182
TNW0900M2S,182
TNW0900M2SF,182
TNW0900M2SJ,182
TNW0901M2SR,182
TNW1000M2L,182
TNW1000M2S,182
TNW1000M2SJ,182
TNW1000M9L,182
TNW1000M9S,182
TNW1000M9SJ,182
TNW1001M2S,182
TNW1001M9S,182
TNW1100M2L,182
TNW1100M2S,182
TNW1100M2SJ,182
TNW1100M9H,182
TNW1100M9HJ,182
TNW1100M9L,182
TNW1100M9S,182
TNW1100M9SF,182
TNW1100M9SJ,182
TNW1101M2S,182
TNW1101M9S,182
TNW1300M2L,182
TNW1300M2S,182
TNW1300M2SJ,182
TNW1300M9H,182
TNW1300M9HJ,182
TNW1300M9L,182
TNW1300M9S,182
TNW1300M9SJ,182
TNW1301M2S,182
TNW1450M9H,182
TNW1450M9HJ,182
TNW1450M9L,182
TNW1450M9S,182
TNW1450M9SF,182
TNW1450M9SJ,182
TNW1450M9SZ,182
TP-C808FLA1,19
TPL1B,3840
TPMC362TLA0,73
TPNC1008FA0,41
TPNC1008FA4,41
TPNC1008FA5,41
TPNC1008FV0,41
TPNC186SLA0,109
TPNC186SLA4,109
TPNC186SLB0,109
TPNC186SLV0,109
TPNC306SLA0,109
TPNC306SLA1,109
TPNC306SLA3,109
TPNC306SLA4,109
TPNC306SLV0,109
TPNC362TLA0,73
TPNC362TLA3,73
TPNC362TLA5,73
TPNC366TLA0,73
TPNC366TLV0,73
TPNC488TLA0,73
TPNC488TLA2,73
TPNC488TLA4,73
TPNC488TLC1,73
TPNC488TLV0,73
TPNC508TLA2,73
TPNC508TLA4,73
TPNC508TLC1,73
TPNC508TLC2,73
TPNC508TLC4,73
TPNC50BTLA4,73
TPNC60BTLA0,73
TPNC60BTLA3,73
TPNC60BTLA4,73
TPNC808FLA0,41
TPNC808FLA1,41
TPNC808FLA4,41
TPNC808FLV0,41
TPNH0928FA0,41
TPNH1008FA0,41
TPNH1008FA4,41
TPNH246YLA1,108
TPNH266SLA1,109
TPNH306SLA0,109
TPNH366TLA0,73
TPNH488TLA1,73
TPNH488TLA4,73
TPNH488TLA5,73
TPNH488TLC1,73
TPNH488TLC4,73
TPNH488TLC5,73
TPNH488TMA5,73
TPNH508TLA1,73
TPNH508TLA4,73
TPNH508TLA5,73
TPNH508TLC1,73
TPNH508TLC2,73
TPNH508TLC4,73
TPNH508TLC5,73
TPNH728FLA1,41
TPNH808FLA0,41
TPNH808FLA1,41
TPNH808FLA4,41
TPNH808FLA5,41
TPUC1008FA0,25
TPUC1008FA4,25
TPUC1008FA5,25
TPUC1008FV0,25
TPUC186SLA0,316
TPUC186SLA4,316
TPUC186SLB0,316
TPUC186SLV0,316
TPUC246YLA0,171
TPUC306SLA0,156
TPUC306SLA1,114
TPUC306SLA3,114
TPUC306SLA4,114
TPUC306SLV0,171
TPUC362TLA0,114
TPUC362TLA3,114
TPUC362TLA5,114
TPUC366TLA0,189
TPUC366TLV0,171
TPUC488TLA0,110
TPUC488TLA2,110
TPUC488TLA4,110
TPUC488TLC1,110
TPUC488TLV0,110
TPUC508TLA2,110
TPUC508TLA4,110
TPUC508TLC1,110
TPUC508TLC2,110
TPUC508TLC4,110
TPUC50BTLA4,110
TPUC60BTLA0,110
TPUC60BTLA3,110
TPUC60BTLA4,110
TPUC808FLA0,25
TPUC808FLA1,39
TPUC808FLA4,39
TPUC808FLV0,25
TPUH0928FA0,25
TPUH1008FA0,25
TPUH1008FA4,25
TPUH246YLA1,171
TPUH266SLA1,114
TPUH306SLA0,114
TPUH366TLA0,173
TPUH488TLA1,110
TPUH488TLA4,110
TPUH488TLA5,110
TPUH488TLC1,110
TPUH488TLC4,110
TPUH488TLC5,110
TPUH488TMA5,110
TPUH508TLA1,110
TPUH508TLA4,110
TPUH508TLA5,110
TPUH508TLC1,110
TPUH508TLC2,110
TPUH508TLC4,110
TPUH508TLC5,110
TPUH728FLA1,54
TPUH808FLA0,25
TPUH808FLA1,54
TPUH808FLA4,54
TPUH808FLA5,25
TR10BL,114
TR10WL,114
TR10WV4,114
TR1103AEP5,102
TR1103AEP5F,102
TR1107AEP,102
TR12BL,114
TR12HN,114
TR12WK,114
TR12WL,114
TR13BK,102
TR13BL,102
TR13ML2,114
TR13MV4,114
TR13WV4,114
TR1403ADP5,102
TR14BK,102
TR14BK1,102
TR14BK2,102
TR14WK,102
TR14WK1,102
TR14WK2,102
TR15DV5,102
TR15MK,102
TR15MK2,102
TR15MV5,102
TR15SK,102
TR15SK1,102
TR15WV5,102
TR1640AFF,102
TR16B,102
TR16DK,102
TR16DV5,102
TR16DV6,102
TR16MK,102
TR16MK2,102
TR16MV5,102
TR16MV6,102
TR16SK,102
TR16SKA,102
TR16VK,102
TR16VK2,102
TR16WK,102
TR16WK2,102
TR16WK3,102
TR16WV5,102
TR16WV6,102
TR8103AEP,152
TR8103AEPF,152
TR8WL,160
TR9103AEP,102
TR9103AEPF,102
TS-C186KBA5,132
TS-H096YTA0,252
TS050060030,52800
TS050060040,52800
TS050060050,52800
TS075090070,44000
TS075090075,44000
TS100120090,34020
TS100120100,34020
TS105CM,114
TS105CR,114
TS1101DPS,102
TS11D6,102
TS120150120,34020
TS1201DPS,102
TS1201HDPS,108
TS1202DPH,102
TS1202DPS,102
TS1202HDPS,102
TS1203DPN,114
TS1203HDPH,108
TS1203HDPS,102
TS1205DPN,114
TS125150125,34020
TS12CM,102
TS12D6,114
TS1300DPS,102
TS1301DP,102
TS1301DPS,102
TS1301HDPS,108
TS1302HDPS,114
TS1303DPH,102
TS1304DPH,102
TS1304NW,114
TS1305NS,114
TS1365NTP,114
TS1366NTP,114
TS1400DPS,102
TS1401DP,114
TS14CR,102
TS150180140,34020
TS150180150,34020
TS1600DPS,102
TS1603DPN,102
TS1604DP,102
TS1604DPH,102
TS1604NW,102
TS1605DPN,102
TS1605NS,102
TS16TH,102
TS1700DPSB,102
TS1701DP,102
TS17BH,102
TS1800DPS,102
TS180240180,34020
TS1802DPS,102
TS1804DP,102
TS1804DPH,102
TS1804NW,102
TS1805NS,102
TS1806NV,102
TS1807NWP,102
TS1808NSP,102
TS1900DPSB,102
TS200240200,34020
TS2004DPH,90
TS2100DPS,90
TS2200DPSB,90
TS24BVD,90
TS24MVD,90
TS25BVD,90
TS25MVD,90
TS75VM,235
TS81VM,160
TS86VS,160
TS90D6,152
TS91VM,160
TS91VS,160
TSA10NNM,114
TSA115ND6,114
TSA11NNS,114
TSA13ND6,114
TSA17ND6,102
TSMC092EFW5,720
TSMC092TNW5,814
TSMC092W4W0,910
TSMC092YDA0,1044
TSMC121TNW0,770
TSMC121YMW2,1044
TSMC122ERA0,720
TSMC122TMW1,814
TSMC122TNW2,770
TSMC122YMW1,1044
TSMC1825NW5,500
TSMC1828FW5,450
TSMC2425MW4,500
TSMC2425NW5,253
TSMC2425NW7,620
TSMH096B8U0,603
TSMH096YMA0,1044
TSMH096YMA2,1044
TSMH1865MA0,500
TSNC072YDA0,1044
TSNC072YMA0,1044
TSNC092B4A0,603
TSNC092YDA0,1044
TSNC092YDA1,1044
TSNC092YMA1,1044
TSNC092YTA0,1044
TSNC096BGA0,900
TSNC096EMA0,720
TSNC096EML0,720
TSNC096JZA7,860
TSNC096YDA1,1092
TSNC096YMA1,1044
TSNC102LBA0,750
TSNC122B4A0,603
TSNC122EMA0,720
TSNC122ERA0,720
TSNC122LBA0,750
TSNC122YDA0,1044
TSNC122YMA1,1044
TSNC122YTA0,1044
TSNC126AGA0,780
TSNC126EMA0,720
TSNC126EML0,720
TSNC126LBA0,750
TSNC126LGA7,750
TSNC126LZA7,750
TSNC126YDA0,1044
TSNC126YDA1,1092
TSNC126YMA1,1044
TSNC126YML1,1044
TSNC1825DA0,500
TSNC1825DA1,500
TSNC1825DA2,500
TSNC1825MA1,500
TSNC1825MA3,500
TSNC1825TA0,500
TSNC1828MA0,450
TSNC1828RA0,450
TSNC1828RA1,450
TSNC1828RM0,450
TSNC1828RM1,450
TSNC182C4A0,456
TSNC182KBA1,500
TSNC1865DA0,500
TSNC1865DL0,500
TSNC1865MA1,500
TSNC1865MA2,500
TSNC1865ML2,500
TSNC1868ML0,450
TSNC1868RM0,600
TSNC186KAA7,600
TSNC186KAA8,500
TSNC186KBA3,500
TSNC186KBA5,500
TSNC186KGA1,500
TSNC186KZA7,500
TSNC186KZA8,500
TSNC2425DA0,500
TSNC2425DA1,500
TSNC2425TA0,500
TSNC2428RM1,450
TSNC242C4A0,456
TSNC242KZA8,500
TSNC2465DA0,500
TSNC2465MA1,500
TSNC2465MA2,500
TSNC2465ML1,500
TSNC2468ML0,450
TSNC2468RM1,450
TSNC246KAA7,500
TSNC246KBA3,500
TSNC246KGA1,500
TSNC246KZA7,500
TSNC246KZA8,500
TSNC2725MA0,500
TSNH072YMA0,1044
TSNH076JSA0,860
TSNH092B4A0,603
TSNH092ERM0,720
TSNH092ERM1,720
TSNH096BGA0,900
TSNH096EML1,756
TSNH096JZA7,860
TSNH096YDA0,1044
TSNH096YDA1,1044
TSNH096YDL0,1044
TSNH096YMA1,1044
TSNH096YMA2,1044
TSNH122B4A0,603
TSNH122ERM1,720
TSNH126AGA0,780
TSNH126EML0,720
TSNH126EML1,720
TSNH126LZA7,750
TSNH126TDL0,814
TSNH126YDA0,1044
TSNH126YDA1,1044
TSNH126YMA1,1044
TSNH126YMA2,1044
TSNH126YNA5,1092
TSNH1828RM1,450
TSNH182C4A0,456
TSNH1865DA0,500
TSNH1865DA1,500
TSNH1865MA0,500
TSNH1865MA1,500
TSNH1868ML0,450
TSNH1868ML1,450
TSNH186KGA1,500
TSNH186KZA0,500
TSNH186KZA7,500
TSNH2428RM1,450
TSNH2465DA0,500
TSNH2465MA0,500
TSNH2465MA1,500
TSNH2468ML0,450
TSNH2468ML1,450
TSNH246C8U0,456
TSNH246KGA1,500
TSNH246KNA1,500
TSNH246KZA0,500
TSNH246KZA7,500
TSNH246KZA8,500
TSP10NNW,114
TSP11ND6,114
TSTK1,5904
TSUC092B4A0,490
TSUC092YDA0,396
TSUC092YDA1,396
TSUC096BGA0,396
TSUC096EMA0,396
TSUC096EML0,396
TSUC096YDA1,396
TSUC096YMA1,396
TSUC122B4A0,490
TSUC122ERA0,312
TSUC122LBA0,312
TSUC122YDA0,312
TSUC122YMA1,312
TSUC126AGA0,312
TSUC126EMA0,312
TSUC126EML0,312
TSUC126LBA0,312
TSUC126LGA7,312
TSUC126LZA7,312
TSUC126YDA0,312
TSUC126YDA1,312
TSUC126YMA1,312
TSUC1825DA0,288
TSUC1825DA1,312
TSUC1825MA2,312
TSUC1828RA0,288
TSUC1828RM1,312
TSUC1828UA1,316
TSUC182C4A0,312
TSUC182KBA1,312
TSUC1865DA0,312
TSUC1865DL0,260
TSUC1865MA1,312
TSUC1865MA2,312
TSUC1865ML2,312
TSUC1868ML0,312
TSUC1868RM0,312
TSUC186KAA7,312
TSUC186KBA3,260
TSUC186KBA5,260
TSUC186KGA1,186
TSUC186KZA7,312
TSUC186KZA8,312
TSUC2425DA0,260
TSUC2425DA1,288
TSUC242C4A0,256
TSUC242KZA8,260
TSUC2465DA0,288
TSUC2465MA1,288
TSUC2468ML0,288
TSUC2468RM1,288
TSUC246KAA7,288
TSUC246KBA3,260
TSUC246KGA1,186
TSUC246KZA7,260
TSUC246KZA8,260
TSUH076JSA0,396
TSUH092B4A0,490
TSUH096B8U0,312
TSUH096BGA0,312
TSUH096EML0,312
TSUH096JZA7,396
TSUH096YDA0,312
TSUH096YDA1,396
TSUH096YDL0,312
TSUH096YMA1,396
TSUH096YMA2,312
TSUH122B4A0,312
TSUH122ERM1,304
TSUH126AGA0,312
TSUH126EML0,312
TSUH126EML1,288
TSUH126LZA7,312
TSUH126TDL0,312
TSUH126YDA0,312
TSUH126YDA1,316
TSUH126YMA1,312
TSUH126YMA2,312
TSUH126YNA5,320
TSUH1865DA0,260
TSUH1865DA1,280
TSUH1865MA1,260
TSUH1868ML0,260
TSUH1868ML1,260
TSUH186KGA1,186
TSUH186KZA7,260
TSUH2465DA0,260
TSUH2465MA1,260
TSUH2468ML0,260
TSUH2468ML1,260
TSUH246C8U0,186
TSUH246KGA1,186
TSUH246KNA1,186
TSUH246KZA7,260
TSUH246KZA8,260
TT-101R3S,144
TT08NOMG,148
TT09NOMG,148
TT10NARG,128
TT11300,128
TT11NARG,128
TT12WARG,128
TT13WARG,128
TT14300,118
TT14NARG,128
TT14WAPG,118
TT1561RWPT,128
TT15NARG,128
TT15WAPG,118
TT16WAPG,118
TT17NAPG,118
TT1861RWPT,118
TT18NAPG,118
TTNC186PLE0,234
TTNC246PLE0,234
TTNC286NLE0,208
TTNC366DLE1,182
TTNC368NLE0,208
TTNC488DLE1,182
TTNC488MLE0,182
TTNH186HLA0,234
TTUC186PLE0,316
TTUC246PLE0,171
TTUC286NLE0,173
TTUC366DLE1,114
TTUC368NLE0,116
TTUC488DLE1,110
TTUC488MLE0,110
TTUH186HLA0,171
TTUH488DLF1,110
TU18LC,174
TU24LC,174
TU30LC,189
TU36LC,114
TUQ0230G2S,515
TUQ0231G2S,510
TUQ0232U2S,400
TUQ0321U2S,510
TUQ0322U2S,400
TUQ0401U2S,312
TUQ0521T2S,312
TUQ0600B2SF,171
TUQ0600P2S,316
TUQ0601T2S,312
TUQ0720B2SF,171
TUQ0721T2S,170
TUW0600S2S,216
TUW0722A2SR,52
TUW0900A2SF,104
TUW0900A2SL,104
TUW0900M2L,104
TUW0902A2SR,52
TUW1000A2SL,104
TUW1000A9SL,104
TUW1000M2L,104
TUW1000M2S,102
TUW1000M2SJ,102
TUW1000M9L,104
TUW1000M9S,102
TUW1000M9SJ,102
TUW1001M2S,102
TUW1001M9S,102
TUW1002A2SR,52
TUW1002A9SR,52
TUW1100M2S,102
TUW1100M2SJ,102
TUW1100M9S,102
TUW1100M9SF,102
TUW1100M9SJ,102
TUW1101M2S,102
TUW1101M9S,102
TUW1102A2SR,52
TUW1102A9SR,52
TUW1300M2S,102
TUW1300M2SJ,102
TUW1301M2S,102
TUW1302A2SR,52
TUW1302A9SR,52
TUW1452A9SR,52
TV096STQ,900
TV126STQ,648
TV186STQ,488
TV2110DV3B,114
TV2110DV5B,110
TV2110SV5B,114
TV2111DV3B,114
TV2111SV5J,114
TV2112SV5B,110
TV2112SV5J,114
TV2402NTWB,240
TV2402NTWW,240
TV2425NTWB,240
TV2425NTWW,240
TV246STQ,488
TV2514DV3B,102
TV2515DV3B,102
TV2515DV3BT,102
TV2515DV5J,102
TV2516DV3B,102
TV2516DV3M,102
TV2517DV3B,102
TV2517SV3B,102
TV2517SV7J,102
TV2518DV3B,102
TV2518DV5J,102
TV2518DV7B,102
TV2518SV7K,102
TV2519DV5J,102
TV2519DV7B,102
TV2519SV7J,102
TV2519SV7V,102
TV2520DV7J,102
TV2520SV7K,102
TV2520SV9KR,102
TV2521AV7J,102
TV2521SV7J,102
TV2724AV7K,90
TV2724SV9B,90
TV2724SV9K,90
TV2725AV9J1,90
TV2725SV9J,90
TV306STQ,367
TVCK138GS,2376
TVMC362KLA0,192
TVNC182BLA0,201
TVNC186BLA0,201
TVNC242BLA0,201
TVNC242BLA3,201
TVNC246BLA0,201
TVNC302BLA0,201
TVNC342KLA5,192
TVNC362KLA0,192
TVNC368KLA0,192
TVNC368KLA3,192
TVNC488LLA0,152
TVNC529LLA5,152
TVNC53BLLA5,152
TVNC559LLA0,152
TVNC55BLLA0,152
TVNC602LLA0,152
TVNC602LLA3,152
TVNC608LLA0,152
TVNC608LLA3,152
TVNC609LLA0,152
TVNC60BLLA0,152
TVNC60BLLA3,152
TVNH186BLA0,201
TVNH246BLA0,201
TVNH368KLA0,192
TVNH368KLA3,192
TVNH488LLA0,152
TVNH608LLA0,152
TVNH608LLA3,152
TVUC182BLA0,288
TVUC186BLA0,171
TVUC242BLA0,171
TVUC242BLA3,171
TVUC246BLA0,171
TVUC302BLA0,171
TVUC342KLA5,114
TVUC362KLA0,114
TVUC368KLA0,114
TVUC368KLA3,114
TVUC488LLA0,110
TVUC529LLA5,110
TVUC53BLLA5,110
TVUC559LLA0,110
TVUC55BLLA0,110
TVUC602LLA0,110
TVUC602LLA3,110
TVUC608LLA0,110
TVUC608LLA3,110
TVUC609LLA0,110
TVUC60BLLA0,110
TVUC60BLLA3,110
TVUH186BLA0,272
TVUH246BLA0,171
TVUH368KLA0,114
TVUH368KLA3,114
TVUH488LLA0,110
TVUH608LLA0,110
TVUH608LLA3,110
TW1103DPE,102
TW1201DPE,114
TW1203DPE,102
TW252S,240
TW256S,240
TW256W,225
TW350W,252
TW351W,252
TW4J7VS2W,161
TW4J8JH2W,150
TW4T9RW9P,162
TW4V3RS6S,162
TW4V3RS6W,162
TW4V5EG2S,162
TW4V5ES0W,162
TW4V5ES2S,162
TW4V5RS0W,162
TW4V5RS2S,162
TW4V7EB1W,162
TW4V7RW1W,162
TW4V7RW9T,162
TW4V9BC9E,150
TW4V9EW9P,162
TW4V9RD9E,162
TW4V9RW9E,162
TW4V9RW9P,162
TW4V9RW9W,162
TW7000DS,84
TW7000WS,84
TW8501DPE,152
TW8503DPE,152
TWC051HAMK5,644
TWC051SBAA8,1000
TWC056HGAA0,644
TWC076GBAA0,419
TWC076GGAA0,419
TWC081GBAA2,419
TWC093GBMM0,419
TWC096GBAA0,419
TWC096GBMK0,419
TWC101ZAMK0,412
TWC121LHMK0,300
TWC121ZBMM0,292
TWC122CGAB0,300
TWC122CGAB2,300
TWC123CBAA4,300
TWC123CGMK2,300
TWC126CAAB0,300
TWC126CBAA1,300
TWC126CBAB0,300
TWC126CBAB1,300
TWC126CBAB6,300
TWC126CBMK0,300
TWC126CBMK1,300
TWC126CBMK6,300
TWC1408D4W,161
TWC1408H3E,152
TWC1408S3E,162
TWC1409H2E,150
TWC1409H3E,152
TWC1409S2E,159
TWC1409S2V,152
TWC1409S2W,159
TWC1409S3W,162
TWC1410H1V,150
TWC1410S2E,150
TWC1450H1V,150
TWC1450H2E,150
TWC1450S2W,150
TWC182NAAB2,176
TWC182NAAB4,216
TWC182NBAB2,176
TWC182NBAB4,176
TWC182NBMM2,176
TWC182NBMM4,176
TWC182NEAB1,176
TWC182NEAB3,216
TWC182NGAB2,176
TWC182NNAB2,176
TWC182NNAB4,176
TWC183NBAB0,176
TWC183NBMM0,176
TWC186NAAB6,176
TWC186NAAB8,176
TWC186NAABA,216
TWC186NAABB,176
TWC186NAMM6,176
TWC186NAMM8,176
TWC186NBAB0,176
TWC186NBAB1,176
TWC186NBAB2,176
TWC186NBAB3,176
TWC186NBAB4,176
TWC186NBAB8,176
TWC186NBABA,176
TWC186NBABF,176
TWC186NBMM2,176
TWC186NBMM4,176
TWC186NBMM6,176
TWC186NBMM8,176
TWC186NEAB7,216
TWC186NFAB1,176
TWC186NFAB3,176
TWC186NSMM2,176
TWC186NSMM4,176
TWC212NAAB2,176
TWC212NAAB4,216
TWC212NBAB2,176
TWC212NBAB4,176
TWC212NBMM2,176
TWC212NBMM4,176
TWC212NEAB1,216
TWC212NGAB2,176
TWC212NNAB2,216
TWC212NNAB4,176
TWC226NAAB6,216
TWC226NAMM6,216
TWC226NBAB1,176
TWC226NBAB2,176
TWC226NBAB5,176
TWC226NBAB6,176
TWC226NBAB9,176
TWC226NBMM2,176
TWC226NBMM5,218
TWC226NBMM6,176
TWC226NFAB1,176
TWC243NBMM2,176
TWH096CBAA0,297
TWH096CBMK0,297
TWH096CGAA0,297
TWH122CGAB0,297
TWH122CGAB2,297
TWH126CBAB0,297
TWH182NAAB2,176
TWH182NAAB4,216
TWH182NBAB2,176
TWH182NBMM2,176
TWH182NBMM4,176
TWH182NEAB1,176
TWH182NEAB3,216
TWH182NGAB2,176
TWH182NNAB2,176
TWH186NAAB6,176
TWH186NAAB8,176
TWH186NBAB1,176
TWH186NBAB2,176
TWH186NBAB3,176
TWH186NBAB4,176
TWH186NBAB7,176
TWH186NBMM2,176
TWH186NBMM8,176
TWH186NBMMA,176
TWH186NGAB3,176
TWH212NAAB2,176
TWH212NAAB4,176
TWH212NBAB2,176
TWH212NBMM2,176
TWH212NBMM4,176
TWH212NEAB1,216
TWH212NNAB2,176
TWH226NBAB2,176
TWH226NBMM2,176
TWH226NBMM6,176
TWM051HGMK8,1
TWM081GBMK4,1
TWM121CBMK2,1
TWM15,240
TWM15S,240
TWM15W,240
TWM183NBMM0,1
TWS-17108WD,84
TWWD1755RDS,90
TX2211ST5O,114
TX2212ST5O,114
TX2313DT5G,108
TX2314DT5O,108
TX2315DT5G,108
TX2517ST5J,102
TX2518ST7G,102
TX2519ST5J,102
TX2520AT9G,102
TX2520ST5G,102
TX2522AT9G,102
TX2522ST5G,102
TX2723ST5J,90
TX2725AT7G,90
TX2725AT9G,90
TX2725AT9J,90
TZCDP14B,16000
U10CS1C,504
U10CS1H,504
U95AET1,1600
U95AFT1,1920
U95AWW1,7560
U9CS1C,500
U9CV1C,500
U9CV2B,500
UA11MJH0,880
UA13MJH0,880
UA19MKH0,550
UA24MKH0,550
UA2RAILB,64000
UA2RAILW,64000
UA2SRAILB,101400
UA2SRAILW,64000
UA4RAILB,43200
UA4RAILW,43200
UA4SRAILB,43200
UA4SRAILW,43200
UB18,294
UB18C,294
UB18E,294
UB18H,170
UB18N,294
UB200,56
UB21H,223
UB24,294
UB24C,294
UB24E,294
UB24H,223
UB24N,294
UB30,223
UB30C,224
UB30N,223
UB30W,224
UB36,223
UB361,223
UB36C,168
UB36H,125
UB36N,223
UB36W,223
UB42,120
UB42H,125
UB42W,120
UB48,125
UB48H,125
UB48N,125
UB48W,120
UB60,125
UB601,125
UB60N,125
UB60W,120
UB70,70
UB70W,70
UB85,70
UB85W,70
UBN24R,224
UBN25L5,420
UBN35L5,420
UBN36R,168
UBN50L6,360
UBNC186YSS0,216
UBNC246YSS0,216
UBNC306RSS0,125
UBNC366RSS0,125
UBNC428RSS0,125
UBNH368GSS0,224
UBNH608RSS0,125
UBNW6288TS1,70
UBUC186YSS0,114
UBUC246YSS0,114
UBUC306RSS0,110
UBUC366RSS0,110
UBUC428RSS0,52
UBUH368GSS0,116
UBUH608RSS0,110
UBUW6288TS1,39
UD126ALA0,672
UD126BLC0,576
UD126ELD0,600
UD166ALA0,672
UD166BLC0,576
UD166ELD0,600
UD306ELD0,600
UD501KOG5,432
UD501KOJ5,432
UD551GKG3,432
UD701KOG1,432
UD701KOG2,432
UD701KOG3,432
UD701KOG3P,432
UD701KOJ4,432
UE08D11B,339
UE08D11C,339
UE10D33B,339
UE10D33C,339
UE12D33B,339
UE12D33C,339
UH09SNG,171
UHN100B7,125
UHN100M2S,112
UHN100M3SH,96
UHN125B7,125
UHN125M3S,96
UHN140M3S,96
UHN150B7,125
UHN150M3S,96
UHN70,70
UHN85,70
UHN85B7,125
UHN85M2S,112
UHXM110MA1,102
UHXM120BA0,110
UHXM120BA1,102
UHXM140BA1,52
UHXM160BA0,52
UHXM160BA1,52
UHXM55MA0,171
UHXM55MA1,171
UHXM55MA2,171
UHXM70MA1,110
UHXM70MA2,171
UHXM90BA0,104
UHXM90MA1,110
UJ30,461
UJ30R,322
UJ36,461
UJ36R,322
UK-C0362HD0,54
UK-C0482HD0,36
UK-C0602H20,36
UK-C0602HD0,36
UL12FH,420
UL18FH,240
UM12FH,224
UM18FH,224
UM18WC,224
UM24FH,168
UM24WC,224
UM30,224
UM30F,256
UM30FH,168
UM30R,224
UM30WC,224
UM36,168
UM36F,168
UM36FH,144
UM36ISL,144
UM36R,168
UM36WC,168
UM42,168
UM42F,168
UM42FH,144
UM42ISL,144
UM42R,168
UM48,144
UM48F,144
UM48FH,144
UM48ISL,144
UM48R,144
UM48WC,144
UM60,144
UM60F,144
UM60R,144
UM60WC,144
UMN100M2,168
UMN125M2,168
UMN140M3,144
UMN70M1,224
UMN85M1,224
UMNH09GB1A1,420
UMNH12GB1A1,420
UMNH18GB2A1,270
UMNH24GB2A1,270
UP11MAH0,946
UP13MJH0,880
UP36WC,73
UP48,73
UP48WC,73
UPCE3064ST,673
UPCE3664ST,533
UPCG3045ST,440
UPCG3054ST,440
UPCG3654ST,360
UPDF9894ST,150
UPDF9904ST,142
UPFXC2466S,28
UPHD3080ST,280
UPHD3680ST,280
UPMC3084ST,330
UPMK2040F,985
UPRM3010ST,438
UPSE3024ST,84
UPSG3014ST,84
UPSXB2627S,26
UPWD3034ST,64
UPWS3044ST,126
UQ09F,488
UQ12F,488
UQ18F,488
URETC1408N,45
URNTC2306N,28
URNTS3106N,24
URNU07GB1G1,420
URNU09GB1G1,420
URNU12GB1G1,420
URNU15GB1G1,420
URNU18GB2G1,270
URNU18GVJA2,264
URNU24GB2G1,270
URNU24GVJA2,264
URNU28GBGG2,224
URNU30GBGG2,224
URNU36GBGG2,224
URNU36GVKA2,192
URNU38GBGG2,224
URNU42GBGG2,224
URNU48GBRG2,125
URNU48GVLA2,152
URNU68GB8K2,70
URNU76GB8A2,70
URNU76GB8K2,70
URNU76GB8Z2,70
URNU96GB8A2,70
URNU96GB8K2,70
URNU96GB8Z2,70
US08D10B,339
US10D10B,339
US10D30B,339
US12D10B,339
US12D30B,339
US14D30B,339
US30F,322
US36F,322
USMQ092WSG3,910
USMQ092WSZ2,900
USMQ182CSZ2,456
USMW096HSA0,720
USMW096J3A0,780
USMW096MEB1,608
USMW096MWR1,608
USMW096W4A1,910
USMW096WSA1,910
USMW09GJ2F0,780
USMW09GJRZ0,780
USMW122B4W2,603
USMW126B4W2,603
USMW126B8F0,675
USMW126BRG4,675
USMW126H4A0,720
USMW126HSA1,729
USMW126HSG4,729
USMW186C4W2,456
USMW186M4A1,608
USMW186MSA0,608
USMW18GKRZ0,504
USNC072W4W0,910
USNC096TNW0,720
USNC126TNW0,720
USNC1865NW0,500
USNC2465NW0,500
USNH1865NW0,620
USNH2465NW0,620
USNQ092WSG3,910
USNQ122HSG3,729
USNQ126B454,675
USNQ126B4A3,675
USNQ126B4A4,675
USNQ126B4J3,675
USNQ126J2P0,780
USNQ126J3W0,780
USNQ186C454,488
USNQ186C4A3,488
USNQ186C4A4,488
USNQ186C4J3,488
USNQ186K3W2,504
USNQ246C454,488
USNQ246C4A2,456
USNQ246C4A3,488
USNQ246C4A4,488
USNQ246C4J3,488
USNQ246K2P0,504
USNQ246K3W0,522
USNQ246K3W2,504
USNW092WSG3,910
USNW096J271,780
USNW096J3A0,780
USNW096J3A1,780
USNW096J3W0,780
USNW096JRZ1,780
USNW096W4A2,900
USNW096WSA1,900
USNW096WSG4,910
USNW09GJ2F0,780
USNW122HSG3,564
USNW126B4A2,603
USNW126BRG2,675
USNW126BRG4,675
USNW126BRW3,675
USNW126J271,780
USNW126J3A0,780
USNW126J3A1,780
USNW126J3W0,780
USNW126JRZ1,780
USNW12GJ2F0,780
USNW186C4A2,456
USNW186CRG2,488
USNW186CRG4,488
USNW186CRW3,488
USNW186K271,504
USNW186K3A0,504
USNW186K3A1,504
USNW186K3W0,504
USNW186KRZ1,504
USNW18GK2F0,504
USNW18GK3A0,504
USNW246C4A2,456
USNW246CRG2,488
USNW246CRG4,488
USNW246CRW3,488
USNW246K271,504
USNW246K3A0,504
USNW246K3A1,504
USNW246K3W0,504
USNW246KRZ1,504
USNW24GK2F0,504
USUC072W4W0,510
USUC096TNW0,505
USUC126TNW0,505
USUC1865NW0,186
USUC2465NW0,174
USUH1865NW0,189
USUH2465NW0,174
USUQ092WSG3,510
USUQ122HSG3,510
USUQ126B454,510
USUQ126B4A3,510
USUQ126B4A4,510
USUQ126B4J3,510
USUQ126J2P0,460
USUQ126J3W0,510
USUQ186C454,292
USUQ186C4A3,292
USUQ186C4A4,292
USUQ186C4J3,292
USUQ246C454,174
USUQ246C4A2,186
USUQ246C4A3,186
USUQ246C4A4,186
USUQ246C4J3,174
USUQ246K2P0,171
USUQ246K3W0,174
USUQ246K3W2,171
USUW092WSG3,510
USUW096J271,460
USUW096J3A0,510
USUW096J3A1,510
USUW096J3W0,510
USUW096JRZ1,460
USUW096W4A2,505
USUW096WSG4,510
USUW09GJ2F0,510
USUW122HSG3,564
USUW126B4A2,505
USUW126BRG2,460
USUW126BRG4,510
USUW126BRW3,460
USUW126H4A1,510
USUW126J271,460
USUW126J3A0,510
USUW126J3A1,510
USUW126J3W0,510
USUW126JRZ1,460
USUW12GJ2F0,510
USUW186C4A2,292
USUW186CRG2,292
USUW186CRG4,292
USUW186CRW3,292
USUW186K271,292
USUW186K3A0,292
USUW186K3A1,292
USUW186K3W0,292
USUW186KRZ1,292
USUW18GK2F0,292
USUW246C4A2,186
USUW246CRG2,174
USUW246CRG4,174
USUW246CRW3,174
USUW246K271,174
USUW246K3A0,174
USUW246K3A1,174
USUW246K3W0,174
USUW246KRZ1,174
USUW24GK2F0,174
UT09,486
UT09FH,432
UT12,486
UT12FH,432
UT12H,234
UT18,432
UT18H,234
UT18N,432
UT18WC,234
UT21H,208
UT24,234
UT24H,208
UT24N,234
UT24WC,234
UT30,234
UT30R,234
UT30W,234
UT30WC,234
UT36,208
UT36H,182
UT36N,208
UT36R,182
UT36S,182
UT36W,208
UT36WC,182
UT42,182
UT42H,182
UT42R,182
UT42W,182
UT48,182
UT48H,182
UT48N,182
UT48R,182
UT48W,182
UT48WC,182
UT60,182
UT60N,182
UT60R,182
UT60W,182
UT60WC,182
UTN18WH2,432
UTN24R,234
UTN24WH2,234
UTN36R,182
UTN36WH,182
UTN36WH2,182
UTN48R,182
UTN48WH,182
UTN48WH2,182
UU09W,316
UU100WR2,52
UU100WR3,52
UU100WR3H,52
UU100WR3L,52
UU12,316
UU125WR2,52
UU125WR3,52
UU125WR3L,52
UU12W,316
UU12WH,171
UU140WR2,52
UU140WR3,52
UU140WR3L,52
UU150WR2,52
UU150WR3,52
UU150WR3L,52
UU18,171
UU18W,171
UU18WC,316
UU18WCR,316
UU18WE,316
UU18WH,171
UU18WH2,171
UU200W,42
UU21WH,110
UU24,171
UU24W,171
UU24WC,171
UU24WCR,170
UU24WE,171
UU24WH,110
UU24WH2,110
UU24WR,110
UU25WR2,316
UU27T3ALG,170
UU30,171
UU30W,171
UU30WC,171
UU30WCR,170
UU30WD,171
UU30WR,110
UU35WR2,312
UU36,114
UU36W,114
UU36WC,110
UU36WCR,110
UU36WH,52
UU36WH2,52
UU36WR,52
UU36WS,52
UU37,114
UU37W,114
UU37WH,52
UU37WISL,52
UU37WISL1,52
UU37WR,52
UU38T3ALG,110
UU38WGTX1,104
UU42W,52
UU42WH,52
UU42WR,52
UU43W,52
UU43WH,52
UU43WISL,52
UU43WR,52
UU48,52
UU48W,52
UU48WH,52
UU48WH2,52
UU48WR,52
UU49W,52
UU49WC1,52
UU49WH,52
UU49WISL,52
UU49WR,52
UU50WR2,170
UU53T3ALG,52
UU53WGTX1,52
UU57WGTX1,52
UU58T3ALG,52
UU60,52
UU601,52
UU60W,52
UU60WR,52
UU61W,52
UU61WC1,52
UU61WR,52
UU70W,52
UU70WR2,104
UU85W,42
UU85WR2,104
UU85WR3,104
UUA1,312
UUB1,171
UUC1,104
UUD1,52
UUD3,52
UUQ0900A2SF,171
UUQ110042FR,104
UUQ145032FR,52
UUW0600A2L,170
UUW0600A2SL,170
UUW072042L,104
UUW072042SL,104
UUW110042FR,104
UUW110042L,104
UUW110042SL,104
UUW110049FR,104
UUW110049L,104
UUW110049SL,104
UUW130042L,104
UUW130042SL,104
UUW130049L,104
UUW130049SL,104
UUW145039FR,52
UUW145039L,52
UUW145039SL,52
UV09,432
UV12,432
UV12H,264
UV18,201
UV18F,216
UV18FH,216
UV18H,264
UV18R,216
UV21H,192
UV24,201
UV24F,216
UV24FH,160
UV24H,192
UV24R,216
UV30,264
UV30F,216
UV30FH,160
UV30R,216
UV30W,264
UV36,192
UV36F,160
UV36FH,160
UV36H,152
UV36R,160
UV36W,192
UV36WC,216
UV42,152
UV42F,160
UV42FH,160
UV42H,152
UV42R,160
UV42W,152
UV48,152
UV48F,160
UV48H,152
UV48R,160
UV48W,152
UV48WC,160
UV60,152
UV60F,160
UV60R,160
UV60W,152
UV60WC,160
UVNH12GJLA1,264
UVNH18GJLA1,264
UVNH18GJLA2,264
UVNH24GJLA2,264
UVNH24GKLA1,192
UVNH368KLA0,192
UVNH36GKLA2,192
UVNH36GLLA1,152
UVNH48GLLA1,152
UVNH48GLLA2,152
UVNH608LLA0,152
UVNH60GLLA2,152
UVUH368KLA0,116
UVUH608LLA0,110
UWC051SEAAH,840
UWC091ZAMK0,412
UWC091ZAMK2,412
UWC096CBAB1,300
UWC096CBMM1,300
UWC096ZCMM0,341
UWC101ZBMM0,292
UWC121ZCMM0,292
UWC121ZCMM2,341
UWC126CBAB1,300
UWC126CBMM1,300
UWC126ZCMM0,341
UWC186NBAB1,176
UWC186NBMM1,176
UWD1CW,240
UXB903SNSS,676
UYC073ALE21,210
V-2600E,1344
V-2800TE,1150
V-2810DE,1150
V-3300T,1008
V-3500HT,1176
V-3600HTV,1150
V-3900T,1152
V-4350CTV,924
V-A9FILTER,1512
V-A9HEPABK,1400
V-A9HEPABL,2268
V-A9HEPARD,1400
V-A9HEPASV,1400
V-BEDDINGNZ,528
V-C3033ND,1764
V-C3038ND,1764
V-C3048ND,1764
V-C3049NT,1512
V-C3055NT,1512
V-C3243ND,1750
V-C3244NT,1359
V-C3245ND,1750
V-C3245RT,1359
V-C3246ND,1750
V-C3247ND,1750
V-C3248NT,1359
V-C3249ND,1750
V-C3251ND,1750
V-C3644HT,1152
V-C3743ST,1288
V-C3844RD,1512
V-C3850RD,1512
V-C3853NT,1359
V-C3855RT,1359
V-C3860RE,1512
V-C3942ND,1288
V-C3A61ST,1323
V-C3A62STU,1323
V-C3E45ND,1359
V-C3E51ND,1678
V-C3E56NT,1359
V-C3E56STU,1359
V-C3E57ST,1359
V-C3E67ST,1359
V-C3E68STU,1359
V-C3G41ND,1728
V-C3G42ND,1728
V-C3G51ST,1548
V-C3G52ST,1548
V-C3G63NTU,1359
V-C4042ST,1312
V-C4052HT,1312
V-C4053HTU,1312
V-C4054HT,1312
V-C4055HTU,1312
V-C4062HT,1312
V-C4063HTU,1312
V-C4064HEU,1312
V-C4153ST,1446
V-C4154NT,1446
V-C4157STR,1323
V-C4161HT,1446
V-C4162HEU,1323
V-C4258HE,1176
V-C4265HTV,1176
V-C4266HEU,1176
V-C4272HD,1176
V-C4273HTU,1176
V-C4275HT,1176
V-C4570HT,1359
V-C4570ST,1359
V-C482HJ,1184
V-C4A51HTU,1512
V-C4B43NT,1512
V-C4B51NTU,1512
V-C5271NT,1359
V-C5272NT,1184
V-C5281ST,1184
V-C5282STM,1184
V-C5283STU,1184
V-C5558ST,1323
V-C5567HE,1323
V-C5569HTU,1197
V-C5571ST,1323
V-C5572STU,1197
V-C5573ST,1323
V-C5575NTR,1323
V-C5581HT,1323
V-C5671HT,1184
V-C5681HT,1184
V-C5683HTU,1184
V-C5771ST,1176
V-C5772ST,1176
V-C5773STU,1176
V-C5856CT,888
V-C5864CEU,888
V-C5865HE,894
V-C5A51STU,1197
V-C6366STV,924
V-C6367HEU,924
V-C6378CEU,924
V-C6481HT,924
V-C6482ST,924
V-C6501HTU,1152
V-C6502HT,1152
V-C6681HTM,1064
V-C6683HTU,1064
V-C6783HT,1152
V-C6784ST,1152
V-C6803HEU,798
V-C6804HT,882
V-C6812CEU,798
V-C6885ST,882
V-C7041NT,882
V-C7050HE,882
V-C7050HT,882
V-C7050HTV,882
V-C7050NT,882
V-C7051NTV,882
V-C7052NTR,882
V-C7053HTR,882
V-C7056HTV,882
V-C7070CEUQ,882
V-C7070CT,882
V-C7141NTR,1260
V-C7142NT,1260
V-C7143HTR,1260
V-C7145HT,1260
V-C7155HEU,1152
V-C7251NT,1208
V-C7252HT,1208
V-C7261NT,1208
V-C7262HT,1208
V-C7264HEU,1208
V-C7265NTU,1208
V-C7270HTR,1208
V-C7271HTU,1208
V-C7351NT,1120
V-C7352HE,1120
V-C7461NTR,1026
V-C7462HE,1026
V-C7463HTU,1026
V-C7483HTU,1026
V-C760AJ,1152
V-C7671HTQ,1208
V-C7672HEU,1208
V-C7683CTQ,1208
V-C7684CEU,1208
V-C7760HE,1176
V-C7760HEQ,1176
V-C7760HT,1176
V-C7760NT,1176
V-C7770CE,1176
V-C7779CEU,1120
V-C7803HEU,750
V-C7804HTQ,750
V-C7811CTP,750
V-C7885HTQ,750
V-C7886HTU,750
V-C7920HQ,1184
V-C7920HTQ,1176
V-C7920HTR,1176
V-C7920HTUM,1120
V-C7920HUQM,1120
V-C7A51HTU,1152
V-C7A52HTV,1260
V-C7A53HT,1260
V-C7B51NT,1264
V-C7B71HT,1264
V-C7B72HT,1264
V-C7B73NT,1264
V-C7B81HT,1264
V-C7B81HTU,1152
V-C7B82HT,1264
V-C9145WA,620
V-C9147W,620
V-C9156WA,620
V-C9165WA,620
V-C9255WA,504
V-C9266WAU,504
V-C9267WAU,504
V-C9352WA,504
V-C9363WA,504
V-C9364WAU,504
V-C9451WA,620
V-C9462WA,620
V-C9551WNT,504
V-C9561WNT,504
V-C9563WNT,504
V-C9564WNT,504
V-CA112HT,1323
V-CA241HTV,1260
V-CA241NT,1260
V-CA241NTV,1260
V-CA261ND,1260
V-CA261NT,1260
V-CA271NTQ,1260
V-CA271NTQG,1260
V-CA281NT,1260
V-CA404ST,1152
V-CA404STQ,1152
V-CA484ST,1152
V-CA494STV,1152
V-CA504ST,882
V-CA584ST,882
V-CA683ST,1323
V-CA701HE,750
V-CA805HT,684
V-CA971HTQ,1208
V-CA981CEUQ,1208
V-CA981HEQ,1208
V-CB211HTU,1446
V-CB311HTV,1208
V-CB351NT,1208
V-CB351NTQ,1208
V-CB361HE,1208
V-CB361HEU,1208
V-CB361HEV,1208
V-CB361HTRQ,1208
V-CB361NEQ,1208
V-CB361NT,1208
V-CB564ST,1057
V-CB584STR,1152
V-CB685HT,1152
V-CB685HTV,1064
V-CB695CE,882
V-CB875HTQ,798
V-CC102HT,1026
V-CC102HTQ,1026
V-CC106HTR,1026
V-CC162HT,1026
V-CC172HT,1026
V-CC182HEQ,1026
V-CC182HEU,1120
V-CC182HEUQ,1026
V-CC182HT,1026
V-CC182HTQ,1026
V-CC182HTQV,1026
V-CC182HTUQ,1026
V-CC383HTQ,1064
V-CD201HTVQ,1264
V-CD241HT,1264
V-CD261HT,1264
V-CD271NTK,1152
V-CD281HE,1264
V-CD281HT,1264
V-CD281HTQ,1264
V-CD281HTV,1728
V-CD281NT,1264
V-CD281NTQ,1264
V-CD281NTY,1152
V-CD301HT,882
V-CD321CAS,738
V-CD381STM,882
V-CD483HTC,1152
V-CD504ST,1057
V-CP253NT,1359
V-CP363ST,1359
V-CP562STQ,1446
V-CP562STV,1446
V-CP663ST,1323
V-CP743ND,1750
V-CP743RD,1750
V-CP753RD,1750
V-CP852ND,1890
V-CP943ST,1359
V-CP953ND,1512
V-CP963ND,1512
V-CP963STC,1359
V-CP963STU,1359
V-CP983ST,1359
V-CP983STQ,1359
V-CP983STQC,1359
V-CP983STU,1359
V-CQ253SD,1418
V-CQ273SD,1418
V-CQ382STQ,1176
V-CQ443ND,1728
V-CQ463ST,1548
V-CQ783ST,1359
V-CR141SD,1890
V-CR303HT,1152
V-CR303HTR,1152
V-CR303HTU,1152
V-CR303ST,1152
V-CR303STQ,1152
V-CR303STQC,1152
V-CR323HTQ,1152
V-CR323HTQC,1152
V-CR323HTU,1152
V-CR323STQ,1152
V-CR323STQC,1152
V-CR323STU,1152
V-CR383HTQ,1152
V-CR383STQ,1152
V-CR403HT,1184
V-CR403HTQ,1184
V-CR403STQ,1184
V-CR403STU,1184
V-CR473HT,1184
V-CR483HT,1184
V-CR483HTM,1184
V-CR483ST,1184
V-CR493HTQ,1184
V-CR503NST,1184
V-CR503NT,1184
V-CR503ST,1184
V-CR503STC,1184
V-CR503STQ,1184
V-CR503STQR,1184
V-CR553ST,1184
V-CR563ST,1184
V-CR573NT,1184
V-CR573STQ,1184
V-CR573STU,1184
V-CR583NNT,1184
V-CR583NT,1184
V-CR583ST,1184
V-CR583STC,1359
V-CR583STQ,1184
V-CR583STQC,1184
V-CR583STUC,1184
V-DDMOPNZ,3504
V-FA262FN,490
V-FA272FT,490
V-FA282FT,490
V-FILTPAKG,3542
V-FLEXITOOL,5520
V-H2701DP,8398
V-H2702DP,1350
V-H2703DP,1350
V-H830C,5754
V-H831C,5385
V-HITMOPPAD,14400
V-K8161HTU,1064
V-K8163HE,1064
V-K8164HE,1064
V-K8171HTU,1064
V-K8174HE,1064
V-K8371HTU,1064
V-K8372HTR,1064
V-K8373HE,1064
V-K8374HTU,1064
V-K8375HE,1064
V-K840AJS,952
V-K842AJS,952
V-K8501CTU,640
V-K8584HT,640
V-K8701HER,1064
V-K8701HTU,1064
V-K8702HT,1064
V-K8702HTU,1064
V-K8703HTU,1064
V-K8801HTU,1064
V-K881HT,1184
V-K9001HT,952
V-K9001HTM,952
V-K9761NDU,640
V-K9762NDU,640
V-K9763NDU,640
V-K9765ND,640
V-K9851ND,660
V-K9852ND,660
V-K9855ND,660
V-KC282CTQ,720
V-KC402CTU,640
V-KC402CTUO,640
V-KC402HT,640
V-KC402HTMQ,640
V-KC402HTU,640
V-KC561HEU,1064
V-KC561HTQ,1064
V-KC681HEU,1064
V-KC681HT,1064
V-KC681HTV,1064
V-KC701HEU,1064
V-KC701HEUR,1064
V-KC702HT,1064
V-KC702HTU,1064
V-KC801CTS,819
V-KC801CTSQ,819
V-KC801HT,1085
V-KC801HTM,1085
V-KC801HTMQ,1085
V-KC801HTQ,1085
V-KC801HTS,819
V-KC802CTS,819
V-KC802CTSQ,819
V-KC832HAQ,1085
V-KC841HMW,1085
V-KC861HT,1085
V-KC881HT,1085
V-KC881HTM,1085
V-KC901HTQ,952
V-KC902HT,952
V-KC902HTM,952
V-KC902HTMQ,952
V-KC902HTQ,952
V-KC902HTQB,952
V-KC902HTQI,952
V-KC902RTB,952
V-KC903HTMQ,952
V-KC982RTY,952
V-MINIKIT,828
V-MOPPAD1,1220
V-MOPPAD2,19520
V-P8061NTU,276
V-PDMINI,21600
V-PDMOP,3504
V-PF03105,47680
V-POWERPACK,1323
V-R6260LVM,1840
V-R6261LVM,1840
V-R6262LVM,1840
V-R6270LVM,1840
V-R6271LVM,1840
V-R6272LVM,1840
V-RDUSTBAG,500
V-REFILLPAD,1220
V-S302C,1903
V-TOTALCARE,840
V-U8070NBJ,702
V-UP861NB,774
V-WA166ND,504
V-WA266ND,580
V-WA363ND,660
V-WETPAD,19520
V-WP148NT,630
V-WP168NT,630
V-WP188NT,560
V-WP18SPNT,560
V-WP208NT,560
V-WP20SPNT,560
V096DQ,720
V09AP1N,675
V09AP1U,530
V09CD-M,675
V09CD-N,675
V09CD-U,344
V09CE-N,675
V09CE-U,344
V09E,648
V09IFM,780
V09WIN,946
V10APAN,670
V10APAU,490
V10APBN,720
V10APBU,490
V10APCN,720
V10APCU,392
V10APDM,780
V10APDN,780
V10APDU,490
V10APFM,650
V10APFMO,650
V10APFN,650
V10APFPM,650
V10APFPN,650
V10APFPU,490
V10APFU,490
V10APFUVM,650
V10APFUVMO,650
V10APFUVN,650
V10APFUVU,490
V10APH1M,780
V10APH1N,780
V10APH1U,490
V10APH2M,780
V10APH2N,780
V10APH2U,490
V10APHM,840
V10APHN,840
V10APHU,490
V10API1M,780
V10API1N,780
V10API1U,490
V10APIM,650
V10APIN,780
V10APIU,490
V10APIUVM,650
V10APIUVN,780
V10APIUVU,490
V10APMN,720
V10APMU,392
V10APQM,780
V10APQN,780
V10APQU,490
V10APRN,780
V10APRU,490
V10BPBM,648
V10BPBN,670
V10BPBU,490
V10CDT-N,675
V10EN1N,1008
V10EN1U,490
V10ENAN,840
V10ENAU,490
V10ENBN,840
V10ENBU,490
V10ENCN,840
V10ENCU,392
V10ENDM,780
V10ENDN,780
V10ENDU,490
V10ENFM,650
V10ENFN,780
V10ENFU,490
V10ENH1M,840
V10ENH1N,840
V10ENH1U,490
V10ENHM,840
V10ENHN,840
V10ENHU,490
V10ENON,780
V10ENOU,490
V10ENPM,840
V10ENPN,840
V10ENPU,490
V10ENQN,840
V10ENQU,490
V10ENSN,840
V10ENSU,490
V10ENVM,840
V10ENVN,840
V10ENVU,490
V10ENW1M,840
V10ENW1N,840
V10ENW1U,490
V10ENWM,840
V10ENWN,840
V10ENWU,490
V10UP1N,675
V10UP1U,530
V10WIN1M,840
V10WIN1N,840
V10WIN1U,490
V10WINM,840
V10WINN,840
V10WINU,490
V121WIN,880
V122WIN,880
V126DQ,720
V12AP1N,675
V12AP1U,530
V12CD-N,675
V12CD-U,344
V12CE-N,675
V12CE-U,344
V12E,648
V12IFM,780
V12WIN,880
V13APAN,670
V13APAU,490
V13APBN,720
V13APBU,490
V13APCN,720
V13APCU,392
V13APDN,780
V13APDU,490
V13APFN,650
V13APFPM,650
V13APFPN,650
V13APFPU,490
V13APFU,490
V13APFUVM,650
V13APFUVN,650
V13APFUVU,490
V13APH1M,780
V13APH1N,780
V13APH1U,490
V13APH2M,780
V13APH2N,780
V13APH2U,490
V13APHM,650
V13APHN,780
V13APHU,490
V13API1M,780
V13API1N,780
V13API1U,490
V13APIBM,650
V13APIBN,650
V13APIBU,490
V13APIGM,650
V13APIGN,650
V13APIGU,490
V13APIN,780
V13APIU,490
V13APIUVN,780
V13APIUVU,490
V13APMN,720
V13APMU,392
V13APQN,780
V13APQU,490
V13APRM,650
V13APRN,780
V13APRU,490
V13BPBN,670
V13BPBU,490
V13EN1N,672
V13EN1U,490
V13ENAN,670
V13ENAU,490
V13ENBN,720
V13ENBU,490
V13ENCM,720
V13ENCN,720
V13ENCU,392
V13ENDN,780
V13ENDU,490
V13ENFM,650
V13ENFN,780
V13ENFU,490
V13ENH1M,650
V13ENH1N,780
V13ENH1U,490
V13ENHM,650
V13ENHN,780
V13ENHU,490
V13ENON,780
V13ENOU,490
V13ENRM,650
V13ENRN,650
V13ENRU,490
V13ENS1M,650
V13ENS1N,780
V13ENS1U,490
V13ENSM,650
V13ENSN,780
V13ENSU,490
V13ENTN,670
V13ENTU,490
V13UP1N,675
V13UP1U,530
V13WIN1N,780
V13WIN1U,490
V13WINM,780
V13WINN,780
V13WINU,490
V18AP1N,496
V18AP1U,186
V18API1M,495
V18API1N,495
V18API1U,312
V18BPBN,432
V18BPBU,304
V18E,488
V18EN1N,420
V18EN1U,165
V18ENAN,432
V18ENAU,171
V18ENBN,432
V18ENBU,312
V18ENCN,432
V18ENCU,304
V18ENDN,495
V18ENDU,171
V18ENF1M,495
V18ENF1N,495
V18ENF1U,312
V18ENFM,495
V18ENFN,495
V18ENFU,312
V18OFM,490
V18WIN,550
V18WIN1M,780
V18WIN1N,780
V18WIN1U,312
V18WINM,780
V18WINN,780
V18WINU,312
V2-B107DX3W,161
V2-B10X3W,162
V2-B10X3WE,162
V2-B128DX3E,161
V2-B128DX3W,161
V2-B12X3W,161
V2-B12X3WE,161
V24AP1N,496
V24AP1U,124
V24API1N,495
V24API1U,171
V24CDT-U,124
V24E,488
V24EN1N,420
V24EN1U,165
V24ENAN,432
V24ENAU,171
V24ENBN,432
V24ENBU,171
V24ENCN,432
V24ENCU,171
V24ENDN,495
V24ENDU,171
V24ENF1M,495
V24ENF1N,495
V24ENF1U,171
V24ENFN,495
V24ENFU,171
V24PACN,109
V24PACU,171
V24WIN,550
V24WIN1M,495
V24WIN1N,495
V24WIN1U,171
V24WINM,495
V24WINN,495
V24WINU,171
V25LYIL,47
V2IN092C3,946
V2IN122C3,880
V2IN182C3,490
V3-S107DXTE,162
V3-S107DXTW,162
V3-S10XTW,162
V3-S10XTWE,162
V3-S8XTW,162
V3-S8XTWE,162
V3-S96DXTW,161
V3-S9XTW,162
V3-S9XTWE,162
V36LH,192
V3RT8,150
V4-B8YW,161
V4-B9YW,161
V4-S10YW,162
V4-S10YWE,162
V4-S8YW,162
V4-S8YWE,162
V4-S96DYW,161
V4-S96DYWE,162
V4-S9YW,162
V4-S9YWE,162
V4-W10YW,162
V4-W10YWE,162
V488LDK0N,152
V488LDK0U,110
V48LH,152
V4W800,159
V4WD850,159
V4WD85S0,159
V4WD85S1,159
V4WD95S0,159
V5-S10YW,162
V5-S8YW,162
V5-S9YW,162
V5-W8YSL,212
V5-W8YSLE,212
V5105S,161
V5105SE,161
V5420NNTR,1260
V5420NNTS,1260
V5RT9,150
V5RT9N,150
V5WD85SLIM,211
V5WD906,161
V5WD95SLIM,211
V5WD95SLIMB,211
V5WD961,161
V5WD96H1,161
V5WD96TW0,161
V60LH,152
V6WD85S2,159
V7WD107H2E,161
V7WD906,161
V7WD906A,161
V7WD96AT2,161
V7WD96H1,161
V7WD96H1A,161
V9708FSH,1232
V9W900,161
V9WD107H2S,161
V9WD128H2,150
V9WD128H2B,150
V9WD960,161
V9WD96H2,161
VA092C1,720
VA093CL,675
VA121C5,640
VA121H5,640
VA122C1,720
VA122C5,640
VA122CT,720
VA122H5,640
VA122HT,720
VA123CL,648
VA123HL,648
VA182C1,664
VA182C5,576
VA182CT,664
VA182H5,576
VA182HT,664
VA183CL,488
VA183HL,488
VA242C1,664
VA242C5,576
VA242CT,664
VA242H5,576
VA242HT,664
VA243CL,488
VA243HL,488
VB-4220HPL,1260
VB-4220HRF,1260
VB-4220HTS,1260
VB-5220HRF,1260
VB-5220HTS,1260
VB-7120HPL,1120
VB-7120HRF,1120
VB-7120HTS,1120
VB-7320HPL,1064
VB-7320HRF,1064
VB-7320HTS,1064
VB-7520HRF,1064
VB-7520HTS,1064
VB-8120HRF,1120
VB-8120HTS,1120
VB-8320HRF,1064
VB-8320HTS,1064
VB-8720HBK,864
VB-9000RF,1386
VB-9000RFW,1386
VB-9000WH,1386
VB-9000WHW,1386
VB2-S148YTW,94
VB2-S15YTW,94
VB2316NST,1057
VB2320NST,1057
VB2714NNT,1548
VB2714NNTN,1548
VB2714NT,1548
VB2715BK,1692
VB2715NNTN,1548
VB2715NRT,1548
VB2715NRTN,1548
VB2716NND,1548
VB2716NNDN,1692
VB2716NNTN,1548
VB2716NRT,1548
VB2716NRTU,1368
VB2717NRT,1548
VB2717NRTN,1548
VB2717NRTR,1548
VB2717NRTU,1368
VB2718NNDN,1548
VB2718NNT,1548
VB2718NRT,1548
VB2718RT,1548
VB2817NHT,1088
VB2818NHTQ,1088
VB3001RNT,1312
VB3002RNT,1312
VB3003RNT,1312
VB3004RNT,1312
VB3005RNT,1312
VB33BPM,73
VB33BPY,73
VB5620NST,1057
VB5622NST,1057
VB6420NHT,798
VB6422NHT,798
VB7622NHT,911
VB7624NHT,911
VB7820CEU,910
VB7820HTV,910
VB7820NHT,910
VB7821NHT,910
VB7922NCTU,798
VB7922NHTQ,798
VB8014WH,162
VB8607NCA,911
VB8607NCA1,911
VB8607NCAG,911
VB8922NCTU,684
VB8922NHTQ,684
VB9014WH,162
VB9820NHT,910
VBR-MN02R,2160
VBR-MN03R,108000
VBT-LH01S,1920
VBT-LH02S,1323
VBT-LP02R,52920
VC1002FNT,1312
VC1014NND,1512
VC1014NNDC,1512
VC1014NNDW,1512
VC1014NNT,1312
VC1014NST,1312
VC1015NND,1512
VC1016NB,1512
VC1016NND,1512
VC1016NNDB,1512
VC1016NNDP,1512
VC1016NNT,1312
VC1016NNTF,1312
VC1016NNTQ,1312
VC1016NST,1312
VC1017NST,1312
VC1020NNTR,1260
VC1060N,1512
VC1061N,1512
VC1062N,1512
VC2001FHT,1312
VC2002FHT,1312
VC2003FHT,1312
VC2004FHT,1312
VC2005FHT,1312
VC2020NNTP,1260
VC2020NNTR,1260
VC2116AR,1344
VC2116NND,1344
VC2116NNT,1512
VC2118NND,1344
VC2118NNT,1232
VC22161NNDV,1512
VC2216NND,1512
VC2216NNDB,1512
VC2216NNDV,1512
VC2216NNT,1305
VC2216R,1512
VC2300FNA,1232
VC2301FNA,1232
VC2310FNA,1232
VC2316,1260
VC23161NND,1232
VC2316NND,1260
VC2316NNDB,1260
VC2316NNDC,1260
VC2316NNDP,1260
VC2316NNDR,1260
VC2316NNT,1260
VC2316NNTB,1260
VC2316NNTO,1260
VC2316NNTR,1260
VC2317,1260
VC2318NNT,1260
VC23200NNDR,1260
VC23201NNTP,1260
VC23202NNTS,1260
VC23204NNTL,1260
VC2320BO,1260
VC2320NND,1260
VC2320NNT,1260
VC2320NNTB,1260
VC2320NNTG,1260
VC2320NNTP,1260
VC2320NNTQ,1260
VC2320NNTQG,1260
VC2320NNTR,1260
VC2321RO,1260
VC2582R,1184
VC2683R,1184
VC2686CL,1184
VC2982W,1152
VC2985CL,1152
VC2988DT,1152
VC3001FHA,1256
VC3002FHA,1256
VC3003FHA,1256
VC3004FHAM,1256
VC3013AE,1114
VC3013NHA,1114
VC3016NNTQ,1176
VC3016NNTQF,1176
VC3016NRTQ,1176
VC3016NRTT,1176
VC3016NRTTQ,1176
VC3018NHTY,1176
VC3018NNT,1312
VC3018NRTT,1176
VC3020NHA,1120
VC3020NHT,1312
VC3020NHTU,1176
VC3020NHTY,1176
VC3020NRT,1312
VC3062NND,1260
VC3116GHTV,1152
VC3116GHTYM,882
VC3116GNT,1152
VC3116GRTV,1152
VC3116NNT,1232
VC3116NNTM,1064
VC3116NRD,1344
VC3116NRT,1232
VC3118NNT,1232
VC3118NNTY,1152
VC3118NNTYM,1064
VC3118NRT,1232
VC3119YM,1064
VC3120NHT,1260
VC3120NNT,1260
VC3120NRT,1232
VC3120NRTB,1232
VC3120NRTQ,1232
VC3120NRTR,1232
VC3300FHA,1232
VC3301FHA,1232
VC3302FHA,1232
VC3302FHAY,1260
VC3303FHA,1232
VC3303FHAY,1260
VC3304FHA,1232
VC33100NND,1260
VC3314GNT,1260
VC33161NNT,1232
VC3316NND,1260
VC3316NNT,1260
VC3316NNTM,1260
VC3316R,1260
VC3316Y,1260
VC3318NNT,1260
VC3318NNTP,1260
VC3318NNTY,1260
VC3318UNT,1260
VC3318UNTR,1260
VC3318Y,1260
VC3319NNT,1260
VC3319NNTP,1260
VC3319YM,1064
VC33201NNTY,1260
VC33203UNTO,1260
VC33203YNTO,1260
VC33204NHTS,1260
VC33205NHTB,1260
VC33205NHTP,1260
VC33206NHTB,1260
VC33209UNTL,1260
VC3320FHAMY,1064
VC3320FHAY,1240
VC3320NHT,1260
VC3320NHTG,1260
VC3320NHTO,1260
VC3320NHTR,1260
VC3320NHTS,1260
VC3320NND,1260
VC3320NNT,1260
VC3320NNTC,1260
VC3320NNTG,1260
VC3320NNTO,1260
VC3320NNTR,1260
VC3320NNTY,1260
VC33210UNTV,1260
VC33211YNTR,1260
VC3321FHAMY,1064
VC3321FHAY,1240
VC34BQB,71
VC34BQK,71
VC34BQM,71
VC3715S,1184
VC3716N,1184
VC3716S,1184
VC3717SU,1184
VC3720HU,1184
VC3720HUN,1184
VC3728SQ,1184
VC37341N,1344
VC37342N,1184
VC37343S,1184
VC3814N,1548
VC3815N,1548
VC3816N,1548
VC3816RU,1368
VC3817R,1548
VC3817RU,1368
VC38251N,1359
VC38261S,1359
VC38262SU,1359
VC38341R,1548
VC38384R,1548
VC39101H,1208
VC39101HQ,1088
VC39101HRN,1208
VC39101HU,1088
VC39171H,1088
VC39172H,1088
VC39191HQ,1088
VC39192HR,1088
VC40010EN,1120
VC4001LHA,1120
VC40020MN,1120
VC4011LHA,1120
VC40123NHTB,1120
VC4012LHA,1120
VC4012NHA,1114
VC4012NHC,1120
VC4012NHT,1120
VC4012NHT1,1120
VC4012NHT2,1120
VC4012NHTT,1120
VC4012NNT,1120
VC4014LHAM,1120
VC4014NHA,1120
VC4014NHT,1120
VC4016LHAY,1120
VC4017LHAY,1120
VC4018LHAY,1120
VC4019LHAY,1120
VC4021LHAY,1120
VC4025LHA,1120
VC4025LHAM,1120
VC4026LHA,1120
VC4035LHAMY,1120
VC4036LHAMY,1120
VC4037LHAMY,1064
VC4038LHAMY,1064
VC41123NHTB,1120
VC4212R,1120
VC4216NHT,1120
VC4216NR,1120
VC42201YHTP,1120
VC42202YHTR,1120
VC4220NHA,1120
VC4220NHT,1120
VC4220NHTB,1120
VC4220NHTC,1120
VC4220NHTG,1120
VC4220NHTMY,980
VC4220NHTO,1120
VC4220NHTP,1120
VC4220NHTR,1120
VC4220NHTS,1120
VC4220NHTT,1120
VC4220NHTV,1120
VC4220NHTY,1120
VC4220NRT,1120
VC4315S,1312
VC4320NNT,1120
VC4321NNT,1120
VC4810HQ,1152
VC4810HU,1152
VC4812HU,1152
VC4818HQ,1152
VC4818SQ,1152
VC4901FHA,1256
VC4902FHA,1256
VC4903FHA,1256
VC4905FHA,1256
VC4909GHA,1256
VC4910FHAY,1256
VC4914TS,1312
VC4916NND,1440
VC4916NNT,1312
VC4916NNTQ,1176
VC4916NNTR,1312
VC4916NNTY,1176
VC4916NRT,1312
VC4916NRTQ,1176
VC4917NNTY,1176
VC4918GHAY,1176
VC4918NHTQ,1120
VC4918NNT,1312
VC4918NNTQ,1176
VC4918NNTQK,1176
VC4918NNTVB,1176
VC4918NNTVG,1176
VC4920FHA,1256
VC4920NHA,1296
VC4920NHAR,1296
VC4920NHT,1312
VC4920NHTMY,952
VC4920NHTQR,1176
VC4920NHTQS,1176
VC4920NHTS,1312
VC4920NHTY,1176
VC4920NNT,1312
VC4920NNTQ,1176
VC4920NRT,1312
VC4920NRTB,1312
VC4920NRTQ,1176
VC4920NRTR,1312
VC4920NRTT,1312
VC4929FHAY,1256
VC4930FHAY,1256
VC5010N,1232
VC5016NHC,882
VC5016NHCQ,882
VC5016NHCQY,774
VC5016NHTQ,882
VC5016NR,882
VC5016NRTQY,774
VC5020NHCQ,882
VC5020NHCU,774
VC5020NHT,882
VC5020NHTYD,774
VC5020NRA,882
VC5020NRCT,774
VC5020NRCU,774
VC5020NRT,882
VC5020NRTQ,882
VC5030NRO,1260
VC5102R,1120
VC5104B,1120
VC5120FH,1120
VC5130RH,1120
VC53000EBNT,1120
VC53000ENTC,1120
VC53000EONT,1120
VC53000KNTC,1120
VC53001EBNT,1120
VC53001ENTC,1120
VC53001KNTC,1120
VC53001MNTC,1120
VC53001MRNT,1120
VC53002MNTC,1120
VC53002MRNT,1120
VC5316BNSAF,1120
VC5316NND,1120
VC5316NNDR,1260
VC5316NNTR,1260
VC5316NNTS,1260
VC53181NNT,1120
VC53181NNTM,1120
VC5318NNTB,1120
VC5318NNTR,1120
VC53201NHTO,1120
VC53202NHTR,1120
VC53203NNT,1120
VC5320NND,1120
VC5320NND1,1120
VC5320NNT,1120
VC5320NNTB,1120
VC5320NNTC,1120
VC5320NNTR,1260
VC5400V,1176
VC5402CL,1176
VC5402CV,1176
VC5403P,1176
VC5404PF,1176
VC5405CV,1120
VC5406RF,1120
VC5407PR,1120
VC5417GHT,1260
VC5417NHT,1260
VC5418NHT,1260
VC5418NHTR,1260
VC5418NNTR,1260
VC5418NNTRS,1260
VC5420GHAQ,1260
VC5420NHT,1260
VC5420NHTCG,1260
VC5420NHTCR,1260
VC5420NHTCS,1260
VC5420NHTCW,1260
VC5420NHTG,1260
VC5420NHTR,1260
VC5420NHTS,1260
VC5420NHTW,1260
VC5420NNTB,1260
VC5420NNTG,1260
VC5420NNTR,1260
VC5420NNTS,1260
VC5420NNTW,1260
VC5501R,1120
VC5502BN,1120
VC5506NHTB,1260
VC5506NHTCR,1260
VC5506NHTS,1260
VC5520NHTCS,1260
VC5716N,1359
VC5716SR,1359
VC5716SU,1359
VC5983SC,1152
VC5985WL,1152
VC5987CC,1152
VC6001LHA,1120
VC6002LHA,1120
VC6006LHAY,1120
VC6007LHAY,1120
VC60161ND,1260
VC60162ND,1260
VC6020NHA,1120
VC6020NHAU,1120
VC6020NHCU,1120
VC6020NHT,1120
VC6020NHTU,1120
VC61161N,1512
VC61162N,1512
VC6116GHAY,1064
VC6116NHTY,1120
VC6116NRTY,1120
VC6118GHAYM,952
VC6118NRTQ,1120
VC6120NHA,1176
VC6120NHAQ,1120
VC6120NHT,1176
VC6120NRTM,1120
VC6120NRTQ,1120
VC6230FH,1120
VC6717S,882
VC6718HU,882
VC6814SHAN,1120
VC6816NHAQ,1176
VC6816NHTQT,1176
VC6816NHTY,1176
VC6816NRT,1176
VC6816NRTQ,1176
VC6816NRTY,1176
VC6817NHTY,1176
VC6818NHTF,1176
VC6818NHTU,1120
VC6818NHTY,1176
VC6818NRT,1176
VC6818NRTQ,1176
VC6818NRTU,1120
VC6818NRTY,1176
VC6820GHAY,1176
VC6820NHA,1184
VC6820NHAB,1184
VC6820NHAQ,1176
VC6820NHAT,1184
VC6820NHAU,1176
VC6820NHAUB,1120
VC6820NHAY,1176
VC6820NHT,1176
VC6820NHTE,1120
VC6820NHTQ,1184
VC6820NHTX,1120
VC6820NHTY,1176
VC6820NHTYQ,952
VC6820NRT,1176
VC6820NRTQ,1176
VC6820NRTQY,952
VC6820UHAT,1120
VC6820UHTQ,1120
VC6822NHAY,1176
VC6822NRTY,1176
VC6856LHSY,1176
VC6860LHAY,1176
VC73155NMVB,1081
VC73179NHTS,1064
VC73180NBSP,1088
VC73180NNTO,1120
VC73180NNTR,1064
VC73181NHAB,1084
VC73181NRTR,1064
VC73182UHAS,1064
VC73183NHAB,1064
VC73184NHAR,1064
VC73185NHAP,1064
VC73188NELR,1064
VC73189NHTB,1064
VC73189NHTR,1064
VC73189NHTS,1064
VC73201UHAP,1064
VC73201UHAR,1088
VC73203UHAB,1088
VC73203UHAO,1064
VC73209UHAS,1088
VC7401GHAL,1114
VC7401LHAQ,1114
VC7402LHAQ,1114
VC74070NCAG,1114
VC74070NCAQ,1114
VC7407GCA,1114
VC7407NCAG,1114
VC7407NCAGQ,1114
VC7407NCAQ,1114
VC7407NHAQ,1114
VC7410LHAN,1114
VC7507GCA,1114
VC7507NCAGQ,1114
VC8122NHT,684
VC8122NHTQ,684
VC83101UHAQ,1088
VC83109UHAQ,1088
VC83201SCAN,1008
VC83201UHAM,1064
VC83202UHA,1088
VC83203SCAN,1008
VC83204UHAV,1088
VC83205UHAV,1064
VC83209UHA,1088
VC83209UHAS,1088
VC83209UHAV,1088
VC83404UHAG,1064
VC88888NHAQ,1064
VC9002R,750
VC9003NT,750
VC9025FM,864
VC9050CL,1085
VC9050V,1079
VC9052R,1085
VC9060CL,1064
VC9060FS,1064
VC9060PR,1064
VC9061RC,1064
VC9062CV,1064
VC9063EX,1064
VC9064DT,1064
VC9064R,1064
VC9064V,1064
VC9065FS,1064
VC9066FS,1064
VC9067CL,1064
VC9067NT,1064
VC9067R,1064
VC9067V,1064
VC9068R,1064
VC9069FS,1064
VC9071BO,1064
VC9071CL,952
VC9072R,952
VC9073MR,952
VC9074RD,1064
VC9074S,952
VC9075B,952
VC9075R,952
VC9076V,952
VC9077MCL,952
VC9078W,952
VC9079B,952
VC9083EX,897
VC9083EX4,903
VC9085FS,897
VC9086CH,903
VC9086R4,903
VC9090RO,931
VC9092FO,1064
VC9093R,876
VC9093S,876
VC9094R,876
VC9095R,882
VC9097R,882
VC9097W,882
VC9098NT,876
VC9160RH,1064
VC9170BH,931
VC9172SH,1064
VC9174BH,1064
VC9176PH,1064
VC9178RH,1064
VC9190DT,876
VC9192R,882
VC9196FS,876
VC9201R,1024
VC9202CV,1018
VC9203R,1024
VC9204FS,1064
VC9205FS4,1018
VC9206DT,1002
VC9207GR,1008
VC9208EX,1058
VC9211NT,1018
VC9212CV4,1018
VC9213R4,1018
VC9227FM,906
VC9228FM,912
VC9401FH,1064
VC9402SH,1064
VC9410BH,1064
VC9422RH,1064
VC9424BH,1064
VC9430SH,1064
VC9436BH,931
VCA404PH,1064
VCARPETX,1840
VCD3320NND,1260
VCGV16NNDB,1512
VCGV16NNDR,1512
VD-H9066WS,150
VD092CE,840
VDA0350Y1M,5000
VDA0350Y2M,5000
VDA0350Y3M,5000
VDB0165Y1M,5000
VDB0350Y1M,5000
VDB0420Y1M,5000
VDB0420Y3M,5000
VDS-RB3AU,715
VDS-RB3GU,715
VDS-RB3WU,715
VDS-RB4HU,600
VDS-RB4HU4,600
VDS-RB4WU,600
VDS-RB4WU4,600
VDS-ST1ANN,702
VDS-ST1AU,702
VDS-ST1AU1,702
VDS-ST1AU2,702
VDS-ST1AU3,702
VDS-ST1AUN,702
VDS-ST1GU,702
VDS-ST1GU1,702
VDS-ST1GU2,702
VDS-ST1NU,702
VDS-ST1WNN,702
VDS-ST1WU,702
VDS-ST1WU1,702
VDS-ST1WU2,702
VDS-ST1WU3,702
VDS-ST2AU,702
VDS-ST2AU1,702
VDS-ST2CU,702
VDS-ST2G,702
VDS-ST2GU,702
VDS-ST2HN,453
VDS-ST2M,702
VDS-ST2MU,702
VDS-ST2TL,616
VDS-ST2W,702
VDS-ST2WU,702
VDS-ST5TU,702
VDS-ST6BL4,616
VDS-ST6WL4,616
VDS-ST9HN,462
VE122HL,648
VE242HL,488
VEF-RDA9B,2268
VEF-RDA9K,1400
VEF-RDA9R,1400
VEF-RDA9S,1400
VEF-SP02R,78400
VEF-SQ3NX,1530
VEF-SQ4NS,1530
VF122C31,720
VF182C31,664
VF242C31,664
VF25BNNBB,26
VF25LNIBB,26
VF29BVP,24
VF5112JC,696
VF5718CNB,490
VF5718CNC,490
VF5718CNP,490
VF7911CW,560
VF7912CWAMY,560
VFA-WP01,2450
VFA-WP02,2450
VFA-WP03,2450
VFA-WP04,2450
VG122H31,450
VG122H5,450
VG122HD,450
VH092H7,592
VH122H7,592
VH182H7,464
VH2-S16W,90
VH2-S16WE,90
VH242H7,464
VH9000D,3258
VH9000DS,1520
VH9001D,3258
VH9001DS,1520
VH9002DS,1520
VH9010DN,3258
VH9020DS,1520
VH9080DN,3258
VH9200D,1845
VH9200DS,1386
VH9200DSW,1386
VH9200DSW2,1386
VH9200DSWG,1386
VH9201D,1845
VH9201DS,1386
VH9201DS2,1386
VH9201DSG,1386
VH9201DSW,1386
VH9202DS,1386
VH9203DS,1386
VH9203DSW,1386
VH9211D,1845
VH9221D,1845
VH9231D,1845
VH9231DS,1386
VH9500DSW,1386
VH9501DSW,1386
VH9502DSW,1386
VHB511B,1176
VHB511BDB,1176
VHB511CDB,1176
VHB511LDB,1176
VHB511RDB,1176
VHB511SDB,1176
VHOMBOT1,1776
VHOMBOT3,1840
VI-3870HRS,911
VI-3870HTS,911
VK5301GHA,1088
VK5302GHA,1088
VK5312GHAY,1088
VK5316NHTQ,1088
VK53181NNTM,1120
VK53181NNTY,1120
VK5318NNTB,1120
VK5318NNTR,1120
VK53201NNAY,1120
VK53202NNAM,1120
VK53202NNT,1120
VK5320NHT,1120
VK5320NHTC,1088
VK5320NHTO,1120
VK5320NHTR,1120
VK5320NHTS,1120
VK5320NHTV,1120
VK5320NNT,1120
VK5320NNTC,1120
VK5330GHAMY,816
VK5340GHAMY,816
VK6102LHAY,1024
VK6103LHAY,1024
VK6114NHAQ,1024
VK6120NHAL,1024
VK69161N,1512
VK69162N,1512
VK69163N,1512
VK69164N,1512
VK69165NU,1305
VK69401N,1260
VK69402N,1260
VK69461N,1260
VK69462N,1260
VK69601N,1260
VK69602N,1260
VK69661N,1260
VK69662N,1260
VK69D77N,1260
VK70161ND,1440
VK70162N,1440
VK70163R,1312
VK70164N,1312
VK70165R,1312
VK70167N,1440
VK70168N,1440
VK70169N,1440
VK70181NQ,1176
VK70183HQ,1176
VK70186R,1312
VK70187HQ,1176
VK70282RU,1176
VK70283HQ,1120
VK70285HU,1176
VK70286HU,1176
VK70361N,1344
VK70362N,1344
VK70363N,1344
VK70364N,1344
VK70365N,1344
VK70366NC,1344
VK70368N,1344
VK70369N,1344
VK70461RC,1232
VK70462RC,1232
VK70463RU,1152
VK70464RC,1232
VK70465RC,1232
VK70466R,1232
VK70467R,1232
VK70501N,1260
VK70502N,1260
VK70503N,1260
VK70504N,1260
VK70505N,1260
VK70506NY,1260
VK70507N,1260
VK705R07N,1260
VK705W05NSP,1260
VK705W06N,1260
VK70601NU,1260
VK70602NU,1260
VK70603HU,1260
VK70604N,1260
VK70605N,1260
VK70607HU,1260
VK706R01NY,1260
VK706R03N,1260
VK706R08N,1260
VK706W02NY,1260
VK7100LHAY,1064
VK71108HU,1176
VK71109HU,1176
VK71181R,1312
VK71182RC,1176
VK71183RTR,1176
VK71183RU,1176
VK71184HC,1176
VK71185HU,1176
VK71186HC,1176
VK71187HU,1176
VK71188H,1312
VK71189H,1312
VK71189HC,1176
VK7120NHA,1064
VK72101R,882
VK72101RU,774
VK72102HC,774
VK72102HU,774
VK72103HTA,882
VK72103HU,774
VK72104HUA,774
VK7300LHA,1064
VK7300LHAY,1064
VK7301LHAY,1064
VK7310SCAL,1064
VK7313NHA,1064
VK7313NHT,1064
VK73141H,1120
VK73141HAQN,1120
VK73142H,1120
VK73142HAUF,1120
VK73143H,1120
VK73144H,1120
VK73144NT,1120
VK73145H,1120
VK73146H,1120
VK73147HC,1120
VK7317GHT,1088
VK7317GHTPB,1088
VK7317GHTPR,1088
VK7317GHTPS,1088
VK7317NHT,1064
VK7318NHA,1064
VK7318NHA1,1064
VK7318NNA,1064
VK7318NNT,1064
VK7318NRT,1064
VK7318NRT1,1064
VK7318NRTU,1064
VK7318NRTU1,1064
VK7318UHA,1064
VK7318UHA1,1064
VK7320NH,1064
VK7320NHA,1064
VK7320NHA1,1064
VK7320NHAB,1064
VK7320NHAC,1064
VK7320NHAG1,1064
VK7320NHAL,1064
VK7320NHAQ,1064
VK7320NHAR,1088
VK7320NHAY,1064
VK7320NHAY1,1088
VK7320NHAYB,931
VK7320NHT,1064
VK7320NHT1,1064
VK7320NHTG,1064
VK7320NHTS,1064
VK7320NHTYM,1064
VK7320NN,1064
VK7320NNA,1064
VK7320NNAQ,1064
VK7320NNT,1064
VK7320NNT1,1064
VK7320NNTR,1064
VK7320NNTS1,1064
VK7320NR,1064
VK7320NRA,1064
VK7320NRAQ,1064
VK7320NRT,1064
VK7320NRT1,1064
VK7320NRTG,1064
VK7320NRTQ,1064
VK7320NRTR,1064
VK7320UH,1064
VK7320UHA,1064
VK7320UHA1,1064
VK7320UHAQT,1064
VK7320YM,1064
VK73221H,1120
VK7330LHA,1064
VK7330LHAY,1064
VK7331LHAY,1064
VK73W22H,1120
VK73W25H,1120
VK73W46H,1120
VK74101H,1120
VK74101NHT,1120
VK74102H,1120
VK74102NHTU,1120
VK74103HAU,1120
VK74103HU,1120
VK74103NHCU,1120
VK74321H,1120
VK74W01N,1120
VK74W02N,1120
VK74W22H,1064
VK74W25H,1064
VK74W46H,1120
VK75101HC,1120
VK75102HY,1120
VK75103HY,1120
VK75204H,1120
VK75206H,1120
VK75301H,1120
VK75302H,1120
VK75302HC,1120
VK75303HC,1120
VK75304HY,1120
VK75305HY,1120
VK75R03HY,1120
VK75W01H,1120
VK75W02HY,1120
VK76101H,1120
VK76102HU,1064
VK76103H,1120
VK76103HU,1064
VK76104H,1120
VK76104HY,1088
VK76105HQC,816
VK76A00NDR,1120
VK76A00NDS,1120
VK76A01ND,1120
VK76A01NDR,1120
VK76A01NDS,1120
VK76A01RNDB,1120
VK76A01RNDO,1120
VK76A02NTCB,1120
VK76A02NTL,1120
VK76A02RNDB,1120
VK76A03NTCB,1120
VK76A06DNDL,1120
VK76A06NDB,1120
VK76A06NDBP,1120
VK76A06NDR,1120
VK76A06NDRP,1120
VK76A09NTCB,1120
VK76A09NTCR,1120
VK76R03HY,1120
VK76W01H,1120
VK76W02HY,1120
VK77101R,1176
VK77102R,1176
VK77103RU,1120
VK77104R,1176
VK78161R,1176
VK78181RU,1120
VK78182RQ,1176
VK78183R,1176
VK79000HQ,1114
VK7903LHA,1064
VK7903LHAY,1064
VK7905LHAM,1064
VK7906LHCY,1064
VK79101HU,1120
VK79102HUP,1120
VK79103HX,1120
VK7911SCAL,1064
VK7912DCAL,1064
VK7913BL,1058
VK7913LHAQT,1064
VK7913LHAQU,1064
VK7913NHAQ,1058
VK7913NHAQT,1064
VK7913NNAQ,1064
VK7913NNAQK,1064
VK7913UHAQY,1064
VK7916NHA,1064
VK79182HR,1120
VK7918NNA,1064
VK7918NNAQ,1064
VK7918NNAU,1064
VK7918NRT,1064
VK7918NRTU,1064
VK7918NRTYM,798
VK7920GHAYM,798
VK7920NHA,1064
VK7920NHAG,1064
VK7920NHAQ,1064
VK7920NHAQT,1064
VK7920NHAQY,1058
VK7920NHAT,1064
VK7920NHAU,1064
VK7920NHAY,1064
VK7920NHTQ,1064
VK7920NHTY,1064
VK7920NHTYM,798
VK7920NNA,1064
VK7920NNAQ,1064
VK7920NNAQT,1064
VK7920NNC,1064
VK7920NNCR,1064
VK7920NNT,1064
VK7920NNTQ,1064
VK7920NNTQB,1064
VK7920NNTQD,1064
VK7920NRT,1064
VK7920UH,1058
VK7920UHAQT,1058
VK7920UHAY,1064
VK7920UHT,1064
VK7920UNAQY,1064
VK7930NRT,1064
VK7940UHA,931
VK7941UHA,1064
VK7942NHAU,1064
VK80101CVX,882
VK80101HFR,1064
VK80102HX,1008
VK80103HFX,1064
VK80103HX,1008
VK80201CUNX,1008
VK81101HF,1064
VK8120SCAQU,1058
VK8120UHAN,1064
VK8200LHAY,864
VK8201LHAY,864
VK8210LHA,864
VK8220NHAG,864
VK8220NHAL,864
VK8220NHAL1,1064
VK8220NHAU,864
VK8220NRAQ,864
VK8220UHAG,864
VK8230LHA,864
VK8250LHAY,1008
VK8250LYNM,864
VK8260LHAY,1008
VK8261LHAY,1008
VK8300LHA,1064
VK8300LHAY,931
VK8301LHAY,931
VK8307NHA,1064
VK8307NHAQ,1064
VK8307NHAR,1064
VK8310DCAS,1008
VK8311DCAL,1008
VK8314NHAQ,1064
VK8314NHAQT,1064
VK8314SCAQ,1008
VK8314SCAQT,931
VK8317GHAUQ,1088
VK8318UHA,952
VK8318UHAG,1088
VK8318UHAGY,1088
VK8320GHAUQ,1088
VK8320NHAL,1064
VK8320NHAQ,1064
VK8320NHAQ1,1064
VK8320NHAUY,1088
VK8320SCANY,1008
VK8320SCAQ,1008
VK8320SCSNY,931
VK8320UHA,1088
VK8320UHA1,1064
VK8320UHAG1,1064
VK8320UHAM,1064
VK8320UHAQ,1064
VK8320UHAQ1,1064
VK8320UHAR,1064
VK8330LHAY,1064
VK8331LHAY,1064
VK8401LHAN,1064
VK84070NCAQ,1064
VK8407NCAQ,1064
VK8407NHAQ,1064
VK8506NHA,1088
VK8506NHAC,1088
VK8506NHACQ,1084
VK8506NHAG,1088
VK8710H,952
VK8710HFL,952
VK8710HFN,952
VK8726H,1085
VK8804FHAY,1064
VK8810HUMR,882
VK8810HUV,882
VK8811HUMR,750
VK8811NHAQ,897
VK8812HUMR,750
VK8813LHAQU,903
VK8813NHAQY,897
VK8813XR,897
VK8818NHAQ,903
VK8820HFN,903
VK8820HMR,903
VK8820HU,1064
VK8820HUV,903
VK8820NHAGT,903
VK8820NHAQ,903
VK8820NHAQT,903
VK8820NHAQY,903
VK8820NHAU,1064
VK8820NHAUY,903
VK8820NHAYQ,903
VK8820NHCQ,903
VK8820NHCQM,903
VK8820SCSNG,903
VK8820SHANG,903
VK8820UHA,903
VK8820UHAQ,903
VK8820UHAQT,903
VK8820UHAT,903
VK8820UHAY,903
VK8828HQ,903
VK8830HTXR,903
VK88401HF,1024
VK88501HF,912
VK88504HUG,1084
VK88505HUQ,1064
VK88509HUG,1084
VK89000HQ,864
VK89001HQ,864
VK89002HQ,864
VK89101HQ,1064
VK89102HU,1064
VK89105HQ,1064
VK89106HU,1064
VK89107HC,1064
VK8910DCAS,1008
VK8911DCAL,1024
VK8911NHAT,1018
VK8912DCAL,1024
VK8913DCAQ,1058
VK8913LHA,1024
VK8914DCAL,1024
VK8914DCAQ,1064
VK8914NHAQT,1024
VK8914NHCQT,1018
VK8914NHCQY,1018
VK89181DNS,1064
VK89181N,1064
VK89182NU,1064
VK89183H,1064
VK89183N,1064
VK89185HU,1064
VK89189HMV,1064
VK8920NHA,1018
VK8920NHAQY,1058
VK8920SCAN,1008
VK8920SCAQ,1064
VK8920SCAQV,1064
VK8920SCAQY,1008
VK8920SCAUT,1064
VK8920SCAY,1024
VK8920UHAGT,1064
VK89281R,1064
VK89282R,1064
VK89283RU,1064
VK89301HQ,1064
VK89302H,1064
VK89302HQ,1084
VK89304H,1084
VK89304HUM,1084
VK89309H,1084
VK89380NSP,1084
VK89382HU,1064
VK89383HU,1084
VK89482R,1064
VK89483RU,1064
VK89502HU,864
VK89509HUG,864
VK89601HQ,1084
VK89609HQ,1084
VK89682HU,1084
VK89682R,1064
VK89683RU,1064
VK89689HU,1084
VK9015CCAPY,750
VK9020GHAU,750
VK9020NHA,750
VK9020NHAQ,750
VK9020NHAU,750
VK9020NHAUG,750
VK9101LHAY,992
VK9120NHAQ,906
VK9120NHAT,906
VK9120NHAU,912
VK9120UH,906
VK9120UHAQ,912
VK9401GHAL,864
VK9401LHAN,864
VK9402LHAN,864
VK9403LHAN,864
VK94070NCAG,864
VK9407GCA,864
VK9407NCAG,864
VK9407NCAGM,864
VK9407NCAQ,864
VK9407NHAQ,864
VK9607GCA,840
VK9609CCSY,798
VK9820NHA,882
VK9820NHAQ,882
VK9820NHAQT,876
VK9820NHAUY,882
VK9820NHCMQ,903
VK9820SCAY,882
VK9820SCSNQ,882
VK9820SCSNY,882
VK9820SCSUQ,876
VK9820SCSUY,882
VK9820UH,876
VK9820UHA,882
VK9820UHAGT,903
VK9820UHAQ,882
VK9820UHAQY,882
VK9820UHAT,882
VK9820UHAY,882
VK9820UHCY,882
VK9820UHR,882
VK9830UHA,931
VK9831UHA,1064
VK99160N,640
VK99161NA,640
VK99161NAU,640
VK99262NAU,640
VK99263NA,640
VKC3045RT,1208
VKC3244NT,1359
VKC3245RT,1359
VKC3251ND,1750
VKC3A56HTU,1323
VKC3B51ST,1359
VKC3E41NT,1359
VKC3E51ND,1678
VKC3E52SD,1678
VKC3E53NT,1359
VKC4052HT,1312
VKC4243HTU,1176
VKC4245HTV,1176
VKC5983HTU,1152
VKC7041NTV,882
VKC7052NTR,882
VKC7053HTR,882
VKC7064HEU,882
VKC902HT,952
VKC902HTM,952
VKC902HTW,952
VL42BPB,71
VL42BPK,71
VL42BPM,71
VM092C31,946
VM092C6,780
VM092C6A,880
VM092C7,880
VM092C8,880
VM092C9,880
VM092CE,910
VM092CS,910
VM092H9,880
VM092XS,910
VM121C10,780
VM121C31,880
VM121C6,780
VM121C6A,880
VM121C7,780
VM121C8,780
VM121C9,780
VM121CE,729
VM121CS,729
VM121H6,780
VM121H9,780
VM121HE,729
VM122C10,780
VM122C31,880
VM122C6,780
VM122C6A,880
VM122C7,880
VM122C8,880
VM122C9,880
VM122CE,670
VM122CJ,729
VM122CL,648
VM122CS,729
VM122CT,880
VM122CW,880
VM122H6,780
VM122H7,780
VM122H8,780
VM122H9,880
VM122HE,603
VM122HL,648
VM122HS,729
VM122HT,880
VM122XJ,729
VM129CT,880
VM182C10,495
VM182C31,550
VM182C6,504
VM182C6A,550
VM182C7,550
VM182C9,550
VM182CE,432
VM182CJ,608
VM182CL,488
VM182CS,608
VM182CT,550
VM182H6,504
VM182H8,550
VM182H9,550
VM182HE,456
VM182HL,488
VM182HS,608
VM182HT,550
VM189CT,550
VM242C10,495
VM242C31,550
VM242C6,504
VM242C6A,558
VM242C7,550
VM242C9,550
VM242CE,432
VM242CJ,608
VM242CL,488
VM242CS,608
VM242CT,550
VM242H6,504
VM242H8,550
VM242H9,504
VM242HE,456
VM242HL,488
VM242HS,608
VM242HT,550
VM249CT,550
VMC-462E8,13720
VMP-DK01N,19520
VMP-DK03N,19520
VMP-DM01N,1220
VMP-DM02N,14400
VMP-DM03N,1220
VMP-UM02R,2160
VMP-UM03R,80400
VMS-RB8HMN,1064
VMS-RB8KM,1064
VMS-RB8WK,1064
VMS-RB8WKN1,1064
VMS-RB8WM,1064
VMS-RB8WMN,1064
VN-2320CBK,1057
VN-2320CRF,1057
VN-2320CTS,1057
VN-2720HBK,910
VN-2720HRF,910
VN-2820HRF,798
VN-2820HTS,798
VN-2820HWH,798
VN-2822HRF,798
VN-2822HTS,798
VN-2822HWH,798
VN-3320BK,1057
VN-3320WH,1057
VN-3322RF,1057
VN-3322ST,1057
VN-3822HRB,911
VN-3822HSS,911
VN-3824HRB,911
VN-3824HSS,911
VN7116HNT,640
VN7116HNTU,640
VN7116WNT,640
VN7117WNT,640
VN7118HNT,640
VN9101NHT,630
VN9103NNT,630
VN9104NNT,630
VN9122NHT,630
VN9122NNT,624
VNBK16HNT,640
VNW0720M2S,216
VNW0830M2S,216
VNW1300M9S,160
VNW1450M9S,160
VNZ-FL03N,4320
VNZ-MM01N,576
VNZ-PC01N,735
VNZ-PM01N,3504
VNZ-PM02N,3504
VNZ-PM03N,4608
VNZ-PN01N,21600
VNZ-PQ01H,10440
VNZ-QT01H,7760
VNZ-TB02N,7520
VP0116WNA,850
VP0626PWSF,513
VP0716WNV,930
VP0718WNV,930
VP122CR,780
VP122HR,780
VP182CR,504
VP182HR,495
VP242CR,504
VP242HR,504
VP7300NNT,580
VP7320NNT,580
VP7320NNTR,580
VP7320NNTS,580
VP7321NNT,580
VP7321NNTS,580
VP7322NNT,580
VP7322NNTG,580
VP8620NNT,580
VP8621NNT,580
VP8622NNT,580
VP8622NNT1,580
VPARQUET,1840
VPF-04047,480
VPF-2003,500
VPK-AL01N,2240
VPK-CC01N,5520
VPK-CR01N,2240
VPK-FP01N,3542
VPK-HM01N,2240
VPK-TC01N,840
VPK-VP01N,828
VPM-SG02,1368
VPM-SGA9,1512
VR092C7,780
VR092CS,680
VR092HW,880
VR1010GR,1776
VR1012BS,1776
VR1012W,1776
VR1013RG,1776
VR1013WS,1776
VR1015V,1776
VR1027R,1713
VR1028WD,1725
VR1125RS,1764
VR1126TS,1828
VR1128R,1840
VR1128SIL,1828
VR1129RB,1764
VR1227R,1828
VR1228DS,1840
VR1228R,1840
VR1229B,1828
VR122C31,880
VR122C7,880
VR122CE,675
VR122CL,648
VR122CS,680
VR122CW,780
VR122H8,780
VR122H9,880
VR122HD,780
VR122HE,675
VR122HG,671
VR122HL,648
VR122HS,680
VR122HW,880
VR1320B,1764
VR182C31,550
VR182C7,550
VR182CB,554
VR182CE,488
VR182CL,488
VR182CW,504
VR182H8,504
VR182H9,550
VR182HB,554
VR182HE,488
VR182HL,488
VR182HW,550
VR242C31,550
VR242C7,550
VR242CB,554
VR242CE,488
VR242CL,488
VR242CW,504
VR242H8,550
VR242HB,554
VR242HE,488
VR242HL,488
VR242HW,550
VR313NGW,1888
VR34406LV,1828
VR34408LV,1828
VR4820N,2450
VR515NDW,600
VR515NDW1,600
VR515NGW,1792
VR515NGW1,1792
VR515NGW4,1792
VR515NNW,1792
VR515NNW1,1792
VR5170LV,1724
VR5901KL,1725
VR5901KLK,1725
VR5901LVM,1725
VR5902LV,1725
VR5902LVM,1725
VR5902LVMS,1725
VR5903LVM,1725
VR5905LM,1776
VR5906KL,1725
VR5906LM,1776
VR5907LM,1776
VR5908LM,1764
VR5912LV,1713
VR5940L,1776
VR5940LB,1776
VR5940LR,1776
VR5942L,1776
VR5943L,1776
VR6140LV,1764
VR6140LVM,1776
VR6141LVM,1764
VR6142LVM,1764
VR6170LVM,1776
VR6171LVM,1776
VR6174LVM,1776
VR6176LVM,1764
VR6250LV,1828
VR62601LV,1828
VR62601LVM,1828
VR62601LVR,1828
VR62602LVM,1828
VR6260LV,1840
VR6260LVM,1840
VR6261LVM,1840
VR6262LVM,1840
VR62701LV,1828
VR62701LVB,1828
VR62701LVM,1828
VR62701LVMB,1828
VR6270LV,1840
VR6270LVB,1840
VR6270LVM,1840
VR6270LVMB,1840
VR6270LVOB,1828
VR6271LV,1840
VR6271LVM,1840
VR6271LVMB,1828
VR6272LVM,1840
VR63406LV,1828
VR63407LV,1828
VR63409LV,1828
VR6340LV,1828
VR6340LVB,1828
VR6340LVM,1828
VR6341LVM,1828
VR63455LV,1828
VR6345LV,1828
VR63475LV,1828
VR6347LV,1828
VR63485LV,1828
VR6348LV,1828
VR6350LVM,1828
VR6351LVM,1828
VR6360LVM,1828
VR6370LVM,1828
VR6370VMNC,1828
VR6371LVM,1828
VR6372LVM,1828
VR6373LVM,1828
VR6374LVM,1828
VR6375LVM,1828
VR6376LVM,1828
VR6377LVM,1828
VR6378LVM,1828
VR6379LVM,1828
VR6380LVMC,1828
VR6400PB,1828
VR6413SB,1828
VR6440LV,1828
VR64602LV,1828
VR64604LV,1840
VR64607LV,1828
VR6460LV,1828
VR6460LVM,1828
VR6461LV,1828
VR6462LV,1828
VR64701LVM,1828
VR64701LVMP,1828
VR64702LVM,1828
VR64702LVMB,1828
VR64702LVMP,1840
VR64702LVMT,1828
VR64703LVM,1828
VR64703LVMB,1828
VR64703LVMP,1828
VR64704LVMT,1828
VR6470LV,1828
VR6470LVB,1828
VR6470LVM,1828
VR6470LVMB,1828
VR6470LVMP,1840
VR6470LVMT,1828
VR6470VMNC,1828
VR6471LVM,1828
VR6472LVM,1828
VR6478LVM,1828
VR6479LVM,1828
VR6480LVMC,1828
VR6480MS,1828
VR6480RR,1828
VR6480VMNC,1828
VR6480VNC,1828
VR6480VWNC,1828
VR6481VMNC,1828
VR648TWARV,1828
VR6530LVM,1828
VR6540LV,1828
VR6540LVID,1828
VR6540LVM,1828
VR6541LV,1828
VR6544LV,1828
VR65502LV,1828
VR65507LV,1828
VR6550LV,1828
VR6560LV,1828
VR6560LV1,1828
VR65704LVM,1828
VR65704LVMP,1828
VR6570LV,1828
VR6570LVM,1828
VR6570LVMB,1828
VR6570LVMP,1828
VR6570LVP,1828
VR6570LVW,1828
VR6570LVWP,1828
VR65710LVMP,1828
VR65711LVM,1828
VR65713LVM,1828
VR65715LVM,1828
VR6571LV,1828
VR6571LVWP,1828
VR65720LVMP,1828
VR65813LVW,1828
VR65815LVW,1828
VR65820LVWP,1828
VR65860LVWP,1828
VR6600PG,1828
VR6640LV,1828
VR6640LVM,1828
VR6640LVW,1828
VR66413LVM,1828
VR6641LV,1828
VR664TAR,1828
VR664TMRV,1828
VR664TWRV,1828
VR66520LVW,1828
VR66530LVW,1828
VR6670LVMP,1828
VR6670LVTM,1828
VR66713LVM,1828
VR66715LVM,1828
VR66740LVW,1828
VR66750LVWP,1828
VR66800VWP,1828
VR66801VMIP,1828
VR66802VMWP,1828
VR66803VMNP,1828
VR6680LV,1828
VR6680LVM,1828
VR6680LVMP,1828
VR6680LVP,1828
VR6680LVW,1828
VR6680LVWP,1828
VR6680TAR,1828
VR6680TMAR,1828
VR6680TMRW,1828
VR66815VMNC,1828
VR66820VMNC,1828
VR66830VMNC,1828
VR6685TWARV,1828
VR668PMAR,1828
VR668TAR,1828
VR668TMAR,1828
VR668TMARV,1828
VR668TWARV,1828
VR66900TWA,1828
VR66900TWVV,1828
VR6690LVTM,1828
VR6690TWVV,1828
VR66930VWNC,1828
VR6694TWR,1828
VR6698TWAR,1828
VR7400SB,1828
VR7410RB,1828
VR7412RB,1828
VR7412SP,1828
VR7422RR,1828
VR7423BG,1828
VR7426RR,1828
VR7427RR,1828
VR7428BG,1828
VR7428SP,1828
VR7621SPG,1828
VR8600OB,1828
VR8600RB,1828
VR8600RR,1828
VR86010RR,1828
VR8601RR,1828
VR8602RR,1828
VR8604OB,1828
VR8604PR,1828
VR94070NCAG,864
VR94070NCAQ,864
VR9622PR,1828
VR9624PR,1828
VR9627PG,1828
VR9647PS,1828
VR969DTAH,1932
VR969DTAH1,1932
VR969DTAN,1932
VRA-AMB1,2450
VRA-AMB2,2450
VRA-AMW1,2450
VRA-AMW2,2450
VRD710RRC,1828
VRD820MRPC,1828
VRD830MGPCM,1828
VRE610BKC,1828
VRE705RRC,1828
VRF3043LS,1776
VRF3044LB,1776
VRF4033LR,1828
VRF4041LS,1828
VRF4042LL,1828
VRF4043LR,1828
VRF6043LR,1828
VRF6540LV,1828
VRF6570LVM,1828
VRF6570LVMB,1828
VRF6640LVR,1828
VRF6670LVM,1828
VRF6670LVT,1828
VRH950MSPCM,1828
VRW940MGPCM,1828
VS-17107WD,90
VS092C7,880
VS121C7,880
VS122C7,880
VS182C7,550
VS22JDP,30
VS22JNT,30
VS22JS,30
VS22LNIP,30
VS22XCT,30
VS23BEP,47
VS23BP,30
VS23BQB,36
VS23BQH,47
VS23BT,30
VS23BVT,30
VS23JNT,30
VS23QBP,30
VS242C7,550
VS25BJNK,47
VS25BQNK,47
VS25GMIW,47
VS25LQIK,47
VS25QFNW,47
VS25VVNW,47
VS25XHWC,47
VS25XHWCB,47
VS27BIP,26
VS27BXQP,26
VS27GNID,26
VS27GNIP,26
VS27JP,26
VS27JS,26
VS27JT,26
VS27LIP,26
VS27LNIP,26
VS27LWID,26
VS27XADC,26
VS27XCS,26
VS28BPT,26
VS28BT,26
VS28LNP,26
VS28QBP,26
VS28QBT,26
VS28XCT,26
VS28XNP,26
VS30BTE,24
VS7003PN,2480
VS7300SCW,1176
VS7301SCW,1176
VS7302SCW,1176
VS7303SCW,1176
VS7304SCW,1176
VS7401C,1176
VS7401SC,1176
VS7407C,1176
VS84000SCW,1176
VS84003SB,1176
VS84007SBW,1176
VS8400C,1176
VS8400N,1176
VS8400SC,1176
VS8400SCR,1176
VS8400SCW,1176
VS8400SCWL,1176
VS8400SNW,1176
VS8401SCW,1176
VS8402SCW,1176
VS8403C,1176
VS8403SCW,1176
VS8403SCWL,1176
VS8404SCW,1176
VS8405C,1176
VS8405SCW,1176
VS8411SCW,1176
VS8417SCW,1176
VS8600SWM,1176
VS8601C,1456
VS8602SC,1176
VS8602SCM,1176
VS8603SCM,1176
VS8603SWM,1176
VS8605SWM,1176
VS8606C,1456
VS8606SCM,1176
VS8606SCW,1176
VS8606SWM,1176
VS8701C,1176
VS8701SC,1176
VS8703SC,1176
VS8704SWM,1176
VS8705SWM,1176
VS8706CM,1176
VS8706SCM,1176
VS8706SCW,1176
VS8706SWM,1176
VS8707SWM,1176
VS8708SWM,1176
VS88V,920
VS9601FBSH,1232
VS9601FBSWH,1408
VS9601NWH,1232
VS9602FBSH,1232
VS9602FBSWH,1232
VS9602NBSWH,1232
VS9603FBSH,1232
VS9603FSH,1232
VS9608FBSWH,1408
VS9701CSH,1232
VS9701CSWH,1232
VS9701CTSWH,1232
VS9701FBSH,1232
VS9701FBSW1,1232
VS9701FBSWH,1232
VS9701FSH,1232
VS9701FSWH,1232
VS9701NSW,894
VS9701NSWH,1232
VS9702CBSWH,1232
VS9702CSH,1232
VS9702ESW,894
VS9702FBSWH,1408
VS9702FSH,1405
VS9702FSWH,1232
VS9702NBSWH,1232
VS9702NSWH,1232
VS9702WSH,920
VS9702WSWH,920
VS9703CBH,1386
VS9703CSWH,1232
VS9703FBSH,1232
VS9703FSH,1232
VS9703NH,1386
VS9708CBSWH,1232
VS9708CH,1232
VS9708CSH,1232
VS9708CSWH,1232
VS9708FBSWH,1408
VS9708FSH,1232
VS9708FSWH,1232
VS9708NBSWH,1232
VS9711YSWH,920
VS9713APSWH,920
VS9713ESWH,920
VS9713FBSWH,1408
VS9713NBSW,894
VS9713NBSWH,1408
VS9713NSWH,1232
VS9713WBSWH,1408
VS9713YBSWH,1408
VS9714ABSWH,920
VS9714ASWH,920
VS9714FBSWH,1408
VS9714NBSWH,1232
VS9714NTSWH,1232
VS9714WBSWH,920
VS9802DTWH,1232
VS9808LPWH,920
VS9809BPWH,920
VS9809ETWH,920
VS9809YPWH,920
VS9813BWH,920
VS9813CBSW,1232
VS9813CBWH,1232
VS9813LTWH,1408
VS9813UWH,920
VS9813YTWH,920
VS9814CBWH,1232
VS9814EWH,894
VS9814LBWH,1408
VS9814YBWH,920
VS98SNBSWH,1408
VSC3645HTV,1150
VSC4155NTR,1323
VSC4243HTU,1176
VSC4257HTR,1176
VSC5574NT,1323
VSC5575NTR,1176
VSC5581HT,1323
VSC5855HT,888
VSC5864CEU,888
VSF7300SCWC,1176
VSF7301SCWR,1176
VSF7304SCWL,1176
VSF8400SCWC,1176
VSF8402SCWS,1176
VSF8403SCWB,1176
VSF8405SC,1176
VSF8606SWM,1176
VSF8708SWM,1176
VSO8604SWM,1176
VSO8707SWM,1176
VSR66000OB,1828
VSR6600OB,1828
VSR8600RR,1828
VSR86040PG,1828
VSR8604PG,1828
VSR9640PS,1828
VT22BPM,121
VT22BPY,121
VT24BPM,97
VT24BPPM,121
VT24BPY,97
VT26BPY,92
VT26KPM,92
VT26WGPX,92
VT26WPM,92
VT26WPY,92
VT27BPM,92
VT27BPP,92
VT27BPY,97
VT27KPY,92
VT27WPP,92
VT29BPP,92
VT29BPPK,92
VT29BPY,92
VT29WPP,92
VT29WPPDC,92
VT29WPY,92
VT32BPP,74
VT32BPPDC,74
VT32KPM,74
VT32KPY,74
VT32WPPDC,74
VT34BPB,73
VT34BPK,73
VT34BPM,73
VT34BPP,73
VT34BPPM,73
VT34BPY,73
VT34KPM,73
VT34SPY,73
VT34WGPX,73
VT34WPP,73
VT37BPB,67
VT37BPD,67
VT37BPK,67
VT37BPM,67
VT38BPB,67
VT38BPK,67
VT38BPM,67
VT38BPP,67
VT38KPM,67
VT38MPM,67
VT38MPP,67
VT38SPYC,67
VT38WGPX,67
VT38WPP,67
VT395GPSU,67
VT40AGPN,67
VT40AGPX,67
VT40APD,67
VT40APD1,67
VT40APM,67
VT40APMC,67
VT40APY,67
VT40APYC,67
VT40AWP,67
VT40AWPC,67
VT40AWT,67
VT40AWTC,67
VT40BJB,67
VT40BJM,67
VT40BJP,67
VT40BK,67
VT40BKN,67
VT40BNN,67
VT40BP,67
VT40BPB,67
VT40BPM,67
VT40BPN,67
VT40BPP,67
VT40BT,67
VT40CKN,67
VT40CMN,67
VT40KGYX,67
VT40MPP,67
VT40MPY,67
VT40SGBX,67
VT40SGPN,67
VT40SGPX,67
VT40SPM,67
VT40SPP,67
VT40SPP1,67
VT40SPYC,67
VT40SWP,67
VT40SWPC,67
VT40WGPX,67
VT40WP,67
VT40WPN,67
VT40WPP,67
VT45APMC,65
VT45APYC,65
VT45AWP,65
VT45BP,65
VT45BPYK,65
VT45KPMC,65
VT45KPYC,65
VT465EPY,65
VT465GBE,65
VT465IPY,65
VT48BPMK,65
VT48BPY,65
VT48SPYC,65
VT4WD950,159
VT50BEP,52
VTC2641ND,1638
VTC2940ND,1512
VTC2940RD,1512
VTC3143ND,1512
VTC3145RD,1512
VTC3243ND,1750
VTC3440ST,1176
VTC3966NTV,1152
VTC3967RTU,1152
VTC3A53ND,1575
VTC3B52SD,1512
VTC3C35NB,1512
VTC3C41ND,1512
VTC3C43ND,1678
VTC3C44ND,1678
VTC3E51ND,1678
VTC3E52SD,1678
VTC3E61ST,1359
VTC3E67ST,1359
VTC3G42ND,1728
VTC3G63NTU,1359
VTC4052HT,1312
VTC4566HTU,1359
VTC460T,1476
VTC5764HEU,1176
VTC5864CEU,894
VTC5982STU,1152
VTC5A41SD,1418
VTC5A42SD,1418
VTC5A42ST,1323
VTC5A43SD,1418
VTC7052NTR,882
VTC7059HTG,612
VTC7064HEU,882
VTC7751HTU,1120
VTC7752HTV,1176
VTC7753NT,1176
VTC7780HEQU,1120
VTCB574ST,1152
VTCB584HTV,1152
VTCB584ST,1152
VTCB584STV,1152
VTCB875HTQ,798
VTCP363ST,1359
VTCP643ND,1418
VTCP663ST,1323
VTCP742NT,1359
VTCP743NB,1512
VTCP743RD,1750
VTCP862STVQ,1312
VTCP953ST,1359
VTCP963ST,1359
VTCP963STQ,1359
VTUP152NJP,774
VTUP61NB,774
VTWP148NT,630
VTWP168NT,630
VV092C5,946
VV122C5,880
VV182C5,550
VV242C5,550
VW122CE,255
VW151CE,240
VW182CE,192
VW222CE,192
VW5024,1103
VW5025R,1103
VW6024R,1103
VW6026S,1103
VWA514SA,1064
VWP2018NT,580
VWP2118NT,580
VWP2218NT,580
VWR514SA,864
VWS513SA,1114
VX092C1,946
VX121C1,880
VX121C3,780
VX121H4,780
VX122C1,880
VX122C3,780
VX122C8,780
VX122CX,780
VX122H4,780
VX182C1,880
VX182C3,780
VX182C9,780
VX182CW,880
VX182H4,495
VX242C1,550
VX242C3,495
VX242H4,495
VZ9100,1456
VZ9200,1456
VZ9400,1176
W051CA,1000
W051CE,840
W051CE1,1103
W051CM,1000
W051CS,840
W051CS1,1103
W05LCE,644
W05LCM,644
W07AU,419
W07LCE,419
W07LCM,419
W081C2,700
W081CE,528
W081CM,419
W081HE,420
W09AH,300
W09AU,300
W09AWN-NM14,608
W09LHE,297
W09TE,990
W09TI,855
W09UCM-CB61,300
W09UCM-CB63,300
W09UH,300
W09UHM-CB61,300
W101CM,419
W121CA,300
W121CE,300
W121CM,300
W122CE,300
W122CM,300
W122HE,285
W126AC,300
W126AH,297
W126BC,300
W12AH,300
W12AU,300
W12AWN-NM14,608
W12CKC,300
W12TE,855
W12TI,720
W12UCM-CB61,300
W12UHM-CB61,297
W136BC,300
W136BR,297
W13UH,192
W13UHM-MB61,192
W181EC,240
W181EH,240
W182AC,218
W182AH,218
W182BC,218
W182BF,218
W182BH,218
W182BR,218
W182CE,192
W182CM,176
W182EH,218
W186AC,216
W186AF,216
W186AH,216
W186BC,218
W186BF,218
W186BH,218
W186EC,216
W186GC,176
W186GF,176
W186GH,176
W18AU,218
W18AWN-N214,464
W18CKC,176
W18CMC,176
W18LH,176
W18TI,672
W18TMR,176
W18UCM-NB61,176
W18UH,176
W18UHM-NB61,176
W196BC,176
W196BF,176
W196BR,176
W1S1CVK22HS,44
W1S1CVK2EHF,44
W1S1CVK2EHN,44
W1S1CVK2EHS,44
W1S1CVK2RHS,44
W1S1CVK2THM,44
W1S1CVK2WHF,44
W1S1CVK2WHM,44
W1S1CVK2WHN,44
W1S1CVK2WHS,44
W1S1CVKK2HM,44
W1S1CVKKGHM,44
W1S1CVKKRHS,44
W22LH,176
W242AC,218
W242AH,218
W242BC,218
W242BF,218
W242BH,218
W242BR,218
W242CA,192
W242CE,192
W242CM,192
W242EC,218
W242EH,218
W246AC,176
W246AF,176
W246AH,176
W246BC,218
W246BF,218
W246BH,176
W246EC,216
W246GC,176
W246GF,176
W246GH,176
W24AWN-N214,464
W24CKC,176
W24CMC,176
W24TI,570
W28AWN-N214,464
W2DV507N0WS,212
W2DV707N1W,212
W2W8LVKK2HM,51
W2W8LVKKZHM,51
W3765SA2N21,2592
W3J5QN4WW,161
W3J5TN4L,159
W3J5WN3W,225
W3J7HM2W,211
W3MQ08UNNP1,360
W3MQ12LNNP1,240
W3NC051NRB2,1103
W3NC051NRB3,1103
W3NC06SNEE0,840
W3NC082NRE0,700
W3NC08GNKF0,419
W3NC08UNCE2,523
W3NC08UNCM2,523
W3NC10CNKF0,300
W3NC10LNCE2,300
W3NC10LNCM2,300
W3NC12CNKF0,300
W3NC12LNCE2,300
W3NC12LNCM2,300
W3NC15NNKF0,176
W3NC15TNCE2,192
W3NC18NNKF2,176
W3NC18TNCE2,192
W3NC24NNKF2,176
W3NC25TNCE2,192
W3NQ07RSAD0,493
W3NQ08UNNP1,408
W3NQ08UNNP2,306
W3NQ09RSAD0,493
W3NQ10UNMW2,408
W3NQ10UNNP0,360
W3NQ10UNNP1,408
W3NQ12LNNP1,255
W3NQ12RSAD0,312
W3NQ15LNNP0,240
W3NQ18RSAD0,195
W3NQ18TNNP0,192
W3NQ22TNNP0,192
W3NQ24RSAD0,195
W3P7CVK2EHM,44
W3P7CVK2ENS,44
W3P7CVK2EVS,44
W3P7CVK2TVS,44
W3P7CVK2WNS,44
W3P7CVK2WVS,44
W3P7CVKKGNS,44
W3P7CVKKGVS,44
W3P7CWKBTNM,44
W3P7CWKBTVM,44
W3P7CWKBWNM,44
W3P7CWKBWVM,44
W3S1CNK2EHS,44
W3S1CNK2WHS,44
W3S1CVK2EHM,44
W3S1CVK2EHS,44
W3S1CVK2ENS,44
W3S1CVK2EVS,44
W3S1CVK2NNS,42
W3S1CVK2NVS,42
W3S1CVK2RNS,44
W3S1CVK2RVS,44
W3S1CVK2THM,44
W3S1CVK2THS,44
W3S1CVK2TNS,44
W3S1CVK2TVS,44
W3S1CVK2WNS,44
W3S1CVK2WVS,44
W3S1CVKK1NS,44
W3S1CVKK1VS,44
W3S1CVKKGHM,44
W3S1CVKKGNS,44
W3S1CVKKGPS,44
W3S1CVKKGVS,44
W3S1CVKKRNS,44
W3S1CVKKRVS,44
W3S1CWKBTNM,44
W3S1CWKBTPM,44
W3S1CWKBTVM,44
W3S1CWKBWNM,44
W3S1CWKBWPM,44
W3S1CWKBWVM,44
W3S2CVK2EHM,42
W3S2CVK2ENS,42
W3S2CVK2EPS,42
W3S2CVK2EVS,42
W3S2CVK2TNS,42
W3S2CVK2TPS,42
W3S2CVK2WHM,42
W3S2CVKK1PS,42
W3S2CVKK1VS,42
W3S2CVKKGPS,42
W3S2CVKKGVS,42
W3S3CVK2ENS,42
W3S3CVK2EVS,42
W3S3CVKKNNS,42
W3S3CVKKNVS,42
W3S3CVKV3NS,42
W3S3CVKV3VS,42
W3W6CVK2EHM,42
W3W6CVK2WHM,42
W3W7CVK2ENS,42
W3W7CVK2EVS,42
W3W7CVKKNNS,42
W3W7CVKKNVS,42
W3W7CVKV3VS,42
W3W8RVKKWHM,51
W4DV709H1W,159
W4DV709H1WA,162
W4DV710S1W,162
W4NC05SNEAH,840
W4NC06GNKF5,419
W4NC18HSAA0,240
W4NC24HSAA0,213
W4NX08GNGE4,419
W4NX08GNKF4,419
W4NX1085NWB,162
W4NX1095NWB,162
W4NX12CNGED,300
W4NX12CNKFB,300
W4NX18HSAA0,240
W4NX18NNGFF,176
W4NX18NNKFB,176
W4NX24HSAA0,213
W4NX24NNGFD,176
W4NX24NNKFD,176
W4W8BVK2EHM,51
W4W8BVPK2HM,51
W4W8BVPKWHM,51
W4W8BVPKZHM,51
W4W8JVK2EHM,51
W4W8JVKK1HM,51
W4W8JVKK2HM,51
W4W8JVKKEHM,51
W4W8JVKKWHM,51
W4W8JVKKZHM,51
W4W8JVPKWHM,51
W4W8LVK2EHM,51
W4W8LVKK1HM,51
W4W8LVKK2HM,51
W4W8LVKKWHM,51
W4W8LVKKZHM,51
W4W8LVPK2HM,51
W4W8LVPK4HM,51
W4W8LVPKWHM,51
W4W8LVPKZHM,51
W4WB3095Y,161
W4WR32963,161
W4WR42966,161
W4WR508S0W,162
W4WR70961,161
W4WR7096Y,161
W4WR7096YB,161
W4WR70E61,161
W4WR70E6Y,161
W4WR70E6YB,161
W4WR70X61,161
W4WR70X6Y,161
W4WR70X6YB,161
W4WV408S1W,159
W4WV712S1W,150
W4WV75961,161
W4WV95X72B,161
W4X1085NMB,162
W4X1085NMK,161
W4X1085NWB,162
W4X1085NWH,162
W4X1085NWK,162
W4X1095NMB,159
W4X1095NMK,161
W4X1095NNK,161
W4X1095NWB,161
W4X1095NWK,162
W4X7016TBB,161
W4X7016TWB,161
W4X7016TWS,161
W4X7096TBB,161
W4X7516TBB,161
W4X7516TWS,161
W4X7537TWB,150
W4X7596TSB,161
W5J5QN4L,159
W5J5TN3W,159
W5J5TN4WW,159
W5J6AM0W,159
W5J6AM0WW,161
W5J6TG0W,159
W5J6TG1W,159
W5J6TN2W,161
W5J6TY1W,159
W5J6TY1WP,159
W5J6VN0WW,159
W822AAA152,24
W822AAA452,24
W822AAA462,24
W822GBB152,24
W822GBB452,24
W822GBB462,24
W822GPB152,24
W822GPB452,24
W822GPB462,24
W822MBG152,24
W822SGS152,24
W822SGS452,24
W822SGS462,24
W822SMS452,24
W823AAA172,24
W823AAA472,24
W823AAA482,24
W823GBB172,24
W823GBB472,24
W823GBB482,24
W823GTB172,24
W823SGS482,24
W823SKV472,24
W824AAA172,24
W824AAA472,24
W824AAA482,24
W824GBB172,24
W824GBB472,24
W824GBB482,24
W824SKV482,24
W825AAA182,24
W825AAA482,24
W825AAA492,24
W825GBB182,24
W825GBB492,24
W826AAA182,24
W826AAA482,24
W826AAA492,24
W826GBB182,24
W826GBB482,24
W826GBB492,24
W891202TC,159
W891252TC,159
W891402TC,159
W918002QP,159
W921002QP,159
W951406BC,150
W961236TC,159
W961236TT,159
W961246TC,159
W961246TT,159
W961436TC,159
W961436TT,159
W961446TC,159
W961446TT,159
W96H436TT,159
W96H43BTT,159
W96H446TT,159
W96H44BTT,159
WA81456FCS,150
WAD31UR2,1464
WAW33RW1R,660
WAW33RW1S,660
WAW33RW2RP,660
WAW53JW2RP,660
WAW73JR2RP,692
WAW73JW2RP,660
WAW73RR2RP,692
WB81006QP,159
WB81006QT,159
WB81056QT,159
WB81206QP,159
WB81206TP,159
WB81206TT,159
WB81256QP,159
WB81256TP,159
WB81256TT,159
WB81406G0P,159
WB8145G5P,159
WB91006QP,159
WB91006TT,159
WB91206QT,159
WBNB036AAA0,452
WBNB046BAA0,359
WBNB066CAA0,301
WBNB086DAA0,215
WBNB106EAA0,205
WBNB126FAA0,160
WBNB146GAA0,140
WBNC166HBA0,120
WBNC186JBA0,120
WBNC206KBA0,120
WBS040BP,1080
WC0632WHN,226
WC0632WHT,223
WC0864WH,150
WC1365WH,90
WC1408WH,90
WC1408XM,90
WC31002QP,161
WC31202QP,161
WC3H002QP,159
WC3H026QP,161
WC3H226QP,161
WC500B15,38880
WCC0642WH,223
WCC0805XM,161
WCD74GJ1P,500
WCEK6419S,84
WCEK6429S,84
WCEK7419S,84
WCES6428F,84
WCES6428N,84
WCEU6439X,84
WCEZ6428S,84
WD-035SW,144
WD-10112FD,150
WD-10120ND,211
WD-10121FD,150
WD-10121TD,159
WD-10122TD,159
WD-10127TD,159
WD-10130F,150
WD-10130FU,150
WD-10130N,211
WD-10130NU,211
WD-10130NUP,195
WD-10130T,159
WD-10130TUP,159
WD-10131N,211
WD-10131NU,211
WD-10132SP,265
WD-10132T,159
WD-10150FB,158
WD-10150NU,211
WD-10150NUV,211
WD-10150S,255
WD-10150SB,226
WD-10150SU,255
WD-10150TP,159
WD-10150TUP,159
WD-10154NP,223
WD-10154SP,265
WD-10154T,159
WD-10155FB,150
WD-10155N,211
WD-10155TP,159
WD-10158N,211
WD-10158NP,223
WD-10158TP,159
WD-10160F,150
WD-10160FU,158
WD-10160N,211
WD-10160NU,228
WD-10160NUV,228
WD-10160S,255
WD-10160SU,264
WD-10160SUV,264
WD-10160TUP,159
WD-10164NP,228
WD-10164SP,265
WD-10164TP,159
WD-10165F,150
WD-10170ND,211
WD-10170SD,255
WD-10170TD,159
WD-10175ND,211
WD-10175SD,255
WD-10180N,211
WD-10180NU,211
WD-10180S,255
WD-10180T,159
WD-10180TU,159
WD-10200ND,211
WD-10200SD,255
WD-10202TD,159
WD-10205ND,211
WD-10205SD,255
WD-10207TD,159
WD-1020W,158
WD-10210BD,90
WD-1021C,216
WD-1021FB,150
WD-1021W,150
WD-1021WF,150
WD-10220FD,150
WD-10225FD,150
WD-1022QD,159
WD-10230FB,158
WD-10230N,211
WD-10230NU,211
WD-10230T,159
WD-10230TU,159
WD-10234N,211
WD-10235FB,158
WD-10240F,150
WD-10240N,211
WD-10240T,159
WD-10260N,211
WD-10260T,159
WD-10264N,211
WD-10264NP,223
WD-10264SP,226
WD-10264T,159
WD-10264TP,159
WD-10302NP,195
WD-10302NUP,88
WD-10311FD,158
WD-10311FDK,158
WD-10316FD,150
WD-10316FDK,158
WD-10330ND,211
WD-10332TD,159
WD-10340ND,211
WD-10340NDK,211
WD-10342TD,159
WD-10350NDK,211
WD-10351TDK,159
WD-10355NDK,211
WD-10360ND,211
WD-10360NDK,211
WD-10360SD,265
WD-10360TD,159
WD-10361NDK,211
WD-10361TD,159
WD-10361TDK,159
WD-10362TD,159
WD-10380TB,159
WD-10390ND,211
WD-10390NDK,211
WD-10390SD,255
WD-10390TD,159
WD-10390TDK,159
WD-10391TD,159
WD-10391TDK,162
WD-10391TDP,159
WD-10392TD,159
WD-10395NDK,211
WD-10396TDK,159
WD-10397TDK,159
WD-10400NDK,211
WD-10400SDK,265
WD-10401TB,159
WD-10401TD,150
WD-10401TDK,159
WD-10405NDK,211
WD-10406TD,150
WD-10406TDK,159
WD-10407TB,159
WD-10467BD,90
WD-10480NP,211
WD-10480S,264
WD-10480SP,265
WD-10480TP,162
WD-10481N,228
WD-10481NP,223
WD-10481T,159
WD-10481TP,159
WD-10482N,228
WD-10484NP,223
WD-10485F,108
WD-10485NP,223
WD-10485TP,159
WD-10490N,228
WD-10490NP,211
WD-10490TP,159
WD-10495F,108
WD-1050FB,158
WD-1054FB,158
WD-1055F,150
WD-1055LDP,223
WD-1056FB,158
WD-10580BDK,90
WD-10582BD,90
WD-10582BDK,90
WD-10583BD,90
WD-10587BD,90
WD-10587BDK,90
WD-10588BD,90
WD-10588BDK,90
WD-10600,159
WD-10600SD,211
WD-10600SDS,225
WD-1060FD,158
WD-1061FD,150
WD-10650TP,159
WD-10651T,159
WD-10651TP,159
WD-10655TP,159
WD-10657T,159
WD-10657TP,159
WD-10657TX,159
WD-1065QDP,159
WD-1066LP,223
WD-1069BD2S,90
WD-1069BD3S,90
WD-10700MD,159
WD-10700MDS,159
WD-10701MD,159
WD-10701MDS,159
WD-1070QDP,159
WD-10721MDX,159
WD-1074FB,158
WD-10750SR,159
WD-10801TZ,159
WD-10807TXZ,159
WD-1080FD,158
WD-10810MD,159
WD-10810MDS,159
WD-10821MDX,159
WD-1090FB,158
WD-1095FB,158
WD-1096QDP3,159
WD-1096QDT,159
WD-10B6QDT,159
WD-10B7QDT,159
WD-10B8QD,159
WD-10B8QDT,159
WD-10BC3NDP,223
WD-10RFD,150
WD-11150FB,150
WD-11155FB,150
WD-11230FB,158
WD-11270BD,90
WD-11276RDK,90
WD-11390TDK,159
WD-11391TDK,159
WD-11401FB,150
WD-11401TB,159
WD-11581BDK,90
WD-11581BDP,90
WD-11588BD,90
WD-11588BDK,90
WD-11589BD,90
WD-11600,159
WD-1174FHB,150
WD-12031TD,159
WD-1203TD,159
WD-12060FD,90
WD-12082T,159
WD-12101FD,158
WD-1210RD,90
WD-1210RDSU,90
WD-12112FD,150
WD-12120FD,150
WD-12120ND,211
WD-12121FD,150
WD-12121TD,159
WD-12124RD,150
WD-12126RD,150
WD-1213FD,90
WD-12150FB,150
WD-12170ND,211
WD-12170SD,255
WD-12170TD,159
WD-12175ND,211
WD-12175SD,255
WD-12200ND,211
WD-12200SD,255
WD-12202TD,159
WD-12205ND,211
WD-12205SD,255
WD-12207TD,159
WD-12210BD,90
WD-12210RD,90
WD-12220BD,90
WD-12220FD,158
WD-12221TDZ,159
WD-12225FD,158
WD-12230FB,150
WD-12230TB,159
WD-12235FB,158
WD-12270BD,90
WD-12270RD,90
WD-12270RDK,90
WD-12271BD,90
WD-12271RD,90
WD-12271RDK,90
WD-12275BD,90
WD-12275RD,90
WD-12276BD,90
WD-12276RD,90
WD-12276RDK,90
WD-12311FD,150
WD-12311FDK,158
WD-12311RD,150
WD-12311RDK,150
WD-12312RD,150
WD-12313FDK,158
WD-12316RDK,150
WD-12317RD,150
WD-1231RD,158
WD-12320BD,90
WD-12320BDK,90
WD-12320RD,90
WD-12320RDK,90
WD-12325BD,90
WD-12325BDK,90
WD-12325RD,90
WD-12325RDK,90
WD-1232RDSW,90
WD-12330CDK,223
WD-12330CDP,211
WD-12331AD,159
WD-12331ADK,159
WD-12331CDP,211
WD-12331FDK,150
WD-12332TD,159
WD-12335ADK,159
WD-12336AD,159
WD-12336ADK,159
WD-12336CDK,223
WD-12336FD,150
WD-12336FDK,150
WD-12337FDK,150
WD-12340ND,211
WD-12340NDK,211
WD-12341TDK,159
WD-12342TD,159
WD-12345NDK,211
WD-12350NDK,211
WD-12351TDK,159
WD-12355NDK,211
WD-12360ND,211
WD-12360NDK,211
WD-12360SD,265
WD-12360TD,159
WD-12361NDK,211
WD-12361TDK,159
WD-12362TD,159
WD-12365NDK,211
WD-12367TDK,159
WD-12380TB,159
WD-12390ND,211
WD-12390NDK,223
WD-12390SD,211
WD-12390TDK,159
WD-12390TDP,159
WD-12391ND,211
WD-12391TD,159
WD-12391TDK,159
WD-12391TDP,159
WD-12391TDT,159
WD-12392TD,159
WD-12395ND,211
WD-12395NDK,211
WD-12395TDP,159
WD-12396TD,159
WD-12396TDK,159
WD-12396TDP,159
WD-12397TD,159
WD-12397TDK,159
WD-12400NDK,211
WD-12400SDK,265
WD-12401TB,159
WD-12401TDK,159
WD-12405NDK,211
WD-12406TDK,159
WD-12407TB,159
WD-12430RDG,90
WD-12431RD,90
WD-12436RD,90
WD-12437RD1,90
WD-1243F,158
WD-1243FB,158
WD-12470BD,90
WD-12470BDM,90
WD-12475BDM,90
WD-12475RD,90
WD-12476BD,90
WD-12476RD,90
WD-12477BDM,90
WD-12479RD,90
WD-1247ABD,90
WD-1247EBD,90
WD-1247ERD,90
WD-12480NP,223
WD-12480TP,159
WD-12481NP,223
WD-12481TP,159
WD-12482T,159
WD-12485T,159
WD-12485TP,159
WD-12490NP,211
WD-12490TP,159
WD-12495TP,159
WD-12499TP,159
WD-1250ARD,90
WD-1250BRD,90
WD-1250ERD,90
WD-1252RD7,90
WD-1255ARD,90
WD-1255BRD,90
WD-1255ERD,90
WD-1255FB,150
WD-1256FB,158
WD-12590BD,90
WD-12590RD,90
WD-12591BDK,90
WD-12593RD,90
WD-12595RD,90
WD-12596FW,90
WD-12596FWA,90
WD-12596RD,90
WD-12596RDA,90
WD-12596RW,90
WD-12596RWA,90
WD-12599RDS,90
WD-1260,90
WD-12600,159
WD-1260FD,158
WD-1261FD,150
WD-12650TP,159
WD-12651T,159
WD-12655TP,159
WD-12657TX,159
WD-12701TDP,159
WD-12702MD,159
WD-12702MDS,159
WD-12703MD,159
WD-12703MDS,159
WD-1270QDP,159
WD-1270QDT,159
WD-1270SL,226
WD-1271FB,150
WD-1274FB,158
WD-1274FHB,150
WD-1275QDT,159
WD-1279RDS7,90
WD-12801TZ,159
WD-12807TXZ,159
WD-1280FD,158
WD-1280QDP,161
WD-1280TD6,159
WD-1280TDP5,159
WD-12811MD,159
WD-12811MDS,159
WD-12839PD,159
WD-1286TDT,159
WD-1290FB,158
WD-1291LD,223
WD-1295FB,150
WD-12EW,90
WD-12MPAE,90
WD-12MPS,90
WD-12MRE,90
WD-12MRP,90
WD-12MRS,90
WD-12NBG,90
WD-12NBW,90
WD-12TPG,90
WD-12TPP,90
WD-13060FD,90
WD-13060RD,90
WD-13150FB,150
WD-13155FB,150
WD-13230FB,150
WD-13235FB,158
WD-1332RDS,90
WD-13380FB,150
WD-13401FB,150
WD-13401TB,159
WD-13436RD,90
WD-13436RDA,90
WD-13480TP,159
WD-13481TP,159
WD-13515BD,90
WD-13516RDA,90
WD-13517RD,90
WD-13519RD,90
WD-13519RDA,90
WD-13519RDB,90
WD-13600,159
WD-1376FHB,150
WD-13NEW,90
WD-13NSD,90
WD-13NW,90
WD-14030FDS,150
WD-14030RD,150
WD-14030RDB,150
WD-14030RDS,150
WD-14035RD,150
WD-1403AD5,159
WD-1403FD,159
WD-1403FDA,159
WD-1403RD,159
WD-1403RD5,159
WD-1403RDA,159
WD-1403RDA5,159
WD-1403TDS6,159
WD-1404TDS5,159
WD-1406FD,150
WD-1406FD5,150
WD-1406RD,150
WD-1406RD5,150
WD-14080FDS,150
WD-14080RDS,150
WD-14082RDS,150
WD-1409FD,150
WD-1409FDA,150
WD-1409RD,150
WD-1409RD5,150
WD-1409RDA,150
WD-1409RDA5,150
WD-1410RD,150
WD-1410RD5,150
WD-1410RDA,150
WD-1410RDA5,150
WD-1410TS,150
WD-14110FD,150
WD-14112FD,150
WD-14115FD,150
WD-14117FD,150
WD-14120FD,150
WD-14120RD,158
WD-14121FD,150
WD-14124RD,158
WD-14125RD,158
WD-14126RD,150
WD-14130GD,150
WD-14150TB,159
WD-14180FDS,150
WD-14220FD,158
WD-14223FD,150
WD-14225FD,158
WD-14230TB,159
WD-14310FD,158
WD-14311FD,158
WD-14311FDK,158
WD-14311RD,150
WD-14311RDK,150
WD-14312RD,150
WD-14312RDK,150
WD-14313FDK,158
WD-14316RD,150
WD-14316RDK,150
WD-14317RD,150
WD-14317RDK,150
WD-14318FDK,150
WD-14318RD,150
WD-14330AD,159
WD-14330ADK,159
WD-14330FD,150
WD-14330FDK,150
WD-14331AD,159
WD-14331ADK,159
WD-14331FDK,150
WD-14334ADK,159
WD-14336AD,159
WD-14336ADK,159
WD-14336FDK,150
WD-14337ADK,159
WD-14338ADK,108
WD-14340FD,150
WD-14341FD,150
WD-14342TD,159
WD-14350FDK,150
WD-14351FD,150
WD-14360TD,159
WD-14360TDK,159
WD-14361TD,159
WD-14365TD,159
WD-14366TDK,159
WD-14370FD,150
WD-14370FDM,150
WD-14370TD,159
WD-14375FD,150
WD-14375FDM,150
WD-14375TD,159
WD-14376FD,150
WD-14376FDM,150
WD-14376TD,159
WD-14377FD,150
WD-14377FDM,150
WD-14377TD,159
WD-14378FD,150
WD-14378TD,159
WD-14379FD,150
WD-14379TD,159
WD-1437EFD,150
WD-14380TB,159
WD-14390TDK,159
WD-14390TDP,159
WD-14391TD,159
WD-14391TDK,159
WD-14393TDP,159
WD-14396TDK,159
WD-14397TDK,159
WD-14400TB,159
WD-14401TB,159
WD-14401TDK,159
WD-14406TDK,159
WD-14440FDS,159
WD-14440RDS,150
WD-14440TDS,159
WD-14445FDS,150
WD-14445RDS,150
WD-14446FDS,150
WD-14480TP,159
WD-14481T,159
WD-14481TP,159
WD-14485T,159
WD-14490TP,159
WD-14570FD,150
WD-14570RD,150
WD-14575FD,150
WD-14575RD,150
WD-14576FD,150
WD-14576RD,150
WD-14577FD,150
WD-14579FD,150
WD-14579RD,150
WD-1457ARD,150
WD-1457ERD,150
WD-1460FD,158
WD-1465FD,158
WD-14660,159
WD-1466FD,150
WD-14701TDP,159
WD-14702MDS,159
WD-14703MDS,159
WD-14706TDP,159
WD-1475TDT,159
WD-14800MDS,159
WD-1480ADP,159
WD-1480ADP5,159
WD-1480FD,150
WD-1480FHD,150
WD-1480RD6,150
WD-1480RDS6,150
WD-1480TDT,159
WD-14831RD,150
WD-1484ADP,159
WD-1484FD,150
WD-1485ADP,159
WD-1485FD,158
WD-1485FHD,150
WD-1486ADP3,162
WD-1487TDS6,159
WD-1488TDS5,159
WD-14931RD,150
WD-1496QDP3,159
WD-1496TDP3,159
WD-1496VDP,159
WD-1496VDT,159
WD-14A8FD7,150
WD-14A8FDS5,150
WD-14A8RD5,150
WD-14A8RD7,150
WD-14A9RD,150
WD-15258FD,90
WD-15660,159
WD-16100FD,158
WD-16101FD,158
WD-16106FD,150
WD-16110FD,150
WD-16115FD,150
WD-16117FD,150
WD-16220FD,150
WD-16223FD,150
WD-16225FD,150
WD-1628RDS,150
WD-16330FDK,150
WD-16336FDK,150
WD-16340FDK,150
WD-16341FD,150
WD-16345FD,150
WD-16345FDK,150
WD-16346FD,150
WD-16351FD,150
WD-16391FDK,150
WD-16396FDK,150
WD-16420FDS,150
WD-1655FD,90
WD-1655FDS,90
WD-16600,159
WD-16NEB,90
WD-16NET,90
WD-16NEW,90
WD-1755RDS,90
WD-17DW,90
WD-18600,159
WD-18900B,90
WD-18DR,90
WD-20600,159
WD-20900,150
WD-21600,150
WD-22600,150
WD-23600,90
WD-282TP,159
WD-35600,90
WD-37600,90
WD-381TP,159
WD-382TP,159
WD-481TP,159
WD-482TP,159
WD-485TP,159
WD-65130F,150
WD-65130FU,150
WD-65150T,159
WD-65160NP,211
WD-708MW,159
WD-70MGS,226
WD-7777B,223
WD-7800,161
WD-8007CI,144
WD-80130F,150
WD-80130FU,158
WD-80130N,211
WD-80130NU,211
WD-80130T,159
WD-80130TUP,159
WD-80131N,211
WD-80131NU,211
WD-80150N,211
WD-80150NP,211
WD-80150NU,211
WD-80150NUV,211
WD-80150S,255
WD-80150SP,265
WD-80150SU,255
WD-80150SUP,226
WD-80150T,159
WD-80150TP,159
WD-80154NP,211
WD-80154SP,265
WD-80154TP,890
WD-80155N,211
WD-80155NU,211
WD-80155S,255
WD-80155SU,255
WD-80156N,211
WD-80156NU,211
WD-80156S,255
WD-80156SU,255
WD-80157N,211
WD-80157NU,211
WD-80157S,255
WD-80157SU,255
WD-80158N,211
WD-80158NP,223
WD-80158SP,265
WD-80158T,159
WD-80158TP,159
WD-80160F,150
WD-80160FU,158
WD-80160N,211
WD-80160NP,195
WD-80160NU,228
WD-80160NUP,228
WD-80160NUV,228
WD-80160S,255
WD-80160SU,255
WD-80160SUV,264
WD-80160TUP,159
WD-80164NP,228
WD-80164SP,265
WD-80180N,211
WD-80180NU,211
WD-80180S,255
WD-80180SU,255
WD-80180T,159
WD-80180TU,159
WD-80185N,211
WD-80185NU,211
WD-80185S,255
WD-80185SU,255
WD-80186N,211
WD-80186S,255
WD-80186SU,255
WD-80187N,211
WD-80187S,255
WD-80187SU,255
WD-8022C,252
WD-80230N,211
WD-80230NU,211
WD-80230T,159
WD-80230TU,159
WD-80240F,150
WD-80240N,211
WD-80240T,159
WD-80250N,211
WD-80250NU,211
WD-80250S,255
WD-80250SU,255
WD-80260N,211
WD-80260NP,211
WD-80260T,159
WD-80260TP,159
WD-80260TUP,159
WD-80263TP,159
WD-80264N,211
WD-80264NP,223
WD-80264SP,255
WD-80264T,159
WD-80264TP,159
WD-80291NP,211
WD-80291NUP,223
WD-80302NUP,211
WD-8030FB,158
WD-8030W,150
WD-8035TD,144
WD-80480S,264
WD-80480SP,265
WD-80481TP,159
WD-80484NP,223
WD-80485NP,223
WD-80490NP,223
WD-80490TP,159
WD-80495NP,144
WD-8054FB,158
WD-8056QD,159
WD-8066QP,159
WD-8068QD,159
WD-8074FHB,150
WD-8090FB,158
WD-80B9LD,223
WD-80B9LDT,223
WD-80BC3NT,223
WD-8600,159
WD-9003TD,159
WD-9010SJ,108
WD-90150FB,150
WD-90150TP,159
WD-90155FB,150
WD-90286BD,90
WD-90401TB,159
WD-90406TB,159
WD-90MGA,162
WD-9600,159
WD-9900TDS,159
WD-9990,159
WD-BABYLUV1,144
WD-BABYLUV5,144
WD-CD1006SM,150
WD-CD1014S,150
WD-CD1014SM,150
WD-CD1212W,90
WD-CD1307VM,90
WD-CD1412W,90
WD-CD7004WM,159
WD-CD8004WM,162
WD-CD906SM,150
WD-CD914W,150
WD-D1217RD6,90
WD-D17D6,90
WD-D2017DD,90
WD-E1212TD,90
WD-E52WP,223
WD-ED12W,90
WD-F069BD2S,90
WD-F069BD3S,90
WD-F14427D,150
WD-F1450B7S,150
WD-F1495BDS,150
WD-H069BD2S,90
WD-H069BD3S,90
WD-H0C7FD3S,56
WD-H14470DS,211
WD-H14477DS,211
WD-HD8912,159
WD-K1077TP,159
WD-K1087TP,108
WD-K1212RD6,90
WD-K8050TP,223
WD-K8065TP,159
WD-M069BD2S,90
WD-M1060D6,223
WD-M1070D6,159
WD-M1070TD,159
WD-M1275SD,159
WD-M1275TD,159
WD-M1280D6,159
WD-M1480AD6,161
WD-M8070TD,159
WD-M8861TD,223
WD-M8871TD,159
WD-MD350WM,144
WD-MD658,159
WD-MD7000WM,162
WD-MD7010DC,159
WD-MD7012S,159
WD-MD708DS,159
WD-MD7100WM,159
WD-MD7120WM,159
WD-MD7500WM,162
WD-MD750WM,159
WD-MD8000WM,162
WD-MD810,159
WD-MD8120WM,162
WD-N1213D6,90
WD-ND13WM,90
WD-P1280SD,159
WD-P1285FD,159
WD-P1410BRD,150
WD-P1410RD6,150
WD-P1411RD6,150
WD-P1481D6S,159
WD-PD8010,159
WD-PD8010M,159
WD-PD8010WM,159
WD-PD8012,159
WD-PD8012M,159
WD-PD8014S,159
WD-QH457C0H,150
WD-R1028UDS,90
WD-R12447DS,90
WD-R14487DS,84
WD-R16957DH,150
WD-R8012,159
WD-RH052D7S,90
WD-RH450B7H,150
WD-RH657C7H,102
WD-S105CV,150
WD-S105CW,150
WD-S105DW,150
WD-S105VCV,161
WD-S105VCW,162
WD-S105VDW,162
WD-S12EW,90
WD-S12GV,102
WD-S12GW,102
WD-S12MPAC,90
WD-S12MPCC,90
WD-S12MRCC,90
WD-S12SW,102
WD-S12TPPC,90
WD-S12TPR,90
WD-S1310B,51
WD-S1310GB,51
WD-S1310W,51
WD-S13B,102
WD-S13VAB,150
WD-S13VBW,150
WD-S13VCW,150
WD-S13VDW,150
WD-S13VEW,161
WD-S13W,102
WD-S13XDW,161
WD-S13XW,150
WD-S15DWD,90
WD-S15NDB,108
WD-S15NW,108
WD-S15TBB,94
WD-S15TBD,94
WD-S15TBW,94
WD-S15TCD,94
WD-S15TG,90
WD-S15TRC,90
WD-S16VBD,90
WD-S17DVD,90
WD-S17NBW,90
WD-S17NRW,90
WD-S17VBD,90
WD-S17VTV,90
WD-S17VTVD,90
WD-S18NDB,94
WD-S18NW,94
WD-S18VBD,90
WD-S18VBW,90
WD-S18VCD,90
WD-S18VCM,90
WD-S18VCW,90
WD-S18VZB,90
WD-S1916BE,42
WD-S1916JGB,42
WD-S1916VM,42
WD-S1916W,42
WD-S19TVC,90
WD-S19TVD,90
WD-S19VBS,90
WD-S19VBW,90
WD-S90TCS,162
WD-S90TCW,162
WD-S90VDS,162
WD-S90VDW,162
WD-SR1212AC,90
WD-SR1310M,90
WD-SR1709VM,90
WD-T1212MRD,90
WD-T1212PRD,90
WD10020D,159
WD100CB,252
WD100CK,252
WD100CV,252
WD100CVA,252
WD100CW,252
WD1013NDE,90
WD1013NDW,90
WD1013RD7,90
WD1013RDA7,90
WD1014RD7,90
WD1014RDA7,90
WD1014RW,90
WD1014RWA,90
WD10396ND,225
WD10490C,159
WD10SB6,161
WD10SE6,161
WD10VVC4S6C,162
WD10WB6,161
WD10WVC4S6,162
WD11020D,159
WD11020D1,159
WD110MN,1540
WD112AN,840
WD112ANS,840
WD11614GBB,162
WD11DBS6,150
WD11DBS6D,150
WD11EBS6,150
WD11EBS6D,150
WD11PVC3S6,162
WD11SB6D,150
WD11SB6DA,150
WD11VBS6,150
WD11VCS6,150
WD11VCS6A,150
WD11VVC3S6C,162
WD11WB4S6,150
WD11WBS6,150
WD11WBS6D,150
WD11WCS6,150
WD11WCS6A,150
WD11WDS6,150
WD11WVC3S6,162
WD1200D,161
WD12020D,159
WD12021D6,161
WD1207NCW,159
WD1207ND,159
WD1208TC4W,150
WD1216HTE,84
WD12317RDK,150
WD1245RDS,150
WD1247RDS,150
WD12490FD,90
WD12495FD,90
WD1252RD,90
WD1252RDA,90
WD1252RW,90
WD1252RWA,90
WD12570FD,90
WD12576FD,90
WD12590D6,90
WD12595D6,90
WD12595FD6,90
WD1275A1,211
WD1275ND,159
WD1275TC5W,159
WD12A9,159
WD12BVC2S6C,162
WD12BVC4S6,162
WD12MVC5S6,162
WD12PVC3S6C,162
WD12SB6,150
WD12SB6D,150
WD12VCS6,150
WD12VVC3S6C,162
WD12VVC4S6C,162
WD12VVC4S6S,162
WD12VVC5S6C,162
WD12WTS6,102
WD12WVC4S6,162
WD12WVC5S6,162
WD13020D,159
WD13020D1,159
WD13050SD,90
WD1316AD7,90
WD1316ADA7,90
WD13436RN,90
WD13436RNA,90
WD1351RD,90
WD1357RD,90
WD13BVC2S6C,150
WD13MVC4S6,150
WD13VCS6,102
WD14022D6,161
WD14023D6,159
WD14024D6,150
WD1402CRD6,161
WD14030D,150
WD14030D6,150
WD14030FD,150
WD14030FD6,150
WD14030RD,150
WD14030RD6,150
WD14030SD,150
WD14039D,150
WD14039D6,150
WD14060D6,150
WD14060SD6,150
WD14070D6,150
WD14070SD6,150
WD14071SD6,150
WD1408NCW,150
WD1408NPW,150
WD1409HPW,150
WD1409NCE,150
WD1409NCW,150
WD1409NPE,150
WD1409NPW,150
WD1409SPE,150
WD1410SBW,150
WD1411RW,150
WD1411RWA,150
WD1411SBW,150
WD1412RT,150
WD1412RT5,150
WD1412RTA,150
WD1412RTA5,150
WD14130D6,150
WD14130FD6,150
WD14130RD6,150
WD14135D6,150
WD1451RD,90
WD1457RD,90
WD1468TDP,159
WD1471RD,90
WD1475NCW,159
WD1475NPW,161
WD1475TC5W,161
WD1477RD,90
WD1481TDP,159
WD1496ADP,159
WD1496ADPA,159
WD14BVC2S6,161
WD14BVC2S6C,161
WD14EGS62,94
WD14EGS62A,94
WD14MVC4S6,161
WD14PVC4S6C,161
WD14VV3S6C,161
WD14VVC4S6,161
WD14VVC4S6C,161
WD14WGSP6,94
WD14WGSP6A,94
WD14WVC4S6,161
WD1571RD,90
WD1577RD,90
WD15BG2S,94
WD15DG2S6,94
WD15DG6,90
WD15DGS6,90
WD15EBNTSPG,108
WD15EG2S,94
WD15EGNTSPG,108
WD15EGS6,90
WD15EGS62,94
WD15GNTS6B,108
WD15GNTS6BA,108
WD15SG2S6,94
WD15SGS6,90
WD15WG2S6P,94
WD15WG2SP,94
WD15WGS6,90
WD1610NSW,102
WD1611SMW2,102
WD16BG2S6,94
WD16DG2S6,94
WD16EBNT6PC,94
WD16EG2S6,94
WD16EGNT6PC,108
WD16EGNTS6P,108
WD16EWNT6PC,108
WD16EWNTS6P,108
WD16GNTS6B,94
WD16GNTS6BA,94
WD16MG2S6P,94
WD16SG2S6,94
WD16WG2S6,94
WD16WG2S6P,94
WD16WNTS6B,94
WD16WNTS6BA,94
WD17BV2S6B,90
WD17BV2S6BA,90
WD17SV2S6B,90
WD17SV2S6BA,90
WD17VTS6,84
WD17VTS6A,84
WD17VVS6,90
WD17VVS6A,90
WD1873RDS,90
WD1873RDW,90
WD18BV2S6B,90
WD18BV2S6BA,90
WD18EGNTSPG,94
WD18GNTS6B,94
WD18GNTS6BA,94
WD18SV2S6B,90
WD18SV2S6BA,90
WD18WN6,90
WD200CV,168
WD200CW,140
WD205CK,140
WD20EBNTSPG,94
WD20EGNT6PC,94
WD20EGNTS6P,94
WD20EGNTSPG,94
WD20EWNT6PC,94
WD20EWNTS6P,94
WD20VV2S6,90
WD20VV2S6R,90
WD20VVS6,90
WD20WV26R,90
WD20WV2S6,90
WD20WVS6,90
WD2100BM,240
WD2100CB,240
WD2100CBA,240
WD2100CW,240
WD2100CWA,240
WD2100PM,240
WD2100VM,240
WD2100VMA,240
WD2100WM,240
WD210AN,965
WD210MN,965
WD216AN,940
WD22BV2S6,90
WD22BV2S6B,90
WD22BV2S6BR,90
WD22BV2S6GR,90
WD22BV2S6R,90
WD22RV2S6,90
WD22VTS6,84
WD22VTS6M,48
WD22VV2S6,90
WD22VV2S6B,90
WD22VV2S6BR,90
WD22VV2S6R,90
WD22VVS6,90
WD22WV26R,90
WD22WV2S6,90
WD2500BW,225
WD2500BWA,225
WD2500CS,225
WD2500CSA,225
WD2500CW,225
WD2500VM,225
WD25GVKF0,426
WD261VKF0,426
WD300CA,252
WD300CL,252
WD300CW,252
WD3250HSA,90
WD3250HWA,90
WD405CS,140
WD4370HVA,90
WD511AN,840
WD511AS,840
WD512AN,840
WD512ANS,840
WD515AN,840
WD515ANS,840
WD516AN,940
WD516ANWS,940
WD518AN,940
WD518ANWS,940
WD551206RC,90
WD551276RC,90
WD551276RCS,90
WD55H206RCS,90
WD55H276RCS,90
WD581202RC,90
WD581242RC,90
WD6-10760SR,161
WD6-10785SR,161
WD6-12149DS,90
WD6-12795SR,159
WD6-12880SR,159
WD6-12885SR,161
WD6-12890SR,161
WD6-12895SR,161
WD6-14129SR,150
WD6-14995SR,150
WD60J6WY1W,225
WD62J6WY1W,225
WD6G1H2N1C,158
WD6G1H6N1C,102
WD72V3HY4W,211
WD801202CP,223
WD90VVC4S6,212
WD90WVC4S6,212
WD951606RCH,150
WD951676RCH,150
WD95H606RCH,150
WD95H676RCH,150
WD961436AP,159
WD961446AP,159
WD991276RCS,90
WD991276RCT,90
WD9DBS6,162
WD9MVC4S6,212
WD9PVC4S6,212
WD9WB6,161
WD9WE6,161
WD9WE6A,161
WD9WVC4S6,212
WDA0090Y1R,1800
WDA0090Y1S,2520
WDA0090Y2S,2520
WDA0090Y3S,2520
WDA0090Y4S,2520
WDA0110Y1R,1800
WDA0110Y2R,1800
WDA0110Y2S,2520
WDA0110Y3R,1800
WDA0110Y3S,2520
WDA0110Y4S,2520
WDA0130Y2R,1800
WDA0160Y1S,2520
WDA0160Y2S,5760
WDA0160Y3S,2520
WDA0190Y1R,1800
WDA0190Y1S,2520
WDA0190Y2S,5760
WDA0190Y3S,2520
WDA0190Y4S,2520
WDA066X06,8640
WDA81406RC,150
WDA81406YC,150
WDA81456RC,150
WDA81456YC,150
WDB0300Y1M,3200
WDB0300Y2M,3200
WDB0400Y1M,3200
WDC0110Y4R,1800
WDC0110Y4S,2520
WDC0130Y1M,3200
WDC0150Y1M,3200
WDC0160Y2R,1800
WDC0160Y2S,2520
WDC0300Y1M,3200
WDC1215HSVE,90
WDC1409HCW,150
WDC1475NCW,159
WDC246Y01,2520
WDC246Y01R,2160
WDC266C01,2520
WDC266C01R,4320
WDC266C02,2520
WDC266C02R,4320
WDC266C03R,5760
WDC266C04R,1800
WDC9H067HTS,84
WDD16431RD,90
WDD16511RDS,90
WDD16515BD,90
WDD16516RDS,90
WDD16517BD,90
WDD16519RDS,90
WDD17436RD,90
WDD71H02KC,90
WDD71H62KC,90
WDE13599RDS,90
WDE13890RD,90
WDE13896RD,90
WDEK9419S,64
WDEK9429S,64
WDEP9421S,64
WDEP9423D,64
WDEP9427D,64
WDEP9427F,64
WDES9427F,64
WDES9428F,64
WDES9428N,64
WDF61206RCS,90
WDF61276RCS,90
WDFH053D7SW,42
WDFH457C0SW,45
WDGH457C0SW,45
WDJ7141WTHP,161
WDJ7148STHP,161
WDJ8142SDJH,150
WDJ8142SFHP,150
WDJ8142SJHP,150
WDJ8142WDJH,150
WDJ8142WFHP,150
WDJ8142WJHP,150
WDJ9142TJHP,150
WDK1102TRHC,90
WDK1102WRHC,90
WDK2102TRHC,90
WDK2102WRHC,90
WDK2105TPHC,90
WDK2105WPHC,90
WDL91H02PN,94
WDL91H62PN,94
WDM1196ADP,161
WDM1196TDP,159
WDM1306RDSW,90
WDN12515BD,90
WDN12580BD,90
WDN1508GRP,108
WDN1508WRP,108
WDN15586BD,90
WDN1653BS,90
WDN1753BS,90
WDN1810GRP,94
WDN1810WRP,94
WDN2010GRP,94
WDN2010WRP,94
WDP1103RD,150
WDP1103RD5,150
WDP1103RD9,150
WDP1103TD,150
WDP1103TD5,150
WDP1106RD,150
WDP1106RD5,150
WDP1145RD,150
WDP1204RD1,150
WDP1204RD5,150
WDP1204RD9,150
WDP3V,270
WDP3W,270
WDP4B,270
WDP4K,450
WDP4R,270
WDP4S,270
WDP4V,270
WDP4W,270
WDP5EG,210
WDP5EW,225
WDP5K,168
WDP5S,225
WDP5W,225
WDP6E,270
WDP6L,270
WDP6M,270
WDP8504RD,159
WDP8B,168
WDP8S,168
WDPS1B,630
WDPS1W,630
WDR1307BWP,161
WDR1307PBP,161
WDRH053D7HW,48
WDRH657A0PW,90
WDRH657C7HW,48
WDT1210RDSU,90
WDT1411RDSU,90
WDT1652BDS,90
WDU11426JCH,159
WDU1H426JCH,150
WDU1H466JCH,150
WDU21406TPH,159
WDU21456TPH,159
WDV1260BRP,161
WDV1260WRP,161
WDV1901SRV,90
WDV1902WRV,90
WDV2101BRV,90
WDV2102WRV,90
WDV5148SGP,211
WDV5149SRP,162
WDV5149SVP,161
WDV5149WVP,162
WDV9142BRP,162
WDV9142WRP,162
WE17067NK1,252
WF-1001STH,102
WF-1006MW,144
WF-1007MW,102
WF-109G,114
WF-109MG,114
WF-109W,114
WF-110G,114
WF-114WG,114
WF-115WG,114
WF-116WG,114
WF-119WG,114
WF-1206C4W,144
WF-1206C5W,144
WF-1207C4W,144
WF-1207MW,102
WF-1208C4W,102
WF-129SG,102
WF-139PG,102
WF-1407MW,102
WF-1408C3W,102
WF-145WG,102
WF-1505AP1,108
WF-154SG,102
WF-155WG,102
WF-159RG,102
WF-422SPP,239
WF-5226TPP,239
WF-5443TPP,239
WF-5573TTP,252
WF-55WLA,252
WF-55WSB,235
WF-5745SPM,225
WF-660,235
WF-6743TPP,237
WF-6756TPP,237
WF-6871TPM,225
WF-6872TPP,237
WF-6872TTP,237
WF-70WPA,160
WF-759W,235
WF-7871TTP,237
WF-7872TTP,237
WF-9501TPT,114
WF-A1000TC,114
WF-A1013BC,114
WF-A791TC,235
WF-C1206C4W,144
WF-C1206PW,144
WF-C1207C3W,144
WF-C132B,102
WF-C142B,102
WF-C55SW,252
WF-C75SW,160
WF-CL1000,114
WF-CL700,160
WF-CL700DI,235
WF-CL750,160
WF-CL850,114
WF-CN1408MW,102
WF-CT1206PW,144
WF-CT1408MW,102
WF-CTP1207P,144
WF-D100J,114
WF-D100M,114
WF-D1017DD,114
WF-D1017DDD,114
WF-D1019DD,114
WF-D105V,114
WF-D110J,114
WF-D110M,114
WF-D110S,114
WF-D1117DD,114
WF-D1119DD,114
WF-D120S,114
WF-D120V,102
WF-D1217DD,114
WF-D1217SD,114
WF-D1219DD,114
WF-D140S,102
WF-D1417DD,102
WF-D1417DDD,102
WF-D1517HD,102
WF-D160V,102
WF-D1617DD,102
WF-D1617SD,102
WF-D1717HD,102
WF-D2017DD,90
WF-D2017HD,90
WF-D70VBA,152
WF-D80VBA,152
WF-D850J,152
WF-D850M,152
WF-D8527DD,152
WF-D9017DD,152
WF-D90PS,150
WF-D90PW,150
WF-DT90PW,150
WF-DT90TW,150
WF-DT90VW,150
WF-F5205PCP,239
WF-F5605PP,237
WF-F5700PPK,239
WF-F7608PH,114
WF-H140GS,102
WF-H8000,160
WF-HD100FS,114
WF-HD100WM,114
WF-HD105GV,102
WF-HD110GV,114
WF-HD110SF,114
WF-HD120S,114
WF-HD130GV,102
WF-HD150FS,102
WF-HD160GV,102
WF-HD200GV,90
WF-HD850WM,152
WF-HD85FS,152
WF-HD90FS,152
WF-HD950GV,114
WF-HF105S,114
WF-HF125GP,102
WF-HF150GP,102
WF-HF800GP,160
WF-HF950GP,114
WF-HX110BW,102
WF-HX120GV,102
WF-HX130V,102
WF-HX140GV,102
WF-HX150V,102
WF-HX170GV,102
WF-HX200GV,90
WF-HXB110FS,102
WF-J50SW,252
WF-L100TC,114
WF-L700TC,235
WF-L701TC,235
WF-L705TC,235
WF-L777TC,160
WF-L805TC,160
WF-N1006MW,144
WF-N1007MW,102
WF-N1206MW,144
WF-N1208MW,102
WF-N1408MW,102
WF-N7035DN,160
WF-N7065DN,160
WF-NP1006MW,144
WF-NP1007MW,102
WF-NP1206MW,144
WF-S100DB,114
WF-S1015DB,114
WF-S1015MS,114
WF-S1015TT,114
WF-S1017SF,114
WF-S1017TT,114
WF-S10CR,102
WF-S1100C,102
WF-S1100CP,102
WF-S1100CR,102
WF-S110S,102
WF-S110V,114
WF-S120V,114
WF-S1215TT,102
WF-S1317TT,102
WF-S13D6,102
WF-S1408PS,102
WF-S14D6,102
WF-S150S,102
WF-S150V,102
WF-S16D6,102
WF-S170V,102
WF-S20D6,90
WF-S5204PPP,239
WF-S5207PC,239
WF-S5600PP,237
WF-S5605PH,237
WF-S5605PP,237
WF-S5605PPZ,237
WF-S5607PCT,235
WF-S5607PHT,235
WF-S5607PPT,235
WF-S5700PPK,239
WF-S6207TPK,239
WF-S6517TH,160
WF-S6562DN,160
WF-S6605TP,237
WF-S6702PP,239
WF-S7001CM,235
WF-S7608PH,114
WF-S8001CM,160
WF-S850CP,160
WF-S850CR,160
WF-S8617TP,114
WF-S8618TP,114
WF-S8619TP,108
WF-S900BW,114
WF-S90D6,152
WF-S9505CM,114
WF-S950C,114
WF-S950CF,114
WF-S950CP,114
WF-S950CR,114
WF-SA12HD6,102
WF-SA15HD6,102
WF-SA17HD6,102
WF-SA20HD6,90
WF-SLIM360,144
WF-SP105G,102
WF-SP120G,102
WF-SP700MF,235
WF-SP75W,235
WF-SP800MF,160
WF-SP80S,160
WF-SP900W,114
WF-SP90S,160
WF-SP950G,114
WF-ST1408PS,102
WF-ST1408ZW,211
WF-ST1410UW,150
WF-T1008TP,102
WF-T1009TP,102
WF-T1011TP,114
WF-T1012TP,114
WF-T1021TP,114
WF-T1022TP,114
WF-T1022TPS,102
WF-T1022TPX,102
WF-T1040TP,114
WF-T1043TP,114
WF-T1050TP,114
WF-T1052TP,114
WF-T1053TP,114
WF-T1054MJ,114
WF-T1054TP,114
WF-T1063TP,114
WF-T1064TP,114
WF-T1081TP,102
WF-T1102TP,114
WF-T1103TP,114
WF-T1105DP,102
WF-T1106LGT,102
WF-T1106TP,114
WF-T1107TP,114
WF-T1108TP,102
WF-T1109TP,102
WF-T110STG,114
WF-T1163TP,114
WF-T1164TP,114
WF-T1165TP,114
WF-T1166TP,114
WF-T1201TP,102
WF-T1206KW,144
WF-T1206MW,144
WF-T1206TP,102
WF-T1207KW,144
WF-T1207MW,144
WF-T1207TP,102
WF-T1210RTG,102
WF-T1210STG,102
WF-T1210TP,114
WF-T1246TP,102
WF-T1262TP,114
WF-T12C61EH,102
WF-T1303TP,102
WF-T1305TP,102
WF-T1340TP,102
WF-T1350TP,102
WF-T1363TP,102
WF-T1364TP,102
WF-T1402TP,102
WF-T1404TP,102
WF-T1407TP,102
WF-T1475TD,102
WF-T1475TH,102
WF-T1503TP,102
WF-T1504TP,102
WF-T1510PBK,102
WF-T1563TP,102
WF-T1564TP,102
WF-T1570TD,102
WF-T1668TP,102
WF-T1669TP,102
WF-T507,160
WF-T5102PH,237
WF-T556,160
WF-T6005TP,237
WF-T6009PC,160
WF-T6010PD,160
WF-T6105TFK,237
WF-T6504TP,237
WF-T6507TP,237
WF-T6510TD,160
WF-T6517TCT,160
WF-T6517TFZ,160
WF-T6518TDT,160
WF-T6530TD,160
WF-T6560CD,235
WF-T6560CP,235
WF-T6560CT,235
WF-T6560NT,235
WF-T657,108
WF-T6571,108
WF-T6572,114
WF-T6605TPZ,237
WF-T6607TCT,237
WF-T6608TCT,160
WF-T7003TP,225
WF-T7005TP,235
WF-T7008TP,235
WF-T7010TP,225
WF-T7011TP,160
WF-T7012TP,160
WF-T7021TP,237
WF-T7051VD,235
WF-T7056VD,160
WF-T7062DN,160
WF-T7064,114
WF-T7066MN,160
WF-T7070CP,160
WF-T7070CT,160
WF-T7070SW,235
WF-T70SF,114
WF-T7500TP,237
WF-T7502TPP,237
WF-T7503TP,237
WF-T7508PP,108
WF-T7510TD,160
WF-T7512FN,120
WF-T7514HS,160
WF-T7516HN,120
WF-T7516LN,160
WF-T7516MN,120
WF-T7520TD,160
WF-T7530TD,160
WF-T7553TP,225
WF-T7554TP,225
WF-T756SPG,160
WF-T756SPW,160
WF-T756STG,160
WF-T7871TPP,237
WF-T800SPW,160
WF-T8010TD,160
WF-T8014HN,160
WF-T8014HS,160
WF-T8018LN,120
WF-T8018LS,120
WF-T8019QS,114
WF-T8019QV,114
WF-T8019TP,108
WF-T8030TD,160
WF-T8062TP,237
WF-T8063RTP,225
WF-T8063TP,225
WF-T8064,114
WF-T8064TP,225
WF-T810SPG,160
WF-T810SPT,160
WF-T810STG,160
WF-T8501VC,235
WF-T850JH,160
WF-T8510TP,114
WF-T8517TCT,114
WF-T8517TPT,114
WF-T8519PS,1660
WF-T8519PV,114
WF-T8519TP,114
WF-T8530TD,114
WF-T8582,102
WF-T8617TP,114
WF-T8619TP,108
WF-T9000TEC,114
WF-T9010TD,108
WF-T9017CP,114
WF-T9017DI,114
WF-T9030TD,114
WF-T906STG,114
WF0580WH,223
WF0610HWH,226
WF0610WH,223
WF0710WHN,223
WF0712MB,226
WF0712WH,226
WF0810HSLV,159
WF0810SL,159
WF0810SLV,159
WF0810WH,159
WF0810WHN,162
WF0812HSL,159
WF0812HWH,159
WF0812SL,159
WF0812WH,159
WF0814MB,161
WF0914MB,161
WF0914WH,150
WF0914WHT,150
WF0914XM,150
WF10014WB,162
WF10114GBB,162
WF10114WBW,162
WF10214GBB,162
WF11114WBB,162
WF11114WBW,162
WF11214GBB,162
WF1310WHT,94
WF1310XMT,94
WF13314GBC,161
WF13314WBC,161
WF1510WHT,94
WF1510XMT,94
WF16210WB,94
WF1711WHT,90
WF1711XMT,90
WF1A008C201,440
WF1A008C2T1,440
WF1A008L203,440
WF1A008L2TA,440
WF1A008R201,440
WF1A008R203,440
WF1A008R2T1,440
WF1A008R2TA,440
WF1A009C201,440
WF1A009C2T1,440
WF1A009L203,440
WF1A009L2TA,440
WF1A009R201,440
WF1A009R203,440
WF1A009R2TA,440
WF1A011C201,320
WF1A011C2T1,320
WF1A011L203,320
WF1A011L2TA,320
WF1A011R201,320
WF1A011R203,320
WF1A011R2TA,320
WF1A013C201,320
WF1A013C2T1,320
WF1A013L203,320
WF1A013L2TA,320
WF1A013R201,320
WF1A013R203,320
WF1A013R2TA,320
WF2111BST,90
WF2111XMT,90
WF2A011C201,384
WF2A011C2T1,384
WF2A013C201,384
WF2A013C2T1,384
WF3580SL,144
WF3580WP,144
WF4A006C203,486
WF4A006C2TA,486
WF4A007C203,486
WF4A007C2TA,486
WF4A009C203,486
WF4A009C2TA,486
WF4A012C201,432
WF4A012C203,432
WF4A012C2T1,432
WF4A018CG0A,486
WF4A019C201,234
WF4A019C203,234
WF4A019C2T1,234
WF4A019C2TA,234
WF4A021C201,234
WF4A021C203,234
WF4A021C2T1,234
WF4A021C2TA,234
WF4A025C201,182
WF4A025C203,208
WF4A025C2T1,182
WF4A025C2TA,208
WF4A027CG0A,486
WF4A031C201,182
WF4A031C203,208
WF4A031C2T1,182
WF4A031C2TA,208
WF4A032CG0A,486
WF4A041C203,182
WF4A041C2TA,182
WF4A041CG0A,432
WF4A060CG0A,234
WF4A072CG0A,234
WF4A090CG0A,208
WF4A105CG0A,208
WF4A130CG0A,182
WF761,160
WF9014WB,162
WF9014WW,162
WF9114GBB,162
WF9214GBB,162
WFB0914WH,161
WFB0914XM,161
WFC0612WH,223
WFC0712XM,161
WFC0814WH,161
WFC0814XM,161
WFC1112ET,114
WFCA005R203,300
WFCA005R2TA,300
WFCA006R203,300
WFCA006R2TA,300
WFCA007R203,300
WFCA007R2TA,300
WFCA008R203,300
WFCA008R2TA,300
WFCA009R203,240
WFCA009R2TA,240
WFCA012RG0A,300
WFCA013R203,240
WFCA013R2TA,240
WFCA018R203,240
WFCA018R2TA,240
WFCA018RG0A,300
WFCA025RG0A,300
WFCA032RG0A,300
WFCA039RG0A,240
WFCA055RG0A,240
WFCA066RG0A,240
WFCB017L203,224
WFCB017L2TA,224
WFCB017R203,224
WFCB017R2TA,224
WFCB020L203,224
WFCB020L2TA,224
WFCB020R203,224
WFCB020R2TA,224
WFCB025L203,168
WFCB025L2TA,168
WFCB025R203,168
WFCB025R2TA,168
WFCB030L203,168
WFCB030L2TA,168
WFCB030R203,168
WFCB030R2TA,168
WFCB034L203,168
WFCB034L2TA,168
WFCB034R203,168
WFCB034R2TA,168
WFCB039L203,144
WFCB039L2TA,144
WFCB039R203,144
WFCB039R2TA,144
WFCB044L203,144
WFCB044L2TA,144
WFCB044R203,144
WFCB044R2TA,144
WFCB056LG0A,224
WFCB056RG0A,224
WFCB066LG0A,224
WFCB066RG0A,224
WFCB090LG0A,168
WFCB090RG0A,168
WFCB100LG0A,168
WFCB100RG0A,168
WFCB109LG0A,168
WFCB109RG0A,168
WFCB127LG0A,144
WFCB127RG0A,144
WFCB140LG0A,144
WFCB140RG0A,144
WFF0814MB,162
WFF0814WH,162
WFF0914MB,162
WFF0914WH,162
WFN1310BST,108
WFN1310WHT,108
WFN1510BST,108
WFN1510WHT,108
WFN2010BST,94
WFN2010WHT,94
WFP0712WH,161
WFP0814WH,161
WFP510WH,226
WFP55A01DPT,235
WFP70A37EPT,114
WFP710HWHT,161
WFP710WHT,159
WFP90A37EPT,102
WFR1114MB,162
WFR1114WH,162
WFS0814WHN,162
WFS0914WH,150
WFS0914WHN,161
WFS0914XM,150
WFS0914XMN,161
WFS0938EPD,152
WFS0948EPD,152
WFS1114WHN,150
WFS1114XMN,150
WFS1134ET,114
WFS1208ETD,114
WFS1238ETD,114
WFS1248ETD,114
WFS1258EPD,102
WFS1258ETD,102
WFS1259ET,114
WFS1308ETD,114
WFS1318EPD,102
WFS1334ET,102
WFS1337EPD,102
WFS1338EPD,102
WFS1338ETD,114
WFS1357EPD,102
WFS1358EPD,102
WFS14110WB,108
WFS1434ET,102
WFS1434ETK,102
WFS1438EPD,102
WFS1439EPD,102
WFS1439NHD,114
WFS1459EPD,102
WFS1534EK,102
WFS1537EK,102
WFS1538EKD,102
WFS1558EKD,102
WFS1559ET,102
WFS1634EK,102
WFS1637EK,102
WFS1638EKD,102
WFS1658EKD,102
WFS1718EKD,102
WFS1719ET,102
WFS1728EKD,102
WFS1738EKD,102
WFS1739EKD,102
WFS1739NHD,102
WFS1758EKD,102
WFS1759EKD,102
WFS1759ET,102
WFS1818EKD,102
WFS1828EKD,102
WFS1838EKD,102
WFS1918EKD,102
WFS1919EKD,102
WFS1938EKD,102
WFS1939EKD,102
WFS1939NHD,102
WFS1959EKD,102
WFS2018EKD,90
WFS2028EKD,90
WFS2038EKD,90
WFS2118EKD,90
WFS2138EKD,90
WFS2139EKD,90
WFS65A01ACT,235
WFS65A01AHT,235
WFS65A01APT,235
WFS65A01DCT,235
WFS70A01ECT,160
WFS8014WB,212
WFS8014WW,212
WFS8114GBB,212
WFS8214GBB,226
WFS9014WW,212
WFSL1132ET,114
WFSL1332ET,102
WFSL1332ETY,102
WFSL1432EK,102
WFSL1432ET,102
WFSL1432ETK,102
WFSL1442EK,102
WFSL1532EK,102
WFSL1533EK,102
WFSL1542EK,102
WFSL1562EK,102
WFSL1632EK,102
WFSL1642EK,102
WFSL1662EK,102
WFSL1732EK,102
WFSL1742EK,102
WFSL1762EK,102
WFT0814WH,161
WFT1000,102
WFT1001,102
WFT1001TEPT,102
WFT1011,114
WFT1015,114
WFT1061DD,114
WFT1071DD,102
WFT1081DD,114
WFT1091,114
WFT10C31EP,102
WFT10C60EH,102
WFT10C60EP,102
WFT10C61EP,102
WFT10C64EF,102
WFT10C65DF,102
WFT10C65EF,102
WFT1100,102
WFT1161DD,114
WFT1181DD,114
WFT11C65ED,102
WFT11C65EDD,102
WFT11C65EED,102
WFT11C65EF,102
WFT11D80HP,90
WFT11D81EP,90
WFT11D81HP,90
WFT11D83EP,90
WFT11G00TED,102
WFT1261DD,102
WFT126DD,102
WFT1271DD,102
WFT1272DD,114
WFT1371DD,114
WFT1471DD,102
WFT14C65EF,102
WFT1571DD,102
WFT15D81EP,90
WFT15D81HP,90
WFT1771DD,102
WFT6061DD,152
WFT65A00AHT,235
WFT65A01DHT,235
WFT65A01DPT,235
WFT65A01ECT,160
WFT65A37DPT,235
WFT65A37ECT,160
WFT65A37EPT,160
WFT6600,239
WFT6700,160
WFT7000,160
WFT7003TEDT,160
WFT7061DD,152
WFT7065DD,152
WFT70A31EP,237
WFT70A31EPT,160
WFT70A34DF,237
WFT70A35EHT,160
WFT70A36EHT,160
WFT70A37ECT,160
WFT70A37EPT,160
WFT7300,235
WFT7400,235
WFT7500,160
WFT75B30AP,114
WFT7600,160
WFT7700,225
WFT8061DD,152
WFT8065DD,152
WFT80G00TED,160
WFT8300,160
WFT8400,160
WFT8500,102
WFT8501TEPT,114
WFT85B30EHT,114
WFT85B30EP,114
WFT85B31EHT,114
WFT85B35EHT,114
WFT85B35EPT,114
WFT9011,114
WFT9081DD,114
WFT9100,114
WFT9101,114
WFT9503TEDT,102
WFT9504TEDT,102
WFT9561DD,114
WFT956DD,114
WFT95G00TED,114
WFT96PB00,114
WFV0812WH,211
WFV0812XM,211
WFV0914WH,162
WFV0914XM,162
WFV1114WHT,162
WFV1114XMT,162
WFV1214BST,150
WFV1214BST1,150
WFV1214WHT1,150
WFW1532EK,90
WH-HX150BS,102
WH-HX170BS,102
WH09SKM-18,495
WH09SKN-18,495
WH09SKU-18,312
WH10ESF0,76
WH12SKN-18,495
WH12SKU-18,312
WH15ESF0,76
WH18SLN-18,364
WH18SLN-19,364
WH18SLN-23,364
WH18SLU-18,171
WH18SLU-19,171
WH18SLU-23,104
WH20ESF0,54
WH20S,51
WH20STR2,51
WH21SLN-18,364
WH21SLN-23,364
WH21SLU-18,171
WH21SLU-23,104
WH22GSF0,48
WH24SLM-18,364
WH24SLN-18,364
WH24SLU-18,171
WH27GSF0,48
WH27S,51
WH27STR2,51
WH28GSF0,48
WH30GSF0,48
WH30SRN-18,322
WH30SRU-18,110
WH34SRN-18,322
WH34SRU-18,110
WHD71RB4RP,468
WHD71RW1,468
WHD71RW1R,468
WHD71RW1S,468
WHD71RW2R,476
WHD71RW4RP,476
WHE080FG,644
WHE080FG1,644
WIN12ALG,880
WIN12LBY,880
WIN18ALG,550
WIN18LBY,550
WIN22ALG,550
WIN22LBY,550
WJ1408MTG,161
WJ1408NTG,161
WJ1408NTP,162
WJ3H20NQP,162
WJ3H20NTP,162
WJ3H20SQG,159
WJ3H20WQG,159
WJ3H20WTG,159
WJ5123WTP,161
WJ5127SQP,161
WJ5127STP,161
WJ6140WTP,161
WJ6142SSVP,162
WJ6142SWVP,162
WJ6148STP,161
WJ7141WVP,161
WJ7142SDVYP,161
WJ7142WDVYP,161
WJ7148SVP,161
WJ8142SJP,150
WJ8142WJP,150
WK1310BST,51
WK14BS6,51
WK14BS6A,51
WK14BS6R,51
WK14GBS6,51
WK14WS6,51
WK14WS6R,51
WK2102TRSC,90
WK2102WRSC,90
WK2116BST,44
WK2116WHT,44
WK22BS6E,44
WK22GBS6,44
WK22GBS6E,44
WK22GGS6E,44
WK22GS6,44
WK22RS6E,44
WK22VKS6,44
WK22VKS6E,44
WK22VS6,44
WK22WS6,44
WK22WS6E,44
WK25GBS6E,42
WK518K3XC,240
WK518K4XC,240
WKE100HVA,45
WKEX200HRA,44
WKG101HVA,44
WKG101HWA,44
WKGX201HRA,44
WKHC142HWA,51
WKHC202HBA,44
WL227WLQK-G,28
WL91H02PN,94
WL91H62PN,94
WM-1015SS,150
WM-1015SW,150
WM-1045CS,150
WM-1045CW,150
WM-1052SS,150
WM-1052SW,150
WM-1057CNS,150
WM-1057CS,150
WM-1057CW,150
WM-262NT,223
WM-262NW,223
WM-378NT,159
WM-380NW,159
WM-390SW,150
WM-510NW,223
WM-517TT,102
WM-621NS,223
WM-621NW,223
WM-623SS,223
WM-623SW,223
WM-711NS,161
WM-711NW,159
WM-721NS,161
WM-721NW,161
WM-740NT,159
WM-743SS,161
WM-743SW,161
WM-843SS,161
WM-843SW,161
WM-845SS,161
WM-845SW,161
WM-865CS,161
WM-865CW,161
WM-946SS,161
WM-946SW,161
WM-966SS,161
WM-B124SS,150
WM-B124SW,150
WM-C70NW,161
WM-G105DS,150
WM-G105DW,150
WM-G105SS,150
WM-G105SW,150
WM-G128SS,102
WM-G128SW,102
WM-G20MINI,255
WM-G950CS,161
WM-G950CW,161
WM-GS2MINI,240
WM-GW2MINI,240
WM-K70NW,161
WM-L1050ST,150
WM-L1050SW,150
WM-L1055CS,150
WM-L1055CW,150
WM-L85NT,159
WM-L85NW,159
WM-L85ST,159
WM-L85SW,159
WM-M70NW,161
WM-M71NT,161
WM-M71NW,161
WM-M72NT,159
WM-M72NW,161
WM-M78NT,159
WM-M78NW,161
WM-M80NT,161
WM-M80NW,161
WM-M84NT,161
WM-M84NW,161
WM-SG120CW,102
WM-T35MINI,252
WM-TW170CS,84
WM10BVC4S6,162
WM10EBS6,150
WM10VVC4S6,162
WM10WBS6,150
WM10WBS6D,150
WM10WVC4S6,162
WM10WVC5S6,211
WM11BVC3S6,162
WM11WBS6,150
WM11WVC4S6,162
WM12BVC4S6,150
WM12VVC4S6,161
WM12WVC4S6,162
WM1317RD7,90
WM1355HR,150
WM1355HW,150
WM1377HW,150
WM1385HW,150
WM1388HW,150
WM1399HTA,150
WM1399HVA,150
WM13EG6,90
WM13EGS6,94
WM13GWNTS6P,108
WM13WGS6,94
WM1455HPA,162
WM1455HVA,162
WM1455HWA,162
WM14BKS6,102
WM14BS6,102
WM14BS6A,102
WM14WGSP6,94
WM14WGSP6A,94
WM14WKS6,102
WM14WS6,102
WM15EGNTSPG,108
WM15WG2S6P,94
WM16EWNTS6P,108
WM16WG2S6,94
WM17EGNTSPG,94
WM17VVS6,90
WM17VVS6A,90
WM1873FDS,90
WM2010CW,90
WM2016CW,90
WM2020CW,90
WM2050CW,90
WM20EGNT6PC,94
WM20EGNTS6,94
WM20EGNTS6P,94
WM20EGNTSPG,94
WM20EWNT6PC,94
WM20EWNTS6P,94
WM20VV26W,90
WM20VVS6,90
WM20WV26W,90
WM20WV6,90
WM2101HW,90
WM2133CW,90
WM2140CW,90
WM2150HR,90
WM2150HS,90
WM2150HT,90
WM2150HU,90
WM2150HW,90
WM2233CS,90
WM2233CU,90
WM2233HD,90
WM2233HU,90
WM2233HW,90
WM2240CS,90
WM2240CS1,90
WM2240CW,90
WM2250CT,90
WM2250CW,90
WM2255CW,90
WM22BV2S6B,90
WM22BV2S6BR,90
WM22BV2S6GR,90
WM22BV2S6R,90
WM22RV2S6,90
WM22VV26,90
WM22VV2S6,90
WM22VV2S6B,90
WM22VV2S6BR,90
WM22VV2S6GR,90
WM22VV2S6R,90
WM22VVS6,90
WM22WV2S6B,90
WM22WV2S6BR,90
WM22WV6,90
WM2301HR,90
WM2301HS,90
WM2301HW,90
WM2350HNC,90
WM2350HRC,90
WM2350HSC,90
WM2350HWC,90
WM2450HRA,90
WM2451HWA,90
WM2455HW,90
WM2487HSMA,90
WM2501HVA,90
WM2501HWA,90
WM2550HRCA,90
WM2550HVCA,90
WM2550HWCA,90
WM2601HL,90
WM2601HW,90
WM2650HRA,90
WM2650HVA,90
WM2650HWA,90
WM2655HVA,90
WM2701HV,90
WM2801HLA,90
WM2801HRA,90
WM2801HWA,90
WM2901HVA,90
WM3001HPA,90
WM3001HRA,90
WM3001HWA,90
WM3050CW,90
WM3055CW,90
WM3070HRA,90
WM3070HVA,90
WM3070HWA,90
WM3075CW,90
WM3080CW,90
WM3085CW,90
WM3090CW,90
WM3095CW,90
WM3150HVC,90
WM3150HWC,90
WM3160HRC,90
WM3170CW,90
WM3175CW,90
WM3180CW,90
WM3250HRA,90
WM3250HVA,90
WM3250HWA,90
WM326T,226
WM326W,226
WM3270CW,90
WM3270HWA,90
WM3275CW,90
WM3360HRCA,90
WM3360HVCA,90
WM3360HWCA,90
WM3370HRA,90
WM3370HVA,90
WM3370HWA,90
WM3400CV,90
WM3400CW,90
WM3420CW,90
WM3431HS,150
WM3450CW,90
WM3455HS,150
WM3455HW,150
WM3460CV,120
WM3460CW,120
WM3470CM,90
WM3470CW,90
WM3470HVA,90
WM3470HWA,90
WM3475HVA,90
WM3477HS,150
WM3477HW,150
WM3488HS,150
WM3488HW,150
WM3499HTA,150
WM3499HVA,150
WM3499HWA,150
WM3500CW,90
WM3505CW,90
WM3550HVCA,90
WM3550HWCA,90
WM3555HVA,162
WM3555HWA,162
WM3570HVA,90
WM3570HWA,90
WM3575CV,90
WM3575CW,90
WM3580CX,90
WM3600HVA,90
WM3600HWA,90
WM3650HVA,90
WM3670HRA,90
WM3670HVA,90
WM3670HWA,90
WM3700HRA,90
WM3700HVA,90
WM3700HWA,90
WM3770HVA,90
WM3770HWA,90
WM3800HBA,90
WM3800HWA,90
WM3850HVA,90
WM3850HWA,90
WM3875HVCA,90
WM3875HWCA,90
WM3885HCCA,90
WM3885HWCA,90
WM3987HW,90
WM3997HVA,90
WM3997HWA,90
WM3998HBA,90
WM4000HBA,90
WM4000HWA,90
WM4070HVA,90
WM4070HWA,90
WM407W,159
WM4100HBA,90
WM4100HWA,90
WM4175HVA,90
WM4200HBA,84
WM4200HWA,84
WM4270HVA,90
WM4270HWA,90
WM4370HKA,90
WM4370HWA,90
WM4500HBA,84
WM5000HVA,84
WM5000HWA,84
WM5005HKA,84
WM5500HVA,90
WM5500HWA,90
WM5700HVA,90
WM6500HBA,90
WM6500HWA,90
WM65GWVFS6,226
WM65MVFS6,226
WM6700HBA,84
WM6700HWA,84
WM6998HWA,84
WM8000HVA,56
WM8000HWA,56
WM80GWVFS6,162
WM80MVFS6,162
WM8100HVA,56
WM8100HWA,56
WM828T,159
WM828W,159
WM8500HVA,56
WM8500HWA,90
WM9000HVA,52
WM9000HWA,88
WM948NT,159
WM948NW,159
WM948ST,159
WM948SW,159
WM9500HKA,52
WM9500HVA,52
WM9GWVFS6,162
WM9WB6,161
WM9WE6,162
WM9WVFS6,162
WMD-110C1,2520
WO16EG2S6,94
WO16EGNTS6P,108
WO16MG2S6P,94
WO16WNTS6B,94
WO16WNTS6BA,94
WO20EGNTS6P,94
WP-1000,128
WP-1000R,128
WP-103N,220
WP-104R,220
WP-1050RS,144
WP-1050RSP,144
WP-1060R,128
WP-1060RWN,144
WP-1160R,148
WP-1200R,148
WP-1221S,144
WP-1250R,130
WP-1300G,128
WP-1350Q,130
WP-1350R,130
WP-1350RS,130
WP-1350RSP,130
WP-1360R,148
WP-1360RW,148
WP-1400G,128
WP-1400R,128
WP-1400RON,128
WP-1400RON2,128
WP-1410R,128
WP-1460R,128
WP-1510R,124
WP-1510RS,124
WP-1560R,128
WP-1590RWN,118
WP-1595RP,128
WP-1600RS,124
WP-1600RSP,124
WP-1650WST,118
WP-1660R,128
WP-1660RS,124
WP-1690RWN,118
WP-1695RP,128
WP-1700RWN,118
WP-1760R,128
WP-1800R,118
WP-1800RWN,118
WP-1860R,118
WP-1900RWN,118
WP-1900RWN2,118
WP-1960R,118
WP-1990RWP,118
WP-2060R,118
WP-400N,220
WP-500R,220
WP-5040,194
WP-5040M,194
WP-551S,240
WP-551SP,240
WP-600N,220
WP-605N,220
WP-610N,220
WP-620N,220
WP-620RP,220
WP-621RP,220
WP-630N,220
WP-650N,220
WP-650N2,220
WP-700N,148
WP-701N,220
WP-701S,186
WP-701SP,186
WP-7040,194
WP-7040M,194
WP-7040P,194
WP-710RD,204
WP-750R,220
WP-750RC,220
WP-750RD,220
WP-760R,220
WP-760RT,220
WP-800,148
WP-800G,148
WP-800N,186
WP-800R,220
WP-800R2,220
WP-800RD,220
WP-8100,144
WP-8100P,144
WP-810RD,204
WP-830Q,144
WP-850Q,144
WP-850R,148
WP-850RC,148
WP-850RD,148
WP-890R,148
WP-900,148
WP-9005N,144
WP-900G,148
WP-900R,148
WP-900R2,148
WP-900RN,148
WP-900RP,148
WP-900RPC,148
WP-900RPD,148
WP-900RS,148
WP-9031,144
WP-9032,144
WP-9033,144
WP-905R,148
WP-910R,148
WP-9224,144
WP-9250,144
WP-9251,144
WP-950R,148
WP-950RC,148
WP-950RD,148
WP-951S,144
WP-9555,144
WP-960R,220
WP-9900,118
WP-9900P,118
WP-9901P,118
WP-9910,118
WP-9910P,118
WP-991R,148
WP-991RP,148
WP-995RP,148
WP10GOR,128
WP11GAK,128
WP11WOR,148
WP12WGR,128
WP13GAK,128
WP13LGAC,128
WP14WAR,128
WP14WG,128
WP14WGR,128
WP15BAR,128
WP15MAR,128
WP15OBAR,128
WP15WAR,128
WP15WGR,128
WP17GA,118
WP17WA,118
WP17WAR,118
WP18AWN-N21,464
WP18GAR,118
WP18MAR,118
WP18WAR,118
WP24AWN-N21,464
WP28AWN-N21,464
WP7WHR,220
WP8GOR,148
WP8WMR,204
WP900R,148
WPD72RW1R,452
WPLV09S1NT,110
WPLV09S2HK1,110
WPLV09S2NT1,110
WPLV12S2NT1,52
WPLV12S2NT3,52
WPLV14H2HK1,52
WPLV14H2HK3,52
WPLV14S1NT,52
WPLV14S2NT1,52
WPLV14S2NT3,52
WPLV16S2NT1,52
WPLV16S2NT3,52
WQ04DAWA,408
WQD44RA6,500
WQD74RJ5P,500
WR-10W,150
WR-16HB,90
WR-16HW,90
WR-18DS,84
WR-80TW,150
WR-90TV,150
WR-90TW,150
WR-90VB,105
WR-90VW,150
WR3210PRG,162
WR5011BWG,162
WR5011PSG,162
WR9011BWG,162
WR9011PBG,162
WRD300Y02,1800
WS-12091TD,159
WS-4500,240
WS0805MB,159
WS0805WH,161
WS0906WHT,150
WS0906XM,150
WS0965WH,150
WS09TWM,780
WS09TWMU,312
WS09TWN,780
WS09TWU,312
WS12TWN,780
WS12TWU,312
WS1308WHT,94
WS1308XMT,94
WS1365SL,90
WS1408WHT,94
WS1408XMT,94
WS1508WHT,94
WS1508XMT,94
WS1509WH,90
WS1509XM,90
WS1610WH,90
WS1610XM,90
WS1710WHT,90
WS1710XM,90
WS1710XMT,90
WS1810XM,90
WS18TWN,495
WS18TWU,312
WS1910HXM,90
WS1910XM,90
WS1911XMT,90
WS1912WHT,90
WS1912XMT,90
WS2011XM,90
WS2112BST,90
WS2112XMT,90
WS2212XM,56
WS24SLN-23,364
WS24SLU-23,171
WS24TWN,495
WS24TWU,171
WS410GN,280
WS510SN,110
WS5D7210G,192
WS5D7210S,192
WS5D7230G,192
WS5D7230S,192
WS7D7610B,216
WS7D7630S,216
WS7D7631WS,216
WS7D7632WB,216
WS7D7651CB,216
WS7D7651CS,216
WS7D7652CB,216
WS7D7652CS,216
WS9D7632B,216
WS9D7651B,216
WS9D7651WB,216
WS9D7651WS,216
WS9D7672CS,216
WS9D7672WM,216
WS9D7693CM,216
WS9D7694CM,216
WSC0805WH,161
WSC0805WHN,162
WSC0905WHN,161
WSC0905XMN,161
WSC0906WH,150
WSC0906XM,150
WSC1107WHN,150
WSD200Y01,2520
WSD400Y01,2520
WSED3023B,216
WSED3067M,216
WSED7613B,216
WSED7664S,216
WSED7666M,216
WSED7667M,216
WSEK4719S,126
WSEK4729S,126
WSEP4721S,126
WSEP4723D,126
WSEP4727D,126
WSEP4727F,126
WSES4727F,126
WSES4728F,126
WSEX200HNA,42
WSEZ7213B,192
WSEZ7213B1,192
WSEZ7213W,192
WSEZ7225B1,192
WSEZ7225S1,192
WSEZD7213B,192
WSEZD7225B1,192
WSEZD7225S1,192
WSEZM7225B1,192
WSEZM7225S2,192
WSF0905MB,162
WSF0905WH,162
WSG0906XM,150
WSG1208XMN,102
WSGX201HNA,42
WSLP1500HWW,102
WSLS1500HWW,102
WSN1308BST,108
WSN1308WHT,162
WSN1508BMT,108
WSN1508BST,108
WSN1508WHT,108
WSN1810BMT,94
WSN2010BMT,94
WSS1006WHT,102
WSS1207WHTN,102
WST2112XM,84
WST2112XMN,84
WSV0805WH,211
WSV0906WH,162
WSV0906XM,162
WSV1107WHT,162
WSV1107XMT,162
WSV1208BST,150
WSV1208WHT,150
WT-13SNSV,114
WT-60PW,152
WT-70PS,108
WT-70SNBW,160
WT-80PV,108
WT-80SNSM,160
WT-80SNSS,160
WT-90WC,235
WT-B12103WD,51
WT-D082WG,102
WT-D102SG,102
WT-D102WG,102
WT-D105SG,102
WT-D105VG,102
WT-D110CG,102
WT-D112WG,114
WT-D115MG,114
WT-D120PG,102
WT-D122SG,114
WT-D125SG,114
WT-D130PG,102
WT-D132SG,102
WT-D135SG,102
WT-D135VG,102
WT-D140PG,102
WT-D145SG,102
WT-D146SG,120
WT-D147MG,102
WT-D150GG,102
WT-D150OG,102
WT-D150RG,102
WT-D150VG,102
WT-D155SG,102
WT-D156SG,102
WT-D156VG,102
WT-D159MG,102
WT-D160MG,102
WT-D160VG,102
WT-D165VG,102
WT-D165WG,102
WT-D166VG,102
WT-D166WG,102
WT-D169VG,102
WT-D170MSG,102
WT-D175RG,102
WT-D175SG,102
WT-D176RG,120
WT-D176SG,102
WT-D176VG,102
WT-D179BG,102
WT-D179VG,102
WT-D182HVG,90
WT-D182VG,90
WT-D200HV,240
WT-D200HW,240
WT-D200SHW,255
WT-D201SHW,240
WT-D250HB,252
WT-D250HV,252
WT-D250HW,252
WT-D250HWDM,225
WT-D350V,252
WT-D350W,252
WT-H550,152
WT-H550W1,152
WT-H5606,152
WT-H650,114
WT-H6506,108
WT-H750,102
WT-H7506,114
WT-H800,96
WT-H8006,96
WT-H950,96
WT-H9506,96
WT-H9556,96
WT-HDS10SV,108
WT-IBN13W,102
WT-IBN15M,102
WT-ID108WG,114
WT-ID117MG,114
WT-ID118MG,114
WT-ID130MSG,102
WT-ID137SG,102
WT-ID137WG,102
WT-ID147SG,102
WT-ID150MSG,102
WT-ID157SG,102
WT-L104ST,150
WT-L104SW,150
WT-P70SS,108
WT-P80SV,108
WT-R10686,90
WT-R1071TP,102
WT-R1076,90
WT-R10806,90
WT-R10856,90
WT-R1375TH,102
WT-R1575TH,102
WT-R1675TH,102
WT-R2075TH,90
WT-R854,90
WT-S11WH,114
WT-S12VH,114
WT-S1585TH,102
WT-S1595TH,102
WT-S1596TH,102
WT-S1785TH,102
WT-S2085TH,90
WT-SD117HSG,114
WT-SD119HMG,114
WT-SD119HSG,114
WT-SD126HSG,114
WT-SD126HVG,114
WT-SD126HWG,114
WT-SD129HBG,114
WT-SD129HSG,114
WT-SD129HVG,114
WT-SD139HBG,114
WT-SD153HVG,102
WT-SD159HVG,102
WT-SD166HVG,102
WT-SD169HVG,102
WT-SD173HVG,102
WT-SD176HVG,102
WT-SD179HVG,102
WT-SD193HVG,90
WT-SD196HVG,90
WT-SD199HVG,90
WT-SD200AHV,225
WT-SD200AHW,225
WT-SD201AHB,240
WT-SD201AHV,240
WT-SD201AHW,240
WT-SD218HBG,90
WT-SD219HBG,90
WT-SD250HV,252
WT-TD16HG,102
WT-TD16HW,102
WT-TD16OB,102
WT-TD18HG,102
WT-TD18HW,102
WT-TD18OB,102
WT-TD20HG,102
WT-TD21HG,90
WT-TD23HG,90
WT-V1067TP1,90
WT-V1167TP,90
WT-VD17B,102
WT-VD17HAB,102
WT-VD17HB,102
WT-VD17HM,102
WT-VD18HAB,102
WT-VD18HB,102
WT-VD19HAB,102
WT-VD19HB,102
WT-VD21HB,90
WT-VD23HAB,90
WT-VD23HB,90
WT-VDN12HB,110
WT-VDN12HM,110
WT-VDN15HB,102
WT-VDN15M,102
WT-VDN17M,102
WT-W1061TP,160
WT-WHD10SV,114
WT-WHE10SV,114
WT-WHE90SW,114
WT-Y118S,102
WT-Y118SG,102
WT-Y128S,102
WT-Y128SG,102
WT-Y138R,102
WT-Y138RG,102
WT-Y138S,102
WT-Y138SG,102
WT-Y148P,102
WT-Y148RG,102
WT-Y148SG,102
WT-Y158PG,102
WT-Y158S,102
WT-Y158VG,102
WT1001CW,96
WT1101CW,90
WT1118RD7,90
WT1150CW,90
WT11MVTB,102
WT11VSS6,102
WT11WVTB,102
WT1201CV,90
WT1201CW,90
WT1210BBF,51
WT1210BBTN1,51
WT1210EBB,51
WT1210EBF,51
WT1210EEF,51
WT1210EGF,51
WT1210EWW,51
WT1210MMF,51
WT1210NBTN1,51
WT1210WWF,51
WT12EGTX6,102
WT12EWTX6,102
WT12WS6,108
WT1301CV,90
WT1301CW,90
WT1310BRK,51
WT1310BRP,51
WT1310PB,51
WT1310RH,51
WT1310RHL,51
WT1310YJ,51
WT1311PB,51
WT13BPB,114
WT13BPBK,114
WT13BS6H,114
WT13BSB,114
WT13BSBP,114
WT13BSS6H,114
WT13BVTB,114
WT13DPB,114
WT13DPBK,114
WT13DPBP,114
WT13DPBPK,114
WT13DSB,114
WT13DSBP,114
WT13DSBPA,102
WT13MPBPK,114
WT13MVTB,114
WT13NVTB,114
WT13OBVTB,114
WT13SS6,108
WT13VS6,114
WT13VS6H,114
WT13VSB,114
WT13VSS6,108
WT13WPB,114
WT13WPBK,114
WT13WPBM,114
WT13WPBP,114
WT13WPBPK,114
WT13WSB,114
WT13WSBP,114
WT13WSBPA,102
WT13WVTB,114
WT1410NHB,51
WT1410NHE,51
WT1410NHEB,51
WT1410NHEE,51
WT1410NHEG,51
WT1410NHEN,51
WT1410NHNE,51
WT1410NHW,51
WT1410NHWW,51
WT14SS6,102
WT14WP,102
WT14WS6,102
WT14WV6,102
WT14WV6A,102
WT1501CW,90
WT15DSBP,102
WT15OBTX6,108
WT15WPBK,102
WT160SS6,102
WT16BPB,102
WT16BS6H,102
WT16BSB,102
WT16BVTB,102
WT16DP,102
WT16DSB,102
WT16DSBP,102
WT16DVTB,102
WT16MV6,102
WT16MV6A,102
WT16MVTB,102
WT16MVTM,102
WT16OBVTB,102
WT16SS,102
WT16SSB,102
WT16WPB,102
WT16WSB,102
WT16WSBP,102
WT16WV6,102
WT16WV6A,102
WT16WVTB,102
WT16WVTM,102
WT1701CV,90
WT1701CW,90
WT1716WWF,44
WT17BPBK,102
WT17BS6,102
WT17BS6H,102
WT17BSB,102
WT17BSS6H,102
WT17BSS6H1,102
WT17BV6,102
WT17BV6T,102
WT17DPBK,102
WT17DSB,102
WT17DSBP,102
WT17DV6,102
WT17DV6T,102
WT17OBVTB,102
WT17OVTB,102
WT17SS6,102
WT17SSB,102
WT17VSS6H,102
WT17WPBK,102
WT17WSB,102
WT17WSBP,102
WT17WV61,102
WT17WVTB,102
WT17WVTM,102
WT1801HVA,90
WT1801HWA,90
WT18BSB,102
WT18DP,102
WT18DPB,102
WT18DSB,102
WT18DSBP,102
WT18DV6,102
WT18DVTB,102
WT18MBB,102
WT18MT6,90
WT18MT6A,90
WT18MV6,102
WT18MVTB,102
WT18OVTB,102
WT18RP,102
WT18SS,102
WT18SSB,102
WT18SVT6,90
WT18VSB,102
WT18WPB,102
WT18WS,102
WT18WSB,102
WT18WSBP,102
WT18WT6,90
WT18WT6A,90
WT18WV6,102
WT18WV6T,102
WT18WVT,102
WT18WVTB,102
WT18WVTM,102
WT1901CK,90
WT1901CW,90
WT19BPB,102
WT19BPBK,102
WT19BS6,102
WT19BS6H,102
WT19BSB,102
WT19BSS6H,102
WT19BSS6H1,102
WT19BV6,102
WT19BV6T,102
WT19BVTB,102
WT19DP6,102
WT19DPB,102
WT19DPBK,102
WT19DSB,102
WT19DSBP,102
WT19DV6,102
WT19DV6T,102
WT19DVTB,102
WT19DVTM,102
WT19MBB,102
WT19MPB,102
WT19MT6HKA,90
WT19MV6,102
WT19MV6T,102
WT19MVT,102
WT19MVTB,102
WT19MVTM,102
WT19OBTX6,102
WT19OBVTB,102
WT19OVTB,102
WT19RSB,102
WT19SSB,102
WT19VS6,102
WT19VSB,102
WT19WPBK,102
WT19WS6,102
WT19WSB,102
WT19WSB1,102
WT19WSBP,102
WT19WT6HKA,90
WT19WV6,102
WT19WV6T,102
WT19WVTB,102
WT19WVTM,102
WT20NBTX6T,102
WT20PBTX6T,102
WT20VSS6,102
WT20WT6HK,90
WT2116SHB,44
WT2116WRK,44
WT21BSS6,90
WT21BTS6,90
WT21BWV6,102
WT21DV6,102
WT21EGTX6,102
WT21EWTX6,102
WT21MT6HKA,90
WT21MV6,102
WT21OBT6HK,90
WT21OBT6HKA,90
WT21OBTX6,102
WT21PBTX6,102
WT21PBV6,102
WT21PBVS6,102
WT21SS6,90
WT21VSS6,90
WT21VT6HKA,90
WT21VV6,102
WT21WS6,90
WT21WT6HK,90
WT21WT6HKA,90
WT21WT6HKNA,90
WT21WV6,102
WT22BS6HP,90
WT22BSS6,90
WT22BSS6H,90
WT22EGTX,102
WT22EGTXS,102
WT22EWTX6,102
WT22MT6HK,90
WT22NBTX6P,102
WT22OBTX,102
WT22OBTX6,102
WT22OBTXS,102
WT22PBTXS,102
WT22VSS6H,90
WT22VT6H,90
WT22VT6HK,90
WT22WS6HP,90
WT22WT6H,90
WT22WT6HK,90
WT23EGTX6,102
WT23EWTX6,102
WT23MT6HA,90
WT23MT6HKA,90
WT23NBTX6,102
WT23NBTX6P,102
WT23OBT6HK,90
WT23OBTX6,102
WT23PBVS6,90
WT23VT6HA,90
WT23WT6HA,90
WT23WT6HK,90
WT25BTS6H,90
WT25EGTX6,90
WT25EWTX6,90
WT25MT6HK,90
WT25PBTX6,90
WT25PBVS6,90
WT25VT6HK,90
WT25VTS6H,90
WT25WT6,90
WT25WT6H,90
WT25WT6HK,90
WT28EGTX6,90
WT2BM,240
WT2VM,240
WT2WM,240
WT30,51
WT30BTS6,56
WT30VTS6,56
WT3BM,252
WT40,51
WT4801CW,90
WT4870CW,90
WT4901CW,90
WT4970CW,90
WT5001CW,90
WT5070CV,90
WT5070CW,90
WT5075CW,90
WT5101HV,90
WT5101HW,90
WT5170HV,90
WT5170HW,90
WT5270CV,90
WT5270CW,90
WT5480CW,90
WT5680HV,90
WT5680HVA,90
WT5680HW,90
WT5680HWA,90
WT6001HV,90
WT6001HVA,90
WT6001HW,90
WT6100CW,90
WT6105CM,90
WT6105CW,90
WT6105CX,90
WT7000CW,90
WT7005CW,90
WT7010CW,90
WT7050CV,90
WT7050CW,90
WT7060CV,120
WT7060CW,120
WT7100CW,90
WT7150CM,90
WT7150CW,90
WT7150CX,90
WT7155CW,90
WT7200CV,90
WT7200CW,90
WT7250CW,90
WT7300CV,90
WT7300CW,120
WT7305CV,120
WT7305CW,120
WT7400CV,90
WT7400CW,90
WT7405CV,90
WT7405CW,90
WT7500CV,90
WT7500CW,90
WT7600HKA,90
WT7600HMA,90
WT7600HVA,90
WT7600HWA,90
WT7650HBA,90
WT7700HKA,90
WT7700HVA,56
WT7700HWA,56
WT7710HVA,56
WT7800CV,120
WT7800HVA,90
WT7850HBA,90
WT7850HVA,90
WT7880HWA,120
WT7900HBA,120
WT7900HWA,120
WT8200CL,90
WT8200CW,90
WT8205CL,90
WT8205CW,90
WT8400CB,90
WT8400CW,90
WT8405CB,90
WT8405CW,90
WT901CF,96
WT901CW,96
WT9BVTB,236
WT9DPB,235
WT9DSB,152
WT9DSBP,160
WT9EL,208
WT9ELR,208
WT9GL,208
WT9MVT,236
WT9MVTB,236
WT9WL,208
WT9WLR,208
WT9WPB,152
WT9WPB2,235
WT9WPB2V,235
WT9WSB,152
WT9WSBP,160
WT9WVT,236
WTB08CND,236
WTBV14BNS,102
WTBV15BND,102
WTBV15BNW,102
WTC55BWH,235
WTG1030SF,90
WTG1032VF,90
WTG1032WF,90
WTG1034BF,90
WTG1034WF,90
WTG1234WF,90
WTG1432VH,90
WTG1432VHF,90
WTG1432WH,90
WTG1432WHF,90
WTG1434BHF,90
WTG1434VHF,90
WTG1434WHF,90
WTG15032VH,90
WTG6520,114
WTG6530W,114
WTG6532W,102
WTG6534W,114
WTG7520,114
WTG7532W,114
WTG8020W,114
WTG8520,102
WTG8521,102
WTG8530W,96
WTG8532WH,96
WTG9020V,102
WTG9032WF,96
WTG9034WF,102
WTG9530S,96
WTG9532VH,96
WTG9532WH,96
WTL-10KG10,114
WTL-12KG,114
WTL-13KG10,102
WTL-14KG,102
WTL-15KG,102
WTL-16KG,102
WTL-8KG10,114
WTL1-85W,102
WTL10-14B,90
WTL1366KG,114
WTL1366KGF,114
WTL1366KGVF,114
WTL1566KGF,102
WTL1766KGF,102
WTL3-09G,102
WTL3-09W,102
WTL5-10B,102
WTL5-10W,102
WTL9-12B,90
WTL9-14W,90
WTL9066KG,152
WTL9066KGJ,152
WTL9088KGE,160
WTP10BSL,102
WTP10BWH,102
WTP135SL,102
WTP135WH,102
WTP2071V,252
WTP2071W,252
WTP20BK,240
WTP20WX,252
WTP20WY,240
WTP22BK,240
WTP22WY,240
WTP257B,252
WTP357B,252
WTP60WH,160
WTP80BSL,114
WTP80BWH,114
WTR1132BF,90
WTR1132WF,90
WTR1234WF,90
WTR17HHG,102
WTR17HHW,102
WTR18DHW,90
WTR18HHP,102
WTR19HHG,102
WTR206HM,90
WTR22HHP,90
WTR24DHB,90
WTR24DHM,90
WTR24HHB,90
WTR24HHB1,90
WTR24HHG,90
WTS02TLWH,255
WTS02TLWHN,255
WTS09BSL,114
WTS09BWH,114
WTS09DBW,102
WTS09DHM,102
WTS11BSL,102
WTS11BWH,102
WTS11HHDK,114
WTS11HHWK,114
WTS14BSL,102
WTS14BWH,102
WTS14DHM,102
WTS14DHW,102
WTS14HHDK,102
WTS14HHWK,102
WTS15HHMK,102
WTS16DHM,102
WTS16HHDK,102
WTS16HHMK,102
WTS17DHM,102
WTS18DHM,90
WTS19DHM,90
WTS19HHMK1,90
WTS21DHB,90
WTS21HHBK1,90
WTS6520,114
WTSV06BSL,152
WTSV06BWH,152
WTSV07BSL,152
WTSV07BWH,160
WTSV10BWHN,114
WTSV11BS,102
WTSV11BSLN,114
WTSV11BW,102
WTSV11BWHN,114
WTSV13BSL,102
WTSV13BWH,102
WTSV13BWHN,102
WTSV14BMBN,102
WTSV14BSLN,102
WTSV14BWHN,102
WTSV15BSL,102
WTT02TLXM,240
WTT02TLXMN,240
WTT03TLXM,252
WTT03TLXMN,252
WTT04PBW,220
WTT05PBW,220
WTT07PGW,148
WTT0807OM,148
WTT0807OW,148
WTT08PGW,128
WTT09PBWR,128
WTT09PGW,128
WTT10PGW,128
WTT1108OW,128
WTT1108OW1,128
WTT11PGWR,128
WTT1210OM1,128
WTT1210TW,128
WTT1210TW1,128
WTT12PGW,118
WTT13PGWR,118
WTT1410OL1,128
WTT1410OM,128
WTT1410OM1,128
WTT15PGW,118
WTT15PGWR,118
WTT65PBW,148
WTV09BSL,114
WTV09BWH,114
WTV11BND,114
WTV11BNS,114
WTV11BNW,114
WTV13BND,102
WTV13BNW,102
WTV15BND,102
WTV15BNDA,102
WTV15BNW,102
WTV15BNWA,102
WTV17HHD,102
WTV17HHW,102
WTV19HHM,102
WTV19HHP,102
WTV22HHM,90
WTV22HHM1,90
WTV24HHP,90
WTW1409HCW,150
WTW1409NCW,150
WTW1409VCB,150
WTW1409VCW,150
WTX08DBM,102
WTX09DBM,102
WTX10-14G,90
WTX10-16G,90
WTX12DBM,102
WTX12DBW,102
WTX16DBW,102
WTX5-12G,102
WTX5-12W,102
WTX9-14W,90
WU525BS,945
WU525BSS,945
WUE100FL,523
WUE100FLA,523
WV1-1208W,161
WV10-1410B,161
WV10-1410W,161
WV10-1412B,150
WV10-1412W,150
WV2140AVG,161
WV2140WVG,161
WV2149AVG,161
WV2149PVG,161
WV2149WVG,161
WV3-1208W,211
WV3148AVP,211
WV3148WVP,211
WV3149WVP,162
WV4149AVG,161
WV4149AVP,162
WV4149LVG,161
WV4149PVG,161
WV4149WVG,161
WV5-1208G,211
WV5-1208W,211
WV5-1275W,211
WV5-1408G,161
WV5-1408W,159
WV5-1409W,159
WV5-1410W,161
WV5148SGP,211
WV5148WGP,211
WV5149SVP,162
WV5149WVP,162
WV6-1409W,161
WV6-1410G,161
WV6-1410W,161
WV7-1208V,211
WV7-1208W,211
WV7-1408W,159
WV7-1409W,159
WV7-1410W,161
WV7-1410WW,161
WV7142SVP,162
WV7142WVP,162
WV9-1408B,161
WV9-1408W,159
WV9-1409B,159
WV9-1409W,159
WV9-1410B,159
WV9-1410W,161
WV9-1412B,150
WV9-1412W,150
WV9-1608B,161
WV9-1609B,161
WV9-1610B,161
WV9-1610W,161
WV9142BRP,162
WV9142WRP,162
WVC5-1409W,161
WVC5-1410W,161
WVC9-1410W,161
WVC9-1412B,150
WVC9-1412W,150
WW120EP,591
WW120NNC,591
WW170EP,660
WW174NPC,471
WW184EPB,522
WW184EPC,522
WWT-1209B,51
WWT-1209FGB,51
WWT-1209W,51
WWT-1209WX,51
WWT-1210BX,51
WWT-1210FGX,51
WWT-1210MBK,51
WWT-1210MBX,51
WWT-1210WX,51
WWT-1710B,44
WWT-1710CR,44
WWT-1710W,44
WX10-1409W,161
WX10-1410MB,161
WX10-1412MB,150
WX10-1412W,150
WX3-1408G,161
WX3-1408W,161
WX3-1409W,161
WX3-1410W,161
WX9-1409MB,161
WX9-1409W,161
WX9-1410MB,161
WX9-1410W,161
WX9-1412MB,150
WX9-1412W,150
WXC10-1412W,150
WXC101412MB,150
WXC3-1410W,161
WXL-1014B,90
WXL-1014E,90
WXL-1014W,90
WXLC-1016G,94
WXLC-1016GX,94
WXLC-1116B,90
WXLS-1014G,108
WXLS-1014GX,108
WXLS-1014W,108
WXLS-1014WX,108
WY1408BTG,159
WY1408MTP,162
WY1408WTP,162
WY1409BVG,159
WY1409MVP,162
WY1409WVP,162
WZ09AAN,855
WZ09AAU,400
WZ09AWN,855
WZ09AWU,400
WZ12AAN,672
WZ12AAU,400
WZ12AWN,855
WZ12AWU,400
WZ18AAN,672
WZ18AAU,310
WZ18AWN,672
WZ18AWU,310
WZ24AAN,570
WZ24AAU,182
WZ24AWN,570
WZ24AWU,182
X09EHC,260
X12574A1N01,1194
X12579A1N01,1194
X1257CA1N01,1194
X1257PA1N01,1194
X1257SA1N01,1194
X12EHC,242
X1828P,488
X1828Q,488
X182RC,488
X182RH,488
X182SC,488
X182SH,488
X2428P,488
X2428Q,488
X242RC,488
X242RH,488
X242SC,488
X242SH,488
X320AA,71
X320GB,71
X321AA,71
X321AA3,71
X321GB,71
X322AA3,71
X322AA5,71
X322AA8,71
X322GB5,71
X322GB8,71
X323MEF,71
X324AA3,54
X324AA5,71
X324AA7,71
X324GB3,71
X324GB5,71
X324GB7,71
X3NC08BNLE2,339
X3NC10BNLE2,339
X3NC12BNLE2,339
X3NC14BNLE0,340
X4NX10BNLE0,339
X4NX12BNLE0,339
X8-VC9072R,952
X8-VC9074S,952
X8-VC9076V,952
X80574A1N01,1194
X80579A1N01,1194
X8057CA1N01,1194
X8057CA1N02,672
X8057PA1N01,1194
X8057SA1N01,1194
XD2A25MB,158
XD3A15BS,158
XD3A15MB,158
XD3A25BS,158
XD3A25MW,158
XD3A25PS,158
XD3A25UMB,158
XD3A25UNS,158
XD3A25UPS,158
XD4B14PS,158
XD4B15PS,160
XD4B24PS,158
XD4B24UPS,158
XD4B24WH,158
XD5B24PS,158
XD64S,158
XD64W,158
XD74S,160
XD74W,158
XD77S,160
XD77W,160
XD88NS,158
XD88S,158
XD88W,158
XD89S,158
XD90DB,158
XD90S,158
XD90W,158
XPC081SAMM0,430
XPC101SEMM0,430
XPC121SFMM0,430
XPC141SGMM0,384
XPC141SHMN0,384
XPH141SBMM0,384
XSNC1224DA0,1091
XSNH076T4A1,260
XSNH096T4A0,260
XSNH096T4A1,260
XSNH096TEA0,260
XSNH126T4A0,242
XSNH126T4A1,242
XSNH126TEA0,242
XSNH186T4A0,146
XSNH186TEA0,146
XSNH246T4A0,105
XSNH246TEA0,105
XSUC1224DA0,515
XSUH076T4A1,260
XSUH096T4A0,260
XSUH096T4A1,260
XSUH096TEA0,260
XSUH126T4A0,242
XSUH126T4A1,242
XSUH126TEA0,242
XSUH186T4A0,146
XSUH186TEA0,146
XSUH246T4A0,105
XSUH246TEA0,105
XWC051ABAA0,950
XWC071YEMK0,396
XWC081AAMK1,823
XWC081YEMK0,396
XWC081YEMK1,396
XWC081YEMK2,396
XWC091YAMK0,412
XWC091YAMK4,412
XWC101SAMM0,405
XWC101YAMK0,412
XWC101YAMK1,412
XWC101YAMK2,412
XWC101YAMK3,412
XWC111YCMM0,341
XWC111YCMM2,341
XWC121SAMM0,405
XWC121YCMM0,341
XWC121YFMM2,358
XWC121YFMM3,340
XWC121YFMM4,340
XWC131YCMM0,341
XWC141YDMM0,300
XWC141YDMM1,300
XWC141YGMM1,300
XWC141YHMW0,300
XWC151ABMK1,297
XWC183ABMK1,255
XWC243ABMK1,192
XWH141YDMM0,300
XWH141YDMM2,300
XWH141YDMM3,300
XWH141YDMM4,300
Y1157P00AMA,5760
Y320AA,71
Y320GB,71
Y320GM,71
Y320GP,71
Y320GS,71
Y321AA3,71
Y322AA3,71
Y322AA5,71
Y322AA8,71
Y322GB5,71
Y322GB8,71
Y323MEF,54
Y324AA3,54
Y324AA5,71
Y324AA7,71
Y324GB3,71
Y324GB5,71
Y324GB7,71
Y4NV07ANLK0,200
Y4NV07ANLK1,200
Y4NV09ANLK0,200
Y4NV09ANLK1,200
Y4NV12ANLK0,200
Y4NV12ANLK1,200
Y4NV15ANLK0,210
Y4NV15ANLK1,200
YBNB032AAA0,352
YBNB036AAA0,344
YBNB042BAA0,328
YBNB046BAA0,304
YBNB062CAA0,224
YBNB066CAA0,259
YBNB082DAA0,216
YBNB086DAA0,276
YBNB102EAA0,208
YBNB106EAA0,210
YBNB122FAA0,160
YBNB122HBA0,152
YBNB126HBA0,82
YBNB142GAA0,160
YBNB142JBA0,152
YBNB146JBA0,66
YBNB162KBA0,75
YBNB166KBA0,60
YBNB182KBA0,75
YBNB186KBA0,60
YBNB202LBA0,65
YBNB206LBA0,58
YBNC042BAA0,304
YBNC062CAA0,232
YBNC082DAA0,208
YBNC086DCA0,243
YBNC102EAA0,152
YBNC106ECA0,180
YBNC122HBA0,110
YBNC126HDA0,100
YBNC142JBA0,105
YBNC146GCA0,180
YBNC146JDA0,95
YBNC162KBA0,75
YBNC182KBA0,160
YBNC202LBA0,120
YBNC206LDA0,70
YBNF036AAA0,336
YBNF046BAA0,240
YBNF066CAA0,216
YBNF086DAA0,208
YBNF126HBA0,105
YBNF186KBA0,75
YBNF206LBA0,65
YCNB036AAB0,308
YCNB046BAB0,264
YCNB066CAB0,256
YCNB086DAB0,188
YCNB106DAB0,188
YCNB126EAB0,160
YCNF066CAA0,228
YVNB036AAB0,308
YVNB046BAB0,264
YVNB066CAB0,256
YVNB086DAB0,188
YWC061SEMK0,840
YWC081UCMN2,523
YWC121LCMN2,300
Z-E0100L2AR,192
Z-E0100R2AR,192
Z-E0150L2AR,192
Z-E0150L2SR,192
Z-E0150R2AR,192
Z-E0150R2SR,192
Z-E0200L2AR,192
Z-E0200L2SR,192
Z-E0200R2AR,192
Z-E0200R2SR,192
Z-E0250L2AR,192
Z-E0250L2SR,192
Z-E0250R2AR,192
Z-E0250R2SR,192
Z-E0300L2SR,192
Z-E0300R2SR,192
Z-H0150B2SR,192
Z-H0151B2SL,192
Z-H0151B2SR,192
Z-H0200B2SR,192
Z-H0201B2SL,192
Z-H0201B2SR,192
Z-H0251B2SL,192
Z-H0251B2SR,192
Z-H0301B2SL,192
Z-H0301B2SR,192
Z-H080PB2S,45
Z-H100PB2S,45
Z0200A-00R,143539
Z0200B-00R,287650
Z0200C-00R,287650
Z09EK,648
Z09EM,900
Z09SL,760
Z1030TD0LFA,960
Z12EK,648
Z12EM,729
Z12SL,760
Z20609,440
Z20612,440
Z2300A-00R,44800
Z24AWN-N215,464
Z24AWN-U215,171
Z2UQ18GFA1,234
Z2UQ18GFB1,316
Z2UQ18GFD0,288
Z2UQ21GFB1,332
Z2UW14GFA0,316
Z2UW16GFA0,316
Z2UW18GFA0,316
Z2UW18GFB1,316
Z2UW24GFA0,171
Z320AA,71
Z320GB,71
Z320GS,71
Z321AA3,71
Z321AA3C,71
Z322AA3,71
Z322AA3C,71
Z322AA5,71
Z322AA5C,71
Z322AA8,71
Z322AA8C,71
Z322GB5,71
Z322GB5C,71
Z322GB8,71
Z322GB8C,71
Z323AA3,71
Z323AA5,71
Z323AA8,71
Z323GB5,71
Z323GB8,71
Z323MEF,71
Z324AA3,71
Z324AA5,71
Z324AA7,71
Z324GB3,71
Z324GB5,71
Z324GB7,71
Z386SLL261,62
Z3UQ18GFA0,312
Z3UQ24GFB1,332
Z3UQ24GFD0,288
Z3UQ26GFA0,171
Z3UQ28GFA1,171
Z3UQ30GFB1,171
Z3UQ30GFD0,171
Z3UW18GFA0,171
Z3UW18GFA1,171
Z3UW21GFA0,316
Z3UW21GFA1,171
Z3UW21GFB1,316
Z3UW24GFA0,171
Z3UW24GFB1,171
Z3UW30GFA0,110
Z484AAA123,39
Z484AAA152,39
Z484AAA153,39
Z484AAA172,39
Z484AAA173,39
Z484GBB123,39
Z484GBB152,39
Z484GBB153,39
Z484GBB172,39
Z484GBB173,39
Z4UQ28GFA0,171
Z4UQ30GFB1,204
Z4UQ34GFA1,171
Z4UQ36GFB1,204
Z4UQ36GFD0,171
Z4UQ42GFD0,104
Z4UW24GFA0,110
Z4UW24GFA1,171
Z4UW27GFA0,110
Z4UW30GFA0,104
Z4UW30GFB1,104
Z503MHHP23,39
Z503MPSP13,39
Z509MEEF33,39
Z509MHHF23,39
Z509MPSF13,39
Z5UQ48GFB1,130
Z5UQ48GFD0,104
Z5UW30GFA0,110
Z5UW36GFA0,104
Z5UW36GFB1,104
Z5UW42GFA0,104
Z5UW48GFA0,104
Z5UW48GFB1,104
ZBNQ09GL1A0,300
ZBNQ12GL2A0,300
ZBNQ18GL2A0,300
ZBNQ18GL5A2,420
ZBNQ18GM1A0,224
ZBNQ22GM1AA,224
ZBNQ24GL3A0,240
ZBNQ24GM1A0,224
ZBNQ30GM1AA,224
ZBNQ36GM3A0,168
ZBNQ36LM3A0,168
ZBNQ40GM3AA,144
ZBNQ48GM3A0,168
ZBNQ48LM3A0,168
ZBNQ50GM3AA,144
ZBNQ60GM3A0,168
ZBNQ60GM3AA,144
ZBNW09GL2A0,300
ZBNW09GL5A1,420
ZBNW12GL2A0,300
ZBNW12GL5A1,420
ZBNW12GM1H1,224
ZBNW18GL2A0,300
ZBNW18GL3H1,240
ZBNW18GL6A1,360
ZBNW18GM1A0,224
ZBNW18GM1A1,224
ZBNW18GM1H1,224
ZBNW22GM1AA,224
ZBNW242M1A1,224
ZBNW24GL3A0,240
ZBNW24GL3A1,240
ZBNW24GM1A0,224
ZBNW24GM1A1,224
ZBNW24GM2H1,168
ZBNW30GB7S1,125
ZBNW30GM1A0,224
ZBNW30GM1A1,224
ZBNW30GM1AA,224
ZBNW30GM2H1,168
ZBNW362M2A1,168
ZBNW36GB7S1,125
ZBNW36GM2A0,168
ZBNW36GM2A1,168
ZBNW36GM3H1,144
ZBNW40GM3AA,144
ZBNW422M2A1,168
ZBNW42GB7S1,125
ZBNW42GM2A0,168
ZBNW42GM2A1,168
ZBNW42GM3H1,144
ZBNW482M3A1,144
ZBNW48GM3A0,144
ZBNW48GM3A1,144
ZBNW48GM3H1,144
ZBNW50GM3AA,144
ZBNW55GB7S1,125
ZBNW60GM3A0,144
ZBNW60GM3A1,144
ZBNW60GM3AA,144
ZBNW70GB8A0,56
ZBNW85GB8A0,56
ZBUQ18GL5A2,312
ZBUQ48LM3A0,104
ZCAH017LDTC,14
ZD300,600
ZHBW041GA0,43
ZHBW048GA0,43
ZHBW055GA0,43
ZHBW056A0,86
ZHBW056A1,86
ZHBW076A0,86
ZHBW076A1,86
ZHBW096A0,86
ZHBW096A1,86
ZHBW096A2,82
ZHBW096S0,43
ZHBW098A1,86
ZHBW126A0,43
ZHBW126A1,43
ZHBW126A2,66
ZHBW126B0,52
ZHBW126X0,52
ZHBW128A1,43
ZHBW128B0,52
ZHBW128X0,52
ZHBW146A0,43
ZHBW146A1,43
ZHBW146B0,52
ZHBW146X0,52
ZHBW148A1,43
ZHBW148B0,52
ZHBW148X0,52
ZHBW166A0,43
ZHBW166A1,43
ZHBW166A2,66
ZHBW166B0,52
ZHBW166X0,52
ZHBW168A0,43
ZHBW168A1,43
ZHBW168B0,52
ZHBW168X0,52
ZHNW06603A1,303
ZHNW09606A0,303
ZHNW09606A1,303
ZHNW16B0,303
ZHNW16C1,303
ZHNW20603I1,54
ZHNW20606I0,43
ZHNW20606Y0,43
ZHUW056A0,110
ZHUW076A0,110
ZHUW096A0,110
ZJNW30GRLA0,322
ZJNW30GRLA1,322
ZJNW36GRLA0,322
ZJNW36GRLA1,322
ZMNQ07GSJA1,780
ZMNQ09GDJR0,780
ZMNQ09GSJA1,780
ZMNQ09GSJB0,650
ZMNQ09GSJR1,780
ZMNQ09GTRA1,432
ZMNQ09GTUA1,393
ZMNQ09GTUB1,393
ZMNQ12GDJR0,780
ZMNQ12GL5A1,420
ZMNQ12GSJA1,780
ZMNQ12GSJB0,650
ZMNQ12GSJR1,780
ZMNQ12GTRA1,432
ZMNQ12GTUA1,393
ZMNQ12GTUB1,393
ZMNQ18GDJR0,780
ZMNQ18GL6A1,360
ZMNQ18GS1L0,664
ZMNQ18GSJB0,650
ZMNQ18GSKA1,540
ZMNQ18GSKR1,504
ZMNQ18GTPA1,216
ZMNQ18GTTA1,320
ZMNQ18GTTB1,287
ZMNQ20GDKR0,558
ZMNQ20GS1L0,664
ZMNQ20GSKB0,495
ZMNQ24GDKR0,558
ZMNQ24GS1L0,664
ZMNQ24GSKA1,540
ZMNQ24GSKB0,495
ZMNQ24GSKR1,504
ZMNQ24GTPA1,216
ZMNR07GTRA0,486
ZMNR09GL1A0,300
ZMNR09GQA0,369
ZMNR09GTRA0,486
ZMNR12GL2A0,300
ZMNR12GNAA0,73
ZMNR12GQA0,369
ZMNR12GTRA0,486
ZMNR15GQA0,369
ZMNR18GL2A0,300
ZMNR18GNAA0,73
ZMNR18GTQA0,432
ZMNR24GNAA0,73
ZMNR30GM2A0,192
ZMNR30GNBA0,57
ZMNR36GM2A0,168
ZMNR36GNBA0,57
ZMNW05GSJC0,800
ZMNW05GTRA0,486
ZMNW07GS0L0,720
ZMNW07GSJB1,800
ZMNW07GSJC0,800
ZMNW07GTRA0,486
ZMNW09GAF10,612
ZMNW09GL1A2,300
ZMNW09GL2A0,300
ZMNW09GL5A1,420
ZMNW09GSEA0,450
ZMNW09GSJA1,780
ZMNW09GSJB1,800
ZMNW09GSJC0,800
ZMNW09GSJR1,780
ZMNW09GTRA1,432
ZMNW09GTUA0,440
ZMNW09GTUA1,393
ZMNW12GAF10,612
ZMNW12GL2A0,300
ZMNW12GL2A2,300
ZMNW12GL5A1,420
ZMNW12GSEA0,450
ZMNW12GSJA1,780
ZMNW12GSJB1,800
ZMNW12GSJC0,800
ZMNW12GSJR1,780
ZMNW12GTRA1,432
ZMNW12GTUA0,440
ZMNW12GTUA1,393
ZMNW15GSJC0,800
ZMNW18GL2A0,300
ZMNW18GL2A2,300
ZMNW18GL6A1,360
ZMNW18GM1A1,224
ZMNW18GSKA1,522
ZMNW18GSKB1,600
ZMNW18GSKC0,558
ZMNW18GSKR1,504
ZMNW18GTPA1,216
ZMNW18GTTA1,320
ZMNW24GL3A0,240
ZMNW24GL3A2,240
ZMNW24GM1A1,224
ZMNW24GSKA1,522
ZMNW24GSKC0,558
ZMNW24GSKR1,504
ZMNW24GTPA1,216
ZNNR12GAEA0,146
ZNNR18GAEA0,146
ZNNR18GAEH0,73
ZNNR24GAEA0,146
ZNNR24GAEH0,73
ZNNR30GBEA0,57
ZNNR30GBEH0,57
ZNNR36GBEA0,57
ZNNR36GBEH0,57
ZNNR42GBEA0,57
ZNNR48GBEA0,57
ZNNR60GCEA0,51
ZPNQ24GS1A0,109
ZPNQ30GR5E0,98
ZPNQ36GR5A0,98
ZPNQ36GT3E0,73
ZPNQ36LR5A0,98
ZPNQ48GT3A0,73
ZPNQ48GTLA0,68
ZPNQ48LT3A0,73
ZPNQ60GT3A0,73
ZPUQ48LT3A0,104
ZQNW09GALA1,488
ZQNW12GALA1,488
ZQNW18GALA1,488
ZRNU053SJRA,780
ZRNU053SJSA,780
ZRNU053TRAA,432
ZRNU05GL4GA,500
ZRNU073CEAA,246
ZRNU073CEUA,304
ZRNU073L1GA,300
ZRNU073M2AA,168
ZRNU073MAAA,256
ZRNU073SJRA,780
ZRNU073SJSA,780
ZRNU073TRAA,432
ZRNU07GL4GA,500
ZRNU07GM1AA,192
ZRNU093CEAA,246
ZRNU093CEUA,304
ZRNU093L1GA,300
ZRNU093M2AA,168
ZRNU093MAAA,256
ZRNU093SJRA,780
ZRNU093SJSA,780
ZRNU093TRAA,432
ZRNU09GL4GA,500
ZRNU123CEAA,246
ZRNU123CEUA,304
ZRNU123L2GA,300
ZRNU123M2AA,168
ZRNU123MAAA,256
ZRNU123NAAA,146
ZRNU123SJRA,780
ZRNU123SJSA,780
ZRNU123TRAA,432
ZRNU12GL5GA,420
ZRNU12GM1AA,192
ZRNU153CEAA,246
ZRNU153CEUA,304
ZRNU153L2GA,300
ZRNU153M2AA,168
ZRNU153MAAA,256
ZRNU153SJRA,780
ZRNU153SJSA,780
ZRNU153TQAA,378
ZRNU15GL5GA,420
ZRNU15GM1AA,192
ZRNU183CFAA,195
ZRNU183CFUA,241
ZRNU183L2GA,300
ZRNU183M2AA,168
ZRNU183MAAA,256
ZRNU183NAAA,146
ZRNU183SKRA,495
ZRNU183SKSA,495
ZRNU183TQAA,432
ZRNU183TSAA,272
ZRNU18GL5GA,420
ZRNU18GM1AA,192
ZRNU21GL6GA,360
ZRNU243CFAA,195
ZRNU243CFUA,241
ZRNU243L3GA,240
ZRNU243M2AA,168
ZRNU243MAAA,256
ZRNU243NAAA,146
ZRNU243SKRA,495
ZRNU243SKSA,495
ZRNU243TSAA,272
ZRNU24GL6GA,360
ZRNU24GM1AA,192
ZRNU283M2AA,168
ZRNU283M3AA,144
ZRNU28GM2AA,144
ZRNU303NAAA,146
ZRNU303SRAA,276
ZRNU363B8AA,56
ZRNU363M2AA,168
ZRNU363NBAA,57
ZRNU363SRAA,276
ZRNU36GM2AA,144
ZRNU423B8AA,56
ZRNU423M2AA,168
ZRNU423NBAA,57
ZRNU42GM2AA,144
ZRNU483B8AA,56
ZRNU483M3AA,144
ZRNU483NBAA,57
ZRNU48GM3AA,144
ZRNU543B8AA,56
ZRNU543M3AA,144
ZRNU543NCAA,51
ZRNU54GM3AA,144
ZRNU603NCAA,51
ZRNU763B8AA,56
ZRNU76GB8AA,56
ZRNU963B8AA,56
ZRNU96GB8AA,56
ZRUM060GSS0,52
ZRUM072BTE6,28
ZRUM072DTE6,28
ZRUM080LTE6,28
ZRUM080LTS6,28
ZRUM096DTE6,23
ZRUM100LTS6,28
ZRUM120LTS6,28
ZRUM121BTE6,23
ZRUM121DTE6,23
ZRUM140LTE6,23
ZRUM144BTE6,23
ZRUM144DTE6,23
ZRUM160LTE6,23
ZRUM168BTE6,23
ZRUM168DTE6,23
ZRUM180LTE6,23
ZRUM192BTE6,23
ZRUM192DTE6,23
ZRUM200LTE6,23
ZRUM216BTE6,15
ZRUM241BTE6,15
ZRUM241DTE6,15
ZRUM264BTE6,15
ZRUM264DTE6,15
ZRUN024GSS0,110
ZRUN030GSS0,110
ZRUN030LSS0,110
ZRUN040GSS0,110
ZRUN050GSS0,110
ZRUN060GSS0,110
ZRUN080LSS0,52
ZRUN100LSS0,42
ZRUN120LSS0,42
ZRUV030GSD5,52
ZRUV040GSD5,52
ZRUV060GSD5,52
ZSA1201JSS,330
ZSA1202JSS,330
ZSA1202PSS,328
ZSB9121NSS,192
ZSB9122VSS,192
ZSB9131NSS,180
ZSB9131VSS,180
ZSB9132NSS,180
ZSB9132VSS,180
ZSB9231NSS,180
ZSB9231VSS,180
ZSB9232NSS,180
ZSB9232VSS,180
ZSC1001JSS,204
ZSC1201JSS,180
ZSC1202JSS,180
ZSC2201JSS,180
ZSC2202JSS,180
ZSNQ186C7A0,488
ZSNW2462WR5,464
ZSUQ186C7A0,316
ZSUW2462UM5,171
ZTNQ12GULA0,440
ZTNQ18GPLA0,234
ZTNQ18GPLE0,234
ZTNQ18GTLA0,320
ZTNQ18GTLA1,320
ZTNQ22GPLAA,234
ZTNQ24GNLE0,208
ZTNQ24GPLA0,234
ZTNQ24GTLA0,320
ZTNQ24GTLA1,320
ZTNQ30GNLE0,208
ZTNQ30GPLAA,234
ZTNQ36GNLA0,208
ZTNQ36GNLAA,182
ZTNQ36GNLE0,208
ZTNQ36GYLA1,100
ZTNQ36GYLAA,120
ZTNQ36GYLBA,120
ZTNQ36LNLA0,182
ZTNQ40GNLAA,208
ZTNQ40GYLAA,120
ZTNQ40GYLBA,120
ZTNQ48GMLA0,182
ZTNQ48GMLAA,182
ZTNQ48GYLA1,100
ZTNQ48LMLA0,182
ZTNQ50GMLAA,182
ZTNQ60GMLA0,182
ZTNQ60GMLAA,182
ZTNQ60GYLAA,120
ZTNQ60GYLBA,120
ZTNW09GQLH1,432
ZTNW09GRLA0,486
ZTNW09GRLA1,486
ZTNW12GQLH1,432
ZTNW12GRLA0,486
ZTNW12GRLA1,486
ZTNW12GTUAA,440
ZTNW18GPLAA,234
ZTNW18GQLA0,432
ZTNW18GQLA1,432
ZTNW18GTTAA,169
ZTNW22GPLAA,208
ZTNW24GPLA0,234
ZTNW24GPLAA,234
ZTNW24GTTAA,169
ZTNW24GYLAA,120
ZTNW30GPLA0,234
ZTNW30GPLAA,208
ZTNW36GMLA0,182
ZTNW36GNLAA,208
ZTNW36GYLA1,100
ZTNW36GYLAA,120
ZTNW36GYLBA,208
ZTNW40GNLAA,182
ZTNW40GYLAA,120
ZTNW40GYLBA,120
ZTNW42GMLA0,182
ZTNW48GMLA0,182
ZTNW48GMLAA,182
ZTNW48GYLA0,120
ZTNW48GYLA1,100
ZTNW50GMLAA,156
ZTNW60GMLA0,182
ZTNW60GMLAA,182
ZTNW60GYLAA,120
ZTNW60GYLBA,208
ZTUQ36GNLAA,104
ZTUQ36LNLA0,104
ZTUQ48GMLAA,52
ZTUQ48LMLA0,104
ZTUQ60GMLAA,52
ZTUW12GTUAA,332
ZTUW18GPLAA,332
ZTUW18GTTAA,332
ZTUW24GALH1,110
ZTUW24GPLAA,210
ZTUW24GTTAA,210
ZTUW24GYLAA,104
ZTUW36GNLAA,104
ZTUW36GYLA0,52
ZTUW36GYLAA,104
ZTUW36GYLBA,104
ZTUW36LYLA0,52
ZTUW48GMLAA,52
ZTUW60GMLAA,52
ZTUW60GYLAA,52
ZTUW60GYLBA,52
ZUAA1,510
ZUAB1,288
ZUAC1,171
ZUAD1,104
ZUAD3,104
ZUAE1,104
ZUAE3,104
ZUUQ12GA0,510
ZUUQ18GA0,288
ZUUQ18GH0,171
ZUUQ21GH0,171
ZUUQ22GAA,216
ZUUQ24GA0,171
ZUUQ30GAA,132
ZUUQ32GH0,104
ZUUQ36GA0,104
ZUUQ36GH0,104
ZUUQ36LA0,104
ZUUQ40GAA,104
ZUUQ48LA0,104
ZUUQ50GAA,104
ZUUQ60GAA,52
ZUUW12GA1,312
ZUUW18GC0,316
ZUUW22GAA,216
ZUUW242A1,104
ZUUW24GA0,110
ZUUW24GA1,171
ZUUW24GC0,170
ZUUW30GA0,110
ZUUW30GA1,110
ZUUW30GAA,132
ZUUW30GC0,170
ZUUW362A1,52
ZUUW36GA0,52
ZUUW36GC0,110
ZUUW36LA0,52
ZUUW40GAA,104
ZUUW422A1,52
ZUUW42GA0,52
ZUUW42LA0,52
ZUUW482A1,52
ZUUW48GA0,52
ZUUW48GA1,52
ZUUW48LA0,52
ZUUW48LA1,52
ZUUW50GAA,52
ZUUW60GA0,52
ZUUW60GAA,52
ZUUW60LA0,52
ZUUW70LA0,42
ZUUW85LA0,42
ZVNQ18GM1E0,216
ZVNQ24GM1E0,216
ZVNQ30GM1E0,216
ZVNQ36GM1AA,216
ZVNQ36GM2A0,160
ZVNQ36GM2E0,160
ZVNQ48GM2A0,160
ZVNQ48GM2AA,140
ZVNQ50GM2AA,160
ZVNQ60GM2A0,160
ZVNQ60GM2AA,160
ZVNW18GM1A0,216
ZVNW18GM1A1,216
ZVNW18GM1H1,216
ZVNW24GM1A0,216
ZVNW24GM1A1,216
ZVNW24GM2H1,160
ZVNW30GM1A1,216
ZVNW30GM2H1,160
ZVNW36GM1AA,216
ZVNW36GM2A0,160
ZVNW40GM1AA,189
ZVNW42GM2A1,160
ZVNW42GM2H1,160
ZVNW48GM2A0,160
ZVNW48GM2A1,160
ZVNW48GM2AA,160
ZVNW50GM2AA,140
ZVNW60GM2A0,160
ZVNW60GM2A1,160
ZVNW60GM2AA,160
ZVUQ36GM1AA,104
ZVUQ36LM2A0,104
ZVUQ48GM2AA,52
ZVUQ48LM2A0,104
ZVUQ60GM2AA,52
ZVUW36GM1AA,104
ZVUW48GM2AA,52
ZVUW60GM2AA,52
ZW6510R,644
SKSUK240DS,108
SKSUK240WS,108
SKSUK240DMT,320
SKSUK240WMT,741
SKSHK230HST,400
SKSHK480HST,200
LSR200B1,45
LDNPQ445D,142
LDNPQ445B,142
LDNPQ445W,142
LDNPC44CS,142
LDNPQ555S,142
LDNPH85CS,142
LF25BZH42S,42
LF31WSH63S,26
LF32BSH42S,26
LF24WZP62S,40
LDNPQ555D,142
0,1428
1,12
GDL1329CES9,90
GDL1329CEW9,90
WM9900HSA,56
DLHC4002W,84
